﻿상품코드,상품명,URL,날짜,별점,리뷰텍스트,구매자 성별,유통기한,포장,편리,판매여부
DP_032,덴프스 휘게엔자임 액티브 Soy 4개월/4BOX,https://smartstore.naver.com/main/products/11361142750,2025-09-29,5,효소 여러가지 먹어봤는데 저는 이제품이 가장좋아요. 맛도 좋고 입자가 곱고 효과도 좋고 양도 적합한거 같아요. 미국 아마존에서도 구매할수 있르면 좋겠어요. 한국 올때마다 대량으로 구매해 갑니다.,,아주 넉넉해요,꼼꼼해요,편리해요,Y
DP_032,덴프스 휘게엔자임 액티브 Soy 4개월/4BOX,https://smartstore.naver.com/main/products/11361142750,2025-09-28,4,한달사용행사 사은품으로 파인맛 먼저 접했는데 이건 고소하면서 달달한 인절미/ 미숫가루 맛이에요,,꽤 남았어요,적당해요,편리해요,Y
DP_032,덴프스 휘게엔자임 액티브 Soy 4개월/4BOX,https://smartstore.naver.com/main/products/11361142750,2025-09-26,5,"건강관심사 장건강수면건강
 한달사용항상 매일 복용하고 있어요",남성,아주 넉넉해요,꼼꼼해요,편리해요,Y
DP_032,덴프스 휘게엔자임 액티브 Soy 4개월/4BOX,https://smartstore.naver.com/main/products/11361142750,2025-09-25,4,"건강관심사 장건강여성건강
 한달사용맛이 좋아요. 변비예방에 효과적입니다. 가격이 다소 비쌉니다.",여성,아주 넉넉해요,꼼꼼해요,편리해요,Y
DP_032,덴프스 휘게엔자임 액티브 Soy 4개월/4BOX,https://smartstore.naver.com/main/products/11361142750,2025-09-22,5,"건강관심사 면역력
 재구매한달사용매번 주문해 먹는 제품입니다.
효과가 좋습니다. 동영상컨텐츠",여성,아주 넉넉해요,꼼꼼해요,편리해요,Y
DP_032,덴프스 휘게엔자임 액티브 Soy 4개월/4BOX,https://smartstore.naver.com/main/products/11361142750,2025-09-22,5,효소중 최고인듯~~ 저렴하게 잘구매한거 같아요~~ 고기류 먹은후 한포 먹으면 효과 있어요,,아주 넉넉해요,꼼꼼해요,편리해요,Y
DP_032,덴프스 휘게엔자임 액티브 Soy 4개월/4BOX,https://smartstore.naver.com/main/products/11361142750,2025-09-21,5,한달사용늘 먹던 거라 또 주문했어요 포장도 꼼꼼하게 된채로 배송되서 좋았습니다.,,아주 넉넉해요,꼼꼼해요,편리해요,Y
DP_032,덴프스 휘게엔자임 액티브 Soy 4개월/4BOX,https://smartstore.naver.com/main/products/11361142750,2025-09-17,5,"건강관심사 노화방지면역력장건강
 한달사용안심하고 복용하는 덴푸스제품으로 소화에 도움이 되는 제품이라 추천하고 싶어요. 인절미의 고소한 콩가루맛이라 더 좋아요",여성,아주 넉넉해요,꼼꼼해요,편리해요,Y
DP_032,덴프스 휘게엔자임 액티브 Soy 4개월/4BOX,https://smartstore.naver.com/main/products/11361142750,2025-09-17,5,"건강관심사 면역력수면건강피로회복
 맛이 있어서 매일 잊지않고 먹고 있어요",남성,아주 넉넉해요,꼼꼼해요,편리해요,Y
DP_032,덴프스 휘게엔자임 액티브 Soy 4개월/4BOX,https://smartstore.naver.com/main/products/11361142750,2025-09-16,4,"건강관심사 면역력수면건강피로회복
 한달사용꾸준히 챙겨먹고 있는중입니다",여성,꽤 남았어요,꼼꼼해요,편리해요,Y
DP_032,덴프스 휘게엔자임 액티브 Soy 4개월/4BOX,https://smartstore.naver.com/main/products/11361142750,2025-09-12,5,"한달사용고소한 미숫가루맛이예요 ㅎ
미숫가루 잘못 삼키면 기침하듯이 물과 함께 복용하시길 ㅎㅎ
빠르게 녹아서 먹기는 편해요 과식했을때 먹으면 속이 조금 편해져요 ㅎㅎ",,꽤 남았어요,꼼꼼해요,편리해요,Y
DP_032,덴프스 휘게엔자임 액티브 Soy 4개월/4BOX,https://smartstore.naver.com/main/products/11361142750,2025-09-12,5,한달사용잘 먹고 있어요 소화 잘 됩니다,여성,아주 넉넉해요,꼼꼼해요,편리해요,Y
DP_032,덴프스 휘게엔자임 액티브 Soy 4개월/4BOX,https://smartstore.naver.com/main/products/11361142750,2025-09-11,5,한달사용부모님께 보내드렸는데 엄마 아빠 두분다 잘드시고 계세요. 맛있고 드시기 편하다고 합니다.,,꽤 남았어요,꼼꼼해요,편리해요,Y
DP_032,덴프스 휘게엔자임 액티브 Soy 4개월/4BOX,https://smartstore.naver.com/main/products/11361142750,2025-09-10,5,"건강관심사 여성건강
 퍽퍽함 없고 양도 덕당합니다. 제일 좋은건 맛있어서 꼬박꼬박 챙겨먹고 있어요",여성,아주 넉넉해요,꼼꼼해요,편리해요,Y
DP_032,덴프스 휘게엔자임 액티브 Soy 4개월/4BOX,https://smartstore.naver.com/main/products/11361142750,2025-09-10,5,일단 맛있어요! 제가 좋아하는 인절미 맛입니다. 먹고나면 확실히 속이 편안해져 저녁 또는 과식했을때 챙겨 먹고있어요. 주변에도 효과 좋다고 추천했습니다ㅋ ㅋ,,아주 넉넉해요,꼼꼼해요,편리해요,Y
DP_032,덴프스 휘게엔자임 액티브 Soy 4개월/4BOX,https://smartstore.naver.com/main/products/11361142750,2025-09-09,5,"건강관심사 장건강
 한달사용미숫가루맛으로 맛이 좋아요~
가끔씩 사레 들릴수 있으니 그건 조심하셔요^^
효과는 좀 더 꾸준히 먹어봐야 될 듯 합니다.",여성,아주 넉넉해요,꼼꼼해요,편리해요,Y
DP_032,덴프스 휘게엔자임 액티브 Soy 4개월/4BOX,https://smartstore.naver.com/main/products/11361142750,2025-09-08,5,"수년 째 피드백 좋아서 잘 먹고 있습니다. 오래 챙겨놓고 먹을려고 이전보다 더 많이 구매했네요 ㅎ
업그레이드 된 신제품 나온거 같은데 기존 제품 구매할 때 업글 제품 샘플 받을 수 있는 옵션도 있으면 좋겠어요:)",남성,아주 넉넉해요,꼼꼼해요,편리해요,Y
DP_032,덴프스 휘게엔자임 액티브 Soy 4개월/4BOX,https://smartstore.naver.com/main/products/11361142750,2025-09-07,5,"재구매한달사용엄마가 소화가 어려워져서 먹는데 양약보다 훨씬
좋다고 하세요 효과좋아요",,아주 넉넉해요,꼼꼼해요,편리해요,Y
DP_032,덴프스 휘게엔자임 액티브 Soy 4개월/4BOX,https://smartstore.naver.com/main/products/11361142750,2025-09-07,5,재구매재 쾌변아이템입니다 속이편안해요,여성,아주 넉넉해요,꼼꼼해요,편리해요,Y
DP_032,덴프스 휘게엔자임 액티브 Soy 4개월/4BOX,https://smartstore.naver.com/main/products/11361142750,2025-09-04,4,한달사용잘 먹고 있어요 맛있어요,여성,꽤 남았어요,적당해요,편리해요,Y
DP_032,덴프스 휘게엔자임 액티브 Soy 4개월/4BOX,https://smartstore.naver.com/main/products/11361142750,2025-09-03,5,쿠폰써서 저렴하게 구매했고 맛이 좋아서 아이들도 잘 먹어요~,,아주 넉넉해요,꼼꼼해요,편리해요,Y
DP_032,덴프스 휘게엔자임 액티브 Soy 4개월/4BOX,https://smartstore.naver.com/main/products/11361142750,2025-09-02,5,다른효소는가루가목구멍에걸려서물없이못먹는데 이건맛도좋고 목넘김도부드러워요~,여성,아주 넉넉해요,적당해요,편리해요,Y
DP_032,덴프스 휘게엔자임 액티브 Soy 4개월/4BOX,https://smartstore.naver.com/main/products/11361142750,2025-09-01,5,한달사용먹던거에요 늘 먹던거에요,남성,아주 넉넉해요,꼼꼼해요,편리해요,Y
DP_032,덴프스 휘게엔자임 액티브 Soy 4개월/4BOX,https://smartstore.naver.com/main/products/11361142750,2025-08-28,5,한달사용꾸준히 먹고 있어요 좋아요,,아주 넉넉해요,꼼꼼해요,편리해요,Y
DP_032,덴프스 휘게엔자임 액티브 Soy 4개월/4BOX,https://smartstore.naver.com/main/products/11361142750,2025-08-28,5,재구매한달사용먹고장이편안해졌아요 핫딜자주해주세요,여성,아주 넉넉해요,꼼꼼해요,편리해요,Y
DP_032,덴프스 휘게엔자임 액티브 Soy 4개월/4BOX,https://smartstore.naver.com/main/products/11361142750,2025-08-28,5,한달사용소화가잘되용 이거랑유산균이랑먹으면 쾌변아이템,여성,꽤 남았어요,꼼꼼해요,편리해요,Y
DP_032,덴프스 휘게엔자임 액티브 Soy 4개월/4BOX,https://smartstore.naver.com/main/products/11361142750,2025-08-26,5,재구매한달사용소화에 도움되는거 같아서 과식하거나 야식먹은 후 먹고있어요,여성,아주 넉넉해요,꼼꼼해요,편리해요,Y
DP_032,덴프스 휘게엔자임 액티브 Soy 4개월/4BOX,https://smartstore.naver.com/main/products/11361142750,2025-08-26,5,한달사용소호ㅏ에 도움되는거 깉아요,여성,아주 넉넉해요,꼼꼼해요,편리해요,Y
DP_032,덴프스 휘게엔자임 액티브 Soy 4개월/4BOX,https://smartstore.naver.com/main/products/11361142750,2025-08-26,5,한달사용꾸준히 먹고있어요 좋아요,,아주 넉넉해요,적당해요,편리해요,Y
DP_032,덴프스 휘게엔자임 액티브 Soy 4개월/4BOX,https://smartstore.naver.com/main/products/11361142750,2025-08-22,5,"맛이 고소하고 먹기 편합니다.
아직까지 눈에 띄는 효과는 못 느꼈지만 꾸준히 섭취해 보려고 합니다^^",,아주 넉넉해요,꼼꼼해요,편리해요,Y
DP_032,덴프스 휘게엔자임 액티브 Soy 4개월/4BOX,https://smartstore.naver.com/main/products/11361142750,2025-08-22,5,배송 빨리와서 좋아요 평소에 먹던거라 또 주문했어요,,아주 넉넉해요,꼼꼼해요,편리해요,Y
DP_032,덴프스 휘게엔자임 액티브 Soy 4개월/4BOX,https://smartstore.naver.com/main/products/11361142750,2025-08-21,5,한달사용면세점에서 구입해서 먹어본 뒤로 확실히 속이 편해져서 재구매했어요. 먹어본 효소 중에는 덴프스 휘게엔자임이 제일 잘 맞고 좋았던 거 같아요. 앞으로도 꾸준히 챙기고 싶네요! 예전에 있던 파인애플맛이 상큼하고 좋았는데 없어져서 아쉽네요. 하지만 미숫가루? 인절미맛이라 또 고소하고 맛있어요!,,아주 넉넉해요,꼼꼼해요,편리해요,Y
DP_032,덴프스 휘게엔자임 액티브 Soy 4개월/4BOX,https://smartstore.naver.com/main/products/11361142750,2025-08-20,5,한달사용맛있어서 먹기 부담스럽지 않습니다,,아주 넉넉해요,꼼꼼해요,편리해요,Y
DP_032,덴프스 휘게엔자임 액티브 Soy 4개월/4BOX,https://smartstore.naver.com/main/products/11361142750,2025-08-19,5,잘 챙겨먹고 있어요 며칠만 안먹으면 변이 달라져서 효과 있는거 같아요,,아주 넉넉해요,꼼꼼해요,편리해요,Y
DP_032,덴프스 휘게엔자임 액티브 Soy 4개월/4BOX,https://smartstore.naver.com/main/products/11361142750,2025-08-18,5,잘먹고있어요 비움으로 갈아탈까 고민중이네오,여성,아주 넉넉해요,꼼꼼해요,편리해요,Y
DP_032,덴프스 휘게엔자임 액티브 Soy 4개월/4BOX,https://smartstore.naver.com/main/products/11361142750,2025-08-15,5,한달사용맛도 좋고 먹기도 수월합니다. 물 없이도 잘녹고 편합니다. 1년이상 꾸준히 먹고있습니다. 오래오래 판매해 주세요~!,,꽤 남았어요,꼼꼼해요,편리해요,Y
DP_032,덴프스 휘게엔자임 액티브 Soy 4개월/4BOX,https://smartstore.naver.com/main/products/11361142750,2025-08-15,5,재구매한달사용맛도 좋고 먹기도 수월합니다. 물 없이도 잘녹고 편합니다. 1년이상 꾸준히 먹고있습니다. 오래오래 판매해 주세요~!,,꽤 남았어요,꼼꼼해요,편리해요,Y
DP_032,덴프스 휘게엔자임 액티브 Soy 4개월/4BOX,https://smartstore.naver.com/main/products/11361142750,2025-08-14,5,"재구매n번째 구마입니다.
효소는 이게 젤 먹기 좋네요",,아주 넉넉해요,꼼꼼해요,편리해요,Y
DP_032,덴프스 휘게엔자임 액티브 Soy 4개월/4BOX,https://smartstore.naver.com/main/products/11361142750,2025-08-13,5,잘받았어요 감사합니다 과식 후 속이 더부룩할 때 속을 뻥 뚫어줘요 좋은 제품 감사합니다,여성,아주 넉넉해요,꼼꼼해요,편리해요,Y
DP_032,덴프스 휘게엔자임 액티브 Soy 4개월/4BOX,https://smartstore.naver.com/main/products/11361142750,2025-08-13,5,"과식아니어도 속이 더부룩할때 꼭 챙겨먹어요
파인맛이 없어서 조금 아쉽지만 이것도 고소해서 먹을만해요",,꽤 남았어요,꼼꼼해요,편리해요,Y
DP_032,덴프스 휘게엔자임 액티브 Soy 4개월/4BOX,https://smartstore.naver.com/main/products/11361142750,2025-08-12,4,"건강관심사 노화방지
 유산균 사고 받은 사은품 이였는데 먹어보니 속도 편하고 화장실도 편히 가고 해서 주문해봅니다
주~~욱 잘 먹어볼게요",여성,꽤 남았어요,꼼꼼해요,편리해요,Y
DP_032,덴프스 휘게엔자임 액티브 Soy 4개월/4BOX,https://smartstore.naver.com/main/products/11361142750,2025-08-12,5,BEST효소 정말 강추해요. 다른 데꺼보다 효과가 좋아요. 맛도 괜찮고 여행 다닐 때 항상 챙겨가요. 나이 들어 소화가 안되거나 많이 먹어서 더부룩할 때 특히 좋아요. 이번에 새로 리뉴얼된 게 있는 것 같던데 아직 비교해 보진 못했어요.,여성,아주 넉넉해요,꼼꼼해요,편리해요,Y
DP_032,덴프스 휘게엔자임 액티브 Soy 4개월/4BOX,https://smartstore.naver.com/main/products/11361142750,2025-08-08,4,한달사용뱃속관리에 좋아요. 잦은 방귀나 소리가 많이 날때 잘 정리해 줍니다 속도 편하고 소화도 잘 됩니다.,여성,꽤 남았어요,적당해요,편리해요,Y
DP_032,덴프스 휘게엔자임 액티브 Soy 4개월/4BOX,https://smartstore.naver.com/main/products/11361142750,2025-08-08,5,"사은품으로 온거 먹어보고 주문
맛도 굿 배송도 굿",,아주 넉넉해요,꼼꼼해요,편리해요,Y
DP_032,덴프스 휘게엔자임 액티브 Soy 4개월/4BOX,https://smartstore.naver.com/main/products/11361142750,2025-08-06,5,3개월전에 유산균을 사면서 사은품으로 휘겐엔자임 액티브 soy를 한통 받았는데 인절미 맛으로 고소해서 먹을만했습니다. 그런데 배변활동에도 효과적이라 또 구매하게 되었네요^^,,아주 넉넉해요,적당해요,편리해요,Y
DP_032,덴프스 휘게엔자임 액티브 Soy 4개월/4BOX,https://smartstore.naver.com/main/products/11361142750,2025-08-06,5,한달사용잘 먹고 있어요. 속 더부룩하고 소화 안 될 때 먹으면 소화되고 도움 돼요. 효과 있어요.,,아주 넉넉해요,꼼꼼해요,편리해요,Y
DP_032,덴프스 휘게엔자임 액티브 Soy 4개월/4BOX,https://smartstore.naver.com/main/products/11361142750,2025-08-06,5,재구매한달사용잘 먹고 있어요. 속 더부룩하고 소화 안 될 때 먹으면 소화되고 도움 돼요. 효과 있어요.,,아주 넉넉해요,꼼꼼해요,편리해요,Y
DP_032,덴프스 휘게엔자임 액티브 Soy 4개월/4BOX,https://smartstore.naver.com/main/products/11361142750,2025-08-05,5,"한달사용사춘기아들 잘먹구있네요^^
~",,꽤 남았어요,적당해요,그냥그래요,Y
DP_032,덴프스 휘게엔자임 액티브 Soy 4개월/4BOX,https://smartstore.naver.com/main/products/11361142750,2025-08-05,5,한달사용잘 먹고있어요~~더부룩할때 한포,,꽤 남았어요,적당해요,그냥그래요,Y
DP_032,덴프스 휘게엔자임 액티브 Soy 4개월/4BOX,https://smartstore.naver.com/main/products/11361142750,2025-08-05,5,소화가 잘되는 기분입니다,,아주 넉넉해요,꼼꼼해요,편리해요,Y
DP_032,덴프스 휘게엔자임 액티브 Soy 4개월/4BOX,https://smartstore.naver.com/main/products/11361142750,2025-08-05,5,나이가드니 점점 소화력이 떨어지네요 계속 소화제만 먹기 꺼려지고 조금 더부룩할 때 먹기 좋아요,여성,아주 넉넉해요,꼼꼼해요,편리해요,Y
DP_032,덴프스 휘게엔자임 액티브 Soy 4개월/4BOX,https://smartstore.naver.com/main/products/11361142750,2025-08-04,5,믿고 먹는 효소 다이어트에 좋아요,여성,아주 넉넉해요,적당해요,편리해요,Y
DP_032,덴프스 휘게엔자임 액티브 Soy 4개월/4BOX,https://smartstore.naver.com/main/products/11361142750,2025-08-03,5,"한달사용위아플때 먹어도 도움되요.
없어서는 안될 효소예요.",,아주 넉넉해요,꼼꼼해요,편리해요,Y
DP_032,덴프스 휘게엔자임 액티브 Soy 4개월/4BOX,https://smartstore.naver.com/main/products/11361142750,2025-08-03,5,"재구매한달사용위 안좋은 엄마와 나
효소 먹으면서 좋아졌어요^^",,아주 넉넉해요,꼼꼼해요,편리해요,Y
DP_032,덴프스 휘게엔자임 액티브 Soy 4개월/4BOX,https://smartstore.naver.com/main/products/11361142750,2025-08-01,5,"건강관심사 노화방지
 엄마가 챙겨드시는 제품이라 보내드렸어요!",여성,아주 넉넉해요,꼼꼼해요,편리해요,Y
DP_032,덴프스 휘게엔자임 액티브 Soy 4개월/4BOX,https://smartstore.naver.com/main/products/11361142750,2025-08-01,4,"덴프스 제품 믿고 구매해봤어요
효소제품 엄청고민하다 주문해봤습니다
꾸준히 잘 챙겨먹어보겠습니다
몸에 잘맞고 효과잘 봤으면좋겠습니다",여성,꽤 남았어요,꼼꼼해요,편리해요,Y
DP_032,덴프스 휘게엔자임 액티브 Soy 4개월/4BOX,https://smartstore.naver.com/main/products/11361142750,2025-07-30,5,할인을 많이하네요 좋아여,,꽤 남았어요,꼼꼼해요,편리해요,Y
DP_032,덴프스 휘게엔자임 액티브 Soy 4개월/4BOX,https://smartstore.naver.com/main/products/11361142750,2025-07-29,5,늘 먹던거에요 다음엔 새로 나온 효소로 사보려고해요,남성,아주 넉넉해요,꼼꼼해요,편리해요,Y
DP_032,덴프스 휘게엔자임 액티브 Soy 4개월/4BOX,https://smartstore.naver.com/main/products/11361142750,2025-07-29,5,"건강관심사 면역력관절/뼈건강피로회복
 부드러워 물없이 먹는것도 괜찮았어요~맛도 좋고 속이 편하네요~",여성,아주 넉넉해요,꼼꼼해요,편리해요,Y
DP_032,덴프스 휘게엔자임 액티브 Soy 4개월/4BOX,https://smartstore.naver.com/main/products/11361142750,2025-07-28,5,"전에 유산균 살때 서비스주신게 맛있어서 요번에는 내돈내산 했습니다.
고소하니 맛있어요. 다만 잘못 삼키면 뿜을 수 있으니 든의하세요 ㅎㅎ",,아주 넉넉해요,꼼꼼해요,편리해요,Y
DP_032,덴프스 휘게엔자임 액티브 Soy 4개월/4BOX,https://smartstore.naver.com/main/products/11361142750,2025-07-28,5,"건강관심사 면역력간건강여성건강
 남편과함께 꾸준히 먹고 있어요~~소화도 잘되고 건강챵기는데 도움이되요",여성,아주 넉넉해요,꼼꼼해요,편리해요,Y
DP_032,덴프스 휘게엔자임 액티브 Soy 4개월/4BOX,https://smartstore.naver.com/main/products/11361142750,2025-07-27,5,맛도 있고 소화를 도와주는 아주 맘에 드는 제품입니다. 믿고 장복하는 효소입니다,,아주 넉넉해요,꼼꼼해요,편리해요,Y
DP_032,덴프스 휘게엔자임 액티브 Soy 4개월/4BOX,https://smartstore.naver.com/main/products/11361142750,2025-07-26,5,재구매맛있어서 추가 구매했아요~!!,여성,아주 넉넉해요,꼼꼼해요,편리해요,Y
DP_032,덴프스 휘게엔자임 액티브 Soy 4개월/4BOX,https://smartstore.naver.com/main/products/11361142750,2025-07-26,5,"BEST유산균사면서 받은 사은품이었는데,
먹어보니 맛도 좋고, 상세설명보니 소화에 도움 될거 같아 유산균 받은 날 바로 추가구매 했어요~!
빵을 좋아하는데다 밤에 잘 먹아서 소화 안 되는 날이 잦았는데 덴프스에서 만든 효소라 바로 네통으로 주문하고 선물까지 했어요 ㅎㅎ!",여성,아주 넉넉해요,꼼꼼해요,편리해요,Y
DP_032,덴프스 휘게엔자임 액티브 Soy 4개월/4BOX,https://smartstore.naver.com/main/products/11361142750,2025-07-24,5,"건강관심사 노화방지면역력장건강
 효소는 첨 시켜보는건데 후기 보고 시켜봅니다~",여성,아주 넉넉해요,꼼꼼해요,편리해요,Y
DP_032,덴프스 휘게엔자임 액티브 Soy 4개월/4BOX,https://smartstore.naver.com/main/products/11361142750,2025-07-23,5,"유산균 구매하면서 샘플로 받아서 먹어봤는데, 꽤 좋았던 기억이 있어서 부모님께 보내드렸어요. 아무래도 연세가 많으시다보니 소화도 잘 안되고 속이 불편한 날이 꽤 있다고 하셔서ㅠㅠ여러 효소들 중에서 고민하다 덴프스로 보내드렸어요. 드셔보고 괜찮다하시면 재구매 해드릴려고요. 제가 먼저 먹어봤던거라 맛이라던지 효과적인 면에서 믿음이 가는 제품인데다 라이브 행사로 저렴하게 구매해서 좋아요.",,꽤 남았어요,적당해요,편리해요,Y
DP_032,덴프스 휘게엔자임 액티브 Soy 4개월/4BOX,https://smartstore.naver.com/main/products/11361142750,2025-07-23,5,"건강관심사 면역력
 한달사용배송도 빠르고 물건도 너무 좋아요~",남성,아주 넉넉해요,꼼꼼해요,편리해요,Y
DP_032,덴프스 휘게엔자임 액티브 Soy 4개월/4BOX,https://smartstore.naver.com/main/products/11361142750,2025-07-23,5,늘 먹던거라 다먹어서 또 주문해요,,아주 넉넉해요,적당해요,편리해요,Y
DP_032,덴프스 휘게엔자임 액티브 Soy 4개월/4BOX,https://smartstore.naver.com/main/products/11361142750,2025-07-21,5,항상 사먹어요! 먹고나면 속이 편해용,,아주 넉넉해요,꼼꼼해요,편리해요,Y
DP_032,덴프스 휘게엔자임 액티브 Soy 4개월/4BOX,https://smartstore.naver.com/main/products/11361142750,2025-07-20,5,비타민 사니 샘플 4포 주시더라구요. 4일 먹는동안 가스차고 더부룩함이 없어졌고요. 변비땜에 화장실을 잘 못갔는데 먹고나서 4일동안 아침되면 꼬박꼬박 화장실 가게 되더라구요. 먹어보니 효과가 좋아서 주문했습니다. 지금보니 소비기한은 그리 길지 않아요. 26/11/10 입니다.,여성,꽤 남았어요,꼼꼼해요,편리해요,Y
DP_032,덴프스 휘게엔자임 액티브 Soy 4개월/4BOX,https://smartstore.naver.com/main/products/11361142750,2025-07-16,5,재구매맛도좋고 소화도 잘되고 쾌변템입니다!!!!,여성,아주 넉넉해요,꼼꼼해요,편리해요,Y
DP_032,덴프스 휘게엔자임 액티브 Soy 4개월/4BOX,https://smartstore.naver.com/main/products/11361142750,2025-07-16,5,좋아서 또시켰어요.. 소화짱,여성,아주 넉넉해요,꼼꼼해요,편리해요,Y
DP_032,덴프스 휘게엔자임 액티브 Soy 4개월/4BOX,https://smartstore.naver.com/main/products/11361142750,2025-07-16,5,배송 빠르네요 잘 먹겠습니다,,꽤 남았어요,적당해요,편리해요,Y
DP_032,덴프스 휘게엔자임 액티브 Soy 4개월/4BOX,https://smartstore.naver.com/main/products/11361142750,2025-07-14,3,늘 먹던거입니다 많이파세요,,꽤 남았어요,적당해요,그냥그래요,Y
DP_032,덴프스 휘게엔자임 액티브 Soy 4개월/4BOX,https://smartstore.naver.com/main/products/11361142750,2025-07-14,5,배에 가스가 많이 차고 더부룩할때 효과가 좋아서 계속 찾아요 나이먹을수록 더 그렇던데 요번에 주문 할때는 골고루 샘플도 챙겨주니 기분이 좋았습니다.,여성,아주 넉넉해요,꼼꼼해요,편리해요,Y
DP_032,덴프스 휘게엔자임 액티브 Soy 4개월/4BOX,https://smartstore.naver.com/main/products/11361142750,2025-07-14,5,재구매식사후에 먹기도 편리하고 맛도 좋아서 꾸준하게 먹을수 있어서 좋아요,,아주 넉넉해요,꼼꼼해요,편리해요,Y
DP_032,덴프스 휘게엔자임 액티브 Soy 4개월/4BOX,https://smartstore.naver.com/main/products/11361142750,2025-07-13,5,"건강관심사 면역력
 한달사용과식한 뒤 먹고 자면
뒷 날 속이 편해요.
더부룩함이 일도 없어요.
꾸준히 챙겨 먹는 제품 중 하나에요.",여성,아주 넉넉해요,꼼꼼해요,편리해요,Y
DP_032,덴프스 휘게엔자임 액티브 Soy 4개월/4BOX,https://smartstore.naver.com/main/products/11361142750,2025-07-11,5,계속 먹던제품이라 떨어지기전에 재구매해요. 과식하거나 속이 약갓 더부룩할때 효소 먹으면 좋더라고요 여러효소 먹어봤지만 이게 맛이 제일 좋구요 저는 입에서 잘녹아서 물없이도 먹는데 미세 분말이다보니 먹다가 목에 잘못붙으면 콜록거리게 되니 조심해야합니다. ㅎㅎ,,아주 넉넉해요,꼼꼼해요,편리해요,Y
DP_032,덴프스 휘게엔자임 액티브 Soy 4개월/4BOX,https://smartstore.naver.com/main/products/11361142750,2025-07-09,5,"건강관심사 장건강수면건강
 매일 꾸준히복용중..변비에 탁월",남성,아주 넉넉해요,꼼꼼해요,편리해요,Y
DP_032,덴프스 휘게엔자임 액티브 Soy 4개월/4BOX,https://smartstore.naver.com/main/products/11361142750,2025-07-08,5,목넘김편하고 맛있어서 좋네요... 물업이먹어도될만큼 입자가 곱네요 꾸준히먹어봐야알겠지만 더부륵한 속이 나아졌으면좋겠네요,,아주 넉넉해요,꼼꼼해요,편리해요,Y
DP_032,덴프스 휘게엔자임 액티브 Soy 4개월/4BOX,https://smartstore.naver.com/main/products/11361142750,2025-07-08,4,"사인품으로 받은 파인맛 먹어보고 효소도 입문햇어요
파인맛이 안보여서 소이로 주문햇는데 달달한 미숫가루맛이네요",,꽤 남았어요,꼼꼼해요,편리해요,Y
DP_032,덴프스 휘게엔자임 액티브 Soy 4개월/4BOX,https://smartstore.naver.com/main/products/11361142750,2025-07-07,4,재구매빠르게 잘 받았습니다.,,꽤 남았어요,꼼꼼해요,편리해요,Y
DP_032,덴프스 휘게엔자임 액티브 Soy 4개월/4BOX,https://smartstore.naver.com/main/products/11361142750,2025-07-07,4,빠르게 잘 받았습니다.,,꽤 남았어요,적당해요,편리해요,Y
DP_032,덴프스 휘게엔자임 액티브 Soy 4개월/4BOX,https://smartstore.naver.com/main/products/11361142750,2025-07-06,5,"면세점에서 먹어보고 좋은 기회에 겟했습니다:)
효과도 좋고 확실히 속이 편해요.
고소한 미숫가루맛이라 편하게 맛있게 즐길 수 있답니다!! 다음에 또 구입하려구요~~
파인애플맛도 좋았는데 없어졌나봐요ㅠ
아쉽네요!",,아주 넉넉해요,꼼꼼해요,편리해요,Y
DP_032,덴프스 휘게엔자임 액티브 Soy 4개월/4BOX,https://smartstore.naver.com/main/products/11361142750,2025-07-06,5,재구매항상 먹는 제품입니다. 세일 덕분에 저렴하게 구입했네요~! 감사합니다.,,꽤 남았어요,꼼꼼해요,편리해요,Y
DP_032,덴프스 휘게엔자임 액티브 Soy 4개월/4BOX,https://smartstore.naver.com/main/products/11361142750,2025-07-06,5,항상 먹는 제품입니다. 세일 덕분에 저렴하게 구입했네요~! 감사합니다.,,꽤 남았어요,꼼꼼해요,편리해요,Y
DP_032,덴프스 휘게엔자임 액티브 Soy 4개월/4BOX,https://smartstore.naver.com/main/products/11361142750,2025-07-06,5,한달사용잘먹고 재구매중 입니다,여성,아주 넉넉해요,꼼꼼해요,편리해요,Y
DP_032,덴프스 휘게엔자임 액티브 Soy 4개월/4BOX,https://smartstore.naver.com/main/products/11361142750,2025-07-05,5,"저녁주문했는데 익일바로. 배송되었어요~~
곡물맛좋아요",,꽤 남았어요,적당해요,그냥그래요,Y
DP_032,덴프스 휘게엔자임 액티브 Soy 4개월/4BOX,https://smartstore.naver.com/main/products/11361142750,2025-07-04,5,"항상 쟁여두고 먹고있어요 어제 라이브 하길래 바로 주문했어요
감사히 잘먹겠습니다 사업 번창 하세요^^",여성,아주 넉넉해요,꼼꼼해요,편리해요,Y
DP_032,덴프스 휘게엔자임 액티브 Soy 4개월/4BOX,https://smartstore.naver.com/main/products/11361142750,2025-07-04,5,"벌써 2년째 꾸준히 먹고 있어요
암 발병 이후 소화가 잘 안되서 찾고 찾다가 덴프스 효소로 정착했어요~
제가 덴프스 효과를 많이 홍보하니 먹기 시작한 지인이 5명이나 되고 그 분들도 다 효과를 보고 계시다 하니 더 믿고 먹게 되는것 같아요^-^ 쟁여놓고 먹어요 ㅎㅎㅎ",여성,아주 넉넉해요,꼼꼼해요,편리해요,Y
DP_032,덴프스 휘게엔자임 액티브 Soy 4개월/4BOX,https://smartstore.naver.com/main/products/11361142750,2025-07-03,5,굿입니다.굿굿굿 ㅋㅋ,남성,아주 넉넉해요,꼼꼼해요,편리해요,Y
DP_032,덴프스 휘게엔자임 액티브 Soy 4개월/4BOX,https://smartstore.naver.com/main/products/11361142750,2025-06-27,5,"BEST저 덴프스가 낑겨주는거에 영업당해서 큰일이에요
ㅠㅠ 좋은큰일(?)인거도 같은게 건강을 챙기게 되네요! 여러분 건강도 아이템빨입니다 내가 인플루언서도 아니고 1000% 내돈내산 인증보증이에요 가끔 효소 얻어먹기도 하는데 맛은 고소하고 비슷한데 얘는 진짜 과식이나 부담스럽게 먹음 실력발휘 지대로 합니다. 먹고 좀있음 트름발사가능 다른거 좀더 저렴한거도 고민되었는데 직접 체험한 후기 못잃어ㅠㅠ 진짜 영업당함ㅠㅠ 이거 샀더니 또 비움어쩌구를 조금 받았는데 얘도 미쳣네요 더좋아ㅠㅠ 함량보니 좋은이유가 있음 뭔가 더 많음 근데 큰일낫네 더 비싸 ㅎㅎㅎ;;",여성,아주 넉넉해요,꼼꼼해요,편리해요,Y
DP_032,덴프스 휘게엔자임 액티브 Soy 4개월/4BOX,https://smartstore.naver.com/main/products/11361142750,2025-06-26,5,빠른배송으로 주문하고 다음날 바로 받았어요. 앞으로 잘 챙겨서 먹어볼려구요,,아주 넉넉해요,꼼꼼해요,편리해요,Y
DP_032,덴프스 휘게엔자임 액티브 Soy 4개월/4BOX,https://smartstore.naver.com/main/products/11361142750,2025-06-25,5,덴프스 효소 이거만 먹어요 !!! 세일할때마다 쟁이고 ㅋㅋ 오래오래 팔아주세요 !!!!,,아주 넉넉해요,꼼꼼해요,편리해요,Y
DP_032,덴프스 휘게엔자임 액티브 Soy 4개월/4BOX,https://smartstore.naver.com/main/products/11361142750,2025-06-24,5,열심히 잘 먹고 있어요 먹기편해요,여성,아주 넉넉해요,꼼꼼해요,편리해요,Y
DP_032,덴프스 휘게엔자임 액티브 Soy 4개월/4BOX,https://smartstore.naver.com/main/products/11361142750,2025-06-24,5,"건강관심사 간건강피로회복
 한달사용저는 휘게엠자임 액티브를 식사후 바로 섭취하는데여 먹어보시면 아실꺼에여 정말 좋아여",여성,아주 넉넉해요,꼼꼼해요,편리해요,Y
DP_032,덴프스 휘게엔자임 액티브 Soy 4개월/4BOX,https://smartstore.naver.com/main/products/11361142750,2025-06-08,5,한달사용늘 구매해서 먹는 효소예요,,아주 넉넉해요,꼼꼼해요,편리해요,Y
DP_032,덴프스 휘게엔자임 액티브 Soy 4개월/4BOX,https://smartstore.naver.com/main/products/11361142750,2025-06-04,5,한달사용품질과 가격에 정말 만족합니다.,남성,아주 넉넉해요,꼼꼼해요,편리해요,Y
DP_032,덴프스 휘게엔자임 액티브 Soy 4개월/4BOX,https://smartstore.naver.com/main/products/11361142750,2025-05-27,5,한달사용나이 들면서 소화가 잘 안됐는데 이거 먹고 괜찮아 졌어요 식사하고 운동해도 소화가 늦게 돼 불편했는데 이거 먹고 조금만 움직여도 소화가 됩니다 뱃살도 조금 들어간듯 합니다 ㅎ,,아주 넉넉해요,꼼꼼해요,편리해요,Y
DP_032,덴프스 휘게엔자임 액티브 Soy 4개월/4BOX,https://smartstore.naver.com/main/products/11361142750,2025-05-20,5,속이 편하고 좋다.,,아주 넉넉해요,꼼꼼해요,편리해요,Y
DP_032,덴프스 휘게엔자임 액티브 Soy 4개월/4BOX,https://smartstore.naver.com/main/products/11361142750,2025-05-19,5,재구매식사후에 한포씩 먹으면 소화가 잘 되어서 잘 챙겨먹고 있어요,,꽤 남았어요,적당해요,편리해요,Y
DP_032,덴프스 휘게엔자임 액티브 Soy 4개월/4BOX,https://smartstore.naver.com/main/products/11361142750,2025-05-17,5,"건강관심사 간건강피로회복
 항상 구매해서 먹고있습니다.",여성,아주 넉넉해요,꼼꼼해요,편리해요,Y
DP_032,덴프스 휘게엔자임 액티브 Soy 4개월/4BOX,https://smartstore.naver.com/main/products/11361142750,2025-05-17,5,할인도 받고 효과가 좋아 재재재주문이요,,꽤 남았어요,적당해요,편리해요,Y
DP_032,덴프스 휘게엔자임 액티브 Soy 4개월/4BOX,https://smartstore.naver.com/main/products/11361142750,2025-05-15,4,빠른 배송 감사해요 가격도 다른 곳과 비교하여 저렴합니다^^,,꽤 남았어요,적당해요,편리해요,Y
DP_032,덴프스 휘게엔자임 액티브 Soy 4개월/4BOX,https://smartstore.naver.com/main/products/11361142750,2025-05-15,5,늘 먹는 제품이고 좋아요 매일 챙기게 됩니드,여성,아주 넉넉해요,꼼꼼해요,편리해요,Y
DP_032,덴프스 휘게엔자임 액티브 Soy 4개월/4BOX,https://smartstore.naver.com/main/products/11361142750,2025-05-12,5,늘주문해서 먹고있어요~ 먹기도편하고 속도편해져요~~,,아주 넉넉해요,꼼꼼해요,편리해요,Y
DP_032,덴프스 휘게엔자임 액티브 Soy 4개월/4BOX,https://smartstore.naver.com/main/products/11361142750,2025-05-11,5,지인도 한박스 주고 행사할때 잘 구매했어요,,아주 넉넉해요,꼼꼼해요,편리해요,Y
DP_032,덴프스 휘게엔자임 액티브 Soy 4개월/4BOX,https://smartstore.naver.com/main/products/11361142750,2025-05-08,5,재구매재구매입니다. 먹고 나면 속이 편해져서 챙겨 먹게 되네요,,아주 넉넉해요,적당해요,편리해요,Y
DP_032,덴프스 휘게엔자임 액티브 Soy 4개월/4BOX,https://smartstore.naver.com/main/products/11361142750,2025-05-07,5,항상 먹는데 먹고나면 속이 편안해요..,,아주 넉넉해요,꼼꼼해요,편리해요,Y
DP_032,덴프스 휘게엔자임 액티브 Soy 4개월/4BOX,https://smartstore.naver.com/main/products/11361142750,2025-05-06,5,"한달사용여러 효소들을 먹어왔는데 입자가 부드럽고 제일 맛있는거같아요
꾸준히 먹는데 맛도 무시 할 수 없더라구요
효과도 좋아서 당분간 꾸준히 먹어보려고합니다",,아주 넉넉해요,꼼꼼해요,편리해요,Y
DP_032,덴프스 휘게엔자임 액티브 Soy 4개월/4BOX,https://smartstore.naver.com/main/products/11361142750,2025-04-23,5,유산균 구입할때 사은품으로 받아서 먹어보고 좋아서 4개 세트로 구입했습니다 많이 먹어도소화 잘되고 화장실도 잘가요 맛도 좋아 아주 만족합니다 나이들면서 소화가 안 잘안되서 조금먹고 운동만하니 우울했는데 덕분에 양껏 먹고 운동합니다 ㅎ,여성,아주 넉넉해요,꼼꼼해요,편리해요,Y
DP_032,덴프스 휘게엔자임 액티브 Soy 4개월/4BOX,https://smartstore.naver.com/main/products/11361142750,2025-04-21,5,"좋은 가격, 좋은 품질 최고입니다.",남성,아주 넉넉해요,꼼꼼해요,편리해요,Y
DP_032,덴프스 휘게엔자임 액티브 Soy 4개월/4BOX,https://smartstore.naver.com/main/products/11361142750,2025-04-19,5,한달사용가격이 좀 비싸요.. 건강을 위해 자주 먹는 제품이니 만큼 물엿이나 향료 같이 맛을 위한 불필요한 성분이 안 들어가면 좋겠다는 의견이 있습니다. 감사합니다.,,아주 넉넉해요,꼼꼼해요,편리해요,Y
DP_032,덴프스 휘게엔자임 액티브 Soy 4개월/4BOX,https://smartstore.naver.com/main/products/11361142750,2025-04-17,5,재구매한달사용식사후 섭취하고나면 소화가 잘 되고 속이 편합니다,여성,아주 넉넉해요,꼼꼼해요,편리해요,Y
DP_032,덴프스 휘게엔자임 액티브 Soy 4개월/4BOX,https://smartstore.naver.com/main/products/11361142750,2025-04-15,5,한달사용감사합니다 감사합니다감사합니다,,아주 넉넉해요,꼼꼼해요,편리해요,Y
DP_032,덴프스 휘게엔자임 액티브 Soy 4개월/4BOX,https://smartstore.naver.com/main/products/11361142750,2025-04-13,5,한달사용저녁식사 하고 한포씩 매일 먹었는데 다음 날 속은 편한거 같은 기분이 들어요,,아주 넉넉해요,꼼꼼해요,편리해요,Y
DP_032,덴프스 휘게엔자임 액티브 Soy 4개월/4BOX,https://smartstore.naver.com/main/products/11361142750,2025-04-13,5,"한달사용인절미 맛으로 먹기좋아요
매일 먹지는 않지만 속 불편할때 먹으면 효과는 있는것같아요",,아주 넉넉해요,꼼꼼해요,편리해요,Y
DP_032,덴프스 휘게엔자임 액티브 Soy 4개월/4BOX,https://smartstore.naver.com/main/products/11361142750,2025-04-11,5,한달사용인절미맛이라 맛있어요. 효과는 잘 모르겠는데 좋다니 먹습니다.,,아주 넉넉해요,꼼꼼해요,편리해요,Y
DP_032,덴프스 휘게엔자임 액티브 Soy 4개월/4BOX,https://smartstore.naver.com/main/products/11361142750,2025-04-10,5,한달사용좋은제품 좋은가격에 잘 구매했습니다,,아주 넉넉해요,꼼꼼해요,편리해요,Y
DP_032,덴프스 휘게엔자임 액티브 Soy 4개월/4BOX,https://smartstore.naver.com/main/products/11361142750,2025-04-03,4,"한달사용소화에도움이
되는 효소라 구매했어요",여성,꽤 남았어요,적당해요,그냥그래요,Y
DP_032,덴프스 휘게엔자임 액티브 Soy 4개월/4BOX,https://smartstore.naver.com/main/products/11361142750,2025-03-30,5,"건강관심사 면역력피로회복
 효소매니아로써 맛도 좋구요,
며칠먹어보니 털어넣었을때 자꾸 기침나서 유난히 먹기 괴로운 제품들이 있는데 이건 그러지않아요
가루날림이 심하지않네요
꾸준히 잘먹어보겠습니다!!",여성,아주 넉넉해요,꼼꼼해요,편리해요,Y
DP_032,덴프스 휘게엔자임 액티브 Soy 4개월/4BOX,https://smartstore.naver.com/main/products/11361142750,2025-03-29,5,"한달사용휘게 엔자임 액티브 soy 재구매 후기 ✓ 구매일자 2025.02.23
✓ 도착일자 2025.02.23
✓ 소비기한 2026.08.14 ✓ 재구매 이유
4개월 정도 꾸준히 먹다가 1달 정도 안 먹었더니 과식했을 때의 컨디션 차이가 느껴지더라구요 입 심심할 때 털어넣기도 좋고 평소 소화가 잘 안 돼서 소화제를 들고 다녔던 저에게는 여러모로 만족하는 제품이라서 다 떨어지면 또 재구매할 예정입니다 ✓ 배송 및 포장
도착 보장 제품이라 하루 만에 배송이 왔어요
요즘에는 파손 위험 있는 제품조차 포장 없이 그냥 택배 상자에 넣어서 보내주는 경우가 많은데 사진처럼 포장도 신경 써서 해주셔서 좋았어요 구김 없이 잘 왔습니다! (사진 참고) ✓ 맛
달달한 미숫가루 맛이에요! 가루 형태인데 입에 넣으면 사르르 녹는 제형이라 녹여서 섭취해주시면 됩니다!
저는 평소에 한 포 먹고 과식한 날에는 한 포 더 먹어주고 있어요 ✓ 간편함
섭취할 때 물도 필요 없고 섭취 후 비닐만 버리면 되니까 간편해요 사이즈도 작아서 파우치나 필통, 주머니 혹은 손 한 뼘 사이즈의 작은 가방(사진 참고)에도 부피 차지 없이 쏙 들어갑니다 먹기 번거로우면 손이 잘 안 가게 될 수밖에 없는데 간편함 + 맛있으니까 간식 대용으로도 손이 자주 가게 되는 거 같아요! ✓ 이런 분에게 추천해요
효소는 소화와 영양 섭취에 도움을 주기 때문에 평소 소화가 잘 안 되고 배에 가스가 차는 경우가 많은 분들에게 강력 추천합니다! 간편하게 건강 및 체질 관리 하고 싶은 분들에게도 추천해요ㅎㅎ 더보기",,아주 넉넉해요,꼼꼼해요,편리해요,Y
DP_032,덴프스 휘게엔자임 액티브 Soy 4개월/4BOX,https://smartstore.naver.com/main/products/11361142750,2025-03-28,5,"한달사용장이 불편한 아들 먹이고 있습니다
이제품이 제일 좋다고 해요",,아주 넉넉해요,꼼꼼해요,편리해요,Y
DP_032,덴프스 휘게엔자임 액티브 Soy 4개월/4BOX,https://smartstore.naver.com/main/products/11361142750,2025-03-28,5,한달사용식사후 섭취 필수입니다 소화도 잘되고 속이 편해져요,,아주 넉넉해요,꼼꼼해요,편리해요,Y
DP_032,덴프스 휘게엔자임 액티브 Soy 4개월/4BOX,https://smartstore.naver.com/main/products/11361142750,2025-03-26,5,"한달사용효과가 있는진 잘모르겠는데
좋다고 하니까 꾸준히 먹고 있엉ㅎ",,꽤 남았어요,적당해요,그냥그래요,Y
DP_032,덴프스 휘게엔자임 액티브 Soy 4개월/4BOX,https://smartstore.naver.com/main/products/11361142750,2025-03-19,5,세번째 구매입니다. 먹기도 좋고 양도 넉넉하고 여러가지로 저한테 도움이 됩니다.,,아주 넉넉해요,꼼꼼해요,편리해요,Y
DP_032,덴프스 휘게엔자임 액티브 Soy 4개월/4BOX,https://smartstore.naver.com/main/products/11361142750,2025-03-19,4,효소를 덴프스로 처음 접했는데 가격이 많이 인상되어서 다른제품으로 복용했는데 섭취시 고운가루와 식감이 저는 덴프스가 맞고 좋아요,,꽤 남았어요,꼼꼼해요,편리해요,Y
DP_032,덴프스 휘게엔자임 액티브 Soy 4개월/4BOX,https://smartstore.naver.com/main/products/11361142750,2025-03-18,5,재구매목막힘 없이 너무 좋습니다,여성,아주 넉넉해요,꼼꼼해요,편리해요,Y
DP_032,덴프스 휘게엔자임 액티브 Soy 4개월/4BOX,https://smartstore.naver.com/main/products/11361142750,2025-03-16,5,항상 내돈내산 구매하는 제품입니다. 함량도 제일 좋고 무엇보다 제일 맛있어요!!,,아주 넉넉해요,꼼꼼해요,편리해요,Y
DP_032,덴프스 휘게엔자임 액티브 Soy 4개월/4BOX,https://smartstore.naver.com/main/products/11361142750,2025-03-15,5,"휘게 엔자임 액티브 soy 재구매 후기 ✓ 구매일자 2025.02.23
✓ 도착일자 2025.02.23
✓ 소비기한 2026.08.14 ✓ 재구매 이유
4개월 정도 꾸준히 먹다가 1달 정도 안 먹었더니 과식했을 때의 컨디션 차이가 느껴지더라구요 입 심심할 때 털어넣기도 좋고 평소 소화가 잘 안 돼서 소화제를 들고 다녔던 저에게는 여러모로 만족하는 제품이라서 다 떨어지면 또 재구매할 예정입니다 ✓ 배송 및 포장
도착 보장 제품이라 하루 만에 배송이 왔어요
요즘에는 파손 위험 있는 제품조차 포장 없이 그냥 택배 상자에 넣어서 보내주는 경우가 많은데 사진처럼 포장도 신경 써서 해주셔서 좋았어요 구김 없이 잘 왔습니다! (사진 참고) ✓ 맛
달달한 미숫가루 맛이에요! 가루 형태인데 입에 넣으면 사르르 녹는 제형이라 녹여서 섭취해주시면 됩니다!
저는 평소에 한 포 먹고 과식한 날에는 한 포 더 먹어주고 있어요 ✓ 간편함
섭취할 때 물도 필요 없고 섭취 후 비닐만 버리면 되니까 간편해요 사이즈도 작아서 파우치나 필통, 주머니 혹은 손 한 뼘 사이즈의 작은 가방(사진 참고)에도 부피 차지 없이 쏙 들어갑니다 먹기 번거로우면 손이 잘 안 가게 될 수밖에 없는데 간편함 + 맛있으니까 간식 대용으로도 손이 자주 가게 되는 거 같아요! ✓ 이런 분에게 추천해요
효소는 소화와 영양 섭취에 도움을 주기 때문에 평소 소화가 잘 안 되고 배에 가스가 차는 경우가 많은 분들에게 강력 추천합니다! 간편하게 건강 및 체질 관리 하고 싶은 분들에게도 추천해요ㅎㅎ 더보기
+5",,아주 넉넉해요,꼼꼼해요,편리해요,Y
DP_032,덴프스 휘게엔자임 액티브 Soy 4개월/4BOX,https://smartstore.naver.com/main/products/11361142750,2025-03-14,5,"건강관심사 장건강
 맛도 있고 먹기 편해요",여성,아주 넉넉해요,꼼꼼해요,편리해요,Y
DP_032,덴프스 휘게엔자임 액티브 Soy 4개월/4BOX,https://smartstore.naver.com/main/products/11361142750,2025-03-13,5,잘먹을게요 주문하는김에 많아 햌ㅅ어요,,아주 넉넉해요,꼼꼼해요,편리해요,Y
DP_032,덴프스 휘게엔자임 액티브 Soy 4개월/4BOX,https://smartstore.naver.com/main/products/11361142750,2025-03-11,5,평이 좋아서 구입했어요..맛도좋고 열심히 먹어볼려구요,,아주 넉넉해요,꼼꼼해요,편리해요,Y
DP_032,덴프스 휘게엔자임 액티브 Soy 4개월/4BOX,https://smartstore.naver.com/main/products/11361142750,2025-03-10,5,세일할 때 쟁여둡니다. 소화 안되거나 많이 먹었을 때 효소 먹으면 좋아요. 맛도 미숫가루 같은 맛이라서 먹기 좋아요,,꽤 남았어요,적당해요,그냥그래요,Y
DP_032,덴프스 휘게엔자임 액티브 Soy 4개월/4BOX,https://smartstore.naver.com/main/products/11361142750,2025-03-09,5,"덴프스 콜라겐에 이어서 효소도 구매해봤어요
효소는 처음 복용해보는데 먹을때 거부감드는 맛은아닌 것같아요
꽤 단맛이 많이나는편에 미숫가루같아요
꾸준하게 복용해보겠습니다~",,아주 넉넉해요,꼼꼼해요,편리해요,Y
DP_032,덴프스 휘게엔자임 액티브 Soy 4개월/4BOX,https://smartstore.naver.com/main/products/11361142750,2025-03-06,5,한박스 먹어보고 좋아서 4박스 샀어요.,,아주 넉넉해요,꼼꼼해요,편리해요,Y
DP_032,덴프스 휘게엔자임 액티브 Soy 4개월/4BOX,https://smartstore.naver.com/main/products/11361142750,2025-03-04,4,"오키나와 여행가면서 면세점에서 구매해보았는데, 확실히 먹여행 시 도움을 크게 받은게 뒤늦게 느껴져서 찾아보았는데 면세점에 버금가는 금액이어서 구매했습니다. 밀가루 많이 접하시고 소화에 도움을 요하시거나 화장실 가야하는 절박함이 계시는분 가세요 두드려도 안열리던 곳이 열립니다!",,꽤 남았어요,적당해요,편리해요,Y
DP_032,덴프스 휘게엔자임 액티브 Soy 4개월/4BOX,https://smartstore.naver.com/main/products/11361142750,2025-02-27,4,"소화력에 효소가좋아서
구매했어요",여성,꽤 남았어요,적당해요,편리해요,Y
DP_032,덴프스 휘게엔자임 액티브 Soy 4개월/4BOX,https://smartstore.naver.com/main/products/11361142750,2025-02-25,5,효소 유목민인데 와 이거 진짜 괜찮아요 입자가 엄청 고운데 입천장에 들어붙거나 사례걸리고 그런거 없어요 그냥 사르륵 녹아요 먹고나서 속도 편하고 좋습니다,,아주 넉넉해요,꼼꼼해요,편리해요,Y
DP_032,덴프스 휘게엔자임 액티브 Soy 4개월/4BOX,https://smartstore.naver.com/main/products/11361142750,2025-02-24,5,꾸준히 재구매 중입니다,,꽤 남았어요,적당해요,그냥그래요,Y
DP_032,덴프스 휘게엔자임 액티브 Soy 4개월/4BOX,https://smartstore.naver.com/main/products/11361142750,2025-02-24,5,꾸준하게 먹어보려구요,,아주 넉넉해요,꼼꼼해요,편리해요,Y
DP_032,덴프스 휘게엔자임 액티브 Soy 4개월/4BOX,https://smartstore.naver.com/main/products/11361142750,2025-02-19,5,과식했을때 아주 만족합니다,여성,아주 넉넉해요,꼼꼼해요,편리해요,Y
DP_032,덴프스 휘게엔자임 액티브 Soy 4개월/4BOX,https://smartstore.naver.com/main/products/11361142750,2025-02-14,5,아들이 이게 제일 좋다고해서 기숙사에 보내려고 구입했습니다 가격이 올랐네요,남성,아주 넉넉해요,꼼꼼해요,편리해요,Y
