﻿상품코드,상품명,URL,날짜,별점,리뷰텍스트,구매자 성별,유통기한,포장,편리,판매여부
DP_040,덴프스 프리바이오틱스 이뮨 장내유익균 4개월/4BOX,https://smartstore.naver.com/main/products/10385782264,2025-09-24,5,믿고먹는 우리가족 영양제입니다,여성,아주 넉넉해요,꼼꼼해요,편리해요,Y
DP_040,덴프스 프리바이오틱스 이뮨 장내유익균 4개월/4BOX,https://smartstore.naver.com/main/products/10385782264,2025-09-23,4,한달사용부모님께 선물드렸어요. 다른 제품들은 선물드려도 잘 드시지 않는데 재구매해서 드렸어요. 유산균과 프로바이오틱스랑 같이 드시니 화장실도 잘 가고 좋으시대요!,,아주 넉넉해요,꼼꼼해요,편리해요,Y
DP_040,덴프스 프리바이오틱스 이뮨 장내유익균 4개월/4BOX,https://smartstore.naver.com/main/products/10385782264,2025-09-09,5,한달사용프리바이오틱스도 중요해서 유산균과 같이 복용하려고 구매했어요~~ 악성변비인 제게 효과가 좋기를....,,아주 넉넉해요,꼼꼼해요,편리해요,Y
DP_040,덴프스 프리바이오틱스 이뮨 장내유익균 4개월/4BOX,https://smartstore.naver.com/main/products/10385782264,2025-08-20,5,한달사용쾌변하고 있어요 만족합니다,,아주 넉넉해요,꼼꼼해요,편리해요,Y
DP_040,덴프스 프리바이오틱스 이뮨 장내유익균 4개월/4BOX,https://smartstore.naver.com/main/products/10385782264,2025-08-12,5,"한달사용배변활동이 편해지네요
맛도 요구르트맛이라 맛나네요",남성,아주 넉넉해요,꼼꼼해요,편리해요,Y
DP_040,덴프스 프리바이오틱스 이뮨 장내유익균 4개월/4BOX,https://smartstore.naver.com/main/products/10385782264,2025-08-01,5,제가 먹어서 효과보고 온 가족이 복용중입니다. 먹기편하고 효과도 좋아 여행중에도 챙겨왔네요..^^,여성,아주 넉넉해요,적당해요,편리해요,Y
DP_040,덴프스 프리바이오틱스 이뮨 장내유익균 4개월/4BOX,https://smartstore.naver.com/main/products/10385782264,2025-07-03,5,효과를 기대해봅니다,,아주 넉넉해요,꼼꼼해요,편리해요,Y
DP_040,덴프스 프리바이오틱스 이뮨 장내유익균 4개월/4BOX,https://smartstore.naver.com/main/products/10385782264,2025-07-03,5,꾸준히 먹고 있어요!,,아주 넉넉해요,꼼꼼해요,편리해요,Y
DP_040,덴프스 프리바이오틱스 이뮨 장내유익균 4개월/4BOX,https://smartstore.naver.com/main/products/10385782264,2025-07-01,5,유산균이야기랑 같이 먹으면 더 좋다길래 처음 주문해봤습니다. 가루 싫지만 참고 먹어볼게용.,여성,꽤 남았어요,적당해요,그냥그래요,Y
DP_040,덴프스 프리바이오틱스 이뮨 장내유익균 4개월/4BOX,https://smartstore.naver.com/main/products/10385782264,2025-06-24,5,"민감성 장이라 유산균 먹이를 시켜봣는데 장이 안정감을 찾아가네요
좋아요 꾸준히 먹어보께요",남성,아주 넉넉해요,꼼꼼해요,편리해요,Y
DP_040,덴프스 프리바이오틱스 이뮨 장내유익균 4개월/4BOX,https://smartstore.naver.com/main/products/10385782264,2025-06-21,5,"건강관심사 면역력
 프리바이오틱스는 프로바이오틱스와 같이 먹어야 효과가 좋다는 말을 듣고 구매하게 되었어요. 저희 아이랑 같이 먹는 중인데 며칠정도는 아직 효과를 잘 모르겠어서 한달정도 먹어보고 다시 리뷰쓰러 오겠습니다. 맛있고 입자도 곱네요~ +2",여성,아주 넉넉해요,꼼꼼해요,편리해요,Y
DP_040,덴프스 프리바이오틱스 이뮨 장내유익균 4개월/4BOX,https://smartstore.naver.com/main/products/10385782264,2025-06-18,5,처음 먹어보려고 구입했습니다,여성,아주 넉넉해요,꼼꼼해요,편리해요,Y
DP_040,덴프스 프리바이오틱스 이뮨 장내유익균 4개월/4BOX,https://smartstore.naver.com/main/products/10385782264,2025-04-10,5,"한달사용물 없이 잘 넘어가요.
약간 츄잉껌처럼 마지막에 약간 뭉치고 씹히는데
간식먹는다 생각하면 나쁘지 않아요.
가스가 잘 차는데 가스가 좀 준것 같아요.
좀 더 꾸준히 먹어볼겡ᆢㄷ",,꽤 남았어요,적당해요,그냥그래요,Y
DP_040,덴프스 프리바이오틱스 이뮨 장내유익균 4개월/4BOX,https://smartstore.naver.com/main/products/10385782264,2025-03-31,5,"덴프스 제품을 선호하는편이라 이번엔 프리바이오틱스 이뮨를 사봤어요 효과가 있길 기대해봅니다
덴프스 굿입니다",여성,아주 넉넉해요,꼼꼼해요,편리해요,Y
DP_040,덴프스 프리바이오틱스 이뮨 장내유익균 4개월/4BOX,https://smartstore.naver.com/main/products/10385782264,2025-03-22,5,한달사용꾸준히 먹고 있어요...특별한 것은 모르겠어요. 그냥 좋다고 하니까 먹고 있네요.,,꽤 남았어요,꼼꼼해요,편리해요,Y
DP_040,덴프스 프리바이오틱스 이뮨 장내유익균 4개월/4BOX,https://smartstore.naver.com/main/products/10385782264,2025-02-15,5,여기 비타민C를 구입 후 좋아서 다시 프로바이오틱스를 구입해봤어요..매일 먹고 있어요.,,꽤 남았어요,적당해요,편리해요,Y
DP_040,덴프스 프리바이오틱스 이뮨 장내유익균 4개월/4BOX,https://smartstore.naver.com/main/products/10385782264,2024-11-01,5,한달사용항상먹던거라 추천합니다 좋아요,,꽤 남았어요,꼼꼼해요,편리해요,Y
DP_040,덴프스 프리바이오틱스 이뮨 장내유익균 4개월/4BOX,https://smartstore.naver.com/main/products/10385782264,2024-09-22,5,몇년째 항상먹던거라 꾸준히 먹으니 좋아요,,아주 넉넉해요,꼼꼼해요,편리해요,Y
DP_040,덴프스 프리바이오틱스 이뮨 장내유익균 4개월/4BOX,https://smartstore.naver.com/main/products/10385782264,2024-09-07,5,유산균과함께 먹고있어요,,아주 넉넉해요,꼼꼼해요,편리해요,Y
DP_040,덴프스 프리바이오틱스 이뮨 장내유익균 4개월/4BOX,https://smartstore.naver.com/main/products/10385782264,2024-09-06,5,유익균 지켜보려 검색하다 여기까지 왔네요! 만족하며 먹고 있어요,여성,아주 넉넉해요,적당해요,편리해요,Y
DP_040,덴프스 프리바이오틱스 이뮨 장내유익균 4개월/4BOX,https://smartstore.naver.com/main/products/10385782264,2024-06-15,5,유산균 괜찮아서 비오틴도 주문했어요,,아주 넉넉해요,꼼꼼해요,편리해요,Y
