﻿상품코드,상품명,URL,날짜,별점,리뷰텍스트,구매자 성별,유통기한,포장,편리,판매여부
DP_225,"트루바이타민 키즈 면역젤리 14포, 3개",https://smartstore.naver.com/main/products/10129955617,2024-11-09,5,한달사용아이가 아주 잘먹어요~ 더 구매하고싶은데 품절이라 넘 아쉽습니다ㅜㅜ,여성,아주 넉넉해요,꼼꼼해요,편리해요,Y
DP_225,"트루바이타민 키즈 면역젤리 14포, 3개",https://smartstore.naver.com/main/products/10129955617,2024-11-04,5,재구매한달사용늘 챙겨 먹이고 있어요. 맛있고 먹인 뒤로 감기에 덜 걸리는 편입니다.,,아주 넉넉해요,꼼꼼해요,편리해요,Y
DP_225,"트루바이타민 키즈 면역젤리 14포, 3개",https://smartstore.naver.com/main/products/10129955617,2024-10-21,4,한달사용아기가 혼자 잘 먹어요,,꽤 남았어요,적당해요,편리해요,Y
DP_225,"트루바이타민 키즈 면역젤리 14포, 3개",https://smartstore.naver.com/main/products/10129955617,2024-10-16,5,누구나 잘 먹을 맛과 스타일입니다.,,꽤 남았어요,적당해요,편리해요,Y
DP_225,"트루바이타민 키즈 면역젤리 14포, 3개",https://smartstore.naver.com/main/products/10129955617,2024-10-15,5,한달사용구매하러 왔다가 없어서 키즈비타민 구매하고 갑니다 ㅠㅠ 입고해 주세요 ㅠㅠ 아이들이 먼저 찾는 유일한 비타민 입니다.,여성,아주 넉넉해요,꼼꼼해요,편리해요,Y
DP_225,"트루바이타민 키즈 면역젤리 14포, 3개",https://smartstore.naver.com/main/products/10129955617,2024-10-05,5,"아들 딸이 너무 잘먹어요
특히 울아들 비타민이고 영양제고 먹이는게 일인데 요건 본인이 챙겨 먹더라구요ㅎ
먹기 편하고 맛나요 효능까지 우수하면 100점입니다",여성,아주 넉넉해요,꼼꼼해요,편리해요,Y
DP_225,"트루바이타민 키즈 면역젤리 14포, 3개",https://smartstore.naver.com/main/products/10129955617,2024-09-26,5,맛있어서 거부감 없이 잘먹어요,남성,꽤 남았어요,적당해요,편리해요,Y
DP_225,"트루바이타민 키즈 면역젤리 14포, 3개",https://smartstore.naver.com/main/products/10129955617,2024-09-24,5,"아이가
맛있데요. 꾸준히
먹여보려구요",여성,아주 넉넉해요,꼼꼼해요,편리해요,Y
DP_225,"트루바이타민 키즈 면역젤리 14포, 3개",https://smartstore.naver.com/main/products/10129955617,2024-09-09,5,한달사용이지컷 해주세요 ㅠㅠ 아이가 달달해서 잘먹네요 과당이 덜 들어가면 좋겠지만 ㅠ 면역을 위해 먹이고 있어요!,남성,꽤 남았어요,적당해요,그냥그래요,Y
DP_225,"트루바이타민 키즈 면역젤리 14포, 3개",https://smartstore.naver.com/main/products/10129955617,2024-08-31,5,"BEST재구매한달사용9살 남자어린이. 몇통째먹는지 몰라요. 아침에 연역젤리 먹고 학교가요 키도 많,이자라고 밥도잘먹어요 계속 재구매재구매합니다",,아주 넉넉해요,꼼꼼해요,편리해요,Y
DP_225,"트루바이타민 키즈 면역젤리 14포, 3개",https://smartstore.naver.com/main/products/10129955617,2024-07-29,5,아이가 잘먹네요 재구매 하려고 합니다,남성,꽤 남았어요,적당해요,편리해요,Y
DP_225,"트루바이타민 키즈 면역젤리 14포, 3개",https://smartstore.naver.com/main/products/10129955617,2024-07-20,5,첫 기관 다니는 둘째 비타민 고민하다 구매했습니다. 전에 선물 받아서 아이들이 잘 먹었던 기억이 떠올라 새로 구매했는데 아이 둘다 너무 좋아하네요. 둘째는 약이라고 하는데도 계속 달라고 하는게 단점이라면 단점일까요.. 둘째용으로 구매했는데 큰아이도 너무 좋아해서 금새 먹겠어요. 보조적인 역할 잘하는 비타민 이었으면 하는 바람으로 꾸준히 먹여 보겠습니다~,여성,아주 넉넉해요,꼼꼼해요,편리해요,Y
DP_225,"트루바이타민 키즈 면역젤리 14포, 3개",https://smartstore.naver.com/main/products/10129955617,2024-07-16,5,"한달사용아이가 엄청 좋아해서 세일할 때 쟁여놔요~
이런 타입이 이에 안달라붙고 좋은 것 같아요",여성,아주 넉넉해요,꼼꼼해요,편리해요,Y
DP_225,"트루바이타민 키즈 면역젤리 14포, 3개",https://smartstore.naver.com/main/products/10129955617,2024-06-30,5,한달사용9살 남자어린이 면역력에 좋다하여 꾸준하게 먹고있는데. 밥도잘먹고 키가 많이큰것같아요 요즘수영 배우고 있어 더욱더 열심히 먹이고있어요 학교가기전 필수템젤리주세요!!,,아주 넉넉해요,적당해요,편리해요,Y
DP_225,"트루바이타민 키즈 면역젤리 14포, 3개",https://smartstore.naver.com/main/products/10129955617,2024-06-25,5,재구매9살남자아이 면역력키우려고 열심히 먹이고있어요. 아침에 1봉씩 맛있다고 잘먹어요. 배송도 엄청빨라요 또또재구매합니다,,꽤 남았어요,적당해요,편리해요,Y
DP_225,"트루바이타민 키즈 면역젤리 14포, 3개",https://smartstore.naver.com/main/products/10129955617,2024-06-18,5,아이가 맛있어서 알아서 챙겨먹어요. 이거 꾸준히 먹고 잔병치레 없어요~,,아주 넉넉해요,꼼꼼해요,편리해요,Y
DP_225,"트루바이타민 키즈 면역젤리 14포, 3개",https://smartstore.naver.com/main/products/10129955617,2024-06-11,5,"한달사용첨엔 잘 먹질 않으려고 하더라고요..
먹다보니 이것만 찾아요~시간되면 알아서 챙겨 먹어요",,꽤 남았어요,적당해요,그냥그래요,Y
DP_225,"트루바이타민 키즈 면역젤리 14포, 3개",https://smartstore.naver.com/main/products/10129955617,2024-06-05,5,한달사용아이들이 좋아해서 늘 떨어지지 않게 준비해둡니다. 젤리처럼 맛있어서인지 딱히 먹으라고 이야기 안해도 스스로 찾아서 챙겨먹어서 좋습니다.,,아주 넉넉해요,꼼꼼해요,편리해요,Y
DP_225,"트루바이타민 키즈 면역젤리 14포, 3개",https://smartstore.naver.com/main/products/10129955617,2024-06-04,5,아이가 잘 먹어용~~~,여성,꽤 남았어요,적당해요,그냥그래요,Y
DP_225,"트루바이타민 키즈 면역젤리 14포, 3개",https://smartstore.naver.com/main/products/10129955617,2024-05-10,5,단향이 확 올라오더라고요 아이들은 좋아해요 기존에 먹던 다른 제품이랑 번갈아가면서 먹고 있어요. 외출시 간식처럼 먹기 좋더라고요,,아주 넉넉해요,꼼꼼해요,편리해요,Y
DP_225,"트루바이타민 키즈 면역젤리 14포, 3개",https://smartstore.naver.com/main/products/10129955617,2024-05-09,5,아이들이 먼저 재구매를 요청한 건강식품은 처음이에요. 그 맛있는 파랑 젤리가 건강에 좋은거냐고 물어보고는 맞다고 하니까 많이많이 사달라고 하네요. 제가 따로 안챙겨줘도 아이들이 스스로 찾아 먹으니까 편하고 좋아요.,,아주 넉넉해요,꼼꼼해요,편리해요,Y
DP_225,"트루바이타민 키즈 면역젤리 14포, 3개",https://smartstore.naver.com/main/products/10129955617,2024-04-27,5,씹어 먹는 아연을 먹고 있었는데 이번에 유산균 바꾸면서 아연도 바꿔 봤어요 젤리 형태라 거부감 없이 잘 먹어요~,여성,아주 넉넉해요,꼼꼼해요,편리해요,Y
DP_225,"트루바이타민 키즈 면역젤리 14포, 3개",https://smartstore.naver.com/main/products/10129955617,2024-04-27,5,두번째 재구매 9세남자어린이 면역력 키우려고 먹고있는데 젤리형태라 아주 잘먹어요~,,아주 넉넉해요,꼼꼼해요,편리해요,Y
DP_225,"트루바이타민 키즈 면역젤리 14포, 3개",https://smartstore.naver.com/main/products/10129955617,2024-04-26,5,아이가 부담없이 잘 먹네요,,아주 넉넉해요,꼼꼼해요,편리해요,Y
DP_225,"트루바이타민 키즈 면역젤리 14포, 3개",https://smartstore.naver.com/main/products/10129955617,2024-04-25,5,아이가 이런 형태의 비타민을 좋아해서 이것 저것 사봤는데 이게 제일 맛있다고 아껴먹는 정도예요~ 효과는 잘 모르겠지만 아이가 좋아해서 세일할때마다 구매하게 되요,여성,아주 넉넉해요,적당해요,편리해요,Y
DP_225,"트루바이타민 키즈 면역젤리 14포, 3개",https://smartstore.naver.com/main/products/10129955617,2024-04-24,5,"아이가 좋아하는 젤리형이고 맛도 블루베리 맛있네요
지금은 첫구매지만 재구매 할것같아요 +2",,아주 넉넉해요,꼼꼼해요,편리해요,Y
DP_225,"트루바이타민 키즈 면역젤리 14포, 3개",https://smartstore.naver.com/main/products/10129955617,2024-04-24,5,걱정했는데 아이가 잘 먹네요~~~,여성,아주 넉넉해요,꼼꼼해요,편리해요,Y
DP_225,"트루바이타민 키즈 면역젤리 14포, 3개",https://smartstore.naver.com/main/products/10129955617,2024-04-24,5,아이가 잘 먹어서 주문했어요.,,꽤 남았어요,꼼꼼해요,편리해요,Y
