﻿상품코드,상품명,URL,날짜,별점,리뷰텍스트,구매자 성별,유통기한,포장,편리,판매여부
DP_057,덴프스 덴마크 유산균이야기 베베D 1박스/1개월,https://smartstore.naver.com/main/products/5694474674,2025-10-03,5,"방구 뿡뿡 잘뀌고, 응가 잘봐요",,꽤 남았어요,적당해요,편리해요,Y
DP_057,덴프스 덴마크 유산균이야기 베베D 1박스/1개월,https://smartstore.naver.com/main/products/5694474674,2025-10-01,5,한달사용드랍으로 떨어트려주면 돼서 이유식이나 분유에 타서 주기 편리합니다 덴프스 유산균은 품질은 보장하니까 안심하고 먹일 수 있어서 좋아요.,,꽤 남았어요,꼼꼼해요,편리해요,Y
DP_057,덴프스 덴마크 유산균이야기 베베D 1박스/1개월,https://smartstore.naver.com/main/products/5694474674,2025-09-29,5,"한달사용먹여보니 확실히 좋네요!! 우리집은 다 덴프스 유산균이랑 액티브 비타민 먹는데 아가도 한번 먹여보려고 주문했고, 만족스러워서 주문하러 들어왔다가 리뷰 올립니다 :)",,아주 넉넉해요,꼼꼼해요,편리해요,Y
DP_057,덴프스 덴마크 유산균이야기 베베D 1박스/1개월,https://smartstore.naver.com/main/products/5694474674,2025-09-25,5,"아기 유산균 바꾸면서 한통만 주문해봤어요
6방울 먹이는건데
6방울이 애매하게나와요ㅎ",여성,임박상품이에요,적당해요,그냥그래요,Y
DP_057,덴프스 덴마크 유산균이야기 베베D 1박스/1개월,https://smartstore.naver.com/main/products/5694474674,2025-09-18,5,한달사용아기의 변이 잘 나옵니다,,아주 넉넉해요,꼼꼼해요,편리해요,Y
DP_057,덴프스 덴마크 유산균이야기 베베D 1박스/1개월,https://smartstore.naver.com/main/products/5694474674,2025-09-14,5,"임박상품인것 알고 하나만 주문해봤어용
배송빠르고 포장 꼼꼼합니당!",여성,임박상품이에요,꼼꼼해요,편리해요,Y
DP_057,덴프스 덴마크 유산균이야기 베베D 1박스/1개월,https://smartstore.naver.com/main/products/5694474674,2025-09-07,3,애들이 좋아하지 않아서 음식에 몰래 톡톡 떨어뜨려주는데 효과는 모르겠고 생각보다 잘 안나와서 불편해요. 기간도 임박이라 다 소진할 지 모르겠어요.,,임박상품이에요,별로예요,그냥그래요,Y
DP_057,덴프스 덴마크 유산균이야기 베베D 1박스/1개월,https://smartstore.naver.com/main/products/5694474674,2025-09-05,5,효과가 있는 것 같아요! 우리 부부도 덴프스 유산균이랑 비타민 먹어서 주문했어요,,아주 넉넉해요,꼼꼼해요,편리해요,Y
DP_057,덴프스 덴마크 유산균이야기 베베D 1박스/1개월,https://smartstore.naver.com/main/products/5694474674,2025-08-28,5,한달사용첫째도 먹이던거라 둘째도 주문했어요,,꽤 남았어요,적당해요,그냥그래요,Y
DP_057,덴프스 덴마크 유산균이야기 베베D 1박스/1개월,https://smartstore.naver.com/main/products/5694474674,2025-08-28,2,물건은 잘 받았는데 소비기한이 25.12.12.인 걸 보내주셨네요. 덴프스 믿고 소비하는데 실망입니다.,여성,임박상품이에요,적당해요,편리해요,Y
DP_057,덴프스 덴마크 유산균이야기 베베D 1박스/1개월,https://smartstore.naver.com/main/products/5694474674,2025-08-26,5,한달사용액상이라 아기에게 주기 좋습니다,,꽤 남았어요,적당해요,그냥그래요,Y
DP_057,덴프스 덴마크 유산균이야기 베베D 1박스/1개월,https://smartstore.naver.com/main/products/5694474674,2025-08-25,5,한달사용신생아부터 33개월 현재까지 먹이고있어요 좋아요,여성,꽤 남았어요,적당해요,편리해요,Y
DP_057,덴프스 덴마크 유산균이야기 베베D 1박스/1개월,https://smartstore.naver.com/main/products/5694474674,2025-08-25,5,한달사용16개월 아기한테 먹이는데 먹이고 엄청 드라마틱하게 변을 보는건 아닌데 안먹이면 토끼똥처럼 싸서 효과는 있어서 꾸준하게 먹여보려구요,여성,꽤 남았어요,적당해요,편리해요,Y
DP_057,덴프스 덴마크 유산균이야기 베베D 1박스/1개월,https://smartstore.naver.com/main/products/5694474674,2025-08-24,5,"건강관심사 여성건강면역력피로회복
 아기가 어리고 밥을 잘 안먹는 아인데 어쩐지 이유식도 잘먹고 응가도 잘 누고 좋아요 감사합니다 한 달 잘 먹여보고 괜찮으면 계속 구매하겠습니다!",여성,꽤 남았어요,꼼꼼해요,편리해요,Y
DP_057,덴프스 덴마크 유산균이야기 베베D 1박스/1개월,https://smartstore.naver.com/main/products/5694474674,2025-08-24,5,"건강관심사 장건강여성건강
 한달사용제품 자체의 효과는 확실히 좋지만 쭉 쓰다보니 입구가 오염되서 찝찝함도 있었고 드롭형식이나 보니 방울수가 조절하기 조절하기 조금 힘들었어요ㅠ",여성,아주 넉넉해요,꼼꼼해요,그냥그래요,Y
DP_057,덴프스 덴마크 유산균이야기 베베D 1박스/1개월,https://smartstore.naver.com/main/products/5694474674,2025-08-21,5,한달사용잘먹고 소화도 잘되네오,,아주 넉넉해요,꼼꼼해요,편리해요,Y
DP_057,덴프스 덴마크 유산균이야기 베베D 1박스/1개월,https://smartstore.naver.com/main/products/5694474674,2025-08-20,5,덴프스 완전 믿고 사는 유산균이죠. 너무 만족스러워요👍👍,,아주 넉넉해요,꼼꼼해요,편리해요,Y
DP_057,덴프스 덴마크 유산균이야기 베베D 1박스/1개월,https://smartstore.naver.com/main/products/5694474674,2025-08-17,5,"건강관심사 면역력장건강
 재구매아기 먹이기에 조아요",여성,아주 넉넉해요,꼼꼼해요,편리해요,Y
DP_057,덴프스 덴마크 유산균이야기 베베D 1박스/1개월,https://smartstore.naver.com/main/products/5694474674,2025-08-11,5,"구매자건강관심사 피로회복
 한달사용아기 분유에 넣어서 주는데 거부감도 없고 변도 아주 좋아졌어요^^",,아주 넉넉해요,꼼꼼해요,편리해요,Y
DP_057,덴프스 덴마크 유산균이야기 베베D 1박스/1개월,https://smartstore.naver.com/main/products/5694474674,2025-08-10,5,"아기 변이 잘 안나와 고민이었는데
이거 먹이고 1일 1변에 황금변 보고있어요",,아주 넉넉해요,꼼꼼해요,편리해요,Y
DP_057,덴프스 덴마크 유산균이야기 베베D 1박스/1개월,https://smartstore.naver.com/main/products/5694474674,2025-07-29,5,첫째때부터 쭉 먹이던거라 곧 둘째 출산인데 조리원에 들고가려고 주문했어요~ 가격대비 무난해요ㅎㅎ,,꽤 남았어요,적당해요,그냥그래요,Y
DP_057,덴프스 덴마크 유산균이야기 베베D 1박스/1개월,https://smartstore.naver.com/main/products/5694474674,2025-07-18,5,"건강관심사 면역력노화방지
 빠른배송 감사합니다",여성,아주 넉넉해요,꼼꼼해요,편리해요,Y
DP_057,덴프스 덴마크 유산균이야기 베베D 1박스/1개월,https://smartstore.naver.com/main/products/5694474674,2025-07-18,5,아기용비타민 준비해놨어요,,꽤 남았어요,적당해요,그냥그래요,Y
DP_057,덴프스 덴마크 유산균이야기 베베D 1박스/1개월,https://smartstore.naver.com/main/products/5694474674,2025-07-10,5,"건강관심사 여성건강
 한달사용아이 공복에 항상 주는데 응아도 잘하고 만족합니더",여성,아주 넉넉해요,꼼꼼해요,편리해요,Y
DP_057,덴프스 덴마크 유산균이야기 베베D 1박스/1개월,https://smartstore.naver.com/main/products/5694474674,2025-07-07,5,"유산균을 먹이는데도 아기가 토끼똥처럼 쌀 때가 있어서 기존에 먹던거 다 먹어서 이걸로 바꿨는데 효과가 있으면 좋겠어요
먹인지 3일밖에 안되어서 꾸준히 먹여보고 효과 있었으면 좋겟어요",여성,아주 넉넉해요,꼼꼼해요,편리해요,Y
DP_057,덴프스 덴마크 유산균이야기 베베D 1박스/1개월,https://smartstore.naver.com/main/products/5694474674,2025-07-07,5,"건강관심사 면역력피로회복여성건강
 이틀째 먹였는데 아가가 아침부터 똥 잘쌌어요!",여성,꽤 남았어요,꼼꼼해요,편리해요,Y
DP_057,덴프스 덴마크 유산균이야기 베베D 1박스/1개월,https://smartstore.naver.com/main/products/5694474674,2025-07-03,5,변비 아기에게 직빵입니다......,,꽤 남았어요,꼼꼼해요,그냥그래요,Y
DP_057,덴프스 덴마크 유산균이야기 베베D 1박스/1개월,https://smartstore.naver.com/main/products/5694474674,2025-07-03,5,120일 아기 먹이려고 구매했어요. 병을 거꾸로 들면 빠르게 똑똑 떨어져서 생각보다 먹이는게 불편하진 않더라구요 ~,,아주 넉넉해요,꼼꼼해요,그냥그래요,Y
DP_057,덴프스 덴마크 유산균이야기 베베D 1박스/1개월,https://smartstore.naver.com/main/products/5694474674,2025-07-01,5,한달사용잘먹고 좋아요 배송도 빨라요,,아주 넉넉해요,꼼꼼해요,편리해요,Y
DP_057,덴프스 덴마크 유산균이야기 베베D 1박스/1개월,https://smartstore.naver.com/main/products/5694474674,2025-06-27,5,"건강관심사 면역력장건강
 재구매아이가 잘 먹어서 늘 주문해요",여성,아주 넉넉해요,꼼꼼해요,편리해요,Y
DP_057,덴프스 덴마크 유산균이야기 베베D 1박스/1개월,https://smartstore.naver.com/main/products/5694474674,2025-06-19,5,"건강관심사 노화방지
 한달사용드로퍼를 따로 구매해야 한다는 안내 문구를 제가 못 찾은 건지 오배송인지 드로퍼가 없는 상태로 왔어요. 뭐 딱히 제품 자체는 문제가 없으니 딱히 문의하기도 귀찮아서 그냥 아기 먹였어요!",여성,꽤 남았어요,별로예요,불편해요,Y
DP_057,덴프스 덴마크 유산균이야기 베베D 1박스/1개월,https://smartstore.naver.com/main/products/5694474674,2025-06-17,5,재구매한달사용늘 먹이고 재주문해요,,꽤 남았어요,적당해요,그냥그래요,Y
DP_057,덴프스 덴마크 유산균이야기 베베D 1박스/1개월,https://smartstore.naver.com/main/products/5694474674,2025-06-15,5,"한달사용다른 제품에 비해 드롭속도가 매우 느린 거 같아요ㅜ
그래도 유산균 효과는 잘 봐서 추천이용",,꽤 남았어요,꼼꼼해요,그냥그래요,Y
DP_057,덴프스 덴마크 유산균이야기 베베D 1박스/1개월,https://smartstore.naver.com/main/products/5694474674,2025-06-14,5,상품 맘에 들어요. 좋아요,,꽤 남았어요,적당해요,그냥그래요,Y
DP_057,덴프스 덴마크 유산균이야기 베베D 1박스/1개월,https://smartstore.naver.com/main/products/5694474674,2025-06-13,5,"한달사용먹기는 좀 불편하지만 밥먹을 때 조금씩 뿌려줘요
먹을 때 아기변 좋앗어요",여성,꽤 남았어요,적당해요,그냥그래요,Y
DP_057,덴프스 덴마크 유산균이야기 베베D 1박스/1개월,https://smartstore.naver.com/main/products/5694474674,2025-06-08,5,한달사용좋아요 좋아요 좋아요,,아주 넉넉해요,꼼꼼해요,편리해요,Y
DP_057,덴프스 덴마크 유산균이야기 베베D 1박스/1개월,https://smartstore.naver.com/main/products/5694474674,2025-06-07,5,애기 먹여보려고 합니다,,아주 넉넉해요,꼼꼼해요,편리해요,Y
DP_057,덴프스 덴마크 유산균이야기 베베D 1박스/1개월,https://smartstore.naver.com/main/products/5694474674,2025-06-04,5,"건강관심사 면역력장건강
 재구매한달사용항상 아기 잘 먹이고 있어요~",여성,아주 넉넉해요,꼼꼼해요,편리해요,Y
DP_057,덴프스 덴마크 유산균이야기 베베D 1박스/1개월,https://smartstore.naver.com/main/products/5694474674,2025-06-04,5,"건강관심사 면역력장건강
 재구매늘 먹는건데 좋아요 배송도 빠르고 ?
1",여성,아주 넉넉해요,꼼꼼해요,편리해요,Y
DP_057,덴프스 덴마크 유산균이야기 베베D 1박스/1개월,https://smartstore.naver.com/main/products/5694474674,2025-05-29,5,"신생아 한달 모유수유 후 유산균이랑 비타민디를 먹여야 하는데 요즘 너무 제품도 많고 선택하기까지 2주가까이 걸렸는데 결국 임신중일때 제가 먹은 덴프스 유산균이 생각나서 요제품으로 골랐어요!
5일째 먹이고있는데 효과 좋아요!!!",,꽤 남았어요,꼼꼼해요,편리해요,Y
DP_057,덴프스 덴마크 유산균이야기 베베D 1박스/1개월,https://smartstore.naver.com/main/products/5694474674,2025-05-21,5,한달사용아기가 잘 먹었어요,,임박상품이에요,꼼꼼해요,편리해요,Y
DP_057,덴프스 덴마크 유산균이야기 베베D 1박스/1개월,https://smartstore.naver.com/main/products/5694474674,2025-05-21,5,"재구매태어나서부터 먹던거에요 ~~
침전물때매 6분의1남았을때 잘안나와서 아까워요 ㅠ",여성,아주 넉넉해요,꼼꼼해요,그냥그래요,Y
DP_057,덴프스 덴마크 유산균이야기 베베D 1박스/1개월,https://smartstore.naver.com/main/products/5694474674,2025-05-21,5,좋아요 좋아요 좋아요,,아주 넉넉해요,꼼꼼해요,편리해요,Y
DP_057,덴프스 덴마크 유산균이야기 베베D 1박스/1개월,https://smartstore.naver.com/main/products/5694474674,2025-05-18,5,"건강관심사 노화방지
 와.. 아니 배송은 정말 빠르게 와서 아기 분유에 타서 먹였는데요. 너무 안 나와요!! 뒤집었는데도 안 나와서 치니깐 그제야 나오더라고요 ㅜㅠ 애기가 먹고 방구도 바로 뿡뿡 해서 참 좋은데 유산균 나오는 입구만 좀 개선해주세여",여성,아주 넉넉해요,적당해요,불편해요,Y
DP_057,덴프스 덴마크 유산균이야기 베베D 1박스/1개월,https://smartstore.naver.com/main/products/5694474674,2025-05-18,5,빠른배송감사합니다.,,아주 넉넉해요,꼼꼼해요,편리해요,Y
DP_057,덴프스 덴마크 유산균이야기 베베D 1박스/1개월,https://smartstore.naver.com/main/products/5694474674,2025-05-17,5,한달사용급하게 구매했는데 저렴하게 잘구입해서 잘먹였습니다💛,,임박상품이에요,꼼꼼해요,편리해요,Y
DP_057,덴프스 덴마크 유산균이야기 베베D 1박스/1개월,https://smartstore.naver.com/main/products/5694474674,2025-05-15,5,아기가 먹는 거라 비교하며 골랐어요,여성,아주 넉넉해요,적당해요,그냥그래요,Y
DP_057,덴프스 덴마크 유산균이야기 베베D 1박스/1개월,https://smartstore.naver.com/main/products/5694474674,2025-05-13,5,조아요ㅠ조아여 조아여,,아주 넉넉해요,꼼꼼해요,편리해요,Y
DP_057,덴프스 덴마크 유산균이야기 베베D 1박스/1개월,https://smartstore.naver.com/main/products/5694474674,2025-05-12,5,"방울도 잘 나와서 좋아요
아이 배도 좋아진거 같아요!",,아주 넉넉해요,꼼꼼해요,편리해요,Y
DP_057,덴프스 덴마크 유산균이야기 베베D 1박스/1개월,https://smartstore.naver.com/main/products/5694474674,2025-05-11,5,한달사용유통기한이 아주 넉넉한 상태는 아니라 할인을 엄청 받아서 구매했습니다! 바로 먹이는거라 유통기한 문제 없었구요^^ 타이밍 좋게 잘 구매했습니다~,남성,꽤 남았어요,꼼꼼해요,편리해요,Y
DP_057,덴프스 덴마크 유산균이야기 베베D 1박스/1개월,https://smartstore.naver.com/main/products/5694474674,2025-05-09,5,"건강관심사 장건강면역력
 재구매아기 먹기에 너무 좋아요🥰",여성,아주 넉넉해요,적당해요,편리해요,Y
DP_057,덴프스 덴마크 유산균이야기 베베D 1박스/1개월,https://smartstore.naver.com/main/products/5694474674,2025-05-09,5,한달사용스포이드라 편해요 잘먹는중,,아주 넉넉해요,꼼꼼해요,편리해요,Y
DP_057,덴프스 덴마크 유산균이야기 베베D 1박스/1개월,https://smartstore.naver.com/main/products/5694474674,2025-05-08,5,한달사용매번 먹이고있어요!!!! 아이가 거부감 없이 잘 먹어요,,아주 넉넉해요,꼼꼼해요,편리해요,Y
DP_057,덴프스 덴마크 유산균이야기 베베D 1박스/1개월,https://smartstore.naver.com/main/products/5694474674,2025-05-04,5,아직 사용해보진 않았지만 꾸준하게 먹이면 좋을 것 같아서 구매합니다!,,꽤 남았어요,적당해요,그냥그래요,Y
DP_057,덴프스 덴마크 유산균이야기 베베D 1박스/1개월,https://smartstore.naver.com/main/products/5694474674,2025-05-03,5,한달사용아기가 잘먹고 효과있어서 먹어요.,,임박상품이에요,적당해요,편리해요,Y
DP_057,덴프스 덴마크 유산균이야기 베베D 1박스/1개월,https://smartstore.naver.com/main/products/5694474674,2025-04-29,5,아이한테 먹일려고구매했는데 아직까진 괜찮은거같아요,,꽤 남았어요,꼼꼼해요,편리해요,Y
DP_057,덴프스 덴마크 유산균이야기 베베D 1박스/1개월,https://smartstore.naver.com/main/products/5694474674,2025-04-25,5,좋은 제품 감사합니다.,,아주 넉넉해요,꼼꼼해요,편리해요,Y
DP_057,덴프스 덴마크 유산균이야기 베베D 1박스/1개월,https://smartstore.naver.com/main/products/5694474674,2025-04-23,5,한달사용아래 가라앉아있는거 없어질때까지 잘 흔들어서 주었더니 변을 더 잘보는거 같아여!,,꽤 남았어요,적당해요,편리해요,Y
DP_057,덴프스 덴마크 유산균이야기 베베D 1박스/1개월,https://smartstore.naver.com/main/products/5694474674,2025-04-21,5,한달사용싸서 삿는데 좋네요 ㅎㅎ,,임박상품이에요,꼼꼼해요,그냥그래요,Y
DP_057,덴프스 덴마크 유산균이야기 베베D 1박스/1개월,https://smartstore.naver.com/main/products/5694474674,2025-04-21,5,"한달사용아기가 변도 잘보고, 상태도 좋아오! 만족합니다",,아주 넉넉해요,꼼꼼해요,편리해요,Y
DP_057,덴프스 덴마크 유산균이야기 베베D 1박스/1개월,https://smartstore.naver.com/main/products/5694474674,2025-04-10,5,한달사용이 유산균 먹고 황금색 응어 잘 싸요! 만족합니다!!,,임박상품이에요,꼼꼼해요,편리해요,Y
DP_057,덴프스 덴마크 유산균이야기 베베D 1박스/1개월,https://smartstore.naver.com/main/products/5694474674,2025-04-09,5,한달사용애기가 토끼똥을 싸서 사봤어요. 임박 상품이라 저렴하게 한달 먹였네요~,,임박상품이에요,적당해요,편리해요,Y
DP_057,덴프스 덴마크 유산균이야기 베베D 1박스/1개월,https://smartstore.naver.com/main/products/5694474674,2025-04-09,5,"한달사용드롭형식에 보장균수 많고 ㅠ
믿고먹는 유산균 브랜드 가격도 적당
아기 변비없이 잘 먹였는데 ㅠㅠ
이제 베이비 유산균은 판매를 안하나요..? ㅠ
너무너무 아쉬워요… ㅠㅠㅠ",여성,임박상품이에요,꼼꼼해요,편리해요,Y
DP_057,덴프스 덴마크 유산균이야기 베베D 1박스/1개월,https://smartstore.naver.com/main/products/5694474674,2025-04-06,5,한달사용처음 먹여봤는데 좋네요,남성,임박상품이에요,꼼꼼해요,그냥그래요,Y
DP_057,덴프스 덴마크 유산균이야기 베베D 1박스/1개월,https://smartstore.naver.com/main/products/5694474674,2025-04-02,5,한달사용잘맞아용응가작해요좋아뇨,,아주 넉넉해요,꼼꼼해요,편리해요,Y
DP_057,덴프스 덴마크 유산균이야기 베베D 1박스/1개월,https://smartstore.naver.com/main/products/5694474674,2025-03-31,5,한달사용빠른 배송 깔끔한 포장 너무 만족합니다.,,아주 넉넉해요,꼼꼼해요,편리해요,Y
DP_057,덴프스 덴마크 유산균이야기 베베D 1박스/1개월,https://smartstore.naver.com/main/products/5694474674,2025-03-29,5,재구매유통기한 12월쯤입니다.,,꽤 남았어요,적당해요,그냥그래요,Y
DP_057,덴프스 덴마크 유산균이야기 베베D 1박스/1개월,https://smartstore.naver.com/main/products/5694474674,2025-03-29,5,한달사용기한 임박상품을 잘 썼습니다.,,임박상품이에요,적당해요,그냥그래요,Y
DP_057,덴프스 덴마크 유산균이야기 베베D 1박스/1개월,https://smartstore.naver.com/main/products/5694474674,2025-03-27,4,한달사용아기가 유산균 먹기 전에는 항상 위도 아프고 병도 잘 못 보고 배가 아프다 했었는데 이건 먹이고 나서 단 한 번도 배 아프다는 얘기 없었고변도 잘 보고아기가 컨디션이 좋아진 느낌입니다. 유통기한이 조금 짧다고 해서 걱정했었는데 전혀 상관 없고 배탈이 나거나 그런 적도 없었네요. 유통기한 안에만 먹여 보니 효과가 줬습니다. 다음에 또 재구매할 예정이구요. 앞에 스포이드 형식이 아니라 조금 불편할까 생각했는데 이것도 사용해 보니 불편함이 전혀 없었습니다. 가격대비 효과도 좋고 저는 꾸준히 먹일 생각이에요. +1,,꽤 남았어요,적당해요,편리해요,Y
DP_057,덴프스 덴마크 유산균이야기 베베D 1박스/1개월,https://smartstore.naver.com/main/products/5694474674,2025-03-23,3,한달사용잘안먹어요 먹이기불편하네요,남성,꽤 남았어요,적당해요,그냥그래요,Y
DP_057,덴프스 덴마크 유산균이야기 베베D 1박스/1개월,https://smartstore.naver.com/main/products/5694474674,2025-03-22,5,포장꼼꼼해요 좋아요 재재 구매중 ㅎ임,,아주 넉넉해요,,,Y
DP_057,덴프스 덴마크 유산균이야기 베베D 1박스/1개월,https://smartstore.naver.com/main/products/5694474674,2025-03-22,3,한달사용유통기한만 임박한 상품이 아니였다면 꾸준히 먹여볼 의향이 있었을거같아요. 아이가 거부하지 않네요.,,임박상품이에요,적당해요,편리해요,Y
DP_057,덴프스 덴마크 유산균이야기 베베D 1박스/1개월,https://smartstore.naver.com/main/products/5694474674,2025-03-22,5,"구매자선택안함건강관심사 장건강
 한달사용우리집 영양제는 전부 덴프스에요!!
늦둥이로 태어나 우리 아기도 덴프스로 갑니다",,아주 넉넉해요,꼼꼼해요,편리해요,Y
DP_057,덴프스 덴마크 유산균이야기 베베D 1박스/1개월,https://smartstore.naver.com/main/products/5694474674,2025-03-20,5,한달사용좋아요 ㅎㅎ 굿굿 ㅎㅎ 좋아요 ㅎㅎ 굿굿 ㅎㅎ,,임박상품이에요,적당해요,그냥그래요,Y
DP_057,덴프스 덴마크 유산균이야기 베베D 1박스/1개월,https://smartstore.naver.com/main/products/5694474674,2025-03-18,5,한달사용건강을 위해 하루 하루 잘 챙겨 먹고있습니다,,아주 넉넉해요,꼼꼼해요,편리해요,Y
DP_057,덴프스 덴마크 유산균이야기 베베D 1박스/1개월,https://smartstore.naver.com/main/products/5694474674,2025-03-14,5,"가루로 타먹는거 맨날 까먹어서
씻기고 먹이기 쉽게 요걸로 사봤어요 ㅎㅎ
만족합니당",,꽤 남았어요,적당해요,그냥그래요,Y
DP_057,덴프스 덴마크 유산균이야기 베베D 1박스/1개월,https://smartstore.naver.com/main/products/5694474674,2025-03-13,4,왜 단종인지 알겠어요ㅠ 잘 안나와서 흔들다 다 쏟고 ㅠ 짜증나요,,임박상품이에요,적당해요,불편해요,Y
DP_057,덴프스 덴마크 유산균이야기 베베D 1박스/1개월,https://smartstore.naver.com/main/products/5694474674,2025-03-08,5,좋다해서 사봤아요..,,임박상품이에요,꼼꼼해요,그냥그래요,Y
DP_057,덴프스 덴마크 유산균이야기 베베D 1박스/1개월,https://smartstore.naver.com/main/products/5694474674,2025-03-07,5,맛있나봐요 아기가 잘먹어요,,임박상품이에요,꼼꼼해요,그냥그래요,Y
DP_057,덴프스 덴마크 유산균이야기 베베D 1박스/1개월,https://smartstore.naver.com/main/products/5694474674,2025-03-04,5,"진짜 대박 ~~~~~👍👍
임박상품인거 알고도 쿠*에서 한번 주문해서 먹였던지라 효과 대박이라 주문했어요
출산시 병원에서 사오라한 비싼 유산균보다 효과 좋아요 장이 건강해 5개월까지 변비는 없었지만 가스가 차는지 방귀가 잦았는데 횟수가 줄었어요 그리고 5개월부터 지금 딱 6개월인 지금까지 갑자기 변비가 생겼는데 덴프스가 임박 상품이라 타브랜드 세배 비싼거로 폭풍 검색후 주문했는데 저희 아기한테는 안맞았는지 변비가 더 심해져 애기도 불편해 내내 울더라구요 어머님도 전후사정 들으시더니 애기힘들어한다고 기존꺼로 다시 얼른 주문하라셔서 저녁주문하고 로캣 배송급으로 담날 받고 바로 먹였는데 그담날 시원하게 기저귀가 꽉찰정도로 봤어요😭
몇일 맘고생이 날아가더라구요 저랑 신랑도 기존꺼 다 먹고나면 덴프스 합류하러 다시 오겠습니다 😄 더보기",,꽤 남았어요,꼼꼼해요,편리해요,Y
DP_057,덴프스 덴마크 유산균이야기 베베D 1박스/1개월,https://smartstore.naver.com/main/products/5694474674,2025-03-03,5,"신생아때부터 먹이던 유산균 입니다 비슷한 가격 다른제품들 대비 보장균수가 높아서 선택했어요 신생아때부터 먹여서 변비기 하나도 없이
매일 편안하게 응가 합니다!!!",여성,임박상품이에요,꼼꼼해요,편리해요,Y
DP_057,덴프스 덴마크 유산균이야기 베베D 1박스/1개월,https://smartstore.naver.com/main/products/5694474674,2025-02-28,5,다른건 드롭이 답답한데 덴프스는 잘 떨어져서 먹일때 편해요. 이번에 정착할거 같아요!!,,꽤 남았어요,꼼꼼해요,편리해요,Y
DP_057,덴프스 덴마크 유산균이야기 베베D 1박스/1개월,https://smartstore.naver.com/main/products/5694474674,2025-02-27,4,아이 먹이려고 구입했어요. 아침에 한 번씩 먹여서 똥은 잘 싸고 있어요. 이거 먹고 건강해졌으면 좋겠어요.음료의 섞어서 먹일 수 있어서 좋아요.,,꽤 남았어요,적당해요,그냥그래요,Y
DP_057,덴프스 덴마크 유산균이야기 베베D 1박스/1개월,https://smartstore.naver.com/main/products/5694474674,2025-02-26,5,유통기한을 못보고 두개시켰는데 부지런히 먹여야겠네요😭,,임박상품이에요,적당해요,편리해요,Y
DP_057,덴프스 덴마크 유산균이야기 베베D 1박스/1개월,https://smartstore.naver.com/main/products/5694474674,2025-02-25,4,"아기가 약간 피똥을 한번 사서 구입했어요.
열심히 먹여볼게요~
유통기한 임박상품이라 저렴히 구입했네요",,임박상품이에요,적당해요,편리해요,Y
DP_057,덴프스 덴마크 유산균이야기 베베D 1박스/1개월,https://smartstore.naver.com/main/products/5694474674,2025-02-24,5,신생아때부터 먹이고 있는데 황금변으로 응아 잘해요!,,임박상품이에요,꼼꼼해요,편리해요,Y
DP_057,덴프스 덴마크 유산균이야기 베베D 1박스/1개월,https://smartstore.naver.com/main/products/5694474674,2025-02-24,3,잘 안먹습니다. 유통기한,,임박상품이에요,별로예요,불편해요,Y
DP_057,덴프스 덴마크 유산균이야기 베베D 1박스/1개월,https://smartstore.naver.com/main/products/5694474674,2025-02-23,5,"건강관심사 장건강
 아기가 화장실도 잘가고 잘맞는거같아요",남성,아주 넉넉해요,꼼꼼해요,편리해요,Y
DP_057,덴프스 덴마크 유산균이야기 베베D 1박스/1개월,https://smartstore.naver.com/main/products/5694474674,2025-02-22,5,달에한병은 먹이는거 같습니다. 유통기한 임박상품을 할인해서 구매해봅니다.,,임박상품이에요,적당해요,그냥그래요,Y
DP_057,덴프스 덴마크 유산균이야기 베베D 1박스/1개월,https://smartstore.naver.com/main/products/5694474674,2025-02-22,5,신생아때부터 돌 지난 지금까지 잘 먹이고 있어요.,,꽤 남았어요,꼼꼼해요,편리해요,Y
DP_057,덴프스 덴마크 유산균이야기 베베D 1박스/1개월,https://smartstore.naver.com/main/products/5694474674,2025-02-22,5,재구매한달사용아기 꾸준히 먹이고 있습니다.,,임박상품이에요,꼼꼼해요,편리해요,Y
DP_057,덴프스 덴마크 유산균이야기 베베D 1박스/1개월,https://smartstore.naver.com/main/products/5694474674,2025-02-21,3,"딸아이
신생아부터 먹이던 유산균이예요 아이한테도 잘 맞고해서 9개월까지 꾸준히 먹이고 있어요ㅎ 유통기한 임박이지만 기간내 먹일수있을거같아 한병만 주문했네요 다먹고 또 주문하러 올께요",,임박상품이에요,꼼꼼해요,그냥그래요,Y
DP_057,덴프스 덴마크 유산균이야기 베베D 1박스/1개월,https://smartstore.naver.com/main/products/5694474674,2025-02-19,2,아기가 먹는 제품인데 유통기한 보자마자 다음은 없다라는 생각이 들었습니다..,,임박상품이에요,꼼꼼해요,편리해요,Y
DP_057,덴프스 덴마크 유산균이야기 베베D 1박스/1개월,https://smartstore.naver.com/main/products/5694474674,2025-02-19,5,"건강관심사 장건강관절/뼈건강여성건강
 저희 아기 첫 인생 유산균으로 덴프스와 함께합니다",여성,아주 넉넉해요,꼼꼼해요,편리해요,Y
DP_057,덴프스 덴마크 유산균이야기 베베D 1박스/1개월,https://smartstore.naver.com/main/products/5694474674,2025-02-18,5,재구매날짜임박한거라 싸게샀습니다 한달은 넘게 남아서 그래도 잘 먹일수 있을거 같아요. 아기가 먹으면서 배변도 문제없고 한숟갈 쏙쏙 잘 먹어요,,임박상품이에요,적당해요,편리해요,Y
DP_057,덴프스 덴마크 유산균이야기 베베D 1박스/1개월,https://smartstore.naver.com/main/products/5694474674,2025-02-17,5,"유통기한 임박상품이라 하나만 구매했어요
공복에 6방울 숟가락에 떨어뜨려 먹어요",,임박상품이에요,적당해요,편리해요,Y
DP_057,덴프스 덴마크 유산균이야기 베베D 1박스/1개월,https://smartstore.naver.com/main/products/5694474674,2025-02-17,5,효과있어요 혀고ㅓ이ㅛ어요,,임박상품이에요,꼼꼼해요,편리해요,Y
DP_057,덴프스 덴마크 유산균이야기 베베D 1박스/1개월,https://smartstore.naver.com/main/products/5694474674,2025-02-16,5,애기한테 먁일려고 삿어요,,아주 넉넉해요,꼼꼼해요,편리해요,Y
DP_057,덴프스 덴마크 유산균이야기 베베D 1박스/1개월,https://smartstore.naver.com/main/products/5694474674,2025-02-13,5,매번 먹엿던거라서 좋아요,,임박상품이에요,꼼꼼해요,편리해요,Y
DP_057,덴프스 덴마크 유산균이야기 베베D 1박스/1개월,https://smartstore.naver.com/main/products/5694474674,2025-02-12,4,액상 방울떨어지는게 힘들어요ㅠㅠ,,꽤 남았어요,적당해요,그냥그래요,Y
DP_057,덴프스 덴마크 유산균이야기 베베D 1박스/1개월,https://smartstore.naver.com/main/products/5694474674,2025-02-09,5,덴마크 덴프스 제품이라 믿을 수 있습니다,남성,아주 넉넉해요,꼼꼼해요,편리해요,Y
DP_057,덴프스 덴마크 유산균이야기 베베D 1박스/1개월,https://smartstore.naver.com/main/products/5694474674,2025-02-05,5,재구매한달사용6방울통통통먹이기좋네오,,꽤 남았어요,적당해요,그냥그래요,Y
DP_057,덴프스 덴마크 유산균이야기 베베D 1박스/1개월,https://smartstore.naver.com/main/products/5694474674,2025-02-02,5,"한달사용만족하여 재구매했습니다!
튜브형보다는 먹이기 어렵지만 가루 물에 녹이는 것 보다 편해서 좋아요ㅎㅎ 소용량이라 여행다닐 때 가져가기도 좋고요!
균일하게 떨어지는 게 아니라 아침 먹이기 전에 숟가락에 떨어뜨려 유산균부터 먹이고 식서 시작합니다!",,아주 넉넉해요,꼼꼼해요,그냥그래요,Y
DP_057,덴프스 덴마크 유산균이야기 베베D 1박스/1개월,https://smartstore.naver.com/main/products/5694474674,2025-02-02,5,한달사용정착한 아기 유산균이에용 제일 좋아요;),,아주 넉넉해요,꼼꼼해요,편리해요,Y
DP_057,덴프스 덴마크 유산균이야기 베베D 1박스/1개월,https://smartstore.naver.com/main/products/5694474674,2025-01-24,5,꼼꼼한 포장 빠른 배송 감사해요,,아주 넉넉해요,꼼꼼해요,편리해요,Y
DP_057,덴프스 덴마크 유산균이야기 베베D 1박스/1개월,https://smartstore.naver.com/main/products/5694474674,2025-01-19,5,재구매꾸준히 먹고 있어요~~~,,아주 넉넉해요,꼼꼼해요,편리해요,Y
DP_057,덴프스 덴마크 유산균이야기 베베D 1박스/1개월,https://smartstore.naver.com/main/products/5694474674,2025-01-19,5,한달사용유통기한은 임박하지만 좋습니다!,,임박상품이에요,적당해요,그냥그래요,Y
DP_057,덴프스 덴마크 유산균이야기 베베D 1박스/1개월,https://smartstore.naver.com/main/products/5694474674,2025-01-13,4,"한달사용가만히 들고있으면 방울방울 잘 떨어지긴 하지만 요즘 실리콘 길쭉한 뚜껑으로 교체할 수도 있던데
그 부분 적용됐음 좋겠어요",,아주 넉넉해요,꼼꼼해요,그냥그래요,Y
DP_057,덴프스 덴마크 유산균이야기 베베D 1박스/1개월,https://smartstore.naver.com/main/products/5694474674,2025-01-09,5,한달사용조리원에서부터 먹였는데 좋은것같아요! 입에 바로 떨어뜨려줘도 거부감 없이 잘 먹어요~~,,아주 넉넉해요,꼼꼼해요,편리해요,Y
DP_057,덴프스 덴마크 유산균이야기 베베D 1박스/1개월,https://smartstore.naver.com/main/products/5694474674,2025-01-09,5,재구매한달사용아기 꾸준히 먹이고 있습니다~~~,,꽤 남았어요,꼼꼼해요,편리해요,Y
DP_057,덴프스 덴마크 유산균이야기 베베D 1박스/1개월,https://smartstore.naver.com/main/products/5694474674,2025-01-03,5,한달사용분유에 6방울 떨어트려서 먹이고 있어요 ^.^ 8개월인데 이유식 먹거든요. 응가 잘 쌉니다,,아주 넉넉해요,꼼꼼해요,편리해요,Y
DP_057,덴프스 덴마크 유산균이야기 베베D 1박스/1개월,https://smartstore.naver.com/main/products/5694474674,2024-12-29,5,재구매신생아때먹던거 다시 재주문해사먹여요!,,아주 넉넉해요,꼼꼼해요,그냥그래요,Y
DP_057,덴프스 덴마크 유산균이야기 베베D 1박스/1개월,https://smartstore.naver.com/main/products/5694474674,2024-12-24,5,한달사용아이가 잘 먹네요^^,,아주 넉넉해요,꼼꼼해요,편리해요,Y
DP_057,덴프스 덴마크 유산균이야기 베베D 1박스/1개월,https://smartstore.naver.com/main/products/5694474674,2024-12-13,5,요즘 아기 응가가 쫌 딱딱해서 재구매했어요 저는 덴프스꺼가 제일 괜찮은거 같아요!,,꽤 남았어요,꼼꼼해요,편리해요,Y
DP_057,덴프스 덴마크 유산균이야기 베베D 1박스/1개월,https://smartstore.naver.com/main/products/5694474674,2024-12-09,5,드롭이라 먹이기 편해요,,아주 넉넉해요,꼼꼼해요,편리해요,Y
DP_057,덴프스 덴마크 유산균이야기 베베D 1박스/1개월,https://smartstore.naver.com/main/products/5694474674,2024-12-04,4,재구매아기가 대변도 잘 보고 특이사항 없어 재구매중입니다,남성,꽤 남았어요,적당해요,그냥그래요,Y
DP_057,덴프스 덴마크 유산균이야기 베베D 1박스/1개월,https://smartstore.naver.com/main/products/5694474674,2024-12-04,4,한달사용아기가 변비 없이 대변 잘 보고있어요,남성,꽤 남았어요,적당해요,그냥그래요,Y
DP_057,덴프스 덴마크 유산균이야기 베베D 1박스/1개월,https://smartstore.naver.com/main/products/5694474674,2024-12-02,4,한달사용조리원에서는 퍼펙트 변을 보던 애가 집에 오자 변이 좀 묽어졌습니다. 덴마크 유산균이 좋다는 얘기를 들어서 먹였는데요. 블로그 광고 후기 중에 신생아 먹였다는 글들을 봤엇는데.. 돌 이후 아기부터 권장중이더군요. 그걸 상품 페이지에 써놓으셨어야죠… 아가는 퍼펙트 변으로 돌아왔지만 찜찜해서 바꾸려 합니다. 돌 지나면 이걸로 돌아올게요,,아주 넉넉해요,적당해요,편리해요,Y
DP_057,덴프스 덴마크 유산균이야기 베베D 1박스/1개월,https://smartstore.naver.com/main/products/5694474674,2024-12-01,3,유통기한이 짧아요 배송은 빨라요,,임박상품이에요,꼼꼼해요,그냥그래요,Y
DP_057,덴프스 덴마크 유산균이야기 베베D 1박스/1개월,https://smartstore.naver.com/main/products/5694474674,2024-11-23,5,재구매한달사용꾸준히 먹이고 있어요~~~,,꽤 남았어요,꼼꼼해요,편리해요,Y
DP_057,덴프스 덴마크 유산균이야기 베베D 1박스/1개월,https://smartstore.naver.com/main/products/5694474674,2024-11-23,5,한달사용용량이 조금남았을때는 먹이기 힘들어요,,아주 넉넉해요,적당해요,그냥그래요,Y
DP_057,덴프스 덴마크 유산균이야기 베베D 1박스/1개월,https://smartstore.naver.com/main/products/5694474674,2024-11-21,5,한달사용이거먹고 하루한번은 꼭 똥을 싸서 매우 만족스러워 추가주문 했어여 단점은 넣기가 불ㅊ편해요 다른 제품과다르게 길게 생긴 입구가 아니라서,여성,아주 넉넉해요,적당해요,그냥그래요,Y
DP_057,덴프스 덴마크 유산균이야기 베베D 1박스/1개월,https://smartstore.naver.com/main/products/5694474674,2024-11-16,5,한달사용아기가 잘먹어요ㅡㅠ배송 빨라요,,아주 넉넉해요,꼼꼼해요,편리해요,Y
DP_057,덴프스 덴마크 유산균이야기 베베D 1박스/1개월,https://smartstore.naver.com/main/products/5694474674,2024-11-06,5,재구매한달사용애기가 잘 먹어요~~~~~~~,,아주 넉넉해요,꼼꼼해요,편리해요,Y
DP_057,덴프스 덴마크 유산균이야기 베베D 1박스/1개월,https://smartstore.naver.com/main/products/5694474674,2024-11-06,5,"한달사용유산균은 꾸준히 먹는게 좋다해서 먹이고 있어요
아이도 잘 먹어요 ㅎㅎ",,꽤 남았어요,적당해요,편리해요,Y
DP_057,덴프스 덴마크 유산균이야기 베베D 1박스/1개월,https://smartstore.naver.com/main/products/5694474674,2024-11-01,5,한달사용먹기 편하고 좋아요!,여성,꽤 남았어요,적당해요,그냥그래요,Y
DP_057,덴프스 덴마크 유산균이야기 베베D 1박스/1개월,https://smartstore.naver.com/main/products/5694474674,2024-10-30,5,한달사용이유식하는 아이인데 응이 질헤요,남성,꽤 남았어요,적당해요,그냥그래요,Y
DP_057,덴프스 덴마크 유산균이야기 베베D 1박스/1개월,https://smartstore.naver.com/main/products/5694474674,2024-10-30,4,재구매한달사용먹이기가... 정말 불편합니다 스포이드로 변경되면 좋을꺼같아요,남성,꽤 남았어요,적당해요,불편해요,Y
DP_057,덴프스 덴마크 유산균이야기 베베D 1박스/1개월,https://smartstore.naver.com/main/products/5694474674,2024-10-26,5,아기가 확실히 변을 잘봐서 만족합니다,,아주 넉넉해요,꼼꼼해요,편리해요,Y
DP_057,덴프스 덴마크 유산균이야기 베베D 1박스/1개월,https://smartstore.naver.com/main/products/5694474674,2024-10-24,5,한달사용바티민D도 같이 섭취가 가능해서 좋습니다.,,꽤 남았어요,적당해요,편리해요,Y
DP_057,덴프스 덴마크 유산균이야기 베베D 1박스/1개월,https://smartstore.naver.com/main/products/5694474674,2024-10-24,5,한달사용액상이라 먹이기 편해요 아기한테도 잘 맞는것 같아서 만족입니다,,꽤 남았어요,적당해요,편리해요,Y
DP_057,덴프스 덴마크 유산균이야기 베베D 1박스/1개월,https://smartstore.naver.com/main/products/5694474674,2024-10-19,5,너무 잘쓰고 이ㅛ음,남성,꽤 남았어요,적당해요,그냥그래요,Y
DP_057,덴프스 덴마크 유산균이야기 베베D 1박스/1개월,https://smartstore.naver.com/main/products/5694474674,2024-10-19,5,추천받아 첫째 가루타입 키즈 먹였는데 잘 맞는지 변비가 사라졌길래 둘째도 바꿔줘봤어요 효과가 좋기를 바랍니다 ㅎㅎ,여성,꽤 남았어요,꼼꼼해요,그냥그래요,Y
DP_057,덴프스 덴마크 유산균이야기 베베D 1박스/1개월,https://smartstore.naver.com/main/products/5694474674,2024-10-18,5,한달사용좋아요 간편해요 추천합니다,여성,아주 넉넉해요,꼼꼼해요,편리해요,Y
DP_057,덴프스 덴마크 유산균이야기 베베D 1박스/1개월,https://smartstore.naver.com/main/products/5694474674,2024-10-16,5,배송 빠르고 좋아요.,,아주 넉넉해요,꼼꼼해요,편리해요,Y
DP_057,덴프스 덴마크 유산균이야기 베베D 1박스/1개월,https://smartstore.naver.com/main/products/5694474674,2024-10-14,5,한달사용아기가 응가를 편하게 잘보구 가격도 만족합니다,,아주 넉넉해요,꼼꼼해요,편리해요,Y
DP_057,덴프스 덴마크 유산균이야기 베베D 1박스/1개월,https://smartstore.naver.com/main/products/5694474674,2024-10-13,5,이유식 먹는 아기가 응아 잘 했어요,여성,꽤 남았어요,적당해요,그냥그래요,Y
DP_057,덴프스 덴마크 유산균이야기 베베D 1박스/1개월,https://smartstore.naver.com/main/products/5694474674,2024-10-12,5,"한달사용아가가 똥하나는 기가막히게 잘싸는데
액상 드롭형이라 입에 직접 넣는건 잘 못해서 분유에 넣고 있는데 아기가 분유를 남기면 그만큼 덜 먹는거라 그게 불편합니다",여성,꽤 남았어요,적당해요,편리해요,Y
DP_057,덴프스 덴마크 유산균이야기 베베D 1박스/1개월,https://smartstore.naver.com/main/products/5694474674,2024-10-05,5,아기에게 먹이는데 좋아요,여성,꽤 남았어요,적당해요,그냥그래요,Y
DP_057,덴프스 덴마크 유산균이야기 베베D 1박스/1개월,https://smartstore.naver.com/main/products/5694474674,2024-09-26,5,재구매이번이 두번째 구매입니다. 애기한테 먹이기 편해서 좋아요~,,아주 넉넉해요,꼼꼼해요,편리해요,Y
DP_057,덴프스 덴마크 유산균이야기 베베D 1박스/1개월,https://smartstore.naver.com/main/products/5694474674,2024-09-26,5,한달사용먹이기 편해서 좋아요~,,아주 넉넉해요,꼼꼼해요,편리해요,Y
DP_057,덴프스 덴마크 유산균이야기 베베D 1박스/1개월,https://smartstore.naver.com/main/products/5694474674,2024-09-25,5,"동생이 출산해 선물했어요
조카 잘 먹이고있어요",,꽤 남았어요,꼼꼼해요,그냥그래요,Y
DP_057,덴프스 덴마크 유산균이야기 베베D 1박스/1개월,https://smartstore.naver.com/main/products/5694474674,2024-09-24,5,이거 먹자마자 똥을 아주 푸짐하게 잘쌌어요~~ 잘먹네요,,아주 넉넉해요,꼼꼼해요,편리해요,Y
DP_057,덴프스 덴마크 유산균이야기 베베D 1박스/1개월,https://smartstore.naver.com/main/products/5694474674,2024-09-20,5,덴프스 제가 효과를 잘 봐서 베이비 제품 나왔길래 구매했어요. 아기가 응아.잘 하네요~,,꽤 남았어요,적당해요,편리해요,Y
DP_057,덴프스 덴마크 유산균이야기 베베D 1박스/1개월,https://smartstore.naver.com/main/products/5694474674,2024-09-20,5,한달사용금방 다 먹네요 ㅜㅜ 신생아 아기 먹였어요,,아주 넉넉해요,꼼꼼해요,편리해요,Y
DP_057,덴프스 덴마크 유산균이야기 베베D 1박스/1개월,https://smartstore.naver.com/main/products/5694474674,2024-09-19,5,아기가 돌이 되고 기존에 먹던 유산균에서 바꿔주려고 다른 브랜드의 가루 유산균을 먹였는데 변비가 오는 것 같아서 알아보다 이 제품으로 다시 구매해봤어요 꾸준히 더 먹여봐야겠지만 아기랑 맞는 것 같아요,,꽤 남았어요,적당해요,편리해요,Y
DP_057,덴프스 덴마크 유산균이야기 베베D 1박스/1개월,https://smartstore.naver.com/main/products/5694474674,2024-09-19,5,한달사용무향무취라 아기먹이기 좋아요 ㅎㅎ잘먹이고있어요,여성,아주 넉넉해요,꼼꼼해요,편리해요,Y
DP_057,덴프스 덴마크 유산균이야기 베베D 1박스/1개월,https://smartstore.naver.com/main/products/5694474674,2024-09-16,5,드롭형식이라소 먹이는게 쉽진 않지만 그래도 성분 좋은것 같아서 구매했어요,,꽤 남았어요,적당해요,그냥그래요,Y
DP_057,덴프스 덴마크 유산균이야기 베베D 1박스/1개월,https://smartstore.naver.com/main/products/5694474674,2024-09-10,5,꼼꼼하게 포장되서 배송왔어요 먹기편해보여요,,아주 넉넉해요,꼼꼼해요,그냥그래요,Y
DP_057,덴프스 덴마크 유산균이야기 베베D 1박스/1개월,https://smartstore.naver.com/main/products/5694474674,2024-09-07,3,아이가 잘 먹었으면 좋겠어요,,꽤 남았어요,적당해요,편리해요,Y
DP_057,덴프스 덴마크 유산균이야기 베베D 1박스/1개월,https://smartstore.naver.com/main/products/5694474674,2024-09-02,5,아기 출산 후 선물받아 먹이는데 변 잘보고 있어서 또 시켰어요,여성,꽤 남았어요,적당해요,편리해요,Y
DP_057,덴프스 덴마크 유산균이야기 베베D 1박스/1개월,https://smartstore.naver.com/main/products/5694474674,2024-08-24,5,좋다고 해서 사봅니다~ 잘 먹일게요~,,아주 넉넉해요,꼼꼼해요,편리해요,Y
DP_057,덴프스 덴마크 유산균이야기 베베D 1박스/1개월,https://smartstore.naver.com/main/products/5694474674,2024-08-23,5,아기가 변비가ㅜ사라지고 이썽여,여성,아주 넉넉해요,꼼꼼해요,편리해요,Y
DP_057,덴프스 덴마크 유산균이야기 베베D 1박스/1개월,https://smartstore.naver.com/main/products/5694474674,2024-08-18,5,아기한테 잘먹이고있어요!! 아기랑 잘맞는것같아요,여성,아주 넉넉해요,꼼꼼해요,편리해요,Y
DP_057,덴프스 덴마크 유산균이야기 베베D 1박스/1개월,https://smartstore.naver.com/main/products/5694474674,2024-07-17,4,한달사용출산 준비용으로 구매했어요,,꽤 남았어요,적당해요,편리해요,Y
DP_057,덴프스 덴마크 유산균이야기 베베D 1박스/1개월,https://smartstore.naver.com/main/products/5694474674,2024-07-15,5,"예전에 먹던 드롭은 정말 첫 방울 나오기까지
힌참 걸렸는데, 이건 잘 나와서 너무 좋고 아기도 잘 먹네요.",남성,아주 넉넉해요,꼼꼼해요,편리해요,Y
DP_057,덴프스 덴마크 유산균이야기 베베D 1박스/1개월,https://smartstore.naver.com/main/products/5694474674,2024-06-30,5,재구매한달사용항상 먹는거라 좋아요^^ 아기 변도 잘 나와요^^,,꽤 남았어요,적당해요,그냥그래요,Y
DP_057,덴프스 덴마크 유산균이야기 베베D 1박스/1개월,https://smartstore.naver.com/main/products/5694474674,2024-06-17,4,조리원에서 사용할 영양제로 구매했어요,,꽤 남았어요,적당해요,편리해요,Y
DP_057,덴프스 덴마크 유산균이야기 베베D 1박스/1개월,https://smartstore.naver.com/main/products/5694474674,2024-06-17,5,아주 좋아요! 아기가 먹고 변을 잘보는 거 같습니다!!,,아주 넉넉해요,적당해요,편리해요,Y
DP_057,덴프스 덴마크 유산균이야기 베베D 1박스/1개월,https://smartstore.naver.com/main/products/5694474674,2024-05-31,5,재구매항상 먹는거라 잘 먹이고 있어요^^,,꽤 남았어요,적당해요,그냥그래요,Y
DP_057,덴프스 덴마크 유산균이야기 베베D 1박스/1개월,https://smartstore.naver.com/main/products/5694474674,2024-05-17,5,재구매한달사용아기때부터 계속 먹고 있어요^^,,꽤 남았어요,적당해요,그냥그래요,Y
DP_057,덴프스 덴마크 유산균이야기 베베D 1박스/1개월,https://smartstore.naver.com/main/products/5694474674,2024-04-22,3,아이가 먹기 편리하고 분말형태를 싫어해서 액상형 먹이는데 좋아요,,꽤 남았어요,적당해요,그냥그래요,Y
DP_057,덴프스 덴마크 유산균이야기 베베D 1박스/1개월,https://smartstore.naver.com/main/products/5694474674,2024-04-19,5,"한달사용아기가 변을 잘 봐서 좋습니다
하나 아쉬운건 병으로 되어있어서 아기 입으로 바로 주기는 힘들어요 저는 숟가락에 덜어서 먹이고 있는데 크게 불편하지는 않습니다",,아주 넉넉해요,꼼꼼해요,그냥그래요,Y
DP_057,덴프스 덴마크 유산균이야기 베베D 1박스/1개월,https://smartstore.naver.com/main/products/5694474674,2024-04-19,5,"한달사용이 유산균 먹고 아기가 1일 2응아해요ㅋㅋㅋ
2응아까지 바란건 아니였는데 잘 맞는거 같아서 마음에 들오요",여성,아주 넉넉해요,꼼꼼해요,편리해요,Y
DP_057,덴프스 덴마크 유산균이야기 베베D 1박스/1개월,https://smartstore.naver.com/main/products/5694474674,2024-04-17,5,재구매항상 아기 먹는거라 잘 먹고 있어요 :),,꽤 남았어요,적당해요,편리해요,Y
DP_057,덴프스 덴마크 유산균이야기 베베D 1박스/1개월,https://smartstore.naver.com/main/products/5694474674,2024-04-03,4,한달사용아직 안먹였어요 나중에 먹여야될듯요,,꽤 남았어요,적당해요,그냥그래요,Y
DP_057,덴프스 덴마크 유산균이야기 베베D 1박스/1개월,https://smartstore.naver.com/main/products/5694474674,2024-03-18,5,곧 태어날 둘째 아가먹일려고 미리주문했어요. 신생아한테는 효과 좋더라구요.,남성,꽤 남았어요,꼼꼼해요,그냥그래요,Y
DP_057,덴프스 덴마크 유산균이야기 베베D 1박스/1개월,https://smartstore.naver.com/main/products/5694474674,2024-03-17,5,재구매한달사용아이가 너무너무 잘먹어요!!! 응가도 잘하구요!!,,아주 넉넉해요,꼼꼼해요,편리해요,Y
DP_057,덴프스 덴마크 유산균이야기 베베D 1박스/1개월,https://smartstore.naver.com/main/products/5694474674,2024-03-16,3,한달사용오늘 딱 다 먹였어요 진짜 먹이기가 너무 불편해서 거의 4분의 1은 얼굴에 뿌리게 되서 버리게 되네요,,아주 넉넉해요,적당해요,불편해요,Y
DP_057,덴프스 덴마크 유산균이야기 베베D 1박스/1개월,https://smartstore.naver.com/main/products/5694474674,2024-03-06,5,한달사용아기가 잘 먹어요^^,,꽤 남았어요,적당해요,그냥그래요,Y
DP_057,덴프스 덴마크 유산균이야기 베베D 1박스/1개월,https://smartstore.naver.com/main/products/5694474674,2024-02-26,3,13개월 이후 섭취 권장한다고 하더라구요.. 반품 귀찮아서 나중에 먹이려고요,,꽤 남았어요,적당해요,그냥그래요,Y
DP_057,덴프스 덴마크 유산균이야기 베베D 1박스/1개월,https://smartstore.naver.com/main/products/5694474674,2024-02-15,5,한달사용계속 이거 먹일거에요. 좋아요,,아주 넉넉해요,꼼꼼해요,편리해요,Y
DP_057,덴프스 덴마크 유산균이야기 베베D 1박스/1개월,https://smartstore.naver.com/main/products/5694474674,2024-02-15,5,재구매한달사용아이가 너무너무 잘먹고있어요!! 덕분에 응가도 잘하고있어요!!!,,아주 넉넉해요,꼼꼼해요,편리해요,Y
DP_057,덴프스 덴마크 유산균이야기 베베D 1박스/1개월,https://smartstore.naver.com/main/products/5694474674,2024-02-15,5,재구매3번째 재구매입니다!! 너무 맘에들어요!!,,아주 넉넉해요,꼼꼼해요,편리해요,Y
DP_057,덴프스 덴마크 유산균이야기 베베D 1박스/1개월,https://smartstore.naver.com/main/products/5694474674,2024-02-13,5,유산균 바꿨는데 배앓이가 줄어든것 같아요,여성,아주 넉넉해요,꼼꼼해요,편리해요,Y
DP_057,덴프스 덴마크 유산균이야기 베베D 1박스/1개월,https://smartstore.naver.com/main/products/5694474674,2024-02-07,5,한달사용오일이라 편해요. 오일 떨어지는 속도도 일정하고 좋아요,,꽤 남았어요,적당해요,편리해요,Y
DP_057,덴프스 덴마크 유산균이야기 베베D 1박스/1개월,https://smartstore.naver.com/main/products/5694474674,2024-02-06,5,"재구매한달사용아기 황금변도 잘보고 너무 만족해요. 타업체 비타민은 변비오기도 한다던데 저는 덴프스 먹이면서 아직도 변비온 적이 없네요, 정말 만족합니다.",,아주 넉넉해요,꼼꼼해요,편리해요,Y
DP_057,덴프스 덴마크 유산균이야기 베베D 1박스/1개월,https://smartstore.naver.com/main/products/5694474674,2024-02-04,5,배송빠르고 항상 먹는거라 좋아해요^^,,꽤 남았어요,적당해요,편리해요,Y
DP_057,덴프스 덴마크 유산균이야기 베베D 1박스/1개월,https://smartstore.naver.com/main/products/5694474674,2024-01-30,5,비타민 디가 포함되어 있다 해서 구매해봤습니다 잘 먹여보겠습니다,남성,아주 넉넉해요,적당해요,편리해요,Y
DP_057,덴프스 덴마크 유산균이야기 베베D 1박스/1개월,https://smartstore.naver.com/main/products/5694474674,2024-01-22,5,아기가 먹고 응아를 잘싸요!,여성,아주 넉넉해요,꼼꼼해요,편리해요,Y
DP_057,덴프스 덴마크 유산균이야기 베베D 1박스/1개월,https://smartstore.naver.com/main/products/5694474674,2024-01-22,5,"한달사용유산균은 자주 바꿔주는게 좋다고해서 이것저것 구매해서 먹여보는 중입니다
항상 황금대변 잘 누고 만족스러워용",,아주 넉넉해요,꼼꼼해요,편리해요,Y
DP_057,덴프스 덴마크 유산균이야기 베베D 1박스/1개월,https://smartstore.naver.com/main/products/5694474674,2024-01-19,5,9개월 아기 먹이려고 구매했어요 두끼먹이던 이유식을 세끼로 늘렷더니 응아가 토끼응아가 됏어요 ㅠ 원래 먹던 유산균으로는 안되던 부드러운 응아가 덴마크유산균 먹고 봣어요 꾸준히 재구매할 생각입니다,,아주 넉넉해요,꼼꼼해요,편리해요,Y
DP_057,덴프스 덴마크 유산균이야기 베베D 1박스/1개월,https://smartstore.naver.com/main/products/5694474674,2024-01-18,5,"아기 유산균 변경해보려 주문했습니다
먹기 편리하게 나와서 좋네요",,꽤 남았어요,꼼꼼해요,편리해요,Y
DP_057,덴프스 덴마크 유산균이야기 베베D 1박스/1개월,https://smartstore.naver.com/main/products/5694474674,2024-01-15,4,곧 태어날 아기를 위해 준비했어요 아직 먹이지 못해서 어떻다라고 말하긴 어렵지만 저희 아기에게 잘 맞았으면 좋겠어요,,꽤 남았어요,적당해요,그냥그래요,Y
DP_057,덴프스 덴마크 유산균이야기 베베D 1박스/1개월,https://smartstore.naver.com/main/products/5694474674,2024-01-11,5,재구매배송도빠르고 제품도 너무너무 맘에들어요,,아주 넉넉해요,꼼꼼해요,편리해요,Y
DP_057,덴프스 덴마크 유산균이야기 베베D 1박스/1개월,https://smartstore.naver.com/main/products/5694474674,2024-01-09,5,"한달사용항상 먹던 유산균을 6개월 이상 먹어서 다른걸로 구매해봤어요 스포이드 형식만 먹다가 방울로 똑똑 떨어지는걸 구매했는데 첨엔 불편했지만 익숙해지니깐 굉장히 편하더라구요~
아기는 신생아때부터 1일 1똥인데, 요새 밥을 잘 안먹어서 1일 1똥을 못했는데 유산균을 먹으면 바로 1똥을 합니다! 좋습니다!",,꽤 남았어요,적당해요,편리해요,Y
DP_057,덴프스 덴마크 유산균이야기 베베D 1박스/1개월,https://smartstore.naver.com/main/products/5694474674,2024-01-09,5,한달사용아기 유산균 유목민입니다. 먹이기 조금 불편하지만 그래도 아기가 잘 먹어요! 압타밀이랑 호환 좋다고해서 구매해봤는데 묽은 변 그대로네여 😭,,아주 넉넉해요,꼼꼼해요,불편해요,Y
DP_057,덴프스 덴마크 유산균이야기 베베D 1박스/1개월,https://smartstore.naver.com/main/products/5694474674,2024-01-06,5,한달사용만족스러워요!! 좋아요!!,,아주 넉넉해요,꼼꼼해요,편리해요,Y
DP_057,덴프스 덴마크 유산균이야기 베베D 1박스/1개월,https://smartstore.naver.com/main/products/5694474674,2024-01-05,5,빠르게 배송 받아 아기 잘 먹이고 있어요!,여성,꽤 남았어요,적당해요,그냥그래요,Y
DP_057,덴프스 덴마크 유산균이야기 베베D 1박스/1개월,https://smartstore.naver.com/main/products/5694474674,2023-12-31,5,"구매자선택안함
 재구매배송빠르고 아기도 속 편해합니다",,아주 넉넉해요,꼼꼼해요,편리해요,Y
DP_057,덴프스 덴마크 유산균이야기 베베D 1박스/1개월,https://smartstore.naver.com/main/products/5694474674,2023-12-31,5,한달사용아기가 거부없이 잘 먹어요,,아주 넉넉해요,꼼꼼해요,편리해요,Y
DP_057,덴프스 덴마크 유산균이야기 베베D 1박스/1개월,https://smartstore.naver.com/main/products/5694474674,2023-12-28,5,배송진짜빨라요 감사합니다,,아주 넉넉해요,꼼꼼해요,편리해요,Y
DP_057,덴프스 덴마크 유산균이야기 베베D 1박스/1개월,https://smartstore.naver.com/main/products/5694474674,2023-12-28,5,기한도 넉넉하고 아기가 이거먹고 변을 잘 누고있어요~다먹으면 다시 구매할거에요,,아주 넉넉해요,꼼꼼해요,그냥그래요,Y
DP_057,덴프스 덴마크 유산균이야기 베베D 1박스/1개월,https://smartstore.naver.com/main/products/5694474674,2023-12-25,5,한달사용아가가 잘먹고 응가도 잘해서. 최근에. 재구매했어요,,아주 넉넉해요,꼼꼼해요,편리해요,Y
DP_057,덴프스 덴마크 유산균이야기 베베D 1박스/1개월,https://smartstore.naver.com/main/products/5694474674,2023-12-25,5,오일이라 먹기 편하네요,,꽤 남았어요,적당해요,편리해요,Y
DP_057,덴프스 덴마크 유산균이야기 베베D 1박스/1개월,https://smartstore.naver.com/main/products/5694474674,2023-12-16,5,재구매맘에들어요 만족합니다,,꽤 남았어요,적당해요,편리해요,Y
DP_057,덴프스 덴마크 유산균이야기 베베D 1박스/1개월,https://smartstore.naver.com/main/products/5694474674,2023-12-11,5,배송도 빠르고. 아가가 잘먹어요,,아주 넉넉해요,꼼꼼해요,편리해요,Y
DP_057,덴프스 덴마크 유산균이야기 베베D 1박스/1개월,https://smartstore.naver.com/main/products/5694474674,2023-12-07,5,배송도 빠르고 제품도 너무 맘에들어요!!,,아주 넉넉해요,꼼꼼해요,편리해요,Y
DP_057,덴프스 덴마크 유산균이야기 베베D 1박스/1개월,https://smartstore.naver.com/main/products/5694474674,2023-12-04,5,한달사용잘먹였습니다 다먹었어요 조금 빨리 나오면 더 좋겠어요,남성,아주 넉넉해요,꼼꼼해요,편리해요,Y
DP_057,덴프스 덴마크 유산균이야기 베베D 1박스/1개월,https://smartstore.naver.com/main/products/5694474674,2023-11-27,5,집에 있는줄 모르고 또 샀네요~ 유통기한 길어서 좋아요,,아주 넉넉해요,꼼꼼해요,편리해요,Y
DP_057,덴프스 덴마크 유산균이야기 베베D 1박스/1개월,https://smartstore.naver.com/main/products/5694474674,2023-11-15,5,맘에들어요 만족합니다,,아주 넉넉해요,적당해요,편리해요,Y
DP_057,덴프스 덴마크 유산균이야기 베베D 1박스/1개월,https://smartstore.naver.com/main/products/5694474674,2023-11-13,4,"구매자선택안함
 한달사용변을 잘 보는것같아서 재구매했어요",,꽤 남았어요,꼼꼼해요,편리해요,Y
DP_057,덴프스 덴마크 유산균이야기 베베D 1박스/1개월,https://smartstore.naver.com/main/products/5694474674,2023-11-01,5,한달사용드롭형으로 떨어뜨려서 먹이기 편해요,여성,아주 넉넉해요,꼼꼼해요,편리해요,Y
DP_057,덴프스 덴마크 유산균이야기 베베D 1박스/1개월,https://smartstore.naver.com/main/products/5694474674,2023-10-23,5,배송도 빠르고 좋아요. 잘쓰겠습니다~,,꽤 남았어요,적당해요,그냥그래요,Y
DP_057,덴프스 덴마크 유산균이야기 베베D 1박스/1개월,https://smartstore.naver.com/main/products/5694474674,2023-10-23,5,배송 정말 빠릅니다,,아주 넉넉해요,꼼꼼해요,편리해요,Y
DP_057,덴프스 덴마크 유산균이야기 베베D 1박스/1개월,https://smartstore.naver.com/main/products/5694474674,2023-10-21,5,한달사용9갤아가 유산균 바꿔서 여기껄로 맥이고있어요 변비함번도 걸린적 없구 저는 드롭형식이 편하더라거요 비타민D랑 유상균 같이들어잇어서 따로 먿일필요없이 좋아요 :),여성,아주 넉넉해요,꼼꼼해요,편리해요,Y
DP_057,덴프스 덴마크 유산균이야기 베베D 1박스/1개월,https://smartstore.naver.com/main/products/5694474674,2023-10-14,5,한달정도 먹여보았는데 아주 좋아요,여성,아주 넉넉해요,꼼꼼해요,편리해요,Y
DP_057,덴프스 덴마크 유산균이야기 베베D 1박스/1개월,https://smartstore.naver.com/main/products/5694474674,2023-10-12,5,"잘나와요 먹기편하고 15개월 아기 먹여요
괜찮으면 또 살예정",남성,아주 넉넉해요,꼼꼼해요,편리해요,Y
DP_057,덴프스 덴마크 유산균이야기 베베D 1박스/1개월,https://smartstore.naver.com/main/products/5694474674,2023-10-10,5,한달사용신생아때부터 4개월인 지금까지도 잘먹고 황금응가를 보니까 좋네요,,아주 넉넉해요,적당해요,그냥그래요,Y
DP_057,덴프스 덴마크 유산균이야기 베베D 1박스/1개월,https://smartstore.naver.com/main/products/5694474674,2023-09-17,5,"아가 8개월차되서 유산균은 자주 바꿔주면 좋다고 하여 구매했어요^^ 마침 할인하길래:)
항상 써오던 드롭형식이라 편해요",남성,꽤 남았어요,꼼꼼해요,편리해요,Y
DP_057,덴프스 덴마크 유산균이야기 베베D 1박스/1개월,https://smartstore.naver.com/main/products/5694474674,2023-09-15,4,"유리병에 담겼다는 것 내용물 확인이 가능하다는 점이 좋아요
먹고 효과도 좋았으면 좋겠어요",,꽤 남았어요,적당해요,편리해요,Y
DP_057,덴프스 덴마크 유산균이야기 베베D 1박스/1개월,https://smartstore.naver.com/main/products/5694474674,2023-09-15,5,아기가 태어나면 필요한 영양제라고 해서 바로 구매했어요 ㅎㅎㅎ,,꽤 남았어요,적당해요,그냥그래요,Y
DP_057,덴프스 덴마크 유산균이야기 베베D 1박스/1개월,https://smartstore.naver.com/main/products/5694474674,2023-09-08,5,먹다가 다른걸로 바꿔서 먹였는데 황금똥을 못봐서 다시 이걸로 먹이니까 효과를 보네요ㅎㅎ,,아주 넉넉해요,적당해요,그냥그래요,Y
DP_057,덴프스 덴마크 유산균이야기 베베D 1박스/1개월,https://smartstore.naver.com/main/products/5694474674,2023-08-31,5,덴프스는 워낙 유명한지라 아기에게 먹여보려고 주문했어요! 병 타입이라 먹이기 좀 힘든거 빼고는 좋아요 ㅎㅎ,,아주 넉넉해요,꼼꼼해요,그냥그래요,Y
DP_057,덴프스 덴마크 유산균이야기 베베D 1박스/1개월,https://smartstore.naver.com/main/products/5694474674,2023-08-22,5,응아 잘 하고있어요! 효과 좋은거 같아요 ㅎ,남성,아주 넉넉해요,꼼꼼해요,편리해요,Y
DP_057,덴프스 덴마크 유산균이야기 베베D 1박스/1개월,https://smartstore.naver.com/main/products/5694474674,2023-08-09,4,아기한테 먹이고 있는데 좀더봐야할꺼같아요,,아주 넉넉해요,꼼꼼해요,편리해요,Y
DP_057,덴프스 덴마크 유산균이야기 베베D 1박스/1개월,https://smartstore.naver.com/main/products/5694474674,2023-07-30,5,"한달사용10개월아기 잘 먹고있어요
이유식먹으면서 변볼때 힘들어했는데
이거때문인지 이제 잘 보네요!",여성,아주 넉넉해요,꼼꼼해요,편리해요,Y
DP_057,덴프스 덴마크 유산균이야기 베베D 1박스/1개월,https://smartstore.naver.com/main/products/5694474674,2023-07-23,5,배송 빠르고 제품도 만족해요,,꽤 남았어요,적당해요,편리해요,Y
DP_057,덴프스 덴마크 유산균이야기 베베D 1박스/1개월,https://smartstore.naver.com/main/products/5694474674,2023-07-07,5,아기가 쾌변하길 바래서 구매했어요~제품효과가 좋길바래요,,꽤 남았어요,적당해요,편리해요,Y
DP_057,덴프스 덴마크 유산균이야기 베베D 1박스/1개월,https://smartstore.naver.com/main/products/5694474674,2023-07-05,5,재구매이거 먹고 변비걱정 해본적 없음. 맛은 없어보임 ㅋ 먹이면 아기가 늘 인상 씀,,아주 넉넉해요,꼼꼼해요,편리해요,Y
DP_057,덴프스 덴마크 유산균이야기 베베D 1박스/1개월,https://smartstore.naver.com/main/products/5694474674,2023-07-04,5,한달사용잘 사용하고 있어요 !,,아주 넉넉해요,꼼꼼해요,편리해요,Y
DP_057,덴프스 덴마크 유산균이야기 베베D 1박스/1개월,https://smartstore.naver.com/main/products/5694474674,2023-06-26,5,"한달사용아기가 1일1똥하게되었어요
처음에 한방울만 느리게나오지 그다음부터는 빨리빨리 나와서 불편하지는않았어요",여성,아주 넉넉해요,꼼꼼해요,편리해요,Y
DP_057,덴프스 덴마크 유산균이야기 베베D 1박스/1개월,https://smartstore.naver.com/main/products/5694474674,2023-06-25,5,한달사용드롭용기라 편하고 좋아요,,꽤 남았어요,적당해요,그냥그래요,Y
DP_057,덴프스 덴마크 유산균이야기 베베D 1박스/1개월,https://smartstore.naver.com/main/products/5694474674,2023-06-20,5,"재구매한달사용아이에게 꾸준히 먹이는데 이거덕분인지
응아를 잘 하고있어요~",,꽤 남았어요,꼼꼼해요,그냥그래요,Y
DP_057,덴프스 덴마크 유산균이야기 베베D 1박스/1개월,https://smartstore.naver.com/main/products/5694474674,2023-06-09,3,성분이 비해서 아이한테 효과가 없내요 ㅠㅠ,,아주 넉넉해요,꼼꼼해요,편리해요,Y
DP_057,덴프스 덴마크 유산균이야기 베베D 1박스/1개월,https://smartstore.naver.com/main/products/5694474674,2023-06-07,5,배송빠르고 좋아요 감사합니다,,꽤 남았어요,적당해요,그냥그래요,Y
DP_057,덴프스 덴마크 유산균이야기 베베D 1박스/1개월,https://smartstore.naver.com/main/products/5694474674,2023-06-04,5,배송 빠르도 아기 꾸준히 잘 먹고 있어요,,꽤 남았어요,적당해요,그냥그래요,Y
DP_057,덴프스 덴마크 유산균이야기 베베D 1박스/1개월,https://smartstore.naver.com/main/products/5694474674,2023-06-04,5,아기한테 늘 먹이는 유산균이에요! 만족합니다,,꽤 남았어요,적당해요,편리해요,Y
DP_057,덴프스 덴마크 유산균이야기 베베D 1박스/1개월,https://smartstore.naver.com/main/products/5694474674,2023-06-02,5,아기가 1일1똥하고있어요,여성,아주 넉넉해요,꼼꼼해요,그냥그래요,Y
DP_057,덴프스 덴마크 유산균이야기 베베D 1박스/1개월,https://smartstore.naver.com/main/products/5694474674,2023-06-01,3,재구매효과가 좋은 거 같아요,,꽤 남았어요,적당해요,불편해요,Y
DP_057,덴프스 덴마크 유산균이야기 베베D 1박스/1개월,https://smartstore.naver.com/main/products/5694474674,2023-05-31,5,적응하라고 3방울씩 수저에 주고있어요~ 아주 잘먹어요. 곧 6방울 줘도 될 것 같아요.,,아주 넉넉해요,꼼꼼해요,편리해요,Y
DP_057,덴프스 덴마크 유산균이야기 베베D 1박스/1개월,https://smartstore.naver.com/main/products/5694474674,2023-05-30,5,재구매다른 유산균 먹다가 다시바꿨는데 더 좋은거같아요,여성,꽤 남았어요,적당해요,편리해요,Y
DP_057,덴프스 덴마크 유산균이야기 베베D 1박스/1개월,https://smartstore.naver.com/main/products/5694474674,2023-05-22,5,한달사용아주만족하면서 쓰고있어용,남성,아주 넉넉해요,꼼꼼해요,편리해요,Y
DP_057,덴프스 덴마크 유산균이야기 베베D 1박스/1개월,https://smartstore.naver.com/main/products/5694474674,2023-05-22,5,용기가 편하고 좋네요,,꽤 남았어요,적당해요,편리해요,Y
DP_057,덴프스 덴마크 유산균이야기 베베D 1박스/1개월,https://smartstore.naver.com/main/products/5694474674,2023-05-18,5,이거 먹음 아기 변비 없어요. 6방울은 넘 많고 2방울이 젤 잘 맞더라고요.,,아주 넉넉해요,꼼꼼해요,편리해요,Y
DP_057,덴프스 덴마크 유산균이야기 베베D 1박스/1개월,https://smartstore.naver.com/main/products/5694474674,2023-05-18,2,한달사용가루 같은게 병에 가라 앉아서 엄청 흔들어서 먹어야해요 먹이기가 힘드네요,,꽤 남았어요,적당해요,그냥그래요,Y
DP_057,덴프스 덴마크 유산균이야기 베베D 1박스/1개월,https://smartstore.naver.com/main/products/5694474674,2023-05-18,5,재구매한달사용좋아요!!!!!!!!!!,,아주 넉넉해요,꼼꼼해요,편리해요,Y
DP_057,덴프스 덴마크 유산균이야기 베베D 1박스/1개월,https://smartstore.naver.com/main/products/5694474674,2023-05-14,4,아기 유산균 유목민인데 아직 대변을 잘 누지ㅡ않네요 ㅠ 좀더 먹여봐야할것같아요,,꽤 남았어요,적당해요,그냥그래요,Y
DP_057,덴프스 덴마크 유산균이야기 베베D 1박스/1개월,https://smartstore.naver.com/main/products/5694474674,2023-04-25,5,재구매한달사용아기한테 먹이는데 통도 편하고 잘 먹고 효과도 좋아서 재구매할 생각입니다,,꽤 남았어요,적당해요,그냥그래요,Y
DP_057,덴프스 덴마크 유산균이야기 베베D 1박스/1개월,https://smartstore.naver.com/main/products/5694474674,2023-04-24,5,진짜 배송빨라요 일요일주문해서 월요일11시쯤받았어요 감사합니다,여성,아주 넉넉해요,꼼꼼해요,편리해요,Y
DP_057,덴프스 덴마크 유산균이야기 베베D 1박스/1개월,https://smartstore.naver.com/main/products/5694474674,2023-04-24,5,출산하는 아이 먹이려고 구입했어요~!,,아주 넉넉해요,꼼꼼해요,편리해요,Y
DP_057,덴프스 덴마크 유산균이야기 베베D 1박스/1개월,https://smartstore.naver.com/main/products/5694474674,2023-04-18,5,한달사용좋아요!!!!!!!!,,아주 넉넉해요,꼼꼼해요,편리해요,Y
DP_057,덴프스 덴마크 유산균이야기 베베D 1박스/1개월,https://smartstore.naver.com/main/products/5694474674,2023-04-18,5,재구매좋아요!!!!!!!!!,,아주 넉넉해요,꼼꼼해요,편리해요,Y
DP_057,덴프스 덴마크 유산균이야기 베베D 1박스/1개월,https://smartstore.naver.com/main/products/5694474674,2023-04-17,5,좋아요~잘 먹고있습니다 ㅎㅎㅎ,,아주 넉넉해요,꼼꼼해요,편리해요,Y
DP_057,덴프스 덴마크 유산균이야기 베베D 1박스/1개월,https://smartstore.naver.com/main/products/5694474674,2023-04-06,3,액상이라 먹이기 편해서 구매했어요 앗 근데 어떤분의 후기처럼 가라앉는 부분이 있네요 잘 흔들어서 먹어야 할거 같아요,,꽤 남았어요,적당해요,그냥그래요,Y
DP_057,덴프스 덴마크 유산균이야기 베베D 1박스/1개월,https://smartstore.naver.com/main/products/5694474674,2023-04-03,4,배송빠르고 좋아요ㅎ,,꽤 남았어요,적당해요,그냥그래요,Y
DP_057,덴프스 덴마크 유산균이야기 베베D 1박스/1개월,https://smartstore.naver.com/main/products/5694474674,2023-03-31,5,한달사용분유에 섞어서 먹이기 편하고 한방울씩 똑똑 잘 나와서 좋네요!,남성,아주 넉넉해요,꼼꼼해요,편리해요,Y
DP_057,덴프스 덴마크 유산균이야기 베베D 1박스/1개월,https://smartstore.naver.com/main/products/5694474674,2023-03-30,5,아기 유산균이 떨어진김에 바꾸려고 구매했어요,,아주 넉넉해요,꼼꼼해요,편리해요,Y
DP_057,덴프스 덴마크 유산균이야기 베베D 1박스/1개월,https://smartstore.naver.com/main/products/5694474674,2023-03-30,5,한달사용기존 유산균 먹이는데 녹변이라 이걸로 바꿔줬어요! 저도 먹고있는데 유일하게 반응온(?) 유산균이라 ㅎㅎㅎ 70일차 아가인데 황금변으로 봅니다 잘맞아요,,아주 넉넉해요,꼼꼼해요,그냥그래요,Y
DP_057,덴프스 덴마크 유산균이야기 베베D 1박스/1개월,https://smartstore.naver.com/main/products/5694474674,2023-03-24,5,한달사용먹기 편리하고 아기한테 효과가 있어서 재구매 하게 되네요,,꽤 남았어요,적당해요,편리해요,Y
DP_057,덴프스 덴마크 유산균이야기 베베D 1박스/1개월,https://smartstore.naver.com/main/products/5694474674,2023-03-20,5,유산균 먹고 1일 1변 보고있어서 너무 만족해요!!!!,남성,아주 넉넉해요,꼼꼼해요,편리해요,Y
DP_057,덴프스 덴마크 유산균이야기 베베D 1박스/1개월,https://smartstore.naver.com/main/products/5694474674,2023-03-19,5,좋아요!!!!!!!,,꽤 남았어요,적당해요,그냥그래요,Y
DP_057,덴프스 덴마크 유산균이야기 베베D 1박스/1개월,https://smartstore.naver.com/main/products/5694474674,2023-03-19,5,재구매한달사용잘쓰겟습니다 감사합니다,,꽤 남았어요,적당해요,그냥그래요,Y
DP_057,덴프스 덴마크 유산균이야기 베베D 1박스/1개월,https://smartstore.naver.com/main/products/5694474674,2023-03-16,5,재구매아기 먹이기 편해서 재구매했어요,,꽤 남았어요,적당해요,편리해요,Y
DP_057,덴프스 덴마크 유산균이야기 베베D 1박스/1개월,https://smartstore.naver.com/main/products/5694474674,2023-02-27,5,제가 먹던 유산균인데 아기 원래 먹던거랑 잘 안맞는지 힘들어해서 바꿔주려거 샀어요 한달뒤 리뷰 남길게요 ㅎㅎㅎ 부디 잘 맞길..,여성,꽤 남았어요,적당해요,그냥그래요,Y
DP_057,덴프스 덴마크 유산균이야기 베베D 1박스/1개월,https://smartstore.naver.com/main/products/5694474674,2023-02-19,5,한달사용먹어보니 효과가 좋게 느껴져요,,아주 넉넉해요,꼼꼼해요,편리해요,Y
DP_057,덴프스 덴마크 유산균이야기 베베D 1박스/1개월,https://smartstore.naver.com/main/products/5694474674,2023-02-17,5,한달사용완모때도 녹변이었던 아가가 유산균 바꾸고 황금변을 봤어요. 지금은 완분으로 바꾸고 녹변이 되긴 했는데 유산균 바꾸고 황금변을 봐서 그런가 다른거로 못바꾸겠습니다. 유산균 유목민족처럼 여러가지 많이 먹였는데 덴프스 제품이 제일 먹이기 불편해요. 하지만 황금변이라 어쩔 수 없이 먹입니다. 먹이는건 뭐.. 이유식 수저에 주면 잘 받아먹어요. 맛도 있는지 유산균만 눈에 보여주면 어서 달라고 난리납니다. 그래서 다른 제품으로 바꾸지 않고 현재는 덴프스로 정착했습니다!,,아주 넉넉해요,꼼꼼해요,불편해요,Y
DP_057,덴프스 덴마크 유산균이야기 베베D 1박스/1개월,https://smartstore.naver.com/main/products/5694474674,2023-02-14,5,애기가 잘먹어요~~,,꽤 남았어요,적당해요,편리해요,Y
DP_057,덴프스 덴마크 유산균이야기 베베D 1박스/1개월,https://smartstore.naver.com/main/products/5694474674,2023-02-12,4,다 괜찮은데 저희 아가 한테는 안맞는듯ㅠㅠ 아쉬워요ㅠ,,아주 넉넉해요,꼼꼼해요,편리해요,Y
DP_057,덴프스 덴마크 유산균이야기 베베D 1박스/1개월,https://smartstore.naver.com/main/products/5694474674,2023-02-06,5,이제 곧 출산이라 아기 먹일 비타민디 구매했어요! 먹여보고 좋으면 정착하려구요!,,아주 넉넉해요,꼼꼼해요,편리해요,Y
DP_057,덴프스 덴마크 유산균이야기 베베D 1박스/1개월,https://smartstore.naver.com/main/products/5694474674,2023-01-31,5,포장 깨끗해서 좋았어요 빠른배송 감사합니다,,꽤 남았어요,적당해요,그냥그래요,Y
DP_057,덴프스 덴마크 유산균이야기 베베D 1박스/1개월,https://smartstore.naver.com/main/products/5694474674,2023-01-21,5,스포이드말고 요런형태는 처음인데 어짜피 젖병꼭지에 넣어 먹이는터라 불편함은 없었어요ㅎㅎ,,아주 넉넉해요,적당해요,편리해요,Y
DP_057,덴프스 덴마크 유산균이야기 베베D 1박스/1개월,https://smartstore.naver.com/main/products/5694474674,2023-01-14,5,재구매계속 먹이려고 한개더삿어요,,아주 넉넉해요,꼼꼼해요,편리해요,Y
DP_057,덴프스 덴마크 유산균이야기 베베D 1박스/1개월,https://smartstore.naver.com/main/products/5694474674,2023-01-11,5,한달사용신생아실에 넣어주고 먹여요,,아주 넉넉해요,꼼꼼해요,편리해요,Y
DP_057,덴프스 덴마크 유산균이야기 베베D 1박스/1개월,https://smartstore.naver.com/main/products/5694474674,2023-01-06,5,아기 유산균 다른거 3개월정도 먹이고 효과가 떨어져서 이걸로 바꿔서 구매했어요 ! 우연인지 유산균 먹이고 얼마안되서 바로 응가를….!,,꽤 남았어요,적당해요,편리해요,Y
DP_057,덴프스 덴마크 유산균이야기 베베D 1박스/1개월,https://smartstore.naver.com/main/products/5694474674,2022-12-15,5,아기한테 효과있었으면 좋겠어요,,아주 넉넉해요,꼼꼼해요,편리해요,Y
DP_057,덴프스 덴마크 유산균이야기 베베D 1박스/1개월,https://smartstore.naver.com/main/products/5694474674,2022-12-05,5,신생아때는 황금변을 보던 아기가 계속 녹변을 보길래 유산균 유목민처럼 찾아다녔어요. 리뷰를 늘 보면서 구매하는 편인데 황금변을 봤다는 보고 구매를 했는데도 계속 녹변 지옥ㅠㅠ 그러다가 그냥 한 번 사보자 하고 샀는데 몇 번 먹이고 나니 그 뒤부터는 황금변으로 바뀌더라구요. 아 이거다 싶은데 먹이는 방법 참 불편합니다ㅠㅠ 타 유산균은 스포이드나 튜브를 누르면 나오던데 이건 톡톡 떨어지는거라 익숙하지 않아서 그런지 좀 불편하네요. 먹이기 너무 어려워 고민하다가 다시 재구매는 망설여지는데 황금변인데 어쩌겠어요. 떨어지면 재구매하렵니다!,,아주 넉넉해요,적당해요,불편해요,Y
DP_057,덴프스 덴마크 유산균이야기 베베D 1박스/1개월,https://smartstore.naver.com/main/products/5694474674,2022-12-05,5,"재구매한달사용주문할때가 또 왔네요
더도말고 덜도말고 딱 한달분이에요ㅋㅋ",,꽤 남았어요,적당해요,그냥그래요,Y
DP_057,덴프스 덴마크 유산균이야기 베베D 1박스/1개월,https://smartstore.naver.com/main/products/5694474674,2022-12-01,5,먹여보고 잘맞으면 또 구입할게요!,,아주 넉넉해요,적당해요,편리해요,Y
DP_057,덴프스 덴마크 유산균이야기 베베D 1박스/1개월,https://smartstore.naver.com/main/products/5694474674,2022-11-25,5,재구매재구매했어용 조아용조어,,아주 넉넉해요,적당해요,편리해요,Y
DP_057,덴프스 덴마크 유산균이야기 베베D 1박스/1개월,https://smartstore.naver.com/main/products/5694474674,2022-11-18,5,"한달사용2개월차 아기엄마에요
변비없이 잘 크고 있어요
쭉 먹여볼 예정입니다!!",,아주 넉넉해요,꼼꼼해요,편리해요,Y
DP_057,덴프스 덴마크 유산균이야기 베베D 1박스/1개월,https://smartstore.naver.com/main/products/5694474674,2022-11-18,5,조아요 조아 ㅎㅎㅎ,,꽤 남았어요,적당해요,그냥그래요,Y
DP_057,덴프스 덴마크 유산균이야기 베베D 1박스/1개월,https://smartstore.naver.com/main/products/5694474674,2022-11-17,5,"한달사용안흔들면 밑에 액기스같은게 고대로 남아있어요.
그냥 살살 흔드는게 아니라 죠오오올라 세게 쳐야함ㅋ
쌀 때 쟁여두고 친구한테도 선물했는데 좋다네요!
저는 계속 먹일 생각이에요. 너무 만족!",,아주 넉넉해요,꼼꼼해요,그냥그래요,Y
DP_057,덴프스 덴마크 유산균이야기 베베D 1박스/1개월,https://smartstore.naver.com/main/products/5694474674,2022-11-14,5,한달사용생각보다 먹이기 편하고 유리병이라 더 좋고 아기가 잘 먹어요,,아주 넉넉해요,꼼꼼해요,편리해요,Y
DP_057,덴프스 덴마크 유산균이야기 베베D 1박스/1개월,https://smartstore.naver.com/main/products/5694474674,2022-11-14,5,"재구매한통쓰고 좋아서 재구매했오요
근데 스포이드 형식으로 나오면 더 좋을 것 같아요!",,꽤 남았어요,적당해요,편리해요,Y
DP_057,덴프스 덴마크 유산균이야기 베베D 1박스/1개월,https://smartstore.naver.com/main/products/5694474674,2022-11-12,5,재구매한달사용마지막 용량얼마안남았을때 잘 안나와서 그냥 버렸어요ㅠ 하지만 효과는 좋은것같아요,,아주 넉넉해요,꼼꼼해요,그냥그래요,Y
DP_057,덴프스 덴마크 유산균이야기 베베D 1박스/1개월,https://smartstore.naver.com/main/products/5694474674,2022-11-03,5,"애기가 뭉친 응아를 싸고그랫는데
유산균바꾸고 색깔도 좋아지고 응아 잘해요 좋아요 ㅎㅎ",,꽤 남았어요,적당해요,그냥그래요,Y
DP_057,덴프스 덴마크 유산균이야기 베베D 1박스/1개월,https://smartstore.naver.com/main/products/5694474674,2022-11-01,5,한달사용아이한테 잘 맞아서 두병째 주문했어요,,아주 넉넉해요,꼼꼼해요,편리해요,Y
DP_057,덴프스 덴마크 유산균이야기 베베D 1박스/1개월,https://smartstore.naver.com/main/products/5694474674,2022-10-30,5,한달사용아기가 변을 잘 못봐서 유산균을 바꿨는데 변을 잘보네요 재구매 하려구요!!,,아주 넉넉해요,적당해요,그냥그래요,Y
DP_057,덴프스 덴마크 유산균이야기 베베D 1박스/1개월,https://smartstore.naver.com/main/products/5694474674,2022-10-28,5,"재구매딱 한달용량인가봐요
한달 하루 지나서 똑 떨어져서 구매했어요
1일1응가 하는중이라 재구매합니다^^",,아주 넉넉해요,꼼꼼해요,편리해요,Y
DP_057,덴프스 덴마크 유산균이야기 베베D 1박스/1개월,https://smartstore.naver.com/main/products/5694474674,2022-10-25,5,아기가 잘 먹어요. 입에 직접 주면 기다려야해서 숟가락에 주고 있어요,,아주 넉넉해요,꼼꼼해요,편리해요,Y
DP_057,덴프스 덴마크 유산균이야기 베베D 1박스/1개월,https://smartstore.naver.com/main/products/5694474674,2022-10-17,5,"넘 좋네요 ㅋ 드롭 속도가 엄청남ㅋㅋㅋ
잘못해서 7방울 들어갈때도 있음..
녹변만 허벌 싸다가 유산균 영향인진 몰라도 점점 황금변이 되고 있어용 ㅎㅎㅎ",,아주 넉넉해요,꼼꼼해요,편리해요,Y
DP_057,덴프스 덴마크 유산균이야기 베베D 1박스/1개월,https://smartstore.naver.com/main/products/5694474674,2022-10-13,5,재구매아이와 잘맞아서 한달 더 먹이려고 재구매했어요,,꽤 남았어요,적당해요,편리해요,Y
DP_057,덴프스 덴마크 유산균이야기 베베D 1박스/1개월,https://smartstore.naver.com/main/products/5694474674,2022-10-08,5,한달사용꾸준히 먹이고 있어요. 아기 황금변 보는데 도움이 되는거 같습니다.,,아주 넉넉해요,꼼꼼해요,편리해요,Y
DP_057,덴프스 덴마크 유산균이야기 베베D 1박스/1개월,https://smartstore.naver.com/main/products/5694474674,2022-09-26,5,"저번주 태어난 우리 아가 먹이려고 샀어요~
변비로 고생하지 않았으면 하는 마음이에요~",,아주 넉넉해요,꼼꼼해요,편리해요,Y
DP_057,덴프스 덴마크 유산균이야기 베베D 1박스/1개월,https://smartstore.naver.com/main/products/5694474674,2022-09-25,5,한달사용아기가 거부감 없이 잘 먹고 있네요,,아주 넉넉해요,꼼꼼해요,편리해요,Y
DP_057,덴프스 덴마크 유산균이야기 베베D 1박스/1개월,https://smartstore.naver.com/main/products/5694474674,2022-09-19,5,빠르게 배송되어 만족합니다,,꽤 남았어요,별로예요,그냥그래요,Y
DP_057,덴프스 덴마크 유산균이야기 베베D 1박스/1개월,https://smartstore.naver.com/main/products/5694474674,2022-09-18,5,배송이 빠릅니다. 파손없이 수령하였습니다. 처음에 잘 나오지 않아 급여하기 불편했습니다.,,아주 넉넉해요,꼼꼼해요,편리해요,Y
DP_057,덴프스 덴마크 유산균이야기 베베D 1박스/1개월,https://smartstore.naver.com/main/products/5694474674,2022-09-15,4,아이에게 좋은 효과 있기를 기대하며 구매했어요.,,꽤 남았어요,적당해요,그냥그래요,Y
DP_057,덴프스 덴마크 유산균이야기 베베D 1박스/1개월,https://smartstore.naver.com/main/products/5694474674,2022-09-03,4,꾸준히 복용 해 볼께요,,꽤 남았어요,적당해요,그냥그래요,Y
DP_057,덴프스 덴마크 유산균이야기 베베D 1박스/1개월,https://smartstore.naver.com/main/products/5694474674,2022-08-17,5,"한달사용잘흔들어먹인다고 먹였는데 가루가 많이 가라앉아있네요ㅜㅜ 스포이드 방식으로 바꿔주면 좋겠어요
그래도 좋은유산균이라 재구매할꺼에요",,아주 넉넉해요,적당해요,불편해요,Y
DP_057,덴프스 덴마크 유산균이야기 베베D 1박스/1개월,https://smartstore.naver.com/main/products/5694474674,2022-08-06,5,배송 빠르게 잘 도착했습니다,,아주 넉넉해요,꼼꼼해요,편리해요,Y
DP_057,덴프스 덴마크 유산균이야기 베베D 1박스/1개월,https://smartstore.naver.com/main/products/5694474674,2022-08-05,5,한달사용애기 변비가 좋아졌어요,,아주 넉넉해요,꼼꼼해요,그냥그래요,Y
DP_057,덴프스 덴마크 유산균이야기 베베D 1박스/1개월,https://smartstore.naver.com/main/products/5694474674,2022-07-30,5,한달사용너무좋어서 빨리 다 먹은약^^,,아주 넉넉해요,꼼꼼해요,편리해요,Y
DP_057,덴프스 덴마크 유산균이야기 베베D 1박스/1개월,https://smartstore.naver.com/main/products/5694474674,2022-07-29,5,"유산균도 많은 검색끝에
결정했어요. 하나 고르는것도 힘드네요. 여러 유해성분 알아보고 이걸로 결정했는데
잘 맞았으면 좋겠어요^^",,아주 넉넉해요,꼼꼼해요,편리해요,Y
DP_057,덴프스 덴마크 유산균이야기 베베D 1박스/1개월,https://smartstore.naver.com/main/products/5694474674,2022-06-22,5,변비깸레 아기를 위해그매했어요,,아주 넉넉해요,꼼꼼해요,편리해요,Y
DP_057,덴프스 덴마크 유산균이야기 베베D 1박스/1개월,https://smartstore.naver.com/main/products/5694474674,2022-06-09,5,내 살 아들내미 사줄려고 주문했는데 아직 안 먹었어요 평이 좋아서 샀는데 기대합니다,,아주 넉넉해요,꼼꼼해요,편리해요,Y
DP_057,덴프스 덴마크 유산균이야기 베베D 1박스/1개월,https://smartstore.naver.com/main/products/5694474674,2022-06-08,5,한달사용매일 아침 꾸준히 아기에게 먹이니 응아도 잘 누고 좋네요^^,,아주 넉넉해요,꼼꼼해요,편리해요,Y
DP_057,덴프스 덴마크 유산균이야기 베베D 1박스/1개월,https://smartstore.naver.com/main/products/5694474674,2022-05-15,5,6개월 아가 면역력 키워주고파서 덴프스 성인용 먹여도 되는지 문의남기고 액상 추천받아서 구매했어요 ㅎㅎ 효과있길 바라봅니당,,아주 넉넉해요,꼼꼼해요,불편해요,Y
