﻿상품코드,상품명,URL,날짜,별점,리뷰텍스트,구매자 성별,유통기한,포장,편리,판매여부
DP_173,덴프스 혈당케어 슬림 6개월/2BOX,https://smartstore.naver.com/main/products/10509006543,2025-09-21,5,한달사용꾸준히 챙겨먹고 있어요,,아주 넉넉해요,꼼꼼해요,편리해요,Y
DP_173,덴프스 혈당케어 슬림 6개월/2BOX,https://smartstore.naver.com/main/products/10509006543,2025-09-17,5,한달사용점심먹고 먹고있는데 효과있는듯요,,아주 넉넉해요,꼼꼼해요,편리해요,Y
DP_173,덴프스 혈당케어 슬림 6개월/2BOX,https://smartstore.naver.com/main/products/10509006543,2025-09-14,5,"건강관심사 면역력관절/뼈건강근육/체력
 한달사용혈당케어와 다이어트효과가있다해서 혈당케어프로에서 이제품으로 갈아탓습니다",여성,아주 넉넉해요,꼼꼼해요,편리해요,Y
DP_173,덴프스 혈당케어 슬림 6개월/2BOX,https://smartstore.naver.com/main/products/10509006543,2025-09-07,5,"한달사용가족과 함께 챙겨 먹다보니 6개월분 주문했어도 금방 소진되네요. 제품은 뭔가 건강함이 느껴지는 그린색의 제품이라 맘에 들었어요. 타블릿 크기도 적당해서 목넘김이 아주 수월합니다. 영양제 크기가 크면 목에 걸려서 방치한 제품이 여럿인데 이 제품은 그런 문제점도, 걱정도 없어서 편하게 섭취 중입니다. 하루 식사 중 점심 식사량이 젤 많아서 그때 섭취하고 있습니다. 식후 3정을 바로 먹으면 되니 편하고 좋아요. 가끔 식후에 바로 챙기지 못할 경우엔 편한 시간대에도 챙겨 먹는편인데 이런 경우에도 별다른 부대낌이 없더라구요. 꼭 식후 아녀도 편한 시간대에 섭취해도(이건 개인적인 의견이긴 해요~) 좋을 것 같습니다. 혈당 관리에 체지방컷도 함께인 제품이라 맘에 드는 제품이에요. +2",여성,아주 넉넉해요,적당해요,편리해요,Y
DP_173,덴프스 혈당케어 슬림 6개월/2BOX,https://smartstore.naver.com/main/products/10509006543,2025-09-07,5,한달사용엄청 꾸준히 챙겨먹고있어요 혈당이 걱정되어서 열심히 남편이랑 잘먹고 있습니다 작아서 먹넘김도 편하고 좋아요,,아주 넉넉해요,꼼꼼해요,편리해요,Y
DP_173,덴프스 혈당케어 슬림 6개월/2BOX,https://smartstore.naver.com/main/products/10509006543,2025-09-06,5,한달사용재주문 했어요 밥먹고 혈당 오르지않게 먹고있어요.,,아주 넉넉해요,꼼꼼해요,편리해요,Y
DP_173,덴프스 혈당케어 슬림 6개월/2BOX,https://smartstore.naver.com/main/products/10509006543,2025-09-06,5,한달사용안먹는것보단 나을꺼같아서 챙겨먹어요~~!!,,아주 넉넉해요,꼼꼼해요,편리해요,Y
DP_173,덴프스 혈당케어 슬림 6개월/2BOX,https://smartstore.naver.com/main/products/10509006543,2025-09-03,4,"한달사용자꾸 까먹고 안챙겨 먹어서.
다시 열심히 챙겨 먹고 효과 리뷰다시 할게오",,아주 넉넉해요,꼼꼼해요,편리해요,Y
DP_173,덴프스 혈당케어 슬림 6개월/2BOX,https://smartstore.naver.com/main/products/10509006543,2025-09-02,5,한달사용이거 먹으면서 1주일에 3번 정도 실내 사이클 탑니다~뱃살이 줄어서 만족👍 혼자 식단하고 운동할 때 보다 좀 더 관리되는 거 같아 좋습니다.,,아주 넉넉해요,꼼꼼해요,편리해요,Y
DP_173,덴프스 혈당케어 슬림 6개월/2BOX,https://smartstore.naver.com/main/products/10509006543,2025-08-31,5,한달사용혈당케어만 신경쓰다 다이어트에 도움이 된다면 더 좋고 아니어도 건강을 위해 먹으니 스트레스 덜 받아 좋아요,,아주 넉넉해요,적당해요,편리해요,Y
DP_173,덴프스 혈당케어 슬림 6개월/2BOX,https://smartstore.naver.com/main/products/10509006543,2025-08-30,5,한달사용평소에 먹던 거라 다시 주문했어요 배송도 빨리오고 만족합니다,,아주 넉넉해요,꼼꼼해요,편리해요,Y
DP_173,덴프스 혈당케어 슬림 6개월/2BOX,https://smartstore.naver.com/main/products/10509006543,2025-08-30,4,"한달사용먹고 안먹고가 심적 위안의 차이가 커요 ㅎ
3알이라 좀 귀찮긴 한데 알약이 작아서 목넘김 힘든 편인데 먹기 좋아요! 꾸준하게 복용중입니다!",,꽤 남았어요,적당해요,그냥그래요,Y
DP_173,덴프스 혈당케어 슬림 6개월/2BOX,https://smartstore.naver.com/main/products/10509006543,2025-08-30,5,"한달사용신랑이랑 잘 먹고있어요
개별포장이 좋습니다.",여성,아주 넉넉해요,꼼꼼해요,편리해요,Y
DP_173,덴프스 혈당케어 슬림 6개월/2BOX,https://smartstore.naver.com/main/products/10509006543,2025-08-27,5,한달사용처음엔 3알씩 먹는게 부담이었는데 효과가 있는거 같아 계속 먹어보려구요,,아주 넉넉해요,꼼꼼해요,편리해요,Y
DP_173,덴프스 혈당케어 슬림 6개월/2BOX,https://smartstore.naver.com/main/products/10509006543,2025-08-19,5,상품에 만족합니다.,,아주 넉넉해요,꼼꼼해요,편리해요,Y
DP_173,덴프스 혈당케어 슬림 6개월/2BOX,https://smartstore.naver.com/main/products/10509006543,2025-08-18,5,한달사용효과는 모르겠고..꾸준히 먹어볼게요,,아주 넉넉해요,꼼꼼해요,편리해요,Y
DP_173,덴프스 혈당케어 슬림 6개월/2BOX,https://smartstore.naver.com/main/products/10509006543,2025-08-17,5,"건강관심사 눈건강피로회복
 한달사용꾸준히 먹어볼 생각입니다.",남성,아주 넉넉해요,꼼꼼해요,편리해요,Y
DP_173,덴프스 혈당케어 슬림 6개월/2BOX,https://smartstore.naver.com/main/products/10509006543,2025-08-12,5,한달사용원래 먹던거라 주문했어요.,여성,아주 넉넉해요,꼼꼼해요,편리해요,Y
DP_173,덴프스 혈당케어 슬림 6개월/2BOX,https://smartstore.naver.com/main/products/10509006543,2025-08-11,5,"건강관심사 여성건강
 한달사용꾸준히 먹고 있습니다.
1회 복용량이 3알이지만
알이 작아서, 불편함은 없습니다.
한번 주문할때마다
트라이얼 샘플을 주셔서, 감사합니다!",여성,꽤 남았어요,적당해요,그냥그래요,Y
DP_173,덴프스 혈당케어 슬림 6개월/2BOX,https://smartstore.naver.com/main/products/10509006543,2025-08-07,5,"늘 주문해서 먹고 있습니다.
효과가 있길 바라며…",여성,아주 넉넉해요,꼼꼼해요,편리해요,Y
DP_173,덴프스 혈당케어 슬림 6개월/2BOX,https://smartstore.naver.com/main/products/10509006543,2025-08-06,5,"BEST혈당 관리가 대세인 요즘이죠~ 혈당 관리를 위해 여러 업체 제품을 복용해봤어요. 그러다 덴프스 제품을 알게 되었고 주문까지 해봤답니다. 슬림이랑 프로제품이 각 각 있는 줄 몰랐다가, 프로 제품으로 주문하기 직전 슬림제품이 있는 걸 알게 되어 장바구니 상품을 변경해서 주문했어요. 사은품으로 마침 프로제품 체험분도 증정기라기에 더 없이 좋은 혜택이더라구요. 하루 3정 섭취만 하면 된다하니 편합니다. 예븐 그린색의 원형 제품이고, 타블릿 크기가 많이 크지 않아 좋았어요. 알약 목넘김에 민감한 편인 저도 쉽게 섭취 가능하더라구요. 혈당케어 프로는 혈당상승억제에 집중되어 있는 듯 하고, 혈당케어 슬림은 혈당상승억제와 체지방 감소에 효과가 있다하여. 개인적으론 이왕이면 두 가지를 한 번에! 해주는 제품으로 선택하길 잘 한 것 같아요. 하루 한 번, 식후, 3정을 한 번에 섭취하는 방법으로 챙겨 먹고 있답니다. 더보기
+2",여성,아주 넉넉해요,적당해요,편리해요,Y
DP_173,덴프스 혈당케어 슬림 6개월/2BOX,https://smartstore.naver.com/main/products/10509006543,2025-08-06,5,한달사용세 알을 먹는 것 빼고 만족,,아주 넉넉해요,적당해요,편리해요,Y
DP_173,덴프스 혈당케어 슬림 6개월/2BOX,https://smartstore.naver.com/main/products/10509006543,2025-08-06,3,덴프스 늘 먹던제품인데 저렴하게 사니 확실히 유효기간이 짧네요 26년 5월 12일 까지입니다 참고요 제가산건 270정 짜리입니다,남성,임박상품이에요,적당해요,편리해요,Y
DP_173,덴프스 혈당케어 슬림 6개월/2BOX,https://smartstore.naver.com/main/products/10509006543,2025-08-06,5,1년전에 20키로 뺀 남편이 그때부터 꾸준히 먹고있어요 요요가 안오는거보면 효과가 없지는 않은듯요,여성,꽤 남았어요,꼼꼼해요,편리해요,Y
DP_173,덴프스 혈당케어 슬림 6개월/2BOX,https://smartstore.naver.com/main/products/10509006543,2025-08-05,5,처음시켜봤는데 잘먹어볼게요,,아주 넉넉해요,꼼꼼해요,편리해요,Y
DP_173,덴프스 혈당케어 슬림 6개월/2BOX,https://smartstore.naver.com/main/products/10509006543,2025-08-05,5,"먹기 편하고 간편해요.
꾸준히 먹어 보려구요",,아주 넉넉해요,꼼꼼해요,편리해요,Y
DP_173,덴프스 혈당케어 슬림 6개월/2BOX,https://smartstore.naver.com/main/products/10509006543,2025-08-03,5,"건강관심사 노화방지관절/뼈건강근육/체력
 저는 덴프스 펜으로서 매월 꼭 구비해놓는 3종 중 하나에요. 혈당조절도 좋고, 아침에 일어나먼 몸도 가벼운 느낌이고 아주 효과 좋아요. 강추에요!!!",남성,아주 넉넉해요,꼼꼼해요,편리해요,Y
DP_173,덴프스 혈당케어 슬림 6개월/2BOX,https://smartstore.naver.com/main/products/10509006543,2025-07-31,5,지난번 먹은게 다떨어져서 재구매했어요,,아주 넉넉해요,꼼꼼해요,편리해요,Y
DP_173,덴프스 혈당케어 슬림 6개월/2BOX,https://smartstore.naver.com/main/products/10509006543,2025-07-30,5,"건강관심사 노화방지여성건강
 세줄씩 먹기 편하게 되어있어서 좋네요
효과 좋길 바래요~ 꾸준히 잘 먹을께요",여성,아주 넉넉해요,꼼꼼해요,편리해요,Y
DP_173,덴프스 혈당케어 슬림 6개월/2BOX,https://smartstore.naver.com/main/products/10509006543,2025-07-29,5,이전부터 먹던거라 다시 주문했습니다,,꽤 남았어요,꼼꼼해요,편리해요,Y
DP_173,덴프스 혈당케어 슬림 6개월/2BOX,https://smartstore.naver.com/main/products/10509006543,2025-07-29,5,원래 혈당케어 프로 먹고있는데 체지방감소 라는 말에 혹해 슬림으로 구매했어요 관리차원에서 챙겨먹어요,,꽤 남았어요,적당해요,편리해요,Y
DP_173,덴프스 혈당케어 슬림 6개월/2BOX,https://smartstore.naver.com/main/products/10509006543,2025-07-28,5,"원래 엄마가 드시던거라, 이번엔 혈당과 혈당&콜레스테롤도 함께 주문했어요. 만족합니다.^^",여성,아주 넉넉해요,꼼꼼해요,편리해요,Y
DP_173,덴프스 혈당케어 슬림 6개월/2BOX,https://smartstore.naver.com/main/products/10509006543,2025-07-26,5,"건강관심사 면역력관절/뼈건강근육/체력
 혈당케어 플러스 복용중이고 체지방에 도움준다해서 이번에 슬림케어로 구매해보았어요",여성,아주 넉넉해요,꼼꼼해요,편리해요,Y
DP_173,덴프스 혈당케어 슬림 6개월/2BOX,https://smartstore.naver.com/main/products/10509006543,2025-07-24,5,"BEST덴프스 홈쇼핑 광고를 보고 제품을 알게 되었어요. 하루 3알 섭취로 혈당 조절 및 체지방 관리가 된다니 믿고 복용해 보려고요.
복용 2일차인데, 약이 목넘기기 쉽고 한번에 3알 먹어도 힘들지 않아요. 특유의 향도 적어 거부감 없이 섭취합니다. 3알씩 소분해서 도시락 가방에 상비해 둡니다^^",,아주 넉넉해요,꼼꼼해요,편리해요,Y
DP_173,덴프스 혈당케어 슬림 6개월/2BOX,https://smartstore.naver.com/main/products/10509006543,2025-07-22,4,"지난번에 증정으로 받은 거 먹어보고 좋아서 다시 구매했어요~
혈당관리도 되고 체지방 관리 같이 되서 간단하게 먹디 좋은 거 같아요~
3알 먹어야 하는 게 좀 많긴 한데 사이즈가 작아서 알약 잘 못먹지만 크게 어렵지 않아요~
꾸준하게 다시 먹어볼께요!",,꽤 남았어요,적당해요,편리해요,Y
DP_173,덴프스 혈당케어 슬림 6개월/2BOX,https://smartstore.naver.com/main/products/10509006543,2025-07-21,5,다 먹어가서 재구매했어요! 저렴하게 잘 산 것 같아요,,아주 넉넉해요,꼼꼼해요,편리해요,Y
DP_173,덴프스 혈당케어 슬림 6개월/2BOX,https://smartstore.naver.com/main/products/10509006543,2025-07-20,5,"건강관심사 눈건강피로회복
 나이가 들어 가면서 혈당이 걱정되어 먹기 시작했습니다. 효과가 있었으면 좋겠네요.",남성,아주 넉넉해요,꼼꼼해요,그냥그래요,Y
DP_173,덴프스 혈당케어 슬림 6개월/2BOX,https://smartstore.naver.com/main/products/10509006543,2025-07-17,5,일단 복용해보고 후기 올릴게요,,아주 넉넉해요,꼼꼼해요,편리해요,Y
DP_173,덴프스 혈당케어 슬림 6개월/2BOX,https://smartstore.naver.com/main/products/10509006543,2025-07-17,5,콜레스테롤 수치가 높은편이라 슬림으로 구매해봤어요. 효과있었으면좋겠네요,여성,아주 넉넉해요,꼼꼼해요,편리해요,Y
DP_173,덴프스 혈당케어 슬림 6개월/2BOX,https://smartstore.naver.com/main/products/10509006543,2025-07-17,5,계속 먹어오던건데 요즘 배가 나오길래 프로보다 비싸지만 슬림으로 주문해봤어요. 3정씩 한 줄로 돼있어서 먹기 좋네요. 혈당관리 시작하면서 알게 된 덴프스로 계속 관리할거예요.,여성,아주 넉넉해요,꼼꼼해요,그냥그래요,Y
DP_173,덴프스 혈당케어 슬림 6개월/2BOX,https://smartstore.naver.com/main/products/10509006543,2025-07-15,4,"알이 작아서 좋습니다.
개별포장이여서 들고 다니기 좋습니다.",,꽤 남았어요,꼼꼼해요,편리해요,Y
DP_173,덴프스 혈당케어 슬림 6개월/2BOX,https://smartstore.naver.com/main/products/10509006543,2025-07-07,4,"지인소개로 먹기시작함.
당뇨가족병력이있어 예방차. 먹고나서 확실히 졸음이 줄음",,꽤 남았어요,적당해요,편리해요,Y
DP_173,덴프스 혈당케어 슬림 6개월/2BOX,https://smartstore.naver.com/main/products/10509006543,2025-07-07,5,세 알이라 좀 귀찮은 것 빼고 만족해요.,,꽤 남았어요,적당해요,편리해요,Y
DP_173,덴프스 혈당케어 슬림 6개월/2BOX,https://smartstore.naver.com/main/products/10509006543,2025-07-07,5,"이번에 할인 행사릉 통해 혈당케어 약을 처음 알게 되었어요~!!! 바로 겟겟!!
엄청 기대 됩니다~^^
효과 있으몀 평생 같이 갈거에요!!",,꽤 남았어요,꼼꼼해요,편리해요,Y
DP_173,덴프스 혈당케어 슬림 6개월/2BOX,https://smartstore.naver.com/main/products/10509006543,2025-07-07,5,당뇨는아니지만 예방차원에서먹고있고요~~~프로? 보다 얘가 녹차추출물까지들어서 얘로 선택했어요!!,,아주 넉넉해요,꼼꼼해요,편리해요,Y
DP_173,덴프스 혈당케어 슬림 6개월/2BOX,https://smartstore.naver.com/main/products/10509006543,2025-07-05,5,"건강관심사 여성건강
 약이 똑 떨어져서 1주일 정도 못먹었는데
뭔가 평소와 다른거 같기도 하고
소화도 안되는거 같아 얼른 다시 주문했습니다.
하루만에 배송와서 깜놀 ㅎ 견본품도 많이주셔서 감사합니다",여성,꽤 남았어요,적당해요,편리해요,Y
DP_173,덴프스 혈당케어 슬림 6개월/2BOX,https://smartstore.naver.com/main/products/10509006543,2025-07-04,5,한달사용부모님 사드렸어요 ^^,여성,꽤 남았어요,적당해요,그냥그래요,Y
DP_173,덴프스 혈당케어 슬림 6개월/2BOX,https://smartstore.naver.com/main/products/10509006543,2025-06-30,5,먹어보고 만족도가 높아서 행사때 쟁여둡니다!!,,아주 넉넉해요,꼼꼼해요,편리해요,Y
DP_173,덴프스 혈당케어 슬림 6개월/2BOX,https://smartstore.naver.com/main/products/10509006543,2025-06-27,5,항상 챙겨먹고 있어요 남편이랑 열심히 먹고있습니다 혈당조절도 하고 다이어트에도 도움이 되는거같아요,,아주 넉넉해요,꼼꼼해요,편리해요,Y
DP_173,덴프스 혈당케어 슬림 6개월/2BOX,https://smartstore.naver.com/main/products/10509006543,2025-06-14,5,"한달사용혈당케어 슬림을 꾸준히 복용하고
건강검진 결과 식후 혈당도 호전되고 체지방도 감소 되어 앞으로도 재 구매하여
꾸준히 잘 먹고 건강을 챙기려고 합니다.",,아주 넉넉해요,꼼꼼해요,편리해요,Y
DP_173,덴프스 혈당케어 슬림 6개월/2BOX,https://smartstore.naver.com/main/products/10509006543,2025-06-10,5,"한달사용덴프스 믿고먹고있어요 ^^ ?
1",,아주 넉넉해요,꼼꼼해요,편리해요,Y
DP_173,덴프스 혈당케어 슬림 6개월/2BOX,https://smartstore.naver.com/main/products/10509006543,2025-06-01,5,한달사용아주 좋아요 추천합니다,남성,아주 넉넉해요,꼼꼼해요,편리해요,Y
DP_173,덴프스 혈당케어 슬림 6개월/2BOX,https://smartstore.naver.com/main/products/10509006543,2025-05-27,5,"덴프스의 유산균, 트루바이타민 등을 먹고 몸에 좋은 효과를 보아 혈당케어 슬림도 구매하여 복용하고 건강검진 결과 후 식후 혈당 상승 억제되고 체지방 감소 되어 계속 복용 하려고 합니다.^^*",,아주 넉넉해요,꼼꼼해요,편리해요,Y
DP_173,덴프스 혈당케어 슬림 6개월/2BOX,https://smartstore.naver.com/main/products/10509006543,2025-05-27,3,"한달사용혈당조절이잘되는것같지는않아요,
다른제품먹다가 바꿔봤는데 있는것만먹고
재구매는안할것같아ᄋᆞ",,꽤 남았어요,적당해요,그냥그래요,Y
DP_173,덴프스 혈당케어 슬림 6개월/2BOX,https://smartstore.naver.com/main/products/10509006543,2025-05-27,5,한달사용확실히 효과가 있습니다 점심밥 먹기전 꼭 3알,,아주 넉넉해요,꼼꼼해요,편리해요,Y
DP_173,덴프스 혈당케어 슬림 6개월/2BOX,https://smartstore.naver.com/main/products/10509006543,2025-05-25,5,한달사용혈당케어 하려고 유산균이랑 같이 주문했어요,,아주 넉넉해요,꼼꼼해요,편리해요,Y
DP_173,덴프스 혈당케어 슬림 6개월/2BOX,https://smartstore.naver.com/main/products/10509006543,2025-05-10,5,밥먹고 꾸준히 챙겨먹고있어요,,아주 넉넉해요,꼼꼼해요,편리해요,Y
DP_173,덴프스 혈당케어 슬림 6개월/2BOX,https://smartstore.naver.com/main/products/10509006543,2025-04-27,5,포장이 꼼꼼하고 배송이 빨라요,남성,아주 넉넉해요,꼼꼼해요,편리해요,Y
DP_173,덴프스 혈당케어 슬림 6개월/2BOX,https://smartstore.naver.com/main/products/10509006543,2025-04-26,5,엄마 선물로 주문했어요 ^^,,꽤 남았어요,적당해요,그냥그래요,Y
DP_173,덴프스 혈당케어 슬림 6개월/2BOX,https://smartstore.naver.com/main/products/10509006543,2025-04-25,4,이번에 가족영양제 바꿨어요~먹고효과있으면 또 주문할게요~,남성,꽤 남았어요,적당해요,그냥그래요,Y
DP_173,덴프스 혈당케어 슬림 6개월/2BOX,https://smartstore.naver.com/main/products/10509006543,2025-04-24,5,"혈당케어랑 유산균이랑 같이먹으면서 다이어트중이예요
배변활동이잘되서 다이어트에도움이되요",,아주 넉넉해요,꼼꼼해요,편리해요,Y
DP_173,덴프스 혈당케어 슬림 6개월/2BOX,https://smartstore.naver.com/main/products/10509006543,2025-04-24,5,좋은제품 좋은가격에 잘 구매했습니다,,아주 넉넉해요,꼼꼼해요,편리해요,Y
DP_173,덴프스 혈당케어 슬림 6개월/2BOX,https://smartstore.naver.com/main/products/10509006543,2025-03-05,5,"사놓고 먹다가 안먹었었다가
요즘 다시 먹고 있는데
확실히 덜 붓고 좋은 것같아요
다 먹어가는 김에 카테킨 든걸로 구매했습니다",,아주 넉넉해요,꼼꼼해요,편리해요,Y
DP_173,덴프스 혈당케어 슬림 6개월/2BOX,https://smartstore.naver.com/main/products/10509006543,2025-02-24,5,한달사용다이어트하는 지인에게 선물해주었습니다~효과받기를,,아주 넉넉해요,꼼꼼해요,편리해요,Y
DP_173,덴프스 혈당케어 슬림 6개월/2BOX,https://smartstore.naver.com/main/products/10509006543,2025-02-13,5,"한달사용먹기 간편해요 알도 작아서 편하게 먹는거같아요
LDL 수치가 높아서 먹기 시작했는데 낮아지면 재구매 하려구여",,아주 넉넉해요,꼼꼼해요,편리해요,Y
DP_173,덴프스 혈당케어 슬림 6개월/2BOX,https://smartstore.naver.com/main/products/10509006543,2025-02-10,5,한달사용상품 받은 이후로 챙겨먹는데 더 구매하면 좋을 거 같네요,,꽤 남았어요,적당해요,그냥그래요,Y
DP_173,덴프스 혈당케어 슬림 6개월/2BOX,https://smartstore.naver.com/main/products/10509006543,2025-02-08,4,한달사용한알먹는거로 계속 먹다 새로 나와서 먹어봤는데 크게 효과를 아직까진 모르겠어요... 좀 더 꾸준히 먹어볼게요,,꽤 남았어요,꼼꼼해요,그냥그래요,Y
DP_173,덴프스 혈당케어 슬림 6개월/2BOX,https://smartstore.naver.com/main/products/10509006543,2025-02-07,5,한달사용혈당 스파이크 먹을려고 먹기 시작했는데 효과 있어요!!!,,아주 넉넉해요,적당해요,편리해요,Y
DP_173,덴프스 혈당케어 슬림 6개월/2BOX,https://smartstore.naver.com/main/products/10509006543,2025-02-03,5,"건강관심사 노화방지면역력피로회복
 한달사용검사헤서 체크해보진못했지만 효과가있길바라며 복용중이예요^^",여성,아주 넉넉해요,꼼꼼해요,편리해요,Y
DP_173,덴프스 혈당케어 슬림 6개월/2BOX,https://smartstore.naver.com/main/products/10509006543,2025-01-26,5,한달사용혈당 관리 해보려고 구매했어요.,,아주 넉넉해요,꼼꼼해요,편리해요,Y
DP_173,덴프스 혈당케어 슬림 6개월/2BOX,https://smartstore.naver.com/main/products/10509006543,2025-01-24,5,한달사용알약 작아서 목넘김이 좋아요,,아주 넉넉해요,꼼꼼해요,편리해요,Y
DP_173,덴프스 혈당케어 슬림 6개월/2BOX,https://smartstore.naver.com/main/products/10509006543,2025-01-22,5,한달사용두달 정도 복용해보니 효과가 있는듯 하여 재구매했습니다.,,아주 넉넉해요,꼼꼼해요,편리해요,Y
DP_173,덴프스 혈당케어 슬림 6개월/2BOX,https://smartstore.naver.com/main/products/10509006543,2025-01-22,4,한달사용기존 제품을 넘 오래 사용하고 있어 다른 제품을 알아보던 중 브랜드 파워에 홀려 구매한 후 완전 만족합니다. 알약도 적당하고 보관과 섭취가 넘 편해서 좋아요,,꽤 남았어요,적당해요,편리해요,Y
DP_173,덴프스 혈당케어 슬림 6개월/2BOX,https://smartstore.naver.com/main/products/10509006543,2025-01-21,4,한달사용늘 구매하고 있는 제품입니다,,꽤 남았어요,적당해요,편리해요,Y
DP_173,덴프스 혈당케어 슬림 6개월/2BOX,https://smartstore.naver.com/main/products/10509006543,2025-01-21,5,"한달사용요즘 점심먹고 혈당케어먹고 애사비 먹고 있는데 식곤증도 좀 사라진거같아요!
세알씩 먹는거지만 약 자체가 크지않아서 넘기기쉬워요!",,아주 넉넉해요,꼼꼼해요,편리해요,Y
DP_173,덴프스 혈당케어 슬림 6개월/2BOX,https://smartstore.naver.com/main/products/10509006543,2025-01-20,5,한달사용혈당스파이크라고 하죠 요즘 밥먹고 졸린증상이 심해서 먹기시작했는데 체중도 어느정도 조절되는것 같아 만족감이 큽니다 세일때 일년치 더 쟁였어요,,아주 넉넉해요,꼼꼼해요,편리해요,Y
DP_173,덴프스 혈당케어 슬림 6개월/2BOX,https://smartstore.naver.com/main/products/10509006543,2025-01-18,5,"한달사용식사후 먹으면 좋다고 해서 구입했는데
이젠 안먹으면 불안하더라구요 ㅎ
효과는 제가 알수는 없지만
효과과 있을것으로 생각하며 먹고있어요
알이 작아 먹기도 좋아요",,아주 넉넉해요,꼼꼼해요,편리해요,Y
DP_173,덴프스 혈당케어 슬림 6개월/2BOX,https://smartstore.naver.com/main/products/10509006543,2025-01-17,4,한달사용먹기에 편하고 좋아요,,꽤 남았어요,적당해요,편리해요,Y
DP_173,덴프스 혈당케어 슬림 6개월/2BOX,https://smartstore.naver.com/main/products/10509006543,2025-01-14,5,한달사용화장실 잘 가고 약간 불편한 점은 3알이라서 조금 불편하지만 큰 단점은 아니에요ㅎㅎ,,아주 넉넉해요,꼼꼼해요,그냥그래요,Y
DP_173,덴프스 혈당케어 슬림 6개월/2BOX,https://smartstore.naver.com/main/products/10509006543,2025-01-13,5,한달사용한달사용하면 효과를 보게되어 대량구매했습니다.,,아주 넉넉해요,꼼꼼해요,편리해요,Y
DP_173,덴프스 혈당케어 슬림 6개월/2BOX,https://smartstore.naver.com/main/products/10509006543,2025-01-10,5,한달사용음주도 하고 체중도 늘어서 혈당관리차원에서 복요합니다,남성,아주 넉넉해요,꼼꼼해요,편리해요,Y
DP_173,덴프스 혈당케어 슬림 6개월/2BOX,https://smartstore.naver.com/main/products/10509006543,2025-01-09,5,한달사용잘 먹고 있어요!! 아직 효과는 모르지만 꾸준히 먹어보려구요!,여성,아주 넉넉해요,꼼꼼해요,편리해요,Y
DP_173,덴프스 혈당케어 슬림 6개월/2BOX,https://smartstore.naver.com/main/products/10509006543,2025-01-07,5,한달사용일단 밥먹고 이거 먹으면 좀 덜 졸린게 효과가 있는 듯 합니다.,,꽤 남았어요,적당해요,그냥그래요,Y
DP_173,덴프스 혈당케어 슬림 6개월/2BOX,https://smartstore.naver.com/main/products/10509006543,2025-01-07,4,"한달사용아들 먹이려고 구매했습니다.
가족력이 있어서요.
잘 먹고 있는데 체지방감소및 혈당감소에 효과가 있는지는 아직 모르겠습니다. 3개월은 먹어보라고했습니다",남성,꽤 남았어요,적당해요,편리해요,Y
DP_173,덴프스 혈당케어 슬림 6개월/2BOX,https://smartstore.naver.com/main/products/10509006543,2025-01-05,5,한달사용요즘 너무 단걸 많이 먹는것 같아 구매했어요~^^,여성,아주 넉넉해요,꼼꼼해요,편리해요,Y
DP_173,덴프스 혈당케어 슬림 6개월/2BOX,https://smartstore.naver.com/main/products/10509006543,2025-01-05,5,한달사용꾸준히 잘 먹고있어요!,,꽤 남았어요,적당해요,편리해요,Y
DP_173,덴프스 혈당케어 슬림 6개월/2BOX,https://smartstore.naver.com/main/products/10509006543,2025-01-02,5,한달사용이거 먹고 식곤증이 확실히 준거 같아요.밥 먹고 나서는 꼭 챙겨 먹고 있습니다.,여성,아주 넉넉해요,꼼꼼해요,편리해요,Y
DP_173,덴프스 혈당케어 슬림 6개월/2BOX,https://smartstore.naver.com/main/products/10509006543,2025-01-01,4,"구매자선택안함
 한달사용배송 잘 왔구요 앞에 나온것도 잘 먹었는데 새로나온 슬림도 괜찮은거 같아요",,아주 넉넉해요,적당해요,편리해요,Y
DP_173,덴프스 혈당케어 슬림 6개월/2BOX,https://smartstore.naver.com/main/products/10509006543,2025-01-01,5,"한달사용재구매해서 꾸준히 먹어보고 있습니다
여러통사서 이제 1통 남았네요",,아주 넉넉해요,꼼꼼해요,편리해요,Y
DP_173,덴프스 혈당케어 슬림 6개월/2BOX,https://smartstore.naver.com/main/products/10509006543,2024-12-30,5,"한달사용저렴하게 잘구매했습니다,2번찌ㅢ구매입니다.",여성,아주 넉넉해요,꼼꼼해요,편리해요,Y
DP_173,덴프스 혈당케어 슬림 6개월/2BOX,https://smartstore.naver.com/main/products/10509006543,2024-12-29,5,한달사용현재까지 아주 잘 먹고있어요! 지방덩어리를 조금이라도 없애기위해 ..,,아주 넉넉해요,꼼꼼해요,편리해요,Y
DP_173,덴프스 혈당케어 슬림 6개월/2BOX,https://smartstore.naver.com/main/products/10509006543,2024-12-28,4,"한달사용먹기 편하고 괜찮아요
효과는 꾸준히 잘 먹어야 겠어요",,아주 넉넉해요,적당해요,편리해요,Y
DP_173,덴프스 혈당케어 슬림 6개월/2BOX,https://smartstore.naver.com/main/products/10509006543,2024-12-27,5,한달사용좋으려니 하고 꾸준히 먹고 있어요,,아주 넉넉해요,꼼꼼해요,편리해요,Y
DP_173,덴프스 혈당케어 슬림 6개월/2BOX,https://smartstore.naver.com/main/products/10509006543,2024-12-27,4,한달사용효과는 잘 모르겠지만 탄수화물이랑 설탕을 많이 섭취한 날은 챙겨먹고 있어요.,,아주 넉넉해요,적당해요,편리해요,Y
DP_173,덴프스 혈당케어 슬림 6개월/2BOX,https://smartstore.naver.com/main/products/10509006543,2024-12-26,5,"한달사용약이 작아서 섭취하기편합니다. 하루3번 먹으라고 하는데 저는 2번만(아침,저녁만)섭취하고 있습니다. 아직 호과는 잘 못느끼지만 잘 챙겨먹고 있습니다.",여성,아주 넉넉해요,꼼꼼해요,편리해요,Y
DP_173,덴프스 혈당케어 슬림 6개월/2BOX,https://smartstore.naver.com/main/products/10509006543,2024-12-26,5,한달사용혈당관리하려고 매일 챙겨먹어요 약사이즈가 적당해서 부담없습니다,,아주 넉넉해요,꼼꼼해요,편리해요,Y
DP_173,덴프스 혈당케어 슬림 6개월/2BOX,https://smartstore.naver.com/main/products/10509006543,2024-12-24,4,한달사용효과는 모르겠지만 열심히먹고있어요,,꽤 남았어요,적당해요,편리해요,Y
DP_173,덴프스 혈당케어 슬림 6개월/2BOX,https://smartstore.naver.com/main/products/10509006543,2024-12-22,5,한달사용꾸준히 먹고 있습니다. 효과는 좀 더 있어 봐야겠지요.,남성,아주 넉넉해요,꼼꼼해요,편리해요,Y
DP_173,덴프스 혈당케어 슬림 6개월/2BOX,https://smartstore.naver.com/main/products/10509006543,2024-12-22,5,한달사용크기가 작아서 먹기 편해요,여성,아주 넉넉해요,꼼꼼해요,편리해요,Y
DP_173,덴프스 혈당케어 슬림 6개월/2BOX,https://smartstore.naver.com/main/products/10509006543,2024-12-22,5,"한달사용혈당 컨트롤용으로 제가 복용 중이에요..처음엔 프로로 시작했는데, 슬림도 괜찮네요",,꽤 남았어요,적당해요,편리해요,Y
DP_173,덴프스 혈당케어 슬림 6개월/2BOX,https://smartstore.naver.com/main/products/10509006543,2024-12-21,5,크기가 적당해서 목 넘김이 좋아요. 꾸준히 복용해 볼께요.,여성,아주 넉넉해요,꼼꼼해요,편리해요,Y
DP_173,덴프스 혈당케어 슬림 6개월/2BOX,https://smartstore.naver.com/main/products/10509006543,2024-12-21,4,배송 발 받았습니다,,꽤 남았어요,적당해요,그냥그래요,Y
DP_173,덴프스 혈당케어 슬림 6개월/2BOX,https://smartstore.naver.com/main/products/10509006543,2024-12-20,4,한달사용꾸준히 먹고 있어요 하루세번이 좀 귀찮기는 하지만 체지방감소에 효과있다해서 먹어요,여성,아주 넉넉해요,꼼꼼해요,편리해요,Y
DP_173,덴프스 혈당케어 슬림 6개월/2BOX,https://smartstore.naver.com/main/products/10509006543,2024-12-20,5,다이어트하는 친구에게 선물했습니다. 꾸준히 먹고있다는데 좋은 결과 있으면 좋겠네요,,아주 넉넉해요,적당해요,편리해요,Y
DP_173,덴프스 혈당케어 슬림 6개월/2BOX,https://smartstore.naver.com/main/products/10509006543,2024-12-19,5,한달사용혈당이 높아서 계속 먹고 있어요,,아주 넉넉해요,꼼꼼해요,편리해요,Y
DP_173,덴프스 혈당케어 슬림 6개월/2BOX,https://smartstore.naver.com/main/products/10509006543,2024-12-19,5,"한달사용일단 먹기편한게 제일 좋아요 향도 없어서 잘넘어가네요 ㅎㅎ
좀효과는 좀 더 꾸준히 먹어봐야 알 것 같아요 . 
?
1",여성,아주 넉넉해요,꼼꼼해요,편리해요,Y
DP_173,덴프스 혈당케어 슬림 6개월/2BOX,https://smartstore.naver.com/main/products/10509006543,2024-12-18,5,한달사용면종류를많이먹어서 주문했는데 괜찮은거 같아요0꾸준히 먹어야겠어요,남성,아주 넉넉해요,꼼꼼해요,편리해요,Y
DP_173,덴프스 혈당케어 슬림 6개월/2BOX,https://smartstore.naver.com/main/products/10509006543,2024-12-18,5,한달사용잘 챙겨 먹고 있어요,,아주 넉넉해요,꼼꼼해요,그냥그래요,Y
DP_173,덴프스 혈당케어 슬림 6개월/2BOX,https://smartstore.naver.com/main/products/10509006543,2024-12-18,4,제품의 설명이 자세하지 않아서 복용할 때 조금 헷갈렸지만 자세히 숙지하고 브랜드 명성에 맞는 효과를 기대하고 있어요.,,꽤 남았어요,적당해요,그냥그래요,Y
DP_173,덴프스 혈당케어 슬림 6개월/2BOX,https://smartstore.naver.com/main/products/10509006543,2024-12-17,5,"한달사용살이 빠진거는 모르겠는데, 꾸준하게 먹어보려고 합니다!! 효과가 있었으면 좋겠어요 ㅎㅎ",여성,아주 넉넉해요,꼼꼼해요,편리해요,Y
DP_173,덴프스 혈당케어 슬림 6개월/2BOX,https://smartstore.naver.com/main/products/10509006543,2024-12-17,5,"한달사용혈당은 확실히 안오르는것같아요
살빠지는건 잘 모르겠어요,, 하지만 꾸준히 먹고있어요",,아주 넉넉해요,꼼꼼해요,편리해요,Y
DP_173,덴프스 혈당케어 슬림 6개월/2BOX,https://smartstore.naver.com/main/products/10509006543,2024-12-17,5,"한달사용요즘 혈당이 올라서 꾸준히 먹고 있어요
먹기 편리하고 좋아요^^",여성,꽤 남았어요,적당해요,편리해요,Y
DP_173,덴프스 혈당케어 슬림 6개월/2BOX,https://smartstore.naver.com/main/products/10509006543,2024-12-17,5,"한달사용덴프스 유산균도 잘 먹고 있었는데
혈당 관리 할 수 있는 제품이라고 해서 주문해봤어요
애사비는 신맛과 향 때문에 먹기 불편했는데
이건 알약이라서 좋아요",,아주 넉넉해요,꼼꼼해요,편리해요,Y
DP_173,덴프스 혈당케어 슬림 6개월/2BOX,https://smartstore.naver.com/main/products/10509006543,2024-12-16,5,"한달사용혈당관리하며 몸매관리까지 가능하다고 해서 꾸준히 먹고 있어요
대용량이라 가성비도 좋고 덴프스라 성분 믿음직해요",여성,아주 넉넉해요,꼼꼼해요,편리해요,Y
DP_173,덴프스 혈당케어 슬림 6개월/2BOX,https://smartstore.naver.com/main/products/10509006543,2024-12-16,5,한달사용안 먹으면 불안해서^^;; 꼭 챙겨먹고 있어요,여성,아주 넉넉해요,꼼꼼해요,편리해요,Y
DP_173,덴프스 혈당케어 슬림 6개월/2BOX,https://smartstore.naver.com/main/products/10509006543,2024-12-15,3,한달사용다른 곳보다 싸게 많이 사서 좋아요. 그런데 효과는 잘 모르겠어요. 나이가 40대 후반이라 그런지 살이 자꾸 쪄서 샀는데 도움되라고 먹고 있는 중입니다~^^,여성,아주 넉넉해요,꼼꼼해요,편리해요,Y
DP_173,덴프스 혈당케어 슬림 6개월/2BOX,https://smartstore.naver.com/main/products/10509006543,2024-12-14,5,세 알씩 포장되어 있어서 넘 먹기 편해요 알도 작고 저녁에 먹고 잠듭니다,여성,아주 넉넉해요,꼼꼼해요,편리해요,Y
DP_173,덴프스 혈당케어 슬림 6개월/2BOX,https://smartstore.naver.com/main/products/10509006543,2024-12-13,4,한달사용덴프스 혈당케어 슬림 6개월/2BOX,,꽤 남았어요,꼼꼼해요,편리해요,Y
DP_173,덴프스 혈당케어 슬림 6개월/2BOX,https://smartstore.naver.com/main/products/10509006543,2024-12-13,5,먹기 편해요! 꾸준히 먹어볼게요,,아주 넉넉해요,적당해요,편리해요,Y
DP_173,덴프스 혈당케어 슬림 6개월/2BOX,https://smartstore.naver.com/main/products/10509006543,2024-12-13,5,한달사용꾸준히 먹고있는데 좋은거 같아요 살은빠지지않지만 찌지않고 ㅋㅋ 혈당은 잘몰라서 일단 당연히 좋을거라 생각하고 열심히 먹고 있습니당 세일자주해주세여~,,아주 넉넉해요,꼼꼼해요,편리해요,Y
DP_173,덴프스 혈당케어 슬림 6개월/2BOX,https://smartstore.naver.com/main/products/10509006543,2024-12-11,5,한달사용하루 세알로 혈당관리가 된다니 아직 효과는 못봣지만 믿고 꾸준히 먹어보려합니다,,아주 넉넉해요,꼼꼼해요,편리해요,Y
DP_173,덴프스 혈당케어 슬림 6개월/2BOX,https://smartstore.naver.com/main/products/10509006543,2024-12-11,5,한달사용좋습니다 만족합니다,,아주 넉넉해요,꼼꼼해요,편리해요,Y
DP_173,덴프스 혈당케어 슬림 6개월/2BOX,https://smartstore.naver.com/main/products/10509006543,2024-12-09,5,선물했는데 좋아하세요,여성,꽤 남았어요,적당해요,편리해요,Y
DP_173,덴프스 혈당케어 슬림 6개월/2BOX,https://smartstore.naver.com/main/products/10509006543,2024-12-07,5,한달사용당뇨 걱정되어 먹어요,여성,아주 넉넉해요,꼼꼼해요,편리해요,Y
DP_173,덴프스 혈당케어 슬림 6개월/2BOX,https://smartstore.naver.com/main/products/10509006543,2024-12-06,4,한달사용저렴해서구입했어요 ~~,,꽤 남았어요,적당해요,편리해요,Y
DP_173,덴프스 혈당케어 슬림 6개월/2BOX,https://smartstore.naver.com/main/products/10509006543,2024-12-06,5,식후 혈당이 걱정돼서 시컀어요 먹기퍈해요,,아주 넉넉해요,꼼꼼해요,편리해요,Y
DP_173,덴프스 혈당케어 슬림 6개월/2BOX,https://smartstore.naver.com/main/products/10509006543,2024-12-05,4,매번 챙겨먹어야하는데 크기도 삼키기 좋고 작어서 좋네요,,꽤 남았어요,적당해요,편리해요,Y
DP_173,덴프스 혈당케어 슬림 6개월/2BOX,https://smartstore.naver.com/main/products/10509006543,2024-12-05,5,아직 한달 안되서 몸에 특별한 변화는 모르겠는데 관리하고 있다는 생각에 마움이 편안하네요ㅎㅎ,,아주 넉넉해요,꼼꼼해요,편리해요,Y
DP_173,덴프스 혈당케어 슬림 6개월/2BOX,https://smartstore.naver.com/main/products/10509006543,2024-12-03,5,알갱이가 작아서 좋고 이거 먹었더니 밥 먹고 졸리는 현상이 많이 줄었어요,여성,아주 넉넉해요,꼼꼼해요,편리해요,Y
DP_173,덴프스 혈당케어 슬림 6개월/2BOX,https://smartstore.naver.com/main/products/10509006543,2024-12-03,5,아직 효과는 모르겟으나 꾸준히 먹어볼게요~~=,,꽤 남았어요,꼼꼼해요,편리해요,Y
DP_173,덴프스 혈당케어 슬림 6개월/2BOX,https://smartstore.naver.com/main/products/10509006543,2024-11-30,5,항상 믿고먹는 덴프스!!,여성,아주 넉넉해요,꼼꼼해요,편리해요,Y
DP_173,덴프스 혈당케어 슬림 6개월/2BOX,https://smartstore.naver.com/main/products/10509006543,2024-11-29,5,"두번째 구입.
남편 혈당조절하기위해 구입했는데
현재 만족하며 복용중 효과 좋길요 ㅎ",,아주 넉넉해요,꼼꼼해요,편리해요,Y
DP_173,덴프스 혈당케어 슬림 6개월/2BOX,https://smartstore.naver.com/main/products/10509006543,2024-11-29,5,"유통기한은 26년 5월까지로 넉넉합니다!
하루에 3알 먹는 제품이라 전 보통 점심 먹고 1알, 저녁 먹고 2알 먹어요.
제가 다른 브랜드 혈당관리제도 먹었었는데 이게 더 효과가 좋은 것 같아요 !",,아주 넉넉해요,적당해요,편리해요,Y
DP_173,덴프스 혈당케어 슬림 6개월/2BOX,https://smartstore.naver.com/main/products/10509006543,2024-11-29,4,약간 두근거림 있어서 저녁에는 섭취하지 말아야 할거 같아요,여성,아주 넉넉해요,꼼꼼해요,편리해요,Y
DP_173,덴프스 혈당케어 슬림 6개월/2BOX,https://smartstore.naver.com/main/products/10509006543,2024-11-29,5,"알이 작아
먹기 좋아요~~
세알을 먹는거지만 한끼에 한 알씩 먹어도 된다고 하더라구요. 세알 위주로 주로 먹고있지만 점심도 포식 저녁도 포식 계획이 있거나 모임이 있을때 나눠 먹고있어요~~~",남성,아주 넉넉해요,꼼꼼해요,편리해요,Y
DP_173,덴프스 혈당케어 슬림 6개월/2BOX,https://smartstore.naver.com/main/products/10509006543,2024-11-27,5,콜레스테롤 때문에 걱정되서 먹기 시작했는데 확실히 식후에 덜 졸려요,여성,아주 넉넉해요,꼼꼼해요,편리해요,Y
DP_173,덴프스 혈당케어 슬림 6개월/2BOX,https://smartstore.naver.com/main/products/10509006543,2024-11-27,5,한달사용꾸준하게 먹고 있는데 효과는 아직 잘 모르겠어요. 더 먹어 볼께요.,,아주 넉넉해요,꼼꼼해요,편리해요,Y
DP_173,덴프스 혈당케어 슬림 6개월/2BOX,https://smartstore.naver.com/main/products/10509006543,2024-11-27,5,몇년째 믿고 먹는 유산균을 만든 회사라 당케어도 해보려고요,여성,아주 넉넉해요,꼼꼼해요,편리해요,Y
DP_173,덴프스 혈당케어 슬림 6개월/2BOX,https://smartstore.naver.com/main/products/10509006543,2024-11-26,5,배송도 빠르고 포장도 잘되어있네요!,,꽤 남았어요,적당해요,편리해요,Y
DP_173,덴프스 혈당케어 슬림 6개월/2BOX,https://smartstore.naver.com/main/products/10509006543,2024-11-26,5,꾸준히 먹고있어요..건강관리에 좋아요,남성,아주 넉넉해요,꼼꼼해요,편리해요,Y
DP_173,덴프스 혈당케어 슬림 6개월/2BOX,https://smartstore.naver.com/main/products/10509006543,2024-11-25,5,"도착보장배송이라 주문한 다음날 바로 도착!
빠른배송에 감탄하며 확인해보기 시작했습니당
어머니가 당 관리가 필요해서 관련제품 서치하다
덴프스가 11주년 맞이하여 메가 세일을 한다기에
평소에는 조금 부담되는 가격이었으나 바로 주문!
복합적인 관리를 위해 혈당케어 슬림으로 결정하여
어머니와 본인제품도 같이 주문했습니당
기대를 한 제품이니만큼 잘 챙겨먹고 한달리뷰 작성하러 오겠습니다
세일 자주 하면 좋겠습니당🎉 더보기",여성,꽤 남았어요,적당해요,편리해요,Y
DP_173,덴프스 혈당케어 슬림 6개월/2BOX,https://smartstore.naver.com/main/products/10509006543,2024-11-25,5,혈당케어 집중제품을 먹다가 체지방 감소도 있다길래 한번 주문해봤어요~ 하루 3번 먹어야하는게 좀 귀칞긴하지만 잘 챙겨먹어볼게요~,,아주 넉넉해요,꼼꼼해요,편리해요,Y
DP_173,덴프스 혈당케어 슬림 6개월/2BOX,https://smartstore.naver.com/main/products/10509006543,2024-11-24,5,"또 구매했어요
혈당&체지방 잡아주는 소중한 친구같은 약이예요!! 혈당 측정은 하지 않지만
혈당스파이크 날때 나는 급피로함, 졸림, 갈증
증상이 현저히 줄어든 느낌이예요!
다이어트보다는 내 몸의 혈당 관리용으로 추천합니다!!!
행사해서 합리적인 가격에 구매할 수 있었어요
좋아요! 더보기",,아주 넉넉해요,꼼꼼해요,편리해요,Y
DP_173,덴프스 혈당케어 슬림 6개월/2BOX,https://smartstore.naver.com/main/products/10509006543,2024-11-24,5,"기존에 먹던게 있는데 그게 기능은 좀 더 좋긴해요
근데 저한텐 알약이 좀 큰편이라 목넘김이 넘 힘들어서 이걸로 바꿨는데 목넘김도 편하고 좋네요",,아주 넉넉해요,꼼꼼해요,편리해요,Y
DP_173,덴프스 혈당케어 슬림 6개월/2BOX,https://smartstore.naver.com/main/products/10509006543,2024-11-23,5,"건강에 신경쓰이는 40대~ 하나둘씩 늘어나는 영양제가 어쩌다보니 덴프스네요ㅎㅎㅎ
아침 공복에 유산균이야기 우먼으로 시작해서
밥먹고 혈당케어슬림과 면역채움을 먹어요~ 몸이 확 변했다는 모르지만, 꾸준히 복용함 컨디션이 좋아질거라고 믿으며 하루하루 잊지않고 먹어요! 혈당케어는 알약크기가 작아서 한번에 3알 먹기에도 부담없고, 아침 저녁으로 나눠먹기에도 괜찮아요~~",,꽤 남았어요,적당해요,편리해요,Y
DP_173,덴프스 혈당케어 슬림 6개월/2BOX,https://smartstore.naver.com/main/products/10509006543,2024-11-23,4,"만족합니다
배송도빠르고 좋습니다",,아주 넉넉해요,꼼꼼해요,편리해요,Y
DP_173,덴프스 혈당케어 슬림 6개월/2BOX,https://smartstore.naver.com/main/products/10509006543,2024-11-22,4,"구매자선택안함
 배송 잘 왔구요 혈당 케어 프로 복용해 왔구요 괜찮아서 슬림새로 나온 건 어떤지 주문했어요 ~",,꽤 남았어요,적당해요,편리해요,Y
DP_173,덴프스 혈당케어 슬림 6개월/2BOX,https://smartstore.naver.com/main/products/10509006543,2024-11-22,5,배송이 빨라 좋아요.,남성,아주 넉넉해요,적당해요,편리해요,Y
DP_173,덴프스 혈당케어 슬림 6개월/2BOX,https://smartstore.naver.com/main/products/10509006543,2024-11-22,4,"혈당케어프로를 먹고 있습니다.
부부둘이 모두 당뇨라 아이들도 걱정되어 과체중인 아이를 위해 덴프스 혈당케어 슬림을 주문했습니다. 게다가 행사중이라 저렴히 구매했습니다. 식후 혈당 상승억제뿐 아니라 체지방관리까지 해준다니 아이가 먹고서 효과를 봤으면 정말 좋겠습니다.",남성,아주 넉넉해요,적당해요,편리해요,Y
DP_173,덴프스 혈당케어 슬림 6개월/2BOX,https://smartstore.naver.com/main/products/10509006543,2024-11-21,5,배송빠르고 가격저렴하게 잘 구매했어요~,여성,아주 넉넉해요,꼼꼼해요,편리해요,Y
DP_173,덴프스 혈당케어 슬림 6개월/2BOX,https://smartstore.naver.com/main/products/10509006543,2024-11-21,5,다른 걸로 갈아탓다 다시 텐프스혈당슬림으로 돌아왔어요 잠간 가격이 올랐던거 같은데 할인해서 너무 좋아요 재구매 합니다! 타사보다 효과 좋아요!,여성,아주 넉넉해요,꼼꼼해요,편리해요,Y
DP_173,덴프스 혈당케어 슬림 6개월/2BOX,https://smartstore.naver.com/main/products/10509006543,2024-11-21,5,"꾸준히 먹어보고있어요!
배송도 빨리 와서 좋아요~",,꽤 남았어요,적당해요,편리해요,Y
DP_173,덴프스 혈당케어 슬림 6개월/2BOX,https://smartstore.naver.com/main/products/10509006543,2024-11-21,5,"콜레스테롤 수치가 높게 나와 걱정이라 슬림으로 바꿔봤어요..그동안은 프로를 복용했는데, 혈당 안정은 효과가 있는 것 같아요..",,꽤 남았어요,적당해요,편리해요,Y
DP_173,덴프스 혈당케어 슬림 6개월/2BOX,https://smartstore.naver.com/main/products/10509006543,2024-11-21,4,덴프스 혈당케어 슬림 6개월/2BOX,,꽤 남았어요,꼼꼼해요,편리해요,Y
DP_173,덴프스 혈당케어 슬림 6개월/2BOX,https://smartstore.naver.com/main/products/10509006543,2024-11-21,5,"구매자선택안함
 요즘은 혈당관리가 필수인듯...
3알씩 복용해야하는게 좀 귀찮긴하지만 약이 작아서 불편하지는 않네요",,아주 넉넉해요,꼼꼼해요,편리해요,Y
DP_173,덴프스 혈당케어 슬림 6개월/2BOX,https://smartstore.naver.com/main/products/10509006543,2024-11-21,5,"덴프스 프로 먹다가 슬림으로 시켜봤어요
효과가 있으면 좋겠어요",여성,아주 넉넉해요,꼼꼼해요,편리해요,Y
DP_173,덴프스 혈당케어 슬림 6개월/2BOX,https://smartstore.naver.com/main/products/10509006543,2024-11-21,5,"덴프스제품 효과좋은거 같아서
자주 구매해효
가격좋을때 쟁여놔봐효",,꽤 남았어요,적당해요,편리해요,Y
DP_173,덴프스 혈당케어 슬림 6개월/2BOX,https://smartstore.naver.com/main/products/10509006543,2024-11-20,5,꾸준히 먹는 제품이에요 좋아요,여성,꽤 남았어요,꼼꼼해요,편리해요,Y
DP_173,덴프스 혈당케어 슬림 6개월/2BOX,https://smartstore.naver.com/main/products/10509006543,2024-11-20,5,"나이가 들어가면서 혈당 걱정이 되어서 구매했어요.
효과가 있기를 바랍니다.",,아주 넉넉해요,꼼꼼해요,편리해요,Y
DP_173,덴프스 혈당케어 슬림 6개월/2BOX,https://smartstore.naver.com/main/products/10509006543,2024-11-20,5,"주문하고 바로 다음날 배송왔어요
기대하고 먹어보려고 합니다",여성,아주 넉넉해요,꼼꼼해요,편리해요,Y
DP_173,덴프스 혈당케어 슬림 6개월/2BOX,https://smartstore.naver.com/main/products/10509006543,2024-11-20,5,"나이 먹고 운동해도 살은 안 빠지고 당수치는 오르고 해서 약품으로 추가, 부디 성과 있길. 소화는 잘 되는 편이고 약 크기도 작아 목넘김 쉬운데 3알 섭취는 좀 귀찮네요",여성,아주 넉넉해요,꼼꼼해요,편리해요,Y
DP_173,덴프스 혈당케어 슬림 6개월/2BOX,https://smartstore.naver.com/main/products/10509006543,2024-11-18,4,정해진 시간에 잘 먹고 건강해야지요 ㅎㅎ,,아주 넉넉해요,꼼꼼해요,편리해요,Y
DP_173,덴프스 혈당케어 슬림 6개월/2BOX,https://smartstore.naver.com/main/products/10509006543,2024-11-18,5,검진결과 혈당과 콜레스테롤이 높게 나와 관리가 필요할 것 같아 믿고 구매하는 브랜드인 덴프스에서 구매했어요. 효과 있었으면 좋겠어요!!,여성,아주 넉넉해요,꼼꼼해요,편리해요,Y
DP_173,덴프스 혈당케어 슬림 6개월/2BOX,https://smartstore.naver.com/main/products/10509006543,2024-11-18,5,"이거슨 ㅋㅋ 사실 아직 효과는 있는지 확신이 안서요
하지만 안먹으먼 불안하고
이걸 먹으면 그래도 식곤증은 덜한거 같아서 아직은 만족하고 잇어요",여성,아주 넉넉해요,꼼꼼해요,편리해요,Y
DP_173,덴프스 혈당케어 슬림 6개월/2BOX,https://smartstore.naver.com/main/products/10509006543,2024-11-18,4,"아모레 제품을 꾸준히 복용하고 있는 1인입니다.
근데, 가격이 너무 부담돼 다른 제품을 찾다가 구매합니다. 이전 제품하고 성분은 비슷한것 같네요",여성,아주 넉넉해요,꼼꼼해요,편리해요,Y
DP_173,덴프스 혈당케어 슬림 6개월/2BOX,https://smartstore.naver.com/main/products/10509006543,2024-11-18,5,"그냥 혈당케어 제품먹다가 이번에 세일도하고 콜레스테롤관리해보려고 슬림으로 구매했어요!
먹던게 아직 남아서 먹어보진않았는데 효과가 있었으면 좋겠어요",,아주 넉넉해요,꼼꼼해요,편리해요,Y
DP_173,덴프스 혈당케어 슬림 6개월/2BOX,https://smartstore.naver.com/main/products/10509006543,2024-11-18,5,빠른배송 감사합니다!,,아주 넉넉해요,꼼꼼해요,편리해요,Y
DP_173,덴프스 혈당케어 슬림 6개월/2BOX,https://smartstore.naver.com/main/products/10509006543,2024-11-18,5,"공복혈당이~ㅠㅠ
깜짝놀랐어요. .
먹은날과 안먹은날의 차이가 확실히 나더라구요...엄마가 드시는 혈당케어 프로를 먹었는데 확~~떨어지더라구요...
105
105
94
106
98 검색하다가 슬림이 있길래..ㅎㅎ
더 죠을것 같아서 구매해봤습니당~~!!
또 먹어보고 리뷰 더 쓸께용♥︎ 더보기",여성,아주 넉넉해요,꼼꼼해요,편리해요,Y
DP_173,덴프스 혈당케어 슬림 6개월/2BOX,https://smartstore.naver.com/main/products/10509006543,2024-11-18,5,"혈당관리랑 체지방 감소가 같이 있어서 좋아요
원래 먹던 소*플러스라는 제품이랑 성분차이가 별로 없는데 가격이 저렴하고 좋아요!!
꾸준히 먹어보고 또 구매하겠습니다.",,꽤 남았어요,적당해요,편리해요,Y
DP_173,덴프스 혈당케어 슬림 6개월/2BOX,https://smartstore.naver.com/main/products/10509006543,2024-11-17,3,"별로 효과가 없는듯
더 길게 먹어봐야할듯",,꽤 남았어요,적당해요,그냥그래요,Y
DP_173,덴프스 혈당케어 슬림 6개월/2BOX,https://smartstore.naver.com/main/products/10509006543,2024-11-17,5,먹기편하고 좋아요 첫구매로 저렴하게 구입했어요 효과좋으면 재구매할게요,,아주 넉넉해요,꼼꼼해요,편리해요,Y
DP_173,덴프스 혈당케어 슬림 6개월/2BOX,https://smartstore.naver.com/main/products/10509006543,2024-11-16,5,한달사용한달 복용했는데 막 엄청 달라지는 느낌은 아닌데 몸이 좀 가벼워진 느낌이 들긴합니다. 계속 복용 할거 같네요.,,아주 넉넉해요,꼼꼼해요,편리해요,Y
DP_173,덴프스 혈당케어 슬림 6개월/2BOX,https://smartstore.naver.com/main/products/10509006543,2024-11-16,5,"유산균도 먹고 있는데 혈당 관리해주는 제품도 궁금해서 구매했어요!
아직 먹은지 며칠 되지는 않았지만 약 크기가 작아서 먹기 편해요🙂",,꽤 남았어요,적당해요,편리해요,Y
DP_173,덴프스 혈당케어 슬림 6개월/2BOX,https://smartstore.naver.com/main/products/10509006543,2024-11-16,5,요즘 식곤증이 심해서 혈당케어 시작해봅니다,여성,아주 넉넉해요,꼼꼼해요,편리해요,Y
DP_173,덴프스 혈당케어 슬림 6개월/2BOX,https://smartstore.naver.com/main/products/10509006543,2024-11-16,5,"재구매했어요
알약이 크기가 적어서 먹기 편하고 혈당관리에 체지방관리까지 되니 맘에 들어요
강세일로 가격도 만족했어요",여성,아주 넉넉해요,꼼꼼해요,편리해요,Y
DP_173,덴프스 혈당케어 슬림 6개월/2BOX,https://smartstore.naver.com/main/products/10509006543,2024-11-15,4,처음 구매했는데 좋길바래여,,꽤 남았어요,적당해요,편리해요,Y
DP_173,덴프스 혈당케어 슬림 6개월/2BOX,https://smartstore.naver.com/main/products/10509006543,2024-11-15,5,살이 빠지길 기대해 봅니다 ㅎㅎㅎ,여성,아주 넉넉해요,꼼꼼해요,편리해요,Y
DP_173,덴프스 혈당케어 슬림 6개월/2BOX,https://smartstore.naver.com/main/products/10509006543,2024-11-15,5,"사이즈가 적어서 먹기 편리해요.
효과 있었음해요~~",,아주 넉넉해요,적당해요,편리해요,Y
DP_173,덴프스 혈당케어 슬림 6개월/2BOX,https://smartstore.naver.com/main/products/10509006543,2024-11-15,4,"기한이 길고, 알이 작아서 먹기 편하네요. 효과는 먹어봐야 알 것 같아요~^^ 열심히 먹어 볼게요~",여성,아주 넉넉해요,꼼꼼해요,편리해요,Y
DP_173,덴프스 혈당케어 슬림 6개월/2BOX,https://smartstore.naver.com/main/products/10509006543,2024-11-15,5,두번째 구매입니다~~ 행사할때 공홈보다 더 싸서 득템했어요 ^^,여성,아주 넉넉해요,꼼꼼해요,편리해요,Y
DP_173,덴프스 혈당케어 슬림 6개월/2BOX,https://smartstore.naver.com/main/products/10509006543,2024-11-15,4,"크기가 작아서 먹기 편하고, 혈당을 측정해보질 않아서 효과가 있는지는 잘. 도움이 되겠거니 하고 먹어요",,꽤 남았어요,적당해요,편리해요,Y
DP_173,덴프스 혈당케어 슬림 6개월/2BOX,https://smartstore.naver.com/main/products/10509006543,2024-11-14,4,먹은지 얼마 안되서 잘모르겠지만 알약이 아주 죄그매서 먹기 편해요 효과있었음 좋겠슴다,,아주 넉넉해요,적당해요,편리해요,Y
DP_173,덴프스 혈당케어 슬림 6개월/2BOX,https://smartstore.naver.com/main/products/10509006543,2024-11-14,5,편하게 먹을 수있어서 좋습니다. 효과는 꾸준히 먹어봐야 할 것 같아요.,여성,아주 넉넉해요,꼼꼼해요,편리해요,Y
DP_173,덴프스 혈당케어 슬림 6개월/2BOX,https://smartstore.naver.com/main/products/10509006543,2024-11-14,5,혈당 관리하려고 재구매했습니다,,아주 넉넉해요,꼼꼼해요,그냥그래요,Y
DP_173,덴프스 혈당케어 슬림 6개월/2BOX,https://smartstore.naver.com/main/products/10509006543,2024-11-14,5,유산균검색하다 리뷰가 좋코 변비나 체지방감소에 좋타길래 구입했어요 아직먹어보지는않았지만 좋으리라 믿고.먹어볼께요~사은품도 보내주셨네요~감사합니다.,,아주 넉넉해요,꼼꼼해요,편리해요,Y
DP_173,덴프스 혈당케어 슬림 6개월/2BOX,https://smartstore.naver.com/main/products/10509006543,2024-11-14,5,계속 재구매하고 있어요,,아주 넉넉해요,꼼꼼해요,편리해요,Y
DP_173,덴프스 혈당케어 슬림 6개월/2BOX,https://smartstore.naver.com/main/products/10509006543,2024-11-14,5,당이 올라서 건강관리겸 다이어트도 되는 혈당케어슬림 구매해봤어요! 알약이 작아서 먹기도 편하고 부피도 적어서 가지고 다니기도 좋아요!!! 먹고 건강관리할래요ㅎㅎㅎ,,아주 넉넉해요,꼼꼼해요,편리해요,Y
DP_173,덴프스 혈당케어 슬림 6개월/2BOX,https://smartstore.naver.com/main/products/10509006543,2024-11-14,5,첫주문치고 많이 주문했는데 포장이 엉성해요.. 먹는데는 문제 없는데 다음엔 신경써주세요~ 일단 잘 먹어보려구요,,꽤 남았어요,별로예요,편리해요,Y
DP_173,덴프스 혈당케어 슬림 6개월/2BOX,https://smartstore.naver.com/main/products/10509006543,2024-11-14,5,"프로제품은 남편이, 저는 슬림 먹어요~!",,아주 넉넉해요,꼼꼼해요,편리해요,Y
DP_173,덴프스 혈당케어 슬림 6개월/2BOX,https://smartstore.naver.com/main/products/10509006543,2024-11-12,4,"먹기 편하게 생겼네요~
아직 복용 전인데 효과 있으면 좋겠네요~",여성,아주 넉넉해요,꼼꼼해요,편리해요,Y
DP_173,덴프스 혈당케어 슬림 6개월/2BOX,https://smartstore.naver.com/main/products/10509006543,2024-11-11,5,좋습니다 만족합니다,,아주 넉넉해요,꼼꼼해요,편리해요,Y
DP_173,덴프스 혈당케어 슬림 6개월/2BOX,https://smartstore.naver.com/main/products/10509006543,2024-11-11,5,맛있고 알갱기도작고 아주좋아요 효과있음 좋겠어요,,아주 넉넉해요,꼼꼼해요,편리해요,Y
DP_173,덴프스 혈당케어 슬림 6개월/2BOX,https://smartstore.naver.com/main/products/10509006543,2024-11-11,5,원래 혈당케어만 되는거 사다가 이번에 바꿔봤어요! 좀 덜 붓고 효과좋은거같아요~ 원래 붓기 땡땡한 손이 붓기도 잘 빠져요,,아주 넉넉해요,꼼꼼해요,편리해요,Y
DP_173,덴프스 혈당케어 슬림 6개월/2BOX,https://smartstore.naver.com/main/products/10509006543,2024-11-10,5,매일 먹는 영양제인데 싸게 팔길래 쟁여뒀어요!,,아주 넉넉해요,꼼꼼해요,편리해요,Y
DP_173,덴프스 혈당케어 슬림 6개월/2BOX,https://smartstore.naver.com/main/products/10509006543,2024-11-09,5,"요즘 나이가 들수록 당수치가 점점 올라서 구매해봤어요
사이즈도 작고 먹기 편한거 같아요",여성,아주 넉넉해요,꼼꼼해요,편리해요,Y
DP_173,덴프스 혈당케어 슬림 6개월/2BOX,https://smartstore.naver.com/main/products/10509006543,2024-11-08,5,원래 먹던 녀석이었는데 할인할때 다시 쟁여놓네요 굿👍🏻,,꽤 남았어요,꼼꼼해요,편리해요,Y
DP_173,덴프스 혈당케어 슬림 6개월/2BOX,https://smartstore.naver.com/main/products/10509006543,2024-11-07,5,"저렴하게 판매중이어서 부모님과 함께 섭취해보려고 구매했어요.
좋은효과 볼 수 있기를!",,아주 넉넉해요,꼼꼼해요,편리해요,Y
DP_173,덴프스 혈당케어 슬림 6개월/2BOX,https://smartstore.naver.com/main/products/10509006543,2024-11-07,5,먹기 간편하고 하루세알만 챙겨먹으면 되니까 편합니다. 단걸 좋아해서 주문했는데 건강에 도움되었으면 좋겠어요,,아주 넉넉해요,적당해요,편리해요,Y
DP_173,덴프스 혈당케어 슬림 6개월/2BOX,https://smartstore.naver.com/main/products/10509006543,2024-11-07,5,"2026년 5월까지 소비기한 넉넉하고, 크기가 작아서 먹기 편합니다. 받자마자 저녁 먹고 한 알 섭취했습니다. 효과가 있으면 또 구입할 계획입니다. ?
1",여성,아주 넉넉해요,꼼꼼해요,편리해요,Y
DP_173,덴프스 혈당케어 슬림 6개월/2BOX,https://smartstore.naver.com/main/products/10509006543,2024-11-07,5,"지난번은 혈당프로를 먹었는데 아직 남아있는데 세일을 많이해서 홀린듯 구매했어요
효과가 있는지 없는지는 아직 잘모르겠지만 당화혈색소가 간당간당해서 꾸준히 먹어보려구여",남성,아주 넉넉해요,적당해요,편리해요,Y
DP_173,덴프스 혈당케어 슬림 6개월/2BOX,https://smartstore.naver.com/main/products/10509006543,2024-11-07,5,밀가루나 단거를 많이 좋아해서 혈당체크하고 그런게아니라 효과는 잘모르지만 꾸준히 챙겨먹으려고 세일할때 열심히 쟁여놓고 있습니다 체지방에도 도움이 되는 슬림으로 먹고 있는데 효과는 아직이에요 ㅎㅎㅎ 열심히 챙겨먹어 보겠습니다~~,,아주 넉넉해요,꼼꼼해요,편리해요,Y
DP_173,덴프스 혈당케어 슬림 6개월/2BOX,https://smartstore.naver.com/main/products/10509006543,2024-11-04,4,미리건강챙겨보려고구입했어요 탄수화물중독이라ㅠ,,아주 넉넉해요,적당해요,편리해요,Y
DP_173,덴프스 혈당케어 슬림 6개월/2BOX,https://smartstore.naver.com/main/products/10509006543,2024-11-01,4,한달사용여러가지로 도움되길 바래요,,꽤 남았어요,적당해요,그냥그래요,Y
DP_173,덴프스 혈당케어 슬림 6개월/2BOX,https://smartstore.naver.com/main/products/10509006543,2024-10-27,5,인생 필수품으로 자리잡아서 꾸준히 먹는중입니다,여성,아주 넉넉해요,꼼꼼해요,편리해요,Y
DP_173,덴프스 혈당케어 슬림 6개월/2BOX,https://smartstore.naver.com/main/products/10509006543,2024-10-19,5,"BEST알이 작아서 좋아요.
하루 1번 먹는 것도 마음에 들구요",,아주 넉넉해요,꼼꼼해요,편리해요,Y
DP_173,덴프스 혈당케어 슬림 6개월/2BOX,https://smartstore.naver.com/main/products/10509006543,2024-10-19,5,먹기 편하고 시작하고나서 몸이 좀 가벼워진 느낌이네요...,,꽤 남았어요,적당해요,편리해요,Y
DP_173,덴프스 혈당케어 슬림 6개월/2BOX,https://smartstore.naver.com/main/products/10509006543,2024-10-15,5,좋은영양성분에 당까지 관리되고 좋아요,여성,아주 넉넉해요,꼼꼼해요,편리해요,Y
DP_173,덴프스 혈당케어 슬림 6개월/2BOX,https://smartstore.naver.com/main/products/10509006543,2024-10-10,5,"남편이 혈압과 혈당이 경계로 나와 꾸준히 먹일생각으로 주문했어요 겸사겸사 뱃살좀들어갈겸 슬림으로
먹긴 편합니다 약 사이즈가 작아요",남성,아주 넉넉해요,꼼꼼해요,편리해요,Y
DP_173,덴프스 혈당케어 슬림 6개월/2BOX,https://smartstore.naver.com/main/products/10509006543,2024-10-02,3,여러가지로 도움 되길 바래봅니다,,꽤 남았어요,적당해요,편리해요,Y
