﻿상품코드,상품명,URL,날짜,별점,리뷰텍스트,구매자 성별,유통기한,포장,편리,판매여부
DP_175,덴프스 슬림핏 다이어트 6주분/3BOX,https://smartstore.naver.com/main/products/8605583247,2025-05-14,5,재구매한달사용항상 구매하는 곳 입니다 배송 빠르고 좋아요,,아주 넉넉해요,꼼꼼해요,편리해요,Y
DP_175,덴프스 슬림핏 다이어트 6주분/3BOX,https://smartstore.naver.com/main/products/8605583247,2025-05-11,5,"한달사용날씨가 점점 따뜻해지고, 옷이 얇아져서 덴프스로 관리하고 있어요!",,아주 넉넉해요,꼼꼼해요,편리해요,Y
DP_175,덴프스 슬림핏 다이어트 6주분/3BOX,https://smartstore.naver.com/main/products/8605583247,2025-04-04,1,"한달사용유통기한도 너무 짧고, 진짜 달아요..",,임박상품이에요,꼼꼼해요,편리해요,Y
DP_175,덴프스 슬림핏 다이어트 6주분/3BOX,https://smartstore.naver.com/main/products/8605583247,2025-04-04,4,한달사용맛도 나쁘지 않고 만족합니다!,,임박상품이에요,적당해요,편리해요,Y
DP_175,덴프스 슬림핏 다이어트 6주분/3BOX,https://smartstore.naver.com/main/products/8605583247,2025-03-05,4,먹기 편하고 좋아요! 다만 유통기한이 꽤나 임박한 제품 받았습니다,,임박상품이에요,꼼꼼해요,편리해요,Y
DP_175,덴프스 슬림핏 다이어트 6주분/3BOX,https://smartstore.naver.com/main/products/8605583247,2025-03-05,5,"한달사용드라마틱한 효과는 없지만
화장실은 잘가네요",,아주 넉넉해요,꼼꼼해요,편리해요,Y
DP_175,덴프스 슬림핏 다이어트 6주분/3BOX,https://smartstore.naver.com/main/products/8605583247,2025-03-03,5,"구매자식이관심사 다이어트저속노화
 재구매한달사용계속 떨어지기전에 구매해서 먹고있어요!",,임박상품이에요,꼼꼼해요,편리해요,Y
DP_175,덴프스 슬림핏 다이어트 6주분/3BOX,https://smartstore.naver.com/main/products/8605583247,2025-02-22,4,"구매자식이관심사 다이어트
 한달사용복용중 꾸준이...",,꽤 남았어요,꼼꼼해요,편리해요,Y
DP_175,덴프스 슬림핏 다이어트 6주분/3BOX,https://smartstore.naver.com/main/products/8605583247,2025-02-20,2,믿고 먹는 덴프스이지만 유통기한이...... 두달 남은 상품은 너무 한 것 같다 생각들어 고객센터 문의 했더니 원래는 제조일로 24개월 먹을 수 있단 말에 더 충격이였습니다... 유통기한이 작게 표시 되어있는걸 못 본 소비자 잘못 도 있지만 이런 제품은 유통기한 임박 상품으로 문구를 잘 보이게 표시 해야되는거 아닌가 싶습니다.. +1,,임박상품이에요,꼼꼼해요,편리해요,Y
DP_175,덴프스 슬림핏 다이어트 6주분/3BOX,https://smartstore.naver.com/main/products/8605583247,2025-02-19,5,한달사용택배 배송도 빠르고 가격도 저렴하게 잘 구매했습니다.,,꽤 남았어요,적당해요,그냥그래요,Y
DP_175,덴프스 슬림핏 다이어트 6주분/3BOX,https://smartstore.naver.com/main/products/8605583247,2025-02-19,5,한달사용유산균사면서 같이 구매해봤는데 살이빠지는건 모르겠구 그냥 위안삼아 먹어요ㅎㅎ,,아주 넉넉해요,꼼꼼해요,편리해요,Y
DP_175,덴프스 슬림핏 다이어트 6주분/3BOX,https://smartstore.naver.com/main/products/8605583247,2025-02-19,5,"한달사용원래 자몽을 좋아해서 그런지 넘 맛있습니다.
체지방 감소에 더 도움이 될 것 같아서 운동후에 섭취하고 있어요^^",,아주 넉넉해요,꼼꼼해요,편리해요,Y
DP_175,덴프스 슬림핏 다이어트 6주분/3BOX,https://smartstore.naver.com/main/products/8605583247,2025-02-17,5,재구매한달사용먹기 편하고 맛도 좋아서 늘 꼬박 꼬박 챙겨먹어요.,,아주 넉넉해요,꼼꼼해요,편리해요,Y
DP_175,덴프스 슬림핏 다이어트 6주분/3BOX,https://smartstore.naver.com/main/products/8605583247,2025-02-16,4,한달사용다이어트할 때 물 많이 마셔야하는데 맹물 싫어하시는 분들이 드시면 좋을거 같아요 근데 마시고 난 뒤에 입 안에 남는 대체당 특유의 느낌이 좋지는 않아요ㅜㅜ,,아주 넉넉해요,꼼꼼해요,그냥그래요,Y
DP_175,덴프스 슬림핏 다이어트 6주분/3BOX,https://smartstore.naver.com/main/products/8605583247,2025-02-16,5,한달사용약간 씁쓸한 자몽맛.. 넘나 맛나게 먹고 있어요. 하나 타먹으면 배불러서 가짜 식욕도 잡구요. 뭐 사실 크게 효과가 있는지는 모르겠어요.,,꽤 남았어요,적당해요,편리해요,Y
DP_175,덴프스 슬림핏 다이어트 6주분/3BOX,https://smartstore.naver.com/main/products/8605583247,2025-02-13,5,"구매자식이관심사 다이어트
 재구매지인추천받아 먹고 있어요.
근데요~신기한게 뭔지아세요??
저 이거먹고 얼굴 홍조가 좋아졌어요
피부과 약먹어도 좋아지지 않았는데 슬림핏먹고 좋아졌어요
이게 어떻게 된일죠!!!!!!!!!!사랑해요",,아주 넉넉해요,꼼꼼해요,편리해요,Y
DP_175,덴프스 슬림핏 다이어트 6주분/3BOX,https://smartstore.naver.com/main/products/8605583247,2025-02-13,5,재구매소개받아서 먹었는데 계속 시켜먹게되네요 너무좋아요,,아주 넉넉해요,꼼꼼해요,편리해요,Y
DP_175,덴프스 슬림핏 다이어트 6주분/3BOX,https://smartstore.naver.com/main/products/8605583247,2025-02-05,5,"한달사용확실히 기름진거 먹고 마시면
아침에 붓는게 덜한거 같아용",,아주 넉넉해요,꼼꼼해요,편리해요,Y
DP_175,덴프스 슬림핏 다이어트 6주분/3BOX,https://smartstore.naver.com/main/products/8605583247,2025-01-31,4,"유통기한이 딱 맞쳐준건가요
헐ㅡㅡ",,임박상품이에요,꼼꼼해요,편리해요,Y
DP_175,덴프스 슬림핏 다이어트 6주분/3BOX,https://smartstore.naver.com/main/products/8605583247,2025-01-23,5,재구매배송빠릅니다 배송빠릅니다 배송빠릅니다 배송빠릅니다 배송빠릅니다 배송빠릅니다,,아주 넉넉해요,꼼꼼해요,편리해요,Y
DP_175,덴프스 슬림핏 다이어트 6주분/3BOX,https://smartstore.naver.com/main/products/8605583247,2025-01-18,5,"구매자식이관심사 다이어트
 빠른배송 감사드립니다",,꽤 남았어요,적당해요,편리해요,Y
DP_175,덴프스 슬림핏 다이어트 6주분/3BOX,https://smartstore.naver.com/main/products/8605583247,2025-01-18,5,재구매빠은배송 편리한 휴대 물에 타면 쥬스같아서 마시기 편해요,,꽤 남았어요,꼼꼼해요,편리해요,Y
DP_175,덴프스 슬림핏 다이어트 6주분/3BOX,https://smartstore.naver.com/main/products/8605583247,2025-01-18,5,학회에서 덴프스 접하고 먹어봤는데 생각보다 잘 맞기도 하고 이렇게 개별로 낱개 포장 되어 있는게 너무 메리트 있는거 같아요! 그리고 부모님들도 어디 가시거나 아니면 집에서도 간편하게 섭취 할 수 있는게 장점이라 선물 드리기에도 좋은 것 같아요! 최근에 설날이라 할인을 크게 해서 다이어트 겸 휘게클랜즈와 슬림핏도 같이 구매했는데 너무 저렴하게 구매한 것 같아 기분이 좋네요!! 트루비타민은에 루테인도 함유되어 있는 버전이 제일 가성비도 좋고 구성이 좋은 것 같아 추천드립니다!!!,,아주 넉넉해요,꼼꼼해요,편리해요,Y
DP_175,덴프스 슬림핏 다이어트 6주분/3BOX,https://smartstore.naver.com/main/products/8605583247,2025-01-16,4,생각보다 맛이 씁쓸하지만 이건 원래 자몽 자체 맛이 씁쓸하니 괜찮은데 대체당이 많이 들어갔는지 좀 많이 단것 같아요...! 처음엔 물 250ml 정도에 타먹어본건데 물을 훨씬 많이 넣고 연하게 먹는게 더 낫네요. 그리고 엄청 차가운 물에는 잘 섞이지 않고 오래 방치해둬야 다 녹아요. 그래도 전체적으로 다이어트 도움+비타민b섭취 용도로 나쁘지 않은 것 같습니다! 아참 저는 사고 나서 이 제품에 카페인이 함유된 걸 알았어요ㅋㅋㅋ 전 커피 대신 마신다 생각하려고 하는데 혹시나 민감하신 분들은 주의하세요!,,아주 넉넉해요,꼼꼼해요,편리해요,Y
DP_175,덴프스 슬림핏 다이어트 6주분/3BOX,https://smartstore.naver.com/main/products/8605583247,2025-01-16,4,몆번 머으본결과 식욕은 감소 되는거 같음,,꽤 남았어요,꼼꼼해요,편리해요,Y
DP_175,덴프스 슬림핏 다이어트 6주분/3BOX,https://smartstore.naver.com/main/products/8605583247,2025-01-15,4,한달사용음료수 대신 탄산수에 타서 마시기 좋아요,,꽤 남았어요,적당해요,그냥그래요,Y
DP_175,덴프스 슬림핏 다이어트 6주분/3BOX,https://smartstore.naver.com/main/products/8605583247,2025-01-15,4,한달사용물에 타먹은면 괜챦은데 바로 먹긴 좀 불편합니다,,꽤 남았어요,적당해요,그냥그래요,Y
DP_175,덴프스 슬림핏 다이어트 6주분/3BOX,https://smartstore.naver.com/main/products/8605583247,2025-01-14,5,한달사용오. 은근 맛이 강해요. 그래도 오후에 입이 심심하거나 피로감이 몰려들때 마시면 좋아요. 지금은 뜨겁게 마시고 있고 여름엔 탄산수에 타 먹으면 맛있을거 같아요,,아주 넉넉해요,꼼꼼해요,편리해요,Y
DP_175,덴프스 슬림핏 다이어트 6주분/3BOX,https://smartstore.naver.com/main/products/8605583247,2025-01-13,5,"한달사용맛이 좋아서 잊지않고 꼬박 꼬박 챙겨 먹게되요.
주변 사람들도 맛 보고는 다들 맛있다고 해요 
?
1",,아주 넉넉해요,꼼꼼해요,편리해요,Y
DP_175,덴프스 슬림핏 다이어트 6주분/3BOX,https://smartstore.naver.com/main/products/8605583247,2025-01-13,5,"빠른배송감사합니다:)
찐복용후기는 한달후에ㅎㅎ",,아주 넉넉해요,꼼꼼해요,편리해요,Y
DP_175,덴프스 슬림핏 다이어트 6주분/3BOX,https://smartstore.naver.com/main/products/8605583247,2025-01-11,5,"재구매계속해서 먹고있어요.
맛도 좋아서 아주 만족해요",,아주 넉넉해요,꼼꼼해요,편리해요,Y
DP_175,덴프스 슬림핏 다이어트 6주분/3BOX,https://smartstore.naver.com/main/products/8605583247,2025-01-08,5,"두달전에 구매하고 맛있어서 또 구매했는데 그때랑 유통기한이 같네요. 뭐지? 싶지만 유통기한에 크게 개의치 않아서. 암튼 맛나여 
?
1",,임박상품이에요,적당해요,편리해요,Y
DP_175,덴프스 슬림핏 다이어트 6주분/3BOX,https://smartstore.naver.com/main/products/8605583247,2025-01-05,5,싸게싸게 빠르게 잘 왔어용,,아주 넉넉해요,꼼꼼해요,편리해요,Y
DP_175,덴프스 슬림핏 다이어트 6주분/3BOX,https://smartstore.naver.com/main/products/8605583247,2025-01-04,5,한달사용먹기 부담스럽지 않고 체중 관리에 효과적입니다,,아주 넉넉해요,꼼꼼해요,편리해요,Y
DP_175,덴프스 슬림핏 다이어트 6주분/3BOX,https://smartstore.naver.com/main/products/8605583247,2024-12-27,4,"한달사용다이어트 하면서 맹물은 못마시겠는데 진짜 저한테 딱인 제품 찾았어요 ㅜㅜㅜ 친구가 추천해줘서 마셔봤는데 제가 딱 좋아하는 맛 !!
끝맛은 살짝 씁쓸한데 그거마저 나쁘지 않아요!",,아주 넉넉해요,적당해요,그냥그래요,Y
DP_175,덴프스 슬림핏 다이어트 6주분/3BOX,https://smartstore.naver.com/main/products/8605583247,2024-12-26,5,한달사용좋아욬^^먹기도 편해요,,아주 넉넉해요,꼼꼼해요,편리해요,Y
DP_175,덴프스 슬림핏 다이어트 6주분/3BOX,https://smartstore.naver.com/main/products/8605583247,2024-12-25,5,배송빠릅니다 배송빠릅니다 배송빠릅니다 배송빠릅니다 배송빠릅니다,,아주 넉넉해요,꼼꼼해요,편리해요,Y
DP_175,덴프스 슬림핏 다이어트 6주분/3BOX,https://smartstore.naver.com/main/products/8605583247,2024-12-22,4,"한달사용맛이있어요~ 얼음넣어서 먹으면 약간스타벅스 자허블같다는생각도 약간들어요 ㅋㅋㅋ
50대의 저는 효과를 잘모르겠으나 20대의 딸은 효과를 보고 자주마십니다. 식욕이 준다고하는데 저는 잘모르겠습니다.",,꽤 남았어요,꼼꼼해요,편리해요,Y
DP_175,덴프스 슬림핏 다이어트 6주분/3BOX,https://smartstore.naver.com/main/products/8605583247,2024-12-21,5,"재구매일단 레몬즙이랑 섞어 마시면 너무 맛있어요
효과는 기대중",,아주 넉넉해요,꼼꼼해요,편리해요,Y
DP_175,덴프스 슬림핏 다이어트 6주분/3BOX,https://smartstore.naver.com/main/products/8605583247,2024-12-16,4,믿는회사라 기대하고 주문했습니다,,꽤 남았어요,적당해요,편리해요,Y
DP_175,덴프스 슬림핏 다이어트 6주분/3BOX,https://smartstore.naver.com/main/products/8605583247,2024-12-15,5,"한달사용거의 다 먹었네요~~^^ 자몽은 원래좋아해서~
이제품도 제 입에는 맛있어요. 물마시기 힘들어서 도움 잘 받고 있어요.",,아주 넉넉해요,꼼꼼해요,편리해요,Y
DP_175,덴프스 슬림핏 다이어트 6주분/3BOX,https://smartstore.naver.com/main/products/8605583247,2024-12-14,5,입 심심하고 속 더부룩하거나 오후 나른할때 마시면 정신이 맑아져요 ㅎ 지금은 겨울이라 저는 뜨겁게 마시는데요. 여름엔 탄산수에 마시면 젛겠단 생각이 들어요. 맛있게 먹을 수 있어서 좋구요..사실 효과는 아직 잘 모르죠.^^ 도움이 되길 바라는 마음으로 마셔요!,,아주 넉넉해요,꼼꼼해요,편리해요,Y
DP_175,덴프스 슬림핏 다이어트 6주분/3BOX,https://smartstore.naver.com/main/products/8605583247,2024-12-11,3,"첫 맛은 써요
과일 껍질 맛처럼~
오늘 세번째 마시는데
이제는 적응 중입니다
40대 되고 나니 살이 찌기 시작해서 관리차원에서 마시려고 주문했어요
갑자기 3키로가 쪄서 😭
살빠지면 다시 리뷰 남기러 올게요 더보기
+1",,꽤 남았어요,적당해요,편리해요,Y
DP_175,덴프스 슬림핏 다이어트 6주분/3BOX,https://smartstore.naver.com/main/products/8605583247,2024-12-09,4,재구매한달사용6개월 동안 꾸준히 먹은 것 같아요. 눈에 띄게 체지방이 줄어든다거나 하는 건 없었지만 음식 많이 먹은 날 마음 안정용으로 챙겨먹어요,,아주 넉넉해요,꼼꼼해요,편리해요,Y
DP_175,덴프스 슬림핏 다이어트 6주분/3BOX,https://smartstore.naver.com/main/products/8605583247,2024-12-08,5,맛있어요!! 다막고 재구매 의사 있어요,,임박상품이에요,별로예요,그냥그래요,Y
DP_175,덴프스 슬림핏 다이어트 6주분/3BOX,https://smartstore.naver.com/main/products/8605583247,2024-12-07,5,다이어트에 도움 된다고 해서 주문했는데 너무 맛있어요,,아주 넉넉해요,꼼꼼해요,편리해요,Y
DP_175,덴프스 슬림핏 다이어트 6주분/3BOX,https://smartstore.naver.com/main/products/8605583247,2024-12-06,5,맛이젛말좋습니다 아침마다가볍게먹고있습니다,,아주 넉넉해요,꼼꼼해요,편리해요,Y
DP_175,덴프스 슬림핏 다이어트 6주분/3BOX,https://smartstore.naver.com/main/products/8605583247,2024-12-05,5,"다이어트 도전해보겠습니다
맛은 자몽맛이라 살짝 씁쓸하지만 살만 빠진다하면 ㅎㅎ",,아주 넉넉해요,꼼꼼해요,편리해요,Y
DP_175,덴프스 슬림핏 다이어트 6주분/3BOX,https://smartstore.naver.com/main/products/8605583247,2024-12-03,5,좋은제품 빠른배송 감사합니다,,아주 넉넉해요,꼼꼼해요,편리해요,Y
DP_175,덴프스 슬림핏 다이어트 6주분/3BOX,https://smartstore.naver.com/main/products/8605583247,2024-11-29,5,"맹물 못마셔서 여러 붓기차나 보리차 결명자만 마시는데 우연히 마셔보고 너무 맛잇어서 구매합니다!
첫 맛은 달달한 자몽맛이구 끝맛은 살짝 쓴맛? 이 나긴 하는데 에이드나 이런거 마실바에 훠어어얼씬 좋은거같아요!! 추천합니다⭐️⭐️⭐️⭐️⭐️",,아주 넉넉해요,적당해요,편리해요,Y
DP_175,덴프스 슬림핏 다이어트 6주분/3BOX,https://smartstore.naver.com/main/products/8605583247,2024-11-24,5,한달사용자몽맛이 너무 좋아욤 물 마시기 싫을 때 타서 마시면 맛잇게 먹을 수 잇어요 체지방 관리도 된다니 다이어트 효과까지! 좋아요,,아주 넉넉해요,꼼꼼해요,편리해요,Y
DP_175,덴프스 슬림핏 다이어트 6주분/3BOX,https://smartstore.naver.com/main/products/8605583247,2024-11-23,5,한달사용맛도 괜찮고 먹기도 너무 편해서 좋아요~,,아주 넉넉해요,꼼꼼해요,편리해요,Y
DP_175,덴프스 슬림핏 다이어트 6주분/3BOX,https://smartstore.naver.com/main/products/8605583247,2024-11-23,5,자몽맛 맛있어요 ~~,,아주 넉넉해요,꼼꼼해요,편리해요,Y
DP_175,덴프스 슬림핏 다이어트 6주분/3BOX,https://smartstore.naver.com/main/products/8605583247,2024-11-22,5,"재구매일단 맛있어요.
시원한 물에 타서 식곤증 올때 커비대신 마시면 딱 좋습니다. 소화도 잘되는 것 같고요. 몸에 부담되지않고 편해요.",,아주 넉넉해요,꼼꼼해요,편리해요,Y
DP_175,덴프스 슬림핏 다이어트 6주분/3BOX,https://smartstore.naver.com/main/products/8605583247,2024-11-20,5,재구매한달사용평소에 물을 잘 안마시는데 덴프스 슬림핏을 500ml 생수병에 한포씩 타서 가지고 다니면서 마시다보니 물도 많이 마시게 되어서 좋습니다,,아주 넉넉해요,꼼꼼해요,편리해요,Y
DP_175,덴프스 슬림핏 다이어트 6주분/3BOX,https://smartstore.naver.com/main/products/8605583247,2024-11-20,5,한달사용재자재구매해서 물에 타 가지고 다닙니다,,아주 넉넉해요,꼼꼼해요,편리해요,Y
DP_175,덴프스 슬림핏 다이어트 6주분/3BOX,https://smartstore.naver.com/main/products/8605583247,2024-11-20,5,늘 기대에 충족하는 덴프스 입니다.,,아주 넉넉해요,꼼꼼해요,편리해요,Y
DP_175,덴프스 슬림핏 다이어트 6주분/3BOX,https://smartstore.naver.com/main/products/8605583247,2024-11-19,5,"배송빨라요
아직 먹기전이에요
꾸준히먹어볼게요",,아주 넉넉해요,꼼꼼해요,편리해요,Y
DP_175,덴프스 슬림핏 다이어트 6주분/3BOX,https://smartstore.naver.com/main/products/8605583247,2024-11-13,5,^^ 저번에. 샘플로 받아서 마셔보고 마음에들어서 구매했어요. 점점 생수를 마시기가 힘들어져서 이것저것 섞어서 마시고 있는데 이게 맛있더라구요. 자몽맛이~~^^ ㅋ 진하게 나서 마음에 들었어요. 다이어트는 음 아직~~ ㅎㅎ기간이 짧아서. 못해도 6개월은 먹어봐야 알것 같아요.,,아주 넉넉해요,꼼꼼해요,편리해요,Y
DP_175,덴프스 슬림핏 다이어트 6주분/3BOX,https://smartstore.naver.com/main/products/8605583247,2024-11-08,5,한달사용생각보다 맛있어서 깜짝 놀랐어요^^,,아주 넉넉해요,꼼꼼해요,편리해요,Y
DP_175,덴프스 슬림핏 다이어트 6주분/3BOX,https://smartstore.naver.com/main/products/8605583247,2024-11-07,5,"오,,,처음 주문할때부터 빨리 먹어보고 싶었어요 첫날 조금 맛이 나랑 안맞나 싶었는데 두번째부터 아주 괜찮음 ㅎ 익숙하지 않은 맛이었나봐요 물 자주 먹는 습관도 들이고 다이어트에 도움되면 좋겠습니다 3달 꾸준히 먹어볼게요",,아주 넉넉해요,꼼꼼해요,편리해요,Y
DP_175,덴프스 슬림핏 다이어트 6주분/3BOX,https://smartstore.naver.com/main/products/8605583247,2024-10-31,5,한달사용항상 애용하고 있어요,,아주 넉넉해요,꼼꼼해요,편리해요,Y
DP_175,덴프스 슬림핏 다이어트 6주분/3BOX,https://smartstore.naver.com/main/products/8605583247,2024-10-28,5,너무좋은제품같아요 또 구매할께옹,,아주 넉넉해요,꼼꼼해요,편리해요,Y
DP_175,덴프스 슬림핏 다이어트 6주분/3BOX,https://smartstore.naver.com/main/products/8605583247,2024-10-23,5,계속 재구매해서 먹고있어요 몸이 가뿐해지는것같아요,,아주 넉넉해요,꼼꼼해요,편리해요,Y
DP_175,덴프스 슬림핏 다이어트 6주분/3BOX,https://smartstore.naver.com/main/products/8605583247,2024-10-23,5,"재구매너무 맛있어서 계속 구매하게 되요.
배송도 빨라요",,아주 넉넉해요,꼼꼼해요,편리해요,Y
DP_175,덴프스 슬림핏 다이어트 6주분/3BOX,https://smartstore.naver.com/main/products/8605583247,2024-10-23,5,너무 맛있어요. 하루 한 포씩 꼭 먹고 있어요.,,아주 넉넉해요,꼼꼼해요,편리해요,Y
DP_175,덴프스 슬림핏 다이어트 6주분/3BOX,https://smartstore.naver.com/main/products/8605583247,2024-10-21,5,"맛이 좋다고 이것만 찾아요~
배송 엄청 빨라요~",,아주 넉넉해요,꼼꼼해요,편리해요,Y
DP_175,덴프스 슬림핏 다이어트 6주분/3BOX,https://smartstore.naver.com/main/products/8605583247,2024-10-20,5,"유통기한 25.04.10 까지네요(오늘24.10.20)
촉박하지 않은 상태로 왔어요.
맹물을 잘 못마셔서 물 마셔볼 생각으로 주문했어요. 이전에 먹어본 제품중에 이게 제일 물을 많이 먹게 되더라고요.
저같은경우에는 삼다수 500미리(길쭉이 얼음 보충)에 한번타서 1/4만큼 마시고 또 물 보충하고 먹으면서 계속 물보충해서 마지막엔 완전 연하게 먹어요. 이렇게 1리터정도나 그보다 조금더 마시는것같아요. 연하게 될때 자몽의 씁쓸한 맛이 더 나긴하는데 못마실정도는 아니에요. 식단을 조절하는건 아니라서 살빠지는건 아닌것같아요. ^^;;",,꽤 남았어요,꼼꼼해요,편리해요,Y
DP_175,덴프스 슬림핏 다이어트 6주분/3BOX,https://smartstore.naver.com/main/products/8605583247,2024-10-15,5,일단 너무 맛있어요! 음료수 당길 때 마시기도 해요 자몽맛이라 씁쓸한 맛도 있어서 호불호가 있을 수 있으나 전 맛있어서 마십니다 ㅎㅎ 과식했을 때 유지할 수 있게 해주는 거 같아서 재구매 의사 있어요 ㅎㅎ,,아주 넉넉해요,꼼꼼해요,편리해요,Y
DP_175,덴프스 슬림핏 다이어트 6주분/3BOX,https://smartstore.naver.com/main/products/8605583247,2024-10-12,5,한달사용자몽맛 맛있어요^^ 식후에 단음료 대신 먹어요^^,,아주 넉넉해요,꼼꼼해요,편리해요,Y
DP_175,덴프스 슬림핏 다이어트 6주분/3BOX,https://smartstore.naver.com/main/products/8605583247,2024-10-05,5,아직 모르겠지만 효과가 있기를,,아주 넉넉해요,꼼꼼해요,편리해요,Y
DP_175,덴프스 슬림핏 다이어트 6주분/3BOX,https://smartstore.naver.com/main/products/8605583247,2024-09-30,5,"아직 몇일안되어 효과는 모르겠네요.
먹기는 편합니다",,아주 넉넉해요,꼼꼼해요,편리해요,Y
DP_175,덴프스 슬림핏 다이어트 6주분/3BOX,https://smartstore.naver.com/main/products/8605583247,2024-09-10,5,"한달사용맛있어요 맹물먹기힘들었는데 안달고 좋아요
근데 다이어트는 모르겠네요",,아주 넉넉해요,꼼꼼해요,편리해요,Y
DP_175,덴프스 슬림핏 다이어트 6주분/3BOX,https://smartstore.naver.com/main/products/8605583247,2024-08-18,4,같은 브랜드 유산균 먹는 중인데 자몽맛 먹어보고 싶어서 구매함^^,,꽤 남았어요,적당해요,편리해요,Y
DP_175,덴프스 슬림핏 다이어트 6주분/3BOX,https://smartstore.naver.com/main/products/8605583247,2024-08-10,4,"물마시기 힘들어서 회사서 마시려고샀는데
다이어트가 될까요? ㅎㅎ",,아주 넉넉해요,꼼꼼해요,편리해요,Y
DP_175,덴프스 슬림핏 다이어트 6주분/3BOX,https://smartstore.naver.com/main/products/8605583247,2024-08-06,4,찬물에도 잘녹고 무난하게 먹기 좋아요.,,꽤 남았어요,적당해요,그냥그래요,Y
DP_175,덴프스 슬림핏 다이어트 6주분/3BOX,https://smartstore.naver.com/main/products/8605583247,2024-08-04,3,"콤부차 그런느낌일줄 알았는데. . 씁씁한 맛이 좀 나네요~
제가 먹기 힘들어하는 맛이라ㅜㅜ
다 먹을 수 있을지 고민이지만. . 꾸준히 먹어볼께요. 배송은 엄청 빨랐어요",,아주 넉넉해요,꼼꼼해요,그냥그래요,Y
DP_175,덴프스 슬림핏 다이어트 6주분/3BOX,https://smartstore.naver.com/main/products/8605583247,2024-08-03,4,한번에 먹기에는 양이 많고 상온의 물에 타 먹기에는 맛이 너무 강렬했음.,,아주 넉넉해요,꼼꼼해요,그냥그래요,Y
DP_175,덴프스 슬림핏 다이어트 6주분/3BOX,https://smartstore.naver.com/main/products/8605583247,2024-07-30,5,요즘 덴프스 구매가 즐거워요,,아주 넉넉해요,꼼꼼해요,편리해요,Y
DP_175,덴프스 슬림핏 다이어트 6주분/3BOX,https://smartstore.naver.com/main/products/8605583247,2024-05-23,5,"한달사용먹다안먹다해서인지
딱히 효과가 있는지 모르겠어요.
그냥 자기위로랄까.
그런 느낌으로 먹고있습니다.",,꽤 남았어요,적당해요,그냥그래요,Y
DP_175,덴프스 슬림핏 다이어트 6주분/3BOX,https://smartstore.naver.com/main/products/8605583247,2024-05-15,5,이번에 처음 먹어보는데 1리터에 하나 타서 하루죙일 먹는것 같아요. 제대로된 복용법인지 모르겠네요~ 자몽의 씁쓸함이 다른제품보다 크네요,,아주 넉넉해요,꼼꼼해요,편리해요,Y
DP_175,덴프스 슬림핏 다이어트 6주분/3BOX,https://smartstore.naver.com/main/products/8605583247,2024-05-09,5,"한달사용상큼하네요, 잘 마실게요~",,아주 넉넉해요,꼼꼼해요,편리해요,Y
DP_175,덴프스 슬림핏 다이어트 6주분/3BOX,https://smartstore.naver.com/main/products/8605583247,2024-04-28,5,"처음에는 단맛이 너무 강해서 아쉬웠어요
먹다보니 괜찮아져서 지속중입니다",,아주 넉넉해요,꼼꼼해요,편리해요,Y
DP_175,덴프스 슬림핏 다이어트 6주분/3BOX,https://smartstore.naver.com/main/products/8605583247,2024-04-14,5,"BEST혈당관리라고해서
구입해봤어요.
눈에 보이지는 않지만
먹는게 낫다라고 생각해서 구입합니다.!
그러면서 다이어트 음료같이 구입해서 한달먼저 먹어보려고요.",,꽤 남았어요,적당해요,그냥그래요,Y
DP_175,덴프스 슬림핏 다이어트 6주분/3BOX,https://smartstore.naver.com/main/products/8605583247,2024-04-12,5,"BEST운동 후에 시원하게 한 잔 하니까 좋으네요~
자몽릐 쌉싸리 맛도 나쁘지 않아요~
체지방이 빠진다면 재구매각이에요~",,아주 넉넉해요,적당해요,편리해요,Y
DP_175,덴프스 슬림핏 다이어트 6주분/3BOX,https://smartstore.naver.com/main/products/8605583247,2024-04-12,5,빠른 배송. 잘 먹어보려고요.,,꽤 남았어요,꼼꼼해요,편리해요,Y
DP_175,덴프스 슬림핏 다이어트 6주분/3BOX,https://smartstore.naver.com/main/products/8605583247,2024-04-12,5,오늘받아서 마셔봤는데 자몽맛 강하네요,,꽤 남았어요,적당해요,편리해요,Y
DP_175,덴프스 슬림핏 다이어트 6주분/3BOX,https://smartstore.naver.com/main/products/8605583247,2024-04-10,4,어제 도착해서 오늘 처음 먹어봤어요. 250ml물에 희석했는데 잘 녹아요. 첫맛은 달고 자몽향이 강한데 끝까지 먹다보면 자몽쌉쌀한 맛이랑 특유의 약맛(?)같은게 많이 나요. 물을 더 많이 넣어서 완전 싱겁게(?) 희석해서 먹어야 더 나을 것 같아요.,,아주 넉넉해요,별로예요,그냥그래요,Y
DP_175,덴프스 슬림핏 다이어트 6주분/3BOX,https://smartstore.naver.com/main/products/8605583247,2024-03-30,5,잘 복용해 볼게요~!!,,아주 넉넉해요,꼼꼼해요,편리해요,Y
DP_175,덴프스 슬림핏 다이어트 6주분/3BOX,https://smartstore.naver.com/main/products/8605583247,2024-03-23,5,"맛있어서 재주문합니다. 상큼한 자몽맛에 맛도 있고 아르기닌, 과라나 덕분에 활력도 생겨서 좋아요. 맹맹한 물마시기 힘들고 오후 3시정도에 달달한거 땡길때 먹으면 좋네요.",,아주 넉넉해요,꼼꼼해요,편리해요,Y
DP_175,덴프스 슬림핏 다이어트 6주분/3BOX,https://smartstore.naver.com/main/products/8605583247,2024-02-16,5,한달사용계속 먹고있는데 뱃살이 빠지는거 같기도해요. 먹는것도 중요하겠지만.. 동영상컨텐츠,,아주 넉넉해요,꼼꼼해요,편리해요,Y
DP_175,덴프스 슬림핏 다이어트 6주분/3BOX,https://smartstore.naver.com/main/products/8605583247,2024-02-06,5,"한달사용자몽주스먹는거 같습니다
잘먹고 있습니다",,아주 넉넉해요,꼼꼼해요,편리해요,Y
DP_175,덴프스 슬림핏 다이어트 6주분/3BOX,https://smartstore.naver.com/main/products/8605583247,2024-01-28,5,한달사용음… 이거 먹으면 잠이안와요 가슴이 두근두근…한네요~ 카페인이 있어서 그런가봐요 살은 빠지는것은 모르겠어요ㅠㅠ,,꽤 남았어요,적당해요,그냥그래요,Y
DP_175,덴프스 슬림핏 다이어트 6주분/3BOX,https://smartstore.naver.com/main/products/8605583247,2024-01-03,5,한달사용매일 복용하고 있는 것은 아니라서 엄청 드라마틱한 효과가 있진 않지만 마실 때마다 화장실을 찾게 되는데 이것도 효과 중 하나일까요? ㅎㅎ 물에 타서 마시면 되니 편리해서 아주 좋아요!,,아주 넉넉해요,꼼꼼해요,편리해요,Y
DP_175,덴프스 슬림핏 다이어트 6주분/3BOX,https://smartstore.naver.com/main/products/8605583247,2023-12-11,5,"일단 맛은 먹을만해요~ 완전 생 자몽먹는 맛이랍니다~ 먹고 난 후는 잘 모르겠으나 카페인이 들어있어서 그런지 가슴이 두근두근하는 느낌이나요~ 꾸준히 먹봐야 알겠어요~ 꼭 살빠지는데 도움이 되었으면합니다~ +1
?
1",,아주 넉넉해요,꼼꼼해요,편리해요,Y
DP_175,덴프스 슬림핏 다이어트 6주분/3BOX,https://smartstore.naver.com/main/products/8605583247,2023-11-28,5,"10주년 맞이 행사로 저렴하게 겟했습니다
늘 꼬박꼬박 챙겨 먹는 유산균이랑 비타민이라 이런 행사 자주 해주셨음 좋겠습니다!",,아주 넉넉해요,꼼꼼해요,편리해요,Y
DP_175,덴프스 슬림핏 다이어트 6주분/3BOX,https://smartstore.naver.com/main/products/8605583247,2023-11-28,5,빠른배송감사합니다. 잘먹어보겠습니다,,아주 넉넉해요,꼼꼼해요,편리해요,Y
DP_175,덴프스 슬림핏 다이어트 6주분/3BOX,https://smartstore.naver.com/main/products/8605583247,2023-11-26,5,"복부비만인 딸을 위해 구입했어요~~
효과를 기대합니다~~^^",,아주 넉넉해요,꼼꼼해요,편리해요,Y
DP_175,덴프스 슬림핏 다이어트 6주분/3BOX,https://smartstore.naver.com/main/products/8605583247,2023-11-26,4,제가 귀차니즘이 심해서그런지.. 물에타먹는거라 조금귀찮네요...ㅋㅋ,,아주 넉넉해요,꼼꼼해요,그냥그래요,Y
DP_175,덴프스 슬림핏 다이어트 6주분/3BOX,https://smartstore.naver.com/main/products/8605583247,2023-10-27,3,먹기 편하고 맛도 좋습니다,,꽤 남았어요,꼼꼼해요,편리해요,Y
DP_175,덴프스 슬림핏 다이어트 6주분/3BOX,https://smartstore.naver.com/main/products/8605583247,2023-10-25,5,한달사용물에 타먹으면 맛있는 자몽맛이 나요. 좋습니다,,아주 넉넉해요,꼼꼼해요,편리해요,Y
DP_175,덴프스 슬림핏 다이어트 6주분/3BOX,https://smartstore.naver.com/main/products/8605583247,2023-10-18,2,"너무달아서 구매한게 좀 후회됩니다ㅜㅜ 
?
1",,아주 넉넉해요,꼼꼼해요,편리해요,Y
DP_175,덴프스 슬림핏 다이어트 6주분/3BOX,https://smartstore.naver.com/main/products/8605583247,2023-10-07,5,"재구매두번째 구매입니다.
맛은 좋은데 ..다이어트는 그닥 호과를 못 받네요.",,꽤 남았어요,꼼꼼해요,편리해요,Y
DP_175,덴프스 슬림핏 다이어트 6주분/3BOX,https://smartstore.naver.com/main/products/8605583247,2023-10-04,5,유산균 꾸준히 먹다가 재구매 고민하는 시기에 화장실가는게 힘들더라구요 효과가 있구나하고 느껴서 영양제도 구매! 믿고 먹겠습니다 몸튼튼해지길!,,아주 넉넉해요,꼼꼼해요,편리해요,Y
DP_175,덴프스 슬림핏 다이어트 6주분/3BOX,https://smartstore.naver.com/main/products/8605583247,2023-09-28,5,살빼는 중이라 한번 사봤어요,,아주 넉넉해요,꼼꼼해요,편리해요,Y
DP_175,덴프스 슬림핏 다이어트 6주분/3BOX,https://smartstore.naver.com/main/products/8605583247,2023-09-26,5,"한달사용맛도 괜찮아요.
소변을 자주 보는 거 같은데 솔직히 살이 빠지는건모르겠어요.",,아주 넉넉해요,꼼꼼해요,편리해요,Y
DP_175,덴프스 슬림핏 다이어트 6주분/3BOX,https://smartstore.naver.com/main/products/8605583247,2023-09-22,5,한달사용편하게 먹을 수 있고 맛있어서 좋아요!,,아주 넉넉해요,꼼꼼해요,편리해요,Y
DP_175,덴프스 슬림핏 다이어트 6주분/3BOX,https://smartstore.naver.com/main/products/8605583247,2023-09-21,4,자몽맛도 적당하고 먹은날 확실히 가벼운거같애요,,꽤 남았어요,적당해요,편리해요,Y
DP_175,덴프스 슬림핏 다이어트 6주분/3BOX,https://smartstore.naver.com/main/products/8605583247,2023-09-20,5,한달사용맛도 괜찮고 체중조절에 효과가 있기를 기대해봅니다,,아주 넉넉해요,꼼꼼해요,편리해요,Y
DP_175,덴프스 슬림핏 다이어트 6주분/3BOX,https://smartstore.naver.com/main/products/8605583247,2023-09-19,5,한달사용자몽을 좋아아는편이라 자몽쥬스처럼 생각하고 마셨어요~ 화장실도 편하게 가고 음료대용으로 마시기 편했어요~,,아주 넉넉해요,꼼꼼해요,편리해요,Y
DP_175,덴프스 슬림핏 다이어트 6주분/3BOX,https://smartstore.naver.com/main/products/8605583247,2023-09-09,5,"한달사용맛이 있어요
꾸준히 먹고 운동했는데
벌써 6주 가까이 먹었네요",,아주 넉넉해요,적당해요,편리해요,Y
DP_175,덴프스 슬림핏 다이어트 6주분/3BOX,https://smartstore.naver.com/main/products/8605583247,2023-09-08,5,생긱보다 쓴 맛이지만 원래 자몽 맛이라 금방 익숙해진 것 같아요. 마시면 속도 편해요!,,아주 넉넉해요,꼼꼼해요,편리해요,Y
DP_175,덴프스 슬림핏 다이어트 6주분/3BOX,https://smartstore.naver.com/main/products/8605583247,2023-09-05,3,"한달사용찬물에 잘 녹지 않아요.
뜨거운물에 녹여서 얼음을 타는데 얼음 넣고 먹다 보면 아래쪽에 가루가 가라앉아요.
뜨거운 물에 타서 차처럼 따뜻하게 마셔야 그나마 가루가 덜 남게 먹을 수 있습니다.
다이어트 하려면 속이 따뜻해야 해서 그런건가? 싶긴 하지만 ...그럼 포장에 얼음 타는건 빼셔야 할거 같아요.
먹고 나면 화장실을 가게 되긴 합니다.
하지만, 살이 빠지진 않았네요 ㅋㅋ
식사는 일반식 2/3 정도 먹고 오후에 한포 하고 운동 병행했는데 살빠지진 않았어요. 
?
1",,아주 넉넉해요,꼼꼼해요,그냥그래요,Y
DP_175,덴프스 슬림핏 다이어트 6주분/3BOX,https://smartstore.naver.com/main/products/8605583247,2023-08-28,5,"간편하게 먹을수 있고 달달하니 맛있어요
효과가 있음 계속 먹지싶습니다",,아주 넉넉해요,꼼꼼해요,편리해요,Y
DP_175,덴프스 슬림핏 다이어트 6주분/3BOX,https://smartstore.naver.com/main/products/8605583247,2023-08-20,5,덴프스 양용하고 있는대… 집에 구도 먹으려고 구입… 이번에 좀더 저렴하게 구입해서 좋아요~~~,,꽤 남았어요,적당해요,그냥그래요,Y
DP_175,덴프스 슬림핏 다이어트 6주분/3BOX,https://smartstore.naver.com/main/products/8605583247,2023-08-19,5,"덴프스는 처음에 유산균때문에 알게 되었는데 어쩌다보니 트루바이비타민, 비타민D, 이젠 슬림핏제품까지 구매했네요~
맛도 괜찮아요
매일 한포씩 꾸준하게 먹는중입니다~",,아주 넉넉해요,꼼꼼해요,편리해요,Y
DP_175,덴프스 슬림핏 다이어트 6주분/3BOX,https://smartstore.naver.com/main/products/8605583247,2023-08-19,5,자몽맛 맛있어요!! 물에 잘녹고 간편해서 더 좋아요!,,아주 넉넉해요,꼼꼼해요,편리해요,Y
DP_175,덴프스 슬림핏 다이어트 6주분/3BOX,https://smartstore.naver.com/main/products/8605583247,2023-08-18,5,간편히 휴대하기 좋고 맛도 깔끔해 먹기에도 좋습니다.,,아주 넉넉해요,적당해요,편리해요,Y
DP_175,덴프스 슬림핏 다이어트 6주분/3BOX,https://smartstore.naver.com/main/products/8605583247,2023-08-18,5,여름에 시원하게 먹기 편해용~,,아주 넉넉해요,꼼꼼해요,편리해요,Y
DP_175,덴프스 슬림핏 다이어트 6주분/3BOX,https://smartstore.naver.com/main/products/8605583247,2023-08-18,5,"휘게 다이어트먹다가 마시는 타입이라
주문했습니다",,아주 넉넉해요,꼼꼼해요,편리해요,Y
DP_175,덴프스 슬림핏 다이어트 6주분/3BOX,https://smartstore.naver.com/main/products/8605583247,2023-08-18,5,다이어트보조제가 필요한데 가르시니아성분은 잘 안 맞는거같고...해서 이것저것 찾아보다 자몽좋아해서 주문해봤어요. 시네트롤 주성분인 제품중에 가르시니아가 들어있는것고 있는데 이 제품엔 없어서 좋았어요.받자마자 한포 물에 타서 먹으니 생각보다 좀 쓰네요..자몽의 상큼함보단 자몽의 쓴맛이 먼저 느껴지지만 나름 맛나요 ㅋ한번먹어서 다이어트효과는 아직 모르겠지만 꾸준히 먹어보겠습니다.,,꽤 남았어요,적당해요,편리해요,Y
DP_175,덴프스 슬림핏 다이어트 6주분/3BOX,https://smartstore.naver.com/main/products/8605583247,2023-08-18,5,"먹기편하고 단맛은 많이 느껴지지 않네요
포장박스 상태는 좀 엉성한 느낌 덴프스에서 받은 택배중 가장 어설픈 택배박스 였네요",,꽤 남았어요,별로예요,편리해요,Y
DP_175,덴프스 슬림핏 다이어트 6주분/3BOX,https://smartstore.naver.com/main/products/8605583247,2023-08-17,5,맛도 괜찮아요.소변을 자주 가요,,아주 넉넉해요,꼼꼼해요,편리해요,Y
DP_175,덴프스 슬림핏 다이어트 6주분/3BOX,https://smartstore.naver.com/main/products/8605583247,2023-08-13,4,"물에 잘녹고 한포씩먹기 편해요.
자몽이나 상큼한거 좋아한다면 추천합니다.",,꽤 남았어요,적당해요,편리해요,Y
DP_175,덴프스 슬림핏 다이어트 6주분/3BOX,https://smartstore.naver.com/main/products/8605583247,2023-08-03,4,"자몽 씁쓸한 맛이 좀 많이 나는 편이에요.
물을 많이 넣어서~ 1리터쯤에 한포 타먹고 있습니다.
이거 의외로~ 따뜻한물에 타도 맛있어요.
하루 1포 이상 먹게될거 같은 맛이에요.
가격이 좀 비싸서... 아쉽습니다.",,아주 넉넉해요,꼼꼼해요,편리해요,Y
DP_175,덴프스 슬림핏 다이어트 6주분/3BOX,https://smartstore.naver.com/main/products/8605583247,2023-08-03,5,"운동하면서 물 마시기 불편한 점
이걸로 해결
잘 마셔볼게요",,아주 넉넉해요,적당해요,편리해요,Y
DP_175,덴프스 슬림핏 다이어트 6주분/3BOX,https://smartstore.naver.com/main/products/8605583247,2023-07-20,5,"나릿진 예전에비해서 잘 없던데, 효과있으면 꾸준히 이용하려고요.",,꽤 남았어요,적당해요,편리해요,Y
DP_175,덴프스 슬림핏 다이어트 6주분/3BOX,https://smartstore.naver.com/main/products/8605583247,2023-07-01,5,안내대로 물 500ml 에 타서 마셨는데 상큼한 맛은 아니고.. 약간 쓴 맛이 있네요. 물 많이 타서 마셔야겠어요..,,아주 넉넉해요,꼼꼼해요,그냥그래요,Y
DP_175,덴프스 슬림핏 다이어트 6주분/3BOX,https://smartstore.naver.com/main/products/8605583247,2023-06-22,5,맛있어요 살도빠졌음 좋겠군요,,아주 넉넉해요,꼼꼼해요,편리해요,Y
