﻿상품코드,상품명,URL,날짜,별점,리뷰텍스트,구매자 성별,유통기한,포장,편리,판매여부
DP_247,덴프스 휘게클렌즈 화이버 4주분/2BOX,https://smartstore.naver.com/main/products/8321161540,2024-10-20,5,한달사용효과 있어요~~아주 좋아요,,아주 넉넉해요,꼼꼼해요,편리해요,Y
DP_247,덴프스 휘게클렌즈 화이버 4주분/2BOX,https://smartstore.naver.com/main/products/8321161540,2024-10-10,5,"배부르게 먹을땐 필수네요 잘나옵니다?
몸에 무리없고 무조건 챙겨먹는 차전자피 입니다",,아주 넉넉해요,꼼꼼해요,편리해요,Y
DP_247,덴프스 휘게클렌즈 화이버 4주분/2BOX,https://smartstore.naver.com/main/products/8321161540,2024-10-08,4,라이브 통해 처음 구입해봤는데 유통기한이 짧아서 아쉽네요.,,임박상품이에요,적당해요,그냥그래요,Y
DP_247,덴프스 휘게클렌즈 화이버 4주분/2BOX,https://smartstore.naver.com/main/products/8321161540,2024-09-27,5,사은품까지 잘 받았어요 혈당,,아주 넉넉해요,꼼꼼해요,편리해요,Y
DP_247,덴프스 휘게클렌즈 화이버 4주분/2BOX,https://smartstore.naver.com/main/products/8321161540,2024-08-19,5,"재구매한달사용화장실을못가서..ㅠ 이거 꼭먹어야되요ㅠ
다음주에재구매합니다",,아주 넉넉해요,꼼꼼해요,편리해요,Y
DP_247,덴프스 휘게클렌즈 화이버 4주분/2BOX,https://smartstore.naver.com/main/products/8321161540,2024-07-05,5,"재구매변비가.. 진짜 너~~ 무 심해서.. 유산균도 많이 찾아서 먹고, 푸른?푸룬? 변비에 좋다는건 엄청 먹어봣어요. 차전자피? 이게.. 그마나 괜찮네요 ㅠ",,아주 넉넉해요,꼼꼼해요,편리해요,Y
DP_247,덴프스 휘게클렌즈 화이버 4주분/2BOX,https://smartstore.naver.com/main/products/8321161540,2024-06-22,5,야채 챙겨 먹기 귀찮아서 식이섬유를 구매했습니다. 화장실 잘 가고 좋아요.,,아주 넉넉해요,꼼꼼해요,편리해요,Y
DP_247,덴프스 휘게클렌즈 화이버 4주분/2BOX,https://smartstore.naver.com/main/products/8321161540,2024-05-10,5,변비가 너~~~~무심해서 차전자피 식이섬유먹으면 그나마 괜찮더라구요 먹기편해요~,,아주 넉넉해요,꼼꼼해요,편리해요,Y
