﻿상품코드,상품명,URL,날짜,별점,리뷰텍스트,구매자 성별,유통기한,포장,편리,판매여부
DP_035,덴프스 유산균이야기 2박스/4개월분 + 트루바이타민 액티브 2박스/2개월분,https://smartstore.naver.com/main/products/11035555776,2025-08-12,4,"한달사용꾸준히 먹고있어요
저는 잘모르겠는데 남편이 좋데요",,꽤 남았어요,적당해요,편리해요,Y
DP_035,덴프스 유산균이야기 2박스/4개월분 + 트루바이타민 액티브 2박스/2개월분,https://smartstore.naver.com/main/products/11035555776,2025-06-05,5,"한달사용해외 나갈일이 있어서 대용량 구매했어요 ~~~
늘 아침 공복에 챙겨먹는 유산균이에요
다른것도 먹어봤는데 전 이게 젤 잘맞는 것 같아요 효과듀 ㅈ좋고",여성,아주 넉넉해요,꼼꼼해요,편리해요,Y
DP_035,덴프스 유산균이야기 2박스/4개월분 + 트루바이타민 액티브 2박스/2개월분,https://smartstore.naver.com/main/products/11035555776,2025-06-02,5,"몇개월째 꾸준히먹고 있습니다.
딱히 눈에 띄는 효과는 모르겠으나 먹기편하여 계속 섭취중입니다.
비타민도 효과가 있길 바라며",남성,아주 넉넉해요,꼼꼼해요,편리해요,Y
DP_035,덴프스 유산균이야기 2박스/4개월분 + 트루바이타민 액티브 2박스/2개월분,https://smartstore.naver.com/main/products/11035555776,2025-05-20,5,"한달사용꾸준히 먹고 있어요
또 주문해야겠네요~^^",여성,꽤 남았어요,적당해요,편리해요,Y
DP_035,덴프스 유산균이야기 2박스/4개월분 + 트루바이타민 액티브 2박스/2개월분,https://smartstore.naver.com/main/products/11035555776,2025-05-02,4,한달사용항산 챙겨먹는 제품이에요 굿굿,,꽤 남았어요,적당해요,그냥그래요,Y
DP_035,덴프스 유산균이야기 2박스/4개월분 + 트루바이타민 액티브 2박스/2개월분,https://smartstore.naver.com/main/products/11035555776,2025-04-16,5,"유산균은 알이 작아서 먹기편해서 항상 먹던거고, 비타민도 액티브는 처음먹어보지만 다른시리즈로 잘 먹고있어서 엑티브도 이번에 한번 사봤어요!",,아주 넉넉해요,꼼꼼해요,편리해요,Y
DP_035,덴프스 유산균이야기 2박스/4개월분 + 트루바이타민 액티브 2박스/2개월분,https://smartstore.naver.com/main/products/11035555776,2025-04-13,5,한달사용잘먹고있습니다~~~,,아주 넉넉해요,꼼꼼해요,편리해요,Y
DP_035,덴프스 유산균이야기 2박스/4개월분 + 트루바이타민 액티브 2박스/2개월분,https://smartstore.naver.com/main/products/11035555776,2025-04-05,5,딸과 같이 매일 잊지않고 먹어요,여성,아주 넉넉해요,적당해요,편리해요,Y
DP_035,덴프스 유산균이야기 2박스/4개월분 + 트루바이타민 액티브 2박스/2개월분,https://smartstore.naver.com/main/products/11035555776,2025-03-29,5,"배송도 빠르고 유산균은 꾸준히 먹었었는디, 영양제까지 함께 먹어보려고 합니다~~",,꽤 남았어요,꼼꼼해요,편리해요,Y
DP_035,덴프스 유산균이야기 2박스/4개월분 + 트루바이타민 액티브 2박스/2개월분,https://smartstore.naver.com/main/products/11035555776,2025-03-26,5,남편이 장이 안좋아서 거의맨날 설사를했는데 덴프스 유산균먹기 시작하면서 많이좋아져서 유산균이야기로 정착하게됐어요. 일단 실온보관인점 정말 좋구요~ 알도 작아서 몸넘김이 수월해요!! 유산균과 비타민 함께 구성된상품 구입하면서 영양제도 덴프스로 시작합니다!!! 출산후에 몸이 많이 약해졌는데 체력보충하기 딱 좋아요. 꾸준히 먹으면서 건강관리하려구요❤️,,꽤 남았어요,적당해요,편리해요,Y
DP_035,덴프스 유산균이야기 2박스/4개월분 + 트루바이타민 액티브 2박스/2개월분,https://smartstore.naver.com/main/products/11035555776,2025-03-26,5,빠른 배송 감사합니다 굿굿,,꽤 남았어요,적당해요,그냥그래요,Y
DP_035,덴프스 유산균이야기 2박스/4개월분 + 트루바이타민 액티브 2박스/2개월분,https://smartstore.naver.com/main/products/11035555776,2025-03-26,5,"원래 30일짜리 작은 사이즈 사서 먹고 있었는데, 이번 라이브방송 보고 가격이 괜찮아서 구매해봤어요 !! 비타민도 필요했는데 개별포장 되어있는 제품이라 마음에 들어요.
덴프스 유산균이 확실히 다른 유산균보다 화장실도 편하게 갈 수 있게 도와주고, 비타민도 먹기 편해서 좋은 것 같아요 !
약 크기도 타사 제품에 비해 훨씬 작아서 목넘김도 아주 좋습니다.
엄마랑 같이 먹으니까 금방 먹는 것 같아요 +1",여성,아주 넉넉해요,꼼꼼해요,편리해요,Y
DP_035,덴프스 유산균이야기 2박스/4개월분 + 트루바이타민 액티브 2박스/2개월분,https://smartstore.naver.com/main/products/11035555776,2025-03-05,5,할인율 좋게 구매했어요~~ 무난하게 먹기 좋아요,,꽤 남았어요,꼼꼼해요,편리해요,Y
DP_035,덴프스 유산균이야기 2박스/4개월분 + 트루바이타민 액티브 2박스/2개월분,https://smartstore.naver.com/main/products/11035555776,2025-02-27,5,한달사용하루가 활기차요!!!!,,아주 넉넉해요,꼼꼼해요,편리해요,Y
DP_035,덴프스 유산균이야기 2박스/4개월분 + 트루바이타민 액티브 2박스/2개월분,https://smartstore.naver.com/main/products/11035555776,2025-02-16,5,"한달사용일단 약 크기 작아서 목 넘김이 좋아 아이들 먹기도 너무 좋구요,먹으면 저는 화장실 가는 느낌이 정말 다르더라구요.
꼬박꼬박 먹으면서 장 건강 잘 챙기겠습니다~!!!",여성,아주 넉넉해요,꼼꼼해요,편리해요,Y
DP_035,덴프스 유산균이야기 2박스/4개월분 + 트루바이타민 액티브 2박스/2개월분,https://smartstore.naver.com/main/products/11035555776,2025-02-13,5,한달사용비타민이 개별포장이라 먹기 좋아요~,,아주 넉넉해요,꼼꼼해요,편리해요,Y
DP_035,덴프스 유산균이야기 2박스/4개월분 + 트루바이타민 액티브 2박스/2개월분,https://smartstore.naver.com/main/products/11035555776,2025-02-11,5,한달사용저렴하게 잘잤습니다~^^,,아주 넉넉해요,꼼꼼해요,편리해요,Y
DP_035,덴프스 유산균이야기 2박스/4개월분 + 트루바이타민 액티브 2박스/2개월분,https://smartstore.naver.com/main/products/11035555776,2025-02-07,5,한달사용늘 먹는 필수템 입니다.,여성,아주 넉넉해요,꼼꼼해요,편리해요,Y
DP_035,덴프스 유산균이야기 2박스/4개월분 + 트루바이타민 액티브 2박스/2개월분,https://smartstore.naver.com/main/products/11035555776,2025-01-27,5,"한달사용진짜 좋네요.. 이거먹고 한결 나아진거같습니다.
푀고최거‘ㅜㅜ 동영상컨텐츠",,아주 넉넉해요,꼼꼼해요,편리해요,Y
DP_035,덴프스 유산균이야기 2박스/4개월분 + 트루바이타민 액티브 2박스/2개월분,https://smartstore.naver.com/main/products/11035555776,2025-01-20,5,한달사용먹기 편하고 감기나 피곤함이 덜한 듯. 전반적으로 다른 유산균보다 효과 있어보임~~ 추천이에요,,아주 넉넉해요,꼼꼼해요,편리해요,Y
DP_035,덴프스 유산균이야기 2박스/4개월분 + 트루바이타민 액티브 2박스/2개월분,https://smartstore.naver.com/main/products/11035555776,2025-01-13,5,한달사용항상 재구매하는 덴프스 이번엔 질유산균 먹어보랴구여,,아주 넉넉해요,꼼꼼해요,편리해요,Y
DP_035,덴프스 유산균이야기 2박스/4개월분 + 트루바이타민 액티브 2박스/2개월분,https://smartstore.naver.com/main/products/11035555776,2025-01-05,5,한달사용아이유산균 좋아요 잘먹고있어요,여성,아주 넉넉해요,꼼꼼해요,편리해요,Y
DP_035,덴프스 유산균이야기 2박스/4개월분 + 트루바이타민 액티브 2박스/2개월분,https://smartstore.naver.com/main/products/11035555776,2025-01-04,5,한달사용먹어본 유산균 중 효과가 가장 좋았습니다 꾸준히 먹고 있어요,,꽤 남았어요,꼼꼼해요,편리해요,Y
DP_035,덴프스 유산균이야기 2박스/4개월분 + 트루바이타민 액티브 2박스/2개월분,https://smartstore.naver.com/main/products/11035555776,2025-01-02,5,한달사용늘 잘 먹고 있지요.,여성,아주 넉넉해요,꼼꼼해요,편리해요,Y
DP_035,덴프스 유산균이야기 2박스/4개월분 + 트루바이타민 액티브 2박스/2개월분,https://smartstore.naver.com/main/products/11035555776,2025-01-02,5,한달사용두달치 구매한거 다 먹고 추가 구매했어요~ 한꺼번에 먹을수있어서 좋아요,,아주 넉넉해요,적당해요,편리해요,Y
DP_035,덴프스 유산균이야기 2박스/4개월분 + 트루바이타민 액티브 2박스/2개월분,https://smartstore.naver.com/main/products/11035555776,2024-12-30,5,한달사용꾸준히 먹고 있는데 효과가 조금 이제 있는 것 같아요 ㅎ,남성,아주 넉넉해요,꼼꼼해요,편리해요,Y
DP_035,덴프스 유산균이야기 2박스/4개월분 + 트루바이타민 액티브 2박스/2개월분,https://smartstore.naver.com/main/products/11035555776,2024-12-29,5,한달사용유산균 비타민 한꺼번에 저렴하게 구매할수 있어서 좋아요~ 배송도 빨라요,,아주 넉넉해요,꼼꼼해요,편리해요,Y
DP_035,덴프스 유산균이야기 2박스/4개월분 + 트루바이타민 액티브 2박스/2개월분,https://smartstore.naver.com/main/products/11035555776,2024-12-29,5,한달사용조금은 도움이되는거 같아요 ^^,,아주 넉넉해요,꼼꼼해요,편리해요,Y
DP_035,덴프스 유산균이야기 2박스/4개월분 + 트루바이타민 액티브 2박스/2개월분,https://smartstore.naver.com/main/products/11035555776,2024-12-28,5,한달사용신랑먹이려고 샀는데 잘먹고 있어요,남성,아주 넉넉해요,꼼꼼해요,편리해요,Y
DP_035,덴프스 유산균이야기 2박스/4개월분 + 트루바이타민 액티브 2박스/2개월분,https://smartstore.naver.com/main/products/11035555776,2024-12-28,5,비타민이랑 유산균이 정말 먹자마자 활성화되서 즉각효과 있는거 같아요,,아주 넉넉해요,꼼꼼해요,편리해요,Y
DP_035,덴프스 유산균이야기 2박스/4개월분 + 트루바이타민 액티브 2박스/2개월분,https://smartstore.naver.com/main/products/11035555776,2024-12-26,5,한달사용아이들이 잘 먹고 있어요,여성,아주 넉넉해요,꼼꼼해요,편리해요,Y
DP_035,덴프스 유산균이야기 2박스/4개월분 + 트루바이타민 액티브 2박스/2개월분,https://smartstore.naver.com/main/products/11035555776,2024-12-26,4,한달사용저렴한 가격에 잘사서 먹고 있습니다.,남성,아주 넉넉해요,꼼꼼해요,편리해요,Y
DP_035,덴프스 유산균이야기 2박스/4개월분 + 트루바이타민 액티브 2박스/2개월분,https://smartstore.naver.com/main/products/11035555776,2024-12-24,5,합리적인 가격으로 잘 구입한거 같아요!,남성,꽤 남았어요,꼼꼼해요,편리해요,Y
DP_035,덴프스 유산균이야기 2박스/4개월분 + 트루바이타민 액티브 2박스/2개월분,https://smartstore.naver.com/main/products/11035555776,2024-12-24,5,"한달사용먹기 편하고 좋아요
브랜드야 말할필요없이 믿음이.가죠!!",여성,꽤 남았어요,적당해요,편리해요,Y
DP_035,덴프스 유산균이야기 2박스/4개월분 + 트루바이타민 액티브 2박스/2개월분,https://smartstore.naver.com/main/products/11035555776,2024-12-23,5,매번챙겨먹는 필수템!,여성,아주 넉넉해요,꼼꼼해요,편리해요,Y
DP_035,덴프스 유산균이야기 2박스/4개월분 + 트루바이타민 액티브 2박스/2개월분,https://smartstore.naver.com/main/products/11035555776,2024-12-16,4,먹기 편한 포장!! 만족,,꽤 남았어요,꼼꼼해요,편리해요,Y
DP_035,덴프스 유산균이야기 2박스/4개월분 + 트루바이타민 액티브 2박스/2개월분,https://smartstore.naver.com/main/products/11035555776,2024-12-15,5,좋아요.......,,꽤 남았어요,적당해요,편리해요,Y
DP_035,덴프스 유산균이야기 2박스/4개월분 + 트루바이타민 액티브 2박스/2개월분,https://smartstore.naver.com/main/products/11035555776,2024-12-11,5,"공유 유산균
일단 먹기좋고. 저렴한가격에 행사로 넘잘샀어요
먹고또사려고요",여성,아주 넉넉해요,꼼꼼해요,편리해요,Y
DP_035,덴프스 유산균이야기 2박스/4개월분 + 트루바이타민 액티브 2박스/2개월분,https://smartstore.naver.com/main/products/11035555776,2024-12-10,5,먹기 너무 편합니다.,,꽤 남았어요,적당해요,그냥그래요,Y
DP_035,덴프스 유산균이야기 2박스/4개월분 + 트루바이타민 액티브 2박스/2개월분,https://smartstore.naver.com/main/products/11035555776,2024-12-09,5,간편하게 하루 한번 잘먹고있어요,여성,아주 넉넉해요,꼼꼼해요,편리해요,Y
DP_035,덴프스 유산균이야기 2박스/4개월분 + 트루바이타민 액티브 2박스/2개월분,https://smartstore.naver.com/main/products/11035555776,2024-12-05,5,"유산균은 워낙 유명하고
멀티비타민은 고용량인게 많어서인지 배탈남",,꽤 남았어요,적당해요,편리해요,Y
DP_035,덴프스 유산균이야기 2박스/4개월분 + 트루바이타민 액티브 2박스/2개월분,https://smartstore.naver.com/main/products/11035555776,2024-12-04,5,유산균 좋은거는 이미 알고 있었고 비타민도 믿고 복용합니다~!,여성,아주 넉넉해요,꼼꼼해요,편리해요,Y
DP_035,덴프스 유산균이야기 2박스/4개월분 + 트루바이타민 액티브 2박스/2개월분,https://smartstore.naver.com/main/products/11035555776,2024-12-03,5,늘 먹던 제품 저렴하게 구매했어요~,,아주 넉넉해요,꼼꼼해요,편리해요,Y
DP_035,덴프스 유산균이야기 2박스/4개월분 + 트루바이타민 액티브 2박스/2개월분,https://smartstore.naver.com/main/products/11035555776,2024-12-03,5,가족들이 다 같이 먹는데 이런 세일 넘 좋아요,여성,아주 넉넉해요,꼼꼼해요,편리해요,Y
DP_035,덴프스 유산균이야기 2박스/4개월분 + 트루바이타민 액티브 2박스/2개월분,https://smartstore.naver.com/main/products/11035555776,2024-12-03,5,간편하게 먹기 좋아요~,,꽤 남았어요,적당해요,편리해요,Y
DP_035,덴프스 유산균이야기 2박스/4개월분 + 트루바이타민 액티브 2박스/2개월분,https://smartstore.naver.com/main/products/11035555776,2024-12-03,5,"꾸준히 먹고있는중,",,아주 넉넉해요,꼼꼼해요,편리해요,Y
DP_035,덴프스 유산균이야기 2박스/4개월분 + 트루바이타민 액티브 2박스/2개월분,https://smartstore.naver.com/main/products/11035555776,2024-12-01,5,늘 먹는 유산균입니다. 좋은가격에 잘 샀어요.,남성,아주 넉넉해요,꼼꼼해요,편리해요,Y
DP_035,덴프스 유산균이야기 2박스/4개월분 + 트루바이타민 액티브 2박스/2개월분,https://smartstore.naver.com/main/products/11035555776,2024-12-01,5,빠른배송 많이파세요~~~~~~~!!!!,남성,아주 넉넉해요,꼼꼼해요,편리해요,Y
DP_035,덴프스 유산균이야기 2박스/4개월분 + 트루바이타민 액티브 2박스/2개월분,https://smartstore.naver.com/main/products/11035555776,2024-11-29,5,먹고있는 중인데 꾸준히 먹어보려고요,여성,아주 넉넉해요,꼼꼼해요,편리해요,Y
DP_035,덴프스 유산균이야기 2박스/4개월분 + 트루바이타민 액티브 2박스/2개월분,https://smartstore.naver.com/main/products/11035555776,2024-11-29,5,"유산균+비타민 구성 너무 좋아요!
선물도 하려고 추가구매합니다",,꽤 남았어요,꼼꼼해요,편리해요,Y
DP_035,덴프스 유산균이야기 2박스/4개월분 + 트루바이타민 액티브 2박스/2개월분,https://smartstore.naver.com/main/products/11035555776,2024-11-29,5,"BEST기존에 먹던거보다 비타민B함유량이 높아서 남편 주려고 샀습니다.
평상시 먹기도 좋고,출장이나 외출도 용이한데 먹음 효과도 있다고 하네요.
유산균은 작아서 목넘김이 좋더라구요.
덴푸스에 정착합니다~",남성,아주 넉넉해요,꼼꼼해요,편리해요,Y
DP_035,덴프스 유산균이야기 2박스/4개월분 + 트루바이타민 액티브 2박스/2개월분,https://smartstore.naver.com/main/products/11035555776,2024-11-28,5,"딸아이가한테 도움이 될까하고 구매했어요^^
배송도 빨라요~",,아주 넉넉해요,꼼꼼해요,편리해요,Y
DP_035,덴프스 유산균이야기 2박스/4개월분 + 트루바이타민 액티브 2박스/2개월분,https://smartstore.naver.com/main/products/11035555776,2024-11-27,5,"먹던 유산균이랑 새로 나온 비타민 시켰어요
배송빠름요",,아주 넉넉해요,꼼꼼해요,편리해요,Y
DP_035,덴프스 유산균이야기 2박스/4개월분 + 트루바이타민 액티브 2박스/2개월분,https://smartstore.naver.com/main/products/11035555776,2024-11-27,5,항상 주문해서 먹습니다,,꽤 남았어요,적당해요,편리해요,Y
DP_035,덴프스 유산균이야기 2박스/4개월분 + 트루바이타민 액티브 2박스/2개월분,https://smartstore.naver.com/main/products/11035555776,2024-11-27,5,여러 유산균 먹어봤지만 덴프스가 제일 잘 맞아요. 비타민은 신랑 주려고 주문했어요~ 먹기 편하고 좋아요~,,아주 넉넉해요,꼼꼼해요,편리해요,Y
DP_035,덴프스 유산균이야기 2박스/4개월분 + 트루바이타민 액티브 2박스/2개월분,https://smartstore.naver.com/main/products/11035555776,2024-11-26,5,먹기 편하게 나와서 처음 시켜봤습니다,,꽤 남았어요,꼼꼼해요,편리해요,Y
DP_035,덴프스 유산균이야기 2박스/4개월분 + 트루바이타민 액티브 2박스/2개월분,https://smartstore.naver.com/main/products/11035555776,2024-11-26,5,싸게 잘 샀습니다 요새 계속 피곤해서 좀 챙겨먹어야겠어요,,꽤 남았어요,꼼꼼해요,편리해요,Y
DP_035,덴프스 유산균이야기 2박스/4개월분 + 트루바이타민 액티브 2박스/2개월분,https://smartstore.naver.com/main/products/11035555776,2024-11-26,5,"가족들 다 같이 먹어요
유산균은 필수죠~",여성,아주 넉넉해요,꼼꼼해요,편리해요,Y
DP_035,덴프스 유산균이야기 2박스/4개월분 + 트루바이타민 액티브 2박스/2개월분,https://smartstore.naver.com/main/products/11035555776,2024-11-26,5,마음에 들어요 다음에 또 구매할 의사 있어요,남성,아주 넉넉해요,꼼꼼해요,편리해요,Y
DP_035,덴프스 유산균이야기 2박스/4개월분 + 트루바이타민 액티브 2박스/2개월분,https://smartstore.naver.com/main/products/11035555776,2024-11-26,5,"세일할때 쟁여뒀어요
속이 편해서 좋아요",,아주 넉넉해요,꼼꼼해요,편리해요,Y
DP_035,덴프스 유산균이야기 2박스/4개월분 + 트루바이타민 액티브 2박스/2개월분,https://smartstore.naver.com/main/products/11035555776,2024-11-25,5,안심할수있고 휴대하기 편한 포장,남성,꽤 남았어요,꼼꼼해요,편리해요,Y
DP_035,덴프스 유산균이야기 2박스/4개월분 + 트루바이타민 액티브 2박스/2개월분,https://smartstore.naver.com/main/products/11035555776,2024-11-25,5,"믿고 먹는 덴프스!!
유산균이야 워낙 유명하죠 ㅎ 먹는 날과 안 먹는 날의 차이가 드라마틱해요😉트루바이타만 액티브는 이것저것 챙겨 먹기 귀찮을 때 한번에 해결 할 수 있어 간편해요!!👍🏻",여성,아주 넉넉해요,꼼꼼해요,편리해요,Y
DP_035,덴프스 유산균이야기 2박스/4개월분 + 트루바이타민 액티브 2박스/2개월분,https://smartstore.naver.com/main/products/11035555776,2024-11-25,5,"세일할 때 쟁여야 하는 비타민과 유산균입니다
단품 구매보다 저렴하고 보관도 편해서 득템했습니다
1주일 비타민 꾸준히 복용했는데도 아침에 몸이 가뿐해졌어요",,아주 넉넉해요,꼼꼼해요,편리해요,Y
DP_035,덴프스 유산균이야기 2박스/4개월분 + 트루바이타민 액티브 2박스/2개월분,https://smartstore.naver.com/main/products/11035555776,2024-11-24,5,원하는 성분의 제품에 몇개월씩의 양을 받을 수 있어 좋습니다.,,아주 넉넉해요,꼼꼼해요,편리해요,Y
DP_035,덴프스 유산균이야기 2박스/4개월분 + 트루바이타민 액티브 2박스/2개월분,https://smartstore.naver.com/main/products/11035555776,2024-11-24,4,"항상 믿고 구매해서 먹고 있어요.
특히 유산균은 보관이 용이해서 너무 좋아요",여성,꽤 남았어요,꼼꼼해요,편리해요,Y
DP_035,덴프스 유산균이야기 2박스/4개월분 + 트루바이타민 액티브 2박스/2개월분,https://smartstore.naver.com/main/products/11035555776,2024-11-24,5,건강해지려고 구입했습니다,남성,꽤 남았어요,적당해요,편리해요,Y
DP_035,덴프스 유산균이야기 2박스/4개월분 + 트루바이타민 액티브 2박스/2개월분,https://smartstore.naver.com/main/products/11035555776,2024-11-22,5,배송이 빨라서 더 좋아요.. 아이가 알약 크기때문에 다른비타민은 안먹는데 이건 잘 넘어간다고 챙겨먹네요,여성,아주 넉넉해요,꼼꼼해요,편리해요,Y
DP_035,덴프스 유산균이야기 2박스/4개월분 + 트루바이타민 액티브 2박스/2개월분,https://smartstore.naver.com/main/products/11035555776,2024-11-22,5,배송도 빠르고 먹기좋게 분리되어 편하네요,남성,꽤 남았어요,적당해요,편리해요,Y
DP_035,덴프스 유산균이야기 2박스/4개월분 + 트루바이타민 액티브 2박스/2개월분,https://smartstore.naver.com/main/products/11035555776,2024-11-22,5,저렴하게 잘 샀습니다 잘 먹을게요!,,아주 넉넉해요,꼼꼼해요,편리해요,Y
DP_035,덴프스 유산균이야기 2박스/4개월분 + 트루바이타민 액티브 2박스/2개월분,https://smartstore.naver.com/main/products/11035555776,2024-11-21,5,배송 진짜 빨랐어요. 먹기 간편하고 좋아요,여성,아주 넉넉해요,꼼꼼해요,편리해요,Y
DP_035,덴프스 유산균이야기 2박스/4개월분 + 트루바이타민 액티브 2박스/2개월분,https://smartstore.naver.com/main/products/11035555776,2024-11-21,5,영양제 고민하고있었는데 라이브로 뙇 뜨는거 보구 바로 주문했어요 전에 먹었었는데 효과는 좋았어서 믿고 주문했어요 ~~,,꽤 남았어요,적당해요,편리해요,Y
