﻿상품코드,상품명,URL,날짜,별점,리뷰텍스트,구매자 성별,유통기한,포장,편리,판매여부
DP_086,덴프스 수면이야기 아쉬아간다 3box/3개월,https://smartstore.naver.com/main/products/9057330102,2025-05-30,5,한달사용매일 밤마다 먹으면 1시간내에는 잠들고 중간에 깨던 횟수도 마니 줄어들어서 확실히 저는 효과 있는듯해요~ 수면의 질이 높아져서 몸도 가뿐해지고 피곤함도 덜해서 좋아요~ 주변에도 권해서 호전되는지도 후기 남길께요~,여성,꽤 남았어요,적당해요,편리해요,Y
DP_086,덴프스 수면이야기 아쉬아간다 3box/3개월,https://smartstore.naver.com/main/products/9057330102,2025-05-14,5,빠르게 배송되네요 수면에 좋다고 하는데 기대해봅니다,여성,아주 넉넉해요,꼼꼼해요,편리해요,Y
DP_086,덴프스 수면이야기 아쉬아간다 3box/3개월,https://smartstore.naver.com/main/products/9057330102,2025-05-06,5,한달사용숙면에 도움이 될까싶어 먹업ㅂㄴ다,,아주 넉넉해요,꼼꼼해요,편리해요,Y
DP_086,덴프스 수면이야기 아쉬아간다 3box/3개월,https://smartstore.naver.com/main/products/9057330102,2025-05-05,5,한달사용약을 먹으면 대부분 잠이 잘 옴,,아주 넉넉해요,꼼꼼해요,편리해요,Y
DP_086,덴프스 수면이야기 아쉬아간다 3box/3개월,https://smartstore.naver.com/main/products/9057330102,2025-05-03,5,한달사용엄마 사드렸는데 잘 챙겨먹고 계세요 ㅎㅎ 도움이 되는 거 같아요,,아주 넉넉해요,꼼꼼해요,편리해요,Y
DP_086,덴프스 수면이야기 아쉬아간다 3box/3개월,https://smartstore.naver.com/main/products/9057330102,2025-04-29,5,잠을 못자서 다시 먹으려구 구매했어요 먹은지 보름되가는데 먹고 누어있으면 잠이 오더라구요~ 앞전 수면이야기 보조재와 다른성분이라 걱정했는데 다행히 잠이 잘와요,,꽤 남았어요,적당해요,편리해요,Y
DP_086,덴프스 수면이야기 아쉬아간다 3box/3개월,https://smartstore.naver.com/main/products/9057330102,2025-04-23,5,엄마가 요새 잠을 잘 못주무시는데 유산균 구매하는 김에 보여 구매해봤어요! 도움이 되면 좋겠어요,,아주 넉넉해요,꼼꼼해요,편리해요,Y
DP_086,덴프스 수면이야기 아쉬아간다 3box/3개월,https://smartstore.naver.com/main/products/9057330102,2025-04-20,4,"새벽에 깨는시간이 늦어졌어요
먹고안먹고의차이가 있긴하네요",,꽤 남았어요,꼼꼼해요,편리해요,Y
DP_086,덴프스 수면이야기 아쉬아간다 3box/3개월,https://smartstore.naver.com/main/products/9057330102,2025-04-13,5,수면에 도움될까해서 주문해보앗어요,,아주 넉넉해요,꼼꼼해요,편리해요,Y
DP_086,덴프스 수면이야기 아쉬아간다 3box/3개월,https://smartstore.naver.com/main/products/9057330102,2025-04-04,5,수면이야기 처음 구매해봤어요 잘먹어볼께요,,아주 넉넉해요,꼼꼼해요,편리해요,Y
DP_086,덴프스 수면이야기 아쉬아간다 3box/3개월,https://smartstore.naver.com/main/products/9057330102,2025-03-27,5,불면증 심해서 수면제 처방받아서 15년쯤 조절해가며 먹다가 불면증에대한 스트레스 줄이면 나아질까싶어서 최근에 완전히 끊고 잠이 올때 자자 하면서 수면에 도움주는 영양제 이것저것 먹어봐도 소용없었는데 진짜 푹 잤어요 약 끊고 45~50시간 깨어있다 자도 3~4시간밖에 못잤었는데 ㅠ 8시간 넘게 잠 ㅠ,,아주 넉넉해요,꼼꼼해요,편리해요,Y
DP_086,덴프스 수면이야기 아쉬아간다 3box/3개월,https://smartstore.naver.com/main/products/9057330102,2025-03-06,5,한달사용불면증에 도움이 되는 것 같습니다,,아주 넉넉해요,꼼꼼해요,편리해요,Y
DP_086,덴프스 수면이야기 아쉬아간다 3box/3개월,https://smartstore.naver.com/main/products/9057330102,2025-02-19,5,"한달사용잠이 잘 들지 않는 편이라 수면에 도움되는건 다 해본거 같아요. 예전에 먹었던 수면이야기가 이제
안나와서 이 제품으로 바꿨어요. 지난번 제품이 더 좋은거 같긴한데.. 꾸준히 먹어보려구요ㅜ",,아주 넉넉해요,꼼꼼해요,편리해요,Y
DP_086,덴프스 수면이야기 아쉬아간다 3box/3개월,https://smartstore.naver.com/main/products/9057330102,2025-01-30,5,한달사용잠자는것이 힘든데 먹고나면 스르르 불편감없이 잘수있어서 너무 좋습니다,,아주 넉넉해요,꼼꼼해요,편리해요,Y
DP_086,덴프스 수면이야기 아쉬아간다 3box/3개월,https://smartstore.naver.com/main/products/9057330102,2025-01-22,5,원래 잠을 잘 못자서 그 전에 수면이야기 계속 먹고있었는데 이번에 바뀐 버전으로 주문해봤는데 아직까진… 좀 더 먹어보고 효과가 있었으면 좋겠어요~~,여성,아주 넉넉해요,꼼꼼해요,편리해요,Y
DP_086,덴프스 수면이야기 아쉬아간다 3box/3개월,https://smartstore.naver.com/main/products/9057330102,2025-01-19,5,제품을 받아서 섭취한지 4일 되었는데 기대하고 있습니드,,아주 넉넉해요,꼼꼼해요,편리해요,Y
DP_086,덴프스 수면이야기 아쉬아간다 3box/3개월,https://smartstore.naver.com/main/products/9057330102,2024-12-20,5,빠른 배송 믿고 먹는 브랜드,남성,아주 넉넉해요,적당해요,편리해요,Y
DP_086,덴프스 수면이야기 아쉬아간다 3box/3개월,https://smartstore.naver.com/main/products/9057330102,2024-12-19,5,재구매한달사용항상 잊지않고 구매하는 제품입니다. 복용하고 나면 수면의 질이 훨씬 좋아져요.,여성,아주 넉넉해요,꼼꼼해요,편리해요,Y
DP_086,덴프스 수면이야기 아쉬아간다 3box/3개월,https://smartstore.naver.com/main/products/9057330102,2024-12-18,4,"한달사용교대근무라 밤낮이 자주 바뀌고 잠자리가 바뀌는 것에 예민해서 구매하게됐어요
수면이 꼭 필요한 경우 잠자리 들기 1시간 전에 복용하고 있는데 먹기 전보다 잠들기가 수월해진거 같아서 만족하고 있어요",남성,아주 넉넉해요,꼼꼼해요,편리해요,Y
DP_086,덴프스 수면이야기 아쉬아간다 3box/3개월,https://smartstore.naver.com/main/products/9057330102,2024-12-09,5,한달사용빠른 배송 감사합니다.,,아주 넉넉해요,꼼꼼해요,편리해요,Y
DP_086,덴프스 수면이야기 아쉬아간다 3box/3개월,https://smartstore.naver.com/main/products/9057330102,2024-12-02,4,플라시보효과인지는 모르나 먹었다라는 것만으로 왠지 잠이오는거 같긴해요 ㅎㅎ,여성,꽤 남았어요,꼼꼼해요,편리해요,Y
DP_086,덴프스 수면이야기 아쉬아간다 3box/3개월,https://smartstore.naver.com/main/products/9057330102,2024-11-26,5,한달사용새벽 에 자주 일어났었는데 요즘은 푹자요,남성,아주 넉넉해요,꼼꼼해요,편리해요,Y
DP_086,덴프스 수면이야기 아쉬아간다 3box/3개월,https://smartstore.naver.com/main/products/9057330102,2024-11-05,5,"빨리 배송되어 좋았습니다.
복용 효과가 만땅이길 기도 드립니다.",남성,아주 넉넉해요,꼼꼼해요,편리해요,Y
DP_086,덴프스 수면이야기 아쉬아간다 3box/3개월,https://smartstore.naver.com/main/products/9057330102,2024-11-01,5,빠른 배송 감사합니다.,,아주 넉넉해요,꼼꼼해요,편리해요,Y
DP_086,덴프스 수면이야기 아쉬아간다 3box/3개월,https://smartstore.naver.com/main/products/9057330102,2024-10-18,5,재구매한달사용70대 엄마 수면 때문에 고생하셨는데. 이약으로 많이 편해지셨다고 해요~ 꾸준히 구매하는 아이템입니다. 품절되지 않도록 해주세요 ;^^,여성,꽤 남았어요,꼼꼼해요,편리해요,Y
DP_086,덴프스 수면이야기 아쉬아간다 3box/3개월,https://smartstore.naver.com/main/products/9057330102,2024-10-17,5,재구매매번 구매하는 제품입니다.,여성,아주 넉넉해요,꼼꼼해요,편리해요,Y
DP_086,덴프스 수면이야기 아쉬아간다 3box/3개월,https://smartstore.naver.com/main/products/9057330102,2024-10-14,4,불면증이 생겨 구입하였습니다~ 아직은 효과가있는지 잘 모르겠네요 꾸준히 먹어보겠습니다,,꽤 남았어요,적당해요,그냥그래요,Y
DP_086,덴프스 수면이야기 아쉬아간다 3box/3개월,https://smartstore.naver.com/main/products/9057330102,2024-10-11,5,한달사용효과있는거같아요 마음이 편해요,여성,아주 넉넉해요,꼼꼼해요,편리해요,Y
DP_086,덴프스 수면이야기 아쉬아간다 3box/3개월,https://smartstore.naver.com/main/products/9057330102,2024-09-20,5,"부모님이 자주 주무시다
깨셔서 숙면에도움될까구입했는데 드시고나서는 전보다 편하게주무시네요",여성,아주 넉넉해요,적당해요,편리해요,Y
DP_086,덴프스 수면이야기 아쉬아간다 3box/3개월,https://smartstore.naver.com/main/products/9057330102,2024-09-20,5,한달사용제품의 효과가 있다,남성,아주 넉넉해요,꼼꼼해요,편리해요,Y
DP_086,덴프스 수면이야기 아쉬아간다 3box/3개월,https://smartstore.naver.com/main/products/9057330102,2024-09-02,5,잠이 잘오고 편안해져요 푹잔느낌도 들어 꾸준히 먹어보려구요!,여성,아주 넉넉해요,꼼꼼해요,편리해요,Y
DP_086,덴프스 수면이야기 아쉬아간다 3box/3개월,https://smartstore.naver.com/main/products/9057330102,2024-08-18,5,한박스 먹어보고 효과가 있는 것 같아 이번엔 세박스 주문,,아주 넉넉해요,꼼꼼해요,편리해요,Y
DP_086,덴프스 수면이야기 아쉬아간다 3box/3개월,https://smartstore.naver.com/main/products/9057330102,2024-07-12,5,너무좋아요 구매에 만족해요 번창하세요~,남성,아주 넉넉해요,꼼꼼해요,편리해요,Y
DP_086,덴프스 수면이야기 아쉬아간다 3box/3개월,https://smartstore.naver.com/main/products/9057330102,2024-06-21,5,"갱년기 여성 수면도움에 좋다고해서 샀습니다.
효과가 좋으면 좋겠어요",,꽤 남았어요,꼼꼼해요,편리해요,Y
DP_086,덴프스 수면이야기 아쉬아간다 3box/3개월,https://smartstore.naver.com/main/products/9057330102,2024-05-23,5,"재구매작년부터 스트레스가 심해져서 밤에 자주깨고 깊게 잠이 드는 것이 어려워 여러 수면 보조제를 사용해 보았는데, 저한테는 너무 잘 맞았어요. 다른 수면 유도제와 다르게 아침에 일어날때도 무척 개운하고, 깊게 잠을 수 있도록 도와 밤에 일어나는 일이 적어졌습니다. 깊게 잠을 자니 다음날 생활에도 무척 도움이 되네요.",,아주 넉넉해요,꼼꼼해요,편리해요,Y
DP_086,덴프스 수면이야기 아쉬아간다 3box/3개월,https://smartstore.naver.com/main/products/9057330102,2024-05-20,5,유산균 트루비타민 초이스 수면이야기 이렇게 3종류를 주문했는데 빠른 배송 너무 감사드립니다 잘 먹고 건강하겠습니다,,아주 넉넉해요,꼼꼼해요,편리해요,Y
DP_086,덴프스 수면이야기 아쉬아간다 3box/3개월,https://smartstore.naver.com/main/products/9057330102,2024-04-25,5,항상 주문해서 먹고있습니다. 할인할때 저렴하게 잘 사서 기분좋네요,,아주 넉넉해요,꼼꼼해요,편리해요,Y
DP_086,덴프스 수면이야기 아쉬아간다 3box/3개월,https://smartstore.naver.com/main/products/9057330102,2024-04-23,5,빠른배송감사합니다.,,아주 넉넉해요,꼼꼼해요,편리해요,Y
DP_086,덴프스 수면이야기 아쉬아간다 3box/3개월,https://smartstore.naver.com/main/products/9057330102,2024-04-11,5,한달사용효과는 없네요..ㅜㅠ,여성,아주 넉넉해요,꼼꼼해요,편리해요,Y
DP_086,덴프스 수면이야기 아쉬아간다 3box/3개월,https://smartstore.naver.com/main/products/9057330102,2024-03-20,3,먹어보고 효과가 좋을거라 믿고 먹어요,,꽤 남았어요,꼼꼼해요,그냥그래요,Y
DP_086,덴프스 수면이야기 아쉬아간다 3box/3개월,https://smartstore.naver.com/main/products/9057330102,2024-03-17,5,한달사용꾸준히 복용하고 있어요~복용할때 수면질이 좋아지고 있어서 지속적으로 애용합니다~굿!,여성,아주 넉넉해요,꼼꼼해요,편리해요,Y
DP_086,덴프스 수면이야기 아쉬아간다 3box/3개월,https://smartstore.naver.com/main/products/9057330102,2024-03-14,5,한달사용아주잘먹고있습니다~! 잘먹고 또 시킬게요~~ 감사합니다!,여성,아주 넉넉해요,꼼꼼해요,편리해요,Y
DP_086,덴프스 수면이야기 아쉬아간다 3box/3개월,https://smartstore.naver.com/main/products/9057330102,2024-03-03,5,한달사용효과가 있는지는 잘 모르겠습니다. 첫날 먹고 악몽 꿔서 무서워서 못먹고 있어요,,아주 넉넉해요,꼼꼼해요,편리해요,Y
DP_086,덴프스 수면이야기 아쉬아간다 3box/3개월,https://smartstore.naver.com/main/products/9057330102,2024-02-24,4,"한달사용드라마틱한 변화는 체감하지 못했고, 여전히 잠은 잘 못자지만 약간은 도움이 되는것같기도 합니다.",남성,아주 넉넉해요,꼼꼼해요,편리해요,Y
DP_086,덴프스 수면이야기 아쉬아간다 3box/3개월,https://smartstore.naver.com/main/products/9057330102,2024-02-09,5,아버지드리려고 구매했습니다!! 다 드시고나면 더 사드릴예정이에요ㅎㅎ감사합니다!,,임박상품이에요,별로예요,불편해요,Y
DP_086,덴프스 수면이야기 아쉬아간다 3box/3개월,https://smartstore.naver.com/main/products/9057330102,2024-02-06,5,"한달사용극심한 수면장애를 겪고있어, 일주일에 2번이상은 수면유도제를 먹어야하는 타입인데, 속는셈치고 아쉬아간다를 복용하고는 수명유도제 복용인 반으로 줄어들긴 했습니다. 심리적인 부분인지, 실제 효과인지 더 먹어보고 후기 남길께요~",여성,아주 넉넉해요,꼼꼼해요,편리해요,Y
DP_086,덴프스 수면이야기 아쉬아간다 3box/3개월,https://smartstore.naver.com/main/products/9057330102,2024-01-31,3,한달사용전혀 효과 없어요 ㅜㅜ,,꽤 남았어요,적당해요,그냥그래요,Y
DP_086,덴프스 수면이야기 아쉬아간다 3box/3개월,https://smartstore.naver.com/main/products/9057330102,2024-01-22,3,먹으나마나해서...안타깝게도 저에게는 효과가 언ㅂㅅ나봅니다.ㅜㅠ,여성,아주 넉넉해요,꼼꼼해요,편리해요,Y
DP_086,덴프스 수면이야기 아쉬아간다 3box/3개월,https://smartstore.naver.com/main/products/9057330102,2024-01-20,3,"한달사용후기에 효과봤다는분들이 있는데 저희남편은 똑같네요.ㅠ
다른치료법을 찾아야할꺼같아요.",남성,꽤 남았어요,적당해요,편리해요,Y
DP_086,덴프스 수면이야기 아쉬아간다 3box/3개월,https://smartstore.naver.com/main/products/9057330102,2024-01-13,5,"자기전 한알로 푹 잘자요
담음날 편하게 일어나져요",여성,꽤 남았어요,꼼꼼해요,편리해요,Y
DP_086,덴프스 수면이야기 아쉬아간다 3box/3개월,https://smartstore.naver.com/main/products/9057330102,2024-01-12,5,요즘 수면 습관이 이상해져서 수면 시간도 일정하지 않고 늘 졸리고 피곤해서 주문 했어요. 효과 있기를 바랍니다. 알약을 잘 못 삼키는 편인데 정제가 크기가 약간 크네요.,여성,아주 넉넉해요,꼼꼼해요,편리해요,Y
DP_086,덴프스 수면이야기 아쉬아간다 3box/3개월,https://smartstore.naver.com/main/products/9057330102,2024-01-12,5,잠 못자는 남편위해 구매했어요 후기만큼 효과보면 좋겠어요,여성,아주 넉넉해요,꼼꼼해요,편리해요,Y
DP_086,덴프스 수면이야기 아쉬아간다 3box/3개월,https://smartstore.naver.com/main/products/9057330102,2024-01-11,5,"한달사용저녁에 먹고 아침에 일어나면 편하고
꿀잠입니다",여성,아주 넉넉해요,꼼꼼해요,편리해요,Y
DP_086,덴프스 수면이야기 아쉬아간다 3box/3개월,https://smartstore.naver.com/main/products/9057330102,2024-01-02,5,복용후 수면질이 좋아져서 꾸준히 복용하고 있습니다 ~아주 만족스러워요!,여성,아주 넉넉해요,꼼꼼해요,편리해요,Y
DP_086,덴프스 수면이야기 아쉬아간다 3box/3개월,https://smartstore.naver.com/main/products/9057330102,2023-12-29,5,아주아주 효능에 만족합니다,,아주 넉넉해요,꼼꼼해요,편리해요,Y
DP_086,덴프스 수면이야기 아쉬아간다 3box/3개월,https://smartstore.naver.com/main/products/9057330102,2023-12-26,5,남편 수면의 질이 걱정되어 구매해봤어요. 효과 있길 바래봅니다,남성,아주 넉넉해요,꼼꼼해요,편리해요,Y
DP_086,덴프스 수면이야기 아쉬아간다 3box/3개월,https://smartstore.naver.com/main/products/9057330102,2023-12-23,5,항상 이것만 먹고 있어요.굿굿,여성,아주 넉넉해요,꼼꼼해요,편리해요,Y
DP_086,덴프스 수면이야기 아쉬아간다 3box/3개월,https://smartstore.naver.com/main/products/9057330102,2023-12-19,4,매일 1~2시간 간격으로 깨다보니 너무 피곤하고 힘들어서 주문해봤어요 덴프스에서 비타민이랑 유산균먹고있는데 요 제품도 꼭 좋은 효과 봤음좋겠어요 한달먹어보고 후기 올릴게요,여성,아주 넉넉해요,꼼꼼해요,편리해요,Y
DP_086,덴프스 수면이야기 아쉬아간다 3box/3개월,https://smartstore.naver.com/main/products/9057330102,2023-12-19,4,"가끔 잠이 잘 오지 않았는데, 수면제처럼 당장 잠이 오는 것은 아니지만 수면을 위한 안정에 도움이 되는 것 같아요",,아주 넉넉해요,꼼꼼해요,편리해요,Y
DP_086,덴프스 수면이야기 아쉬아간다 3box/3개월,https://smartstore.naver.com/main/products/9057330102,2023-12-18,4,먹기에 편하다고 하세요,,아주 넉넉해요,적당해요,편리해요,Y
DP_086,덴프스 수면이야기 아쉬아간다 3box/3개월,https://smartstore.naver.com/main/products/9057330102,2023-12-15,4,아직 한달은 안되서 효과는 잘 모르겠지만 꾸준히 먹고 있어요!,여성,아주 넉넉해요,꼼꼼해요,편리해요,Y
DP_086,덴프스 수면이야기 아쉬아간다 3box/3개월,https://smartstore.naver.com/main/products/9057330102,2023-12-13,5,배송도 빠르고 좋은 효과있기를 바래요,,꽤 남았어요,적당해요,편리해요,Y
DP_086,덴프스 수면이야기 아쉬아간다 3box/3개월,https://smartstore.naver.com/main/products/9057330102,2023-12-12,5,"불면으로 한참 고생하다가 언니가 준 수면이야기 반신반의하면서 먹기 시작 전보다 훨씬 편안한 잠을 자네요
지난번 먹었던 것과는 성분과 섭취 수량이 조금 다른듯 하지만 같은 회사에서 만든것이니 비슷할거라 생각하며 멱고 있습니다
이렇게 도움 받으며 조금이라도 편안한 밤을 보내니 하루가 수월하게 지나가네요^^",,아주 넉넉해요,꼼꼼해요,편리해요,Y
DP_086,덴프스 수면이야기 아쉬아간다 3box/3개월,https://smartstore.naver.com/main/products/9057330102,2023-12-10,4,아직 복용전이라 별하나 뺏어요,,아주 넉넉해요,꼼꼼해요,편리해요,Y
DP_086,덴프스 수면이야기 아쉬아간다 3box/3개월,https://smartstore.naver.com/main/products/9057330102,2023-12-08,5,아쉬아간다가 좋다고 해서 구매했어요! 라이브 혜택까지 보니 너무 좋네요!,,아주 넉넉해요,꼼꼼해요,편리해요,Y
DP_086,덴프스 수면이야기 아쉬아간다 3box/3개월,https://smartstore.naver.com/main/products/9057330102,2023-12-04,5,"60대부부인데 불면증으로 힘들어하여 2년째 좋다는건 다 해보고 있는 중입니다. 덴프스 유산균 재구매하러 들어왔다가 브랜드를 믿고 구입하게되었어요..효과는 아직 잘 모르겠는데 꾸준히 믿고 먹어볼 생각입니다.. 
?
1",여성,아주 넉넉해요,꼼꼼해요,편리해요,Y
DP_086,덴프스 수면이야기 아쉬아간다 3box/3개월,https://smartstore.naver.com/main/products/9057330102,2023-12-04,4,먹기 시작한지 몇일되지 않아서 효과를 느끼기엔 시간이 부족합니다. 꾸준히 먹어보려고 하고 있습니다. 효과가 있길 바랍니다.,,꽤 남았어요,적당해요,편리해요,Y
DP_086,덴프스 수면이야기 아쉬아간다 3box/3개월,https://smartstore.naver.com/main/products/9057330102,2023-12-03,5,"잠자리가 불편했는데 푹 잠을 잘수
있어요",여성,아주 넉넉해요,꼼꼼해요,편리해요,Y
DP_086,덴프스 수면이야기 아쉬아간다 3box/3개월,https://smartstore.naver.com/main/products/9057330102,2023-12-01,5,효과있네요. 요즘 잠을 잘 못자서 주문해서 먹어봤는데 수면 시간이 많이 늘었어요. 잠도 푹자고 효과있어서 행사할때 3박스 추가 주문했어요. 행사 자주 부탁드려요.,,아주 넉넉해요,꼼꼼해요,편리해요,Y
DP_086,덴프스 수면이야기 아쉬아간다 3box/3개월,https://smartstore.naver.com/main/products/9057330102,2023-11-30,5,깔끔한 게 믿음이갑니다,남성,아주 넉넉해요,꼼꼼해요,편리해요,Y
DP_086,덴프스 수면이야기 아쉬아간다 3box/3개월,https://smartstore.naver.com/main/products/9057330102,2023-11-29,5,지인이 좋대서 먹어봤어요,,꽤 남았어요,적당해요,그냥그래요,Y
DP_086,덴프스 수면이야기 아쉬아간다 3box/3개월,https://smartstore.naver.com/main/products/9057330102,2023-11-29,5,잠이 잘 왔으면 좋겠네요 꾸준히 먹어볼게요,여성,아주 넉넉해요,꼼꼼해요,편리해요,Y
DP_086,덴프스 수면이야기 아쉬아간다 3box/3개월,https://smartstore.naver.com/main/products/9057330102,2023-11-29,4,"수면에 도움이 된다고해서 믿고 구매합니다
기존에 덴프스 유산균 꾸준히 먹고있어서
일단 석달치 구매해봤어요~~
알약크기 작아서 먹기편해요~~",여성,아주 넉넉해요,꼼꼼해요,편리해요,Y
DP_086,덴프스 수면이야기 아쉬아간다 3box/3개월,https://smartstore.naver.com/main/products/9057330102,2023-11-28,5,좋은 제품 저렴하게 잘 받았습니다 감사합니다,여성,아주 넉넉해요,꼼꼼해요,편리해요,Y
DP_086,덴프스 수면이야기 아쉬아간다 3box/3개월,https://smartstore.naver.com/main/products/9057330102,2023-11-28,4,남편이 첨엔 잘자는데 자다가 계속깨서 힘들어해서 후기가 좋아서 구매해봤어요. 아직복용전이라 먹여보고 후기또올리겠습니다.,남성,꽤 남았어요,적당해요,편리해요,Y
DP_086,덴프스 수면이야기 아쉬아간다 3box/3개월,https://smartstore.naver.com/main/products/9057330102,2023-11-27,5,물건잘받았습니다 이제 한알먹어봐서 효능은 지켜봐야할듯하네여,남성,아주 넉넉해요,꼼꼼해요,편리해요,Y
DP_086,덴프스 수면이야기 아쉬아간다 3box/3개월,https://smartstore.naver.com/main/products/9057330102,2023-11-27,5,"재구매설잠자고 잠을 설쳐서 움직이는 것을 다 느끼고 있어서 숙면을 못취하는데 지난번 구입해서 한주먹고 확실히 잠이 깊어져서 싼가격은 아니지만ㅠ
세일할때 또 구매했네요~ 미리 쟁여놓으려고요
진짜 개인적으로는 효과를 보고있어서 계속 먹을것 같아요~ 좋습니다^^
비타민구미도 첨엔 비타민 향과 맛이 진했지만 먹다보니 편리하고 좋네요~~",여성,꽤 남았어요,꼼꼼해요,편리해요,Y
DP_086,덴프스 수면이야기 아쉬아간다 3box/3개월,https://smartstore.naver.com/main/products/9057330102,2023-11-25,5,"오랫동안 잠을 깊이 못자고 자주깨고 수면의 질이 좋지 않아서 고민하고 있었는데요 유산균 구매하면서 수면이야기를 보게 되어 한번 먹어보자라는 마음으로 구매를 하였습니다..
지금 4일째 먹어봤는데요
첫날은 늘 선잠을 잤었는데 조금 깊이 잠이든것 같다라는 느낌으로 잤고 2차례 깨었었는데
3일 4일째는 한번도 깨지 않고 6시간 풀로 자고 일어날때 조금은 덜 피곤한 느낌이 들었습니다.. 깨지 않고 6시간 풀로 자는게 소원이었을 만큼 수면이 스트레스였는데 너무나도 기분이 좋고 삶의 질이 좋아지길 바라고 있습니다.. 계속 수면의 질이 향상되고 수면이야기가 큰효과가 있길 바라면서 더 주문해서 꾸준히 먹어보려고합니다..
가격만 더 저렴하면 좋겠습니다^^ 더보기",여성,아주 넉넉해요,적당해요,편리해요,Y
DP_086,덴프스 수면이야기 아쉬아간다 3box/3개월,https://smartstore.naver.com/main/products/9057330102,2023-11-24,5,갱년기불면증이었는데..꾸준한복용이 많이도움이됐어요.쭉~~~~복용할려구요^^,여성,아주 넉넉해요,꼼꼼해요,편리해요,Y
DP_086,덴프스 수면이야기 아쉬아간다 3box/3개월,https://smartstore.naver.com/main/products/9057330102,2023-11-24,5,잠못자는 남편위해 구매했습니다 이제 40대되면서 스트레스까지 잡으면 졸을것같아 스트레스케어 수면이야기 람께 주문했구요 아주 빠른배송이었습니다 문의글도 친절히 해주셔서 감사해요,남성,아주 넉넉해요,꼼꼼해요,편리해요,Y
DP_086,덴프스 수면이야기 아쉬아간다 3box/3개월,https://smartstore.naver.com/main/products/9057330102,2023-11-23,5,재구매에요~ 마그네슘도 들어가있어서 섭취 후 편안해지는 기분과함께 잠이 스르륵 들어요^^,,아주 넉넉해요,꼼꼼해요,편리해요,Y
DP_086,덴프스 수면이야기 아쉬아간다 3box/3개월,https://smartstore.naver.com/main/products/9057330102,2023-11-23,5,"부모님 선물드렸어요
꾸준히 복용하셔서 꼭 효과있음 좋겠어요",여성,아주 넉넉해요,꼼꼼해요,편리해요,Y
DP_086,덴프스 수면이야기 아쉬아간다 3box/3개월,https://smartstore.naver.com/main/products/9057330102,2023-11-20,3,"이제 처음 복용해서 아직은 잘모르겠네요
꾸준히 복용해보고 좋음 재구매합니다^^",남성,꽤 남았어요,적당해요,편리해요,Y
DP_086,덴프스 수면이야기 아쉬아간다 3box/3개월,https://smartstore.naver.com/main/products/9057330102,2023-10-29,5,"25년 7월 까지라 유통기한 넉넉하구요, 어머니께서 잠을 잘 못 주무셔서 한 번 사봤습니다. 효과가 있었으면 좋겠네요.",,아주 넉넉해요,적당해요,편리해요,Y
