﻿상품코드,상품명,URL,날짜,별점,리뷰텍스트,구매자 성별,유통기한,포장,편리,판매여부
DP_227,[선물세트] 덴마크 유산균이야기 우먼 3박스/6개월,https://smartstore.naver.com/main/products/12343601138,2025-10-05,5,어머니 명절 선물로 샀습니다~,,아주 넉넉해요,꼼꼼해요,편리해요,Y
DP_227,[선물세트] 덴마크 유산균이야기 우먼 3박스/6개월,https://smartstore.naver.com/main/products/12343601138,2025-10-01,5,"건강관심사 면역력눈건강여성건강
 평소에 덴마크 영양제로 유명한 제품이라 알고는 있었는데 우먼용도 따로 있어 더 좋네요! 다른 영양제는 몰라도 유산균은 필수로 드셔야하는 양가 어머님들 선물용으로 구매했어요~ 통도 작고 알약도 작으니 잘 드셨으면 좋겠어요! :) +1",여성,아주 넉넉해요,꼼꼼해요,편리해요,Y
DP_227,[선물세트] 덴마크 유산균이야기 우먼 3박스/6개월,https://smartstore.naver.com/main/products/12343601138,2025-10-01,5,저렴한 가격에 넉넉한 양이 좋네요~ 증정품도 한번쯤 구매해보고 싶었던 제품이라 더욱 만족합니다!,,아주 넉넉해요,꼼꼼해요,편리해요,Y
DP_227,[선물세트] 덴마크 유산균이야기 우먼 3박스/6개월,https://smartstore.naver.com/main/products/12343601138,2025-10-01,5,"덴프스 유산균으로 시작해서 이제는 엄마랑 우먼스 유산균으로 먹는데 60 알 패키지라 너무 좋네요
항상 라방찬스로 구매 쟁여템 입니다",,아주 넉넉해요,꼼꼼해요,편리해요,Y
DP_227,[선물세트] 덴마크 유산균이야기 우먼 3박스/6개월,https://smartstore.naver.com/main/products/12343601138,2025-10-01,5,확실히 분비물이 줄었어요.,,아주 넉넉해요,꼼꼼해요,편리해요,Y
DP_227,[선물세트] 덴마크 유산균이야기 우먼 3박스/6개월,https://smartstore.naver.com/main/products/12343601138,2025-09-30,5,저는 질유산균의 효과를 많이 봐서 꾸준히 복용하고 있어요! 생리 기간이 깔끔해지는 느낌이에요. 먹다가 안 먹으면 차이가 확 느껴지더라구요. 명절 라이브 방송 할인으로 선물 세트가 더 가격이 좋길래 저에게 주는 선물 느낌으로 구매했습니다☺️,,아주 넉넉해요,꼼꼼해요,편리해요,Y
DP_227,[선물세트] 덴마크 유산균이야기 우먼 3박스/6개월,https://smartstore.naver.com/main/products/12343601138,2025-09-30,5,"건강관심사 면역력피로회복
 벌써 3년째 꾸준히 덴프스 유산균 먹는데 이번엔 여성유산균 사봤네요.",여성,아주 넉넉해요,꼼꼼해요,편리해요,Y
DP_227,[선물세트] 덴마크 유산균이야기 우먼 3박스/6개월,https://smartstore.naver.com/main/products/12343601138,2025-09-27,5,"질유산균은 10년가까이 복용하고 있어요, 다른
제품도 복용해봤지만 덴프스 제품이 특유의 냄새가 없어서 좋아요, 할인된 가격에 쿠폰까지 해서 넉넉하게 구입했어요 ㅎ",,아주 넉넉해요,꼼꼼해요,편리해요,Y
DP_227,[선물세트] 덴마크 유산균이야기 우먼 3박스/6개월,https://smartstore.naver.com/main/products/12343601138,2025-09-25,4,"구매자선택안함건강관심사 장건강
 선물하려고 구매했어요 받으시는 분도 만족하길 기대해봅니다",,꽤 남았어요,적당해요,편리해요,Y
DP_227,[선물세트] 덴마크 유산균이야기 우먼 3박스/6개월,https://smartstore.naver.com/main/products/12343601138,2025-09-24,5,원료가 믿을만해서 매번 주문해먹고 있어요. 추석 앞두고 세일중이길래 잘 샀습니다.,,아주 넉넉해요,꼼꼼해요,편리해요,Y
DP_227,[선물세트] 덴마크 유산균이야기 우먼 3박스/6개월,https://smartstore.naver.com/main/products/12343601138,2025-09-24,5,"건강관심사 노화방지
 스토리 다이어트 우먼 덴프스의 유산균으로 번갈아 구매하고 있어요 건강보조식품은 덴프스로만 사게되네요^^",여성,아주 넉넉해요,꼼꼼해요,편리해요,Y
DP_227,[선물세트] 덴마크 유산균이야기 우먼 3박스/6개월,https://smartstore.naver.com/main/products/12343601138,2025-09-24,5,와이프 유산균 여기서 사는데 60알짜리를 사게 되어서 너무 편하네요,남성,아주 넉넉해요,꼼꼼해요,편리해요,Y
DP_227,[선물세트] 덴마크 유산균이야기 우먼 3박스/6개월,https://smartstore.naver.com/main/products/12343601138,2025-09-23,5,딸내미 선물용입니다 감사해요.,,아주 넉넉해요,꼼꼼해요,편리해요,Y
