﻿상품코드,상품명,URL,날짜,별점,리뷰텍스트,구매자 성별,유통기한,포장,편리,판매여부
DP_049,"덴마크 단백질이야기 320g, 2개",https://smartstore.naver.com/main/products/10939826214,2025-10-02,4,"용량: 320g / 수량: 1개
 한달사용효과는 잘 모르겠네요",,꽤 남았어요,적당해요,그냥그래요,Y
DP_049,"덴마크 단백질이야기 320g, 2개",https://smartstore.naver.com/main/products/10939826214,2025-10-01,5,"용량: 320g / 수량: 3개
구매자식이관심사 비건친환경고단백
 한달사용아버지께서 드시도록 구매했는데요,
맛도 좋고 물에도 잘 녹아서 드시기
편하다고 합니다.
자주 세일하면 더 좋겠어요.!!",,아주 넉넉해요,꼼꼼해요,편리해요,Y
DP_049,"덴마크 단백질이야기 320g, 2개",https://smartstore.naver.com/main/products/10939826214,2025-10-01,5,"용량: 320g / 수량: 6개
 맛도 좋고 먹기도 편해요.",,아주 넉넉해요,꼼꼼해요,편리해요,Y
DP_049,"덴마크 단백질이야기 320g, 2개",https://smartstore.naver.com/main/products/10939826214,2025-09-28,5,"용량: 320g / 수량: 6개
 단백질 부족한 어르신들 드시는용으로 구입했어요",,꽤 남았어요,꼼꼼해요,편리해요,Y
DP_049,"덴마크 단백질이야기 320g, 2개",https://smartstore.naver.com/main/products/10939826214,2025-09-25,5,"용량: 320g / 수량: 3개
구매자식이관심사 저속노화
 저희엄마가 늘 챙겨 드세요.",,꽤 남았어요,꼼꼼해요,편리해요,Y
DP_049,"덴마크 단백질이야기 320g, 2개",https://smartstore.naver.com/main/products/10939826214,2025-09-23,5,"용량: 320g / 수량: 1개
 한달사용만족하며 먹고있어요",,아주 넉넉해요,꼼꼼해요,편리해요,Y
DP_049,"덴마크 단백질이야기 320g, 2개",https://smartstore.naver.com/main/products/10939826214,2025-09-22,5,"용량: 320g / 수량: 6개
구매자식이관심사 저속노화
 한달사용맛도 괜찮고 해서 챙겨먹고있는데 가격이 좀 비싸요!!! 쿠☆이런데 싼가격에 올라오는건 가격이 싸게 올라오던데 공식몰에서 사는게 좋을거 같아서 겅홈에서 구입해요",,아주 넉넉해요,꼼꼼해요,편리해요,Y
DP_049,"덴마크 단백질이야기 320g, 2개",https://smartstore.naver.com/main/products/10939826214,2025-09-11,5,"용량: 320g / 수량: 6개
구매자식이관심사 고단백
 유청분리단백이 몸에 흡수 잘된다고 듣거 가격이 좀 있어도 구매하고 먹고있어요! 먹다보니 맛도 적응되서 이젠 아주 간편히 잘 마셔요. 좋아요!",,아주 넉넉해요,꼼꼼해요,편리해요,Y
DP_049,"덴마크 단백질이야기 320g, 2개",https://smartstore.naver.com/main/products/10939826214,2025-09-09,4,"용량: 320g / 수량: 2개
구매자식이관심사 다이어트
 달달함이 느껴지는 분유맛이라
단맛 호불호는 있을것 같고
생각보다 양이 적어서 놀랐지만
잘 먹구 있습니다 감사합니다",,아주 넉넉해요,적당해요,편리해요,Y
DP_049,"덴마크 단백질이야기 320g, 2개",https://smartstore.naver.com/main/products/10939826214,2025-09-07,5,"용량: 320g / 수량: 2개
구매자식이관심사 저당
 단백질이 탈모에 도움된다해서 구입해봤어요",,아주 넉넉해요,꼼꼼해요,편리해요,Y
DP_049,"덴마크 단백질이야기 320g, 2개",https://smartstore.naver.com/main/products/10939826214,2025-09-02,5,"용량: 320g / 수량: 1개
 한달사용단백질보충하려고 사먹었어요",,아주 넉넉해요,꼼꼼해요,편리해요,Y
DP_049,"덴마크 단백질이야기 320g, 2개",https://smartstore.naver.com/main/products/10939826214,2025-08-28,5,"용량: 320g / 수량: 2개
구매자식이관심사 저당
 한달사용품질과 가격에 정말 만족합니다.",,아주 넉넉해요,꼼꼼해요,편리해요,Y
DP_049,"덴마크 단백질이야기 320g, 2개",https://smartstore.naver.com/main/products/10939826214,2025-08-27,5,"용량: 320g / 수량: 3개
구매자식이관심사 비건친환경고단백
 부모님 드시라고 사드렸는데,
물에도 잘 녹고,
맛도 괜찮다고 하시네요.
가격대비
매우 작긴하지만, 효과가 좋으면 해요!",,아주 넉넉해요,꼼꼼해요,편리해요,Y
DP_049,"덴마크 단백질이야기 320g, 2개",https://smartstore.naver.com/main/products/10939826214,2025-08-25,5,"용량: 320g / 수량: 1개
 운동후 먹으려고 구입했어요",,아주 넉넉해요,꼼꼼해요,편리해요,Y
DP_049,"덴마크 단백질이야기 320g, 2개",https://smartstore.naver.com/main/products/10939826214,2025-08-20,5,"용량: 320g / 수량: 2개
 믿고구매 아직 먹기전 입니다",,꽤 남았어요,꼼꼼해요,편리해요,Y
DP_049,"덴마크 단백질이야기 320g, 2개",https://smartstore.naver.com/main/products/10939826214,2025-08-19,5,"용량: 320g / 수량: 6개
 한달사용아침 대용으로 먹고있어요~~^^*",,꽤 남았어요,꼼꼼해요,편리해요,Y
DP_049,"덴마크 단백질이야기 320g, 2개",https://smartstore.naver.com/main/products/10939826214,2025-08-19,3,"용량: 320g / 수량: 1개
 처음먹어보는건데 좋으면 계속 구매할예정입니다",,꽤 남았어요,적당해요,그냥그래요,Y
DP_049,"덴마크 단백질이야기 320g, 2개",https://smartstore.naver.com/main/products/10939826214,2025-08-13,5,"용량: 320g / 수량: 6개
 생각보다 먹을만하고 많이 안달아서 좋네요.",,꽤 남았어요,꼼꼼해요,편리해요,Y
DP_049,"덴마크 단백질이야기 320g, 2개",https://smartstore.naver.com/main/products/10939826214,2025-08-04,5,"용량: 320g / 수량: 2개
 성분이 좋고 입자도 고아요~! 가격이 안 올랐으면 좋겠어요!!! 꾸준히 먹어보겠습니다!!",,아주 넉넉해요,꼼꼼해요,편리해요,Y
DP_049,"덴마크 단백질이야기 320g, 2개",https://smartstore.naver.com/main/products/10939826214,2025-08-04,5,"용량: 320g / 수량: 1개
구매자식이관심사 저당
 한달사용좋은 가격, 좋은 품질 최고입니다.",,아주 넉넉해요,꼼꼼해요,편리해요,Y
DP_049,"덴마크 단백질이야기 320g, 2개",https://smartstore.naver.com/main/products/10939826214,2025-08-04,5,"용량: 320g / 수량: 2개
구매자식이관심사 저당
 품질과 가격에 정말 만족합니다.",,아주 넉넉해요,꼼꼼해요,편리해요,Y
DP_049,"덴마크 단백질이야기 320g, 2개",https://smartstore.naver.com/main/products/10939826214,2025-07-26,5,"용량: 320g / 수량: 2개
 덴푸스 단백질은 처음 먹어봅니다.
나이가 들어 근육이 빠져서 보충제를 찾고 있던차에 비타민까지 같이 있는 덴푸스로 선택했습니다. 가격이 좀 더 저렴했으면 더 좋겠습니다.
강세일때 구입했는데 지금 가격과 2배 차이나요",,아주 넉넉해요,꼼꼼해요,편리해요,Y
DP_049,"덴마크 단백질이야기 320g, 2개",https://smartstore.naver.com/main/products/10939826214,2025-07-20,5,"용량: 320g / 수량: 1개
 엄마 단백질 부족해서 구매했어요",,꽤 남았어요,적당해요,편리해요,Y
DP_049,"덴마크 단백질이야기 320g, 2개",https://smartstore.naver.com/main/products/10939826214,2025-07-19,5,"용량: 320g / 수량: 2개
 완전 빠른 배송 맘에 들어요 ㅎ",,아주 넉넉해요,꼼꼼해요,편리해요,Y
DP_049,"덴마크 단백질이야기 320g, 2개",https://smartstore.naver.com/main/products/10939826214,2025-07-16,5,"용량: 320g / 수량: 6개
 아침을 간단히 먹고 나가는 신랑을 위해 준비해보았습니다~~",,꽤 남았어요,꼼꼼해요,편리해요,Y
DP_049,"덴마크 단백질이야기 320g, 2개",https://smartstore.naver.com/main/products/10939826214,2025-07-14,5,"용량: 320g / 수량: 2개
 아침밥 안먹으려하는 중학생 아들들 아침에 먹이려고 구입했어요. 우유에 선식도 조금타고 꿀도 조금 넣어 약간의 탄수화물도 함께 먹이고 있네요. 아이들이 잘 먹어 좋아요",,아주 넉넉해요,꼼꼼해요,편리해요,Y
DP_049,"덴마크 단백질이야기 320g, 2개",https://smartstore.naver.com/main/products/10939826214,2025-07-14,5,"용량: 320g / 수량: 2개
구매자식이관심사 저속노화고단백저당
 간혹 맛에서 떨어지는 경우가 많은데 맛이 정말 괜찮아요 먹고 재구매 확정",,아주 넉넉해요,꼼꼼해요,그냥그래요,Y
DP_049,"덴마크 단백질이야기 320g, 2개",https://smartstore.naver.com/main/products/10939826214,2025-07-08,5,"용량: 320g / 수량: 3개
구매자식이관심사 저탄고지저당저속노화
 처음엔 맛이 이상한 거 같았는데
금새 적응해서 괜찮아요. 제품 괜찮은 듯.",,꽤 남았어요,꼼꼼해요,편리해요,Y
DP_049,"덴마크 단백질이야기 320g, 2개",https://smartstore.naver.com/main/products/10939826214,2025-07-07,5,"용량: 320g / 수량: 2개
구매자식이관심사 저당고단백
 혈당관리 및 단백질 보충을 위해서 처음 구매해보는데 효과 있으면 좋겠어요~",,아주 넉넉해요,꼼꼼해요,편리해요,Y
DP_049,"덴마크 단백질이야기 320g, 2개",https://smartstore.naver.com/main/products/10939826214,2025-07-03,5,"용량: 320g / 수량: 6개
구매자식이관심사 저속노화
 좀 싸게 파는 사이트도 보였지만 뭔가 찜찜해서 공홈에서 행사중이길래 구입했어요!! 이거 챙겨먹고 뭔가 기운이 좀 덜 딸리는 느낌이라 추가구입했어요",,아주 넉넉해요,꼼꼼해요,편리해요,Y
DP_049,"덴마크 단백질이야기 320g, 2개",https://smartstore.naver.com/main/products/10939826214,2025-07-03,5,"용량: 320g / 수량: 2개
구매자식이관심사 저당
 엄마가 먹는 식품인데 잘 드십니다",,꽤 남았어요,꼼꼼해요,편리해요,Y
DP_049,"덴마크 단백질이야기 320g, 2개",https://smartstore.naver.com/main/products/10939826214,2025-06-26,5,"용량: 320g / 수량: 2개
구매자식이관심사 저속노화다이어트
 주문배송하고 다음날바로도착
포장도 잘되어잇고 사은품최고ㅋ",,아주 넉넉해요,꼼꼼해요,편리해요,Y
DP_049,"덴마크 단백질이야기 320g, 2개",https://smartstore.naver.com/main/products/10939826214,2025-06-17,4,"용량: 320g / 수량: 3개
 한달사용좋아요~~~~~~~~~~",,꽤 남았어요,적당해요,그냥그래요,Y
DP_049,"덴마크 단백질이야기 320g, 2개",https://smartstore.naver.com/main/products/10939826214,2025-06-11,5,"용량: 320g / 수량: 3개
 소화가 약한 가족 위해 구매했어요",,아주 넉넉해요,꼼꼼해요,편리해요,Y
DP_049,"덴마크 단백질이야기 320g, 2개",https://smartstore.naver.com/main/products/10939826214,2025-06-07,5,"용량: 320g / 수량: 3개
 운동하면서 단백질을 많이 섭취를 못해서 사봤는데~
많이 도움이 되면 좋을꺼 같아요~~",,아주 넉넉해요,꼼꼼해요,편리해요,Y
DP_049,"덴마크 단백질이야기 320g, 2개",https://smartstore.naver.com/main/products/10939826214,2025-06-04,5,"용량: 320g / 수량: 1개
구매자식이관심사 저당
 품질과 가격에 정말 만족합니다.",,아주 넉넉해요,꼼꼼해요,편리해요,Y
DP_049,"덴마크 단백질이야기 320g, 2개",https://smartstore.naver.com/main/products/10939826214,2025-05-23,5,"용량: 320g / 수량: 1개
 한달사용향이 좀 특이합니다.",,아주 넉넉해요,꼼꼼해요,편리해요,Y
DP_049,"덴마크 단백질이야기 320g, 2개",https://smartstore.naver.com/main/products/10939826214,2025-05-19,5,"용량: 320g / 수량: 3개
 한달사용부모님께서 잘 드시고 계시다네요. 스틱으로도 있으면 좋겠다고 하시네요.",,꽤 남았어요,꼼꼼해요,편리해요,Y
DP_049,"덴마크 단백질이야기 320g, 2개",https://smartstore.naver.com/main/products/10939826214,2025-05-18,4,"용량: 320g / 수량: 3개
 건강에 도움이 될것 같아요~~~~",,꽤 남았어요,적당해요,그냥그래요,Y
DP_049,"덴마크 단백질이야기 320g, 2개",https://smartstore.naver.com/main/products/10939826214,2025-05-13,4,"용량: 320g / 수량: 3개
 한달사용물에 섞으면 맛이 별루지만 무가당 두유랑 먹으면 맛나요",,아주 넉넉해요,꼼꼼해요,편리해요,Y
DP_049,"덴마크 단백질이야기 320g, 2개",https://smartstore.naver.com/main/products/10939826214,2025-05-09,5,"용량: 320g / 수량: 3개
구매자식이관심사 저당
 한달사용당뇨전단계인데 단백질 보충도 되면서 당에도 효과가 있다니 꾸준히 먹을 것 같아요",,아주 넉넉해요,꼼꼼해요,편리해요,Y
DP_049,"덴마크 단백질이야기 320g, 2개",https://smartstore.naver.com/main/products/10939826214,2025-05-09,5,한달사용부모님이 원하셔서 선물 해드렸어요~ 이 제품이 가장 좋다하시네요!,,아주 넉넉해요,꼼꼼해요,편리해요,Y
DP_049,"덴마크 단백질이야기 320g, 2개",https://smartstore.naver.com/main/products/10939826214,2025-05-09,4,"용량: 320g / 수량: 2개
 한달사용어머니 선물용으로 구매했습니다",,꽤 남았어요,적당해요,그냥그래요,Y
DP_049,"덴마크 단백질이야기 320g, 2개",https://smartstore.naver.com/main/products/10939826214,2025-04-26,4,"용량: 320g / 수량: 3개
 맛은 느끼한데 무가당두유에 타먹으면 맛이 좋아요.",,꽤 남았어요,꼼꼼해요,편리해요,Y
DP_049,"덴마크 단백질이야기 320g, 2개",https://smartstore.naver.com/main/products/10939826214,2025-04-18,5,"용량: 320g / 수량: 2개
 아침운동 하거든요
근육 빠질까봐 잘 챙겨 먹고 있어요",,아주 넉넉해요,꼼꼼해요,편리해요,Y
DP_049,"덴마크 단백질이야기 320g, 2개",https://smartstore.naver.com/main/products/10939826214,2025-04-17,5,"용량: 320g / 수량: 3개
 부모님이 다른 제품 단백질 드시고 있는데 혈당까지 잡아주는 덴마크 제품 드셔보라고 구입했어요. 통이 작긴 작네요. 며칠 못 먹는 양이긴 한데 드셔보시고 괜찮으면 계속 구입해 드리려고요.",,아주 넉넉해요,꼼꼼해요,편리해요,Y
DP_049,"덴마크 단백질이야기 320g, 2개",https://smartstore.naver.com/main/products/10939826214,2025-04-13,5,"용량: 320g / 수량: 1개
 향이 익숙하지 않지만 먹을만합니다",,아주 넉넉해요,꼼꼼해요,편리해요,Y
DP_049,"덴마크 단백질이야기 320g, 2개",https://smartstore.naver.com/main/products/10939826214,2025-04-12,5,"용량: 320g / 수량: 3개
구매자식이관심사 저당
 혈당에도 좋은 양질의 단백질이라니 잘 먹겠습니다",,아주 넉넉해요,꼼꼼해요,편리해요,Y
DP_049,"덴마크 단백질이야기 320g, 2개",https://smartstore.naver.com/main/products/10939826214,2025-04-09,4,"용량: 320g / 수량: 2개
 오늘 받았는데 잘 포장되어 도착하여서 좋습니다 복용 후도 더욱 좋아지길 바라며",,꽤 남았어요,꼼꼼해요,편리해요,Y
