﻿상품코드,상품명,URL,날짜,별점,리뷰텍스트,구매자 성별,유통기한,포장,편리,판매여부
DP_272,덴프스 비오틴 밸런스 1개월분/1BOX,https://smartstore.naver.com/main/products/7702363944,2025-09-18,5,한달사용좋아요 맛있었어요. 다음에 또 구매할게요. 감사합니다.,,아주 넉넉해요,꼼꼼해요,편리해요,Y
DP_272,덴프스 비오틴 밸런스 1개월분/1BOX,https://smartstore.naver.com/main/products/7702363944,2025-09-18,5,한달사용좋아요. 다음에 또 구매할게요. 감사합니다.,,아주 넉넉해요,적당해요,그냥그래요,Y
DP_272,덴프스 비오틴 밸런스 1개월분/1BOX,https://smartstore.naver.com/main/products/7702363944,2025-08-24,5,잘 먹고 있어요. 맛도 좋고요,,아주 넉넉해요,꼼꼼해요,편리해요,Y
DP_272,덴프스 비오틴 밸런스 1개월분/1BOX,https://smartstore.naver.com/main/products/7702363944,2025-08-23,5,"건강관심사 근육/체력
 메트로포민 당뇨약 먹는데 비타민B12 보충이 필수라네요. 맛도 좋고 알약보다 훨씬 나은것 같아요.",남성,아주 넉넉해요,꼼꼼해요,편리해요,Y
DP_272,덴프스 비오틴 밸런스 1개월분/1BOX,https://smartstore.naver.com/main/products/7702363944,2025-08-20,5,좋아요 자주 시켜먹구있어요,여성,꽤 남았어요,꼼꼼해요,편리해요,Y
DP_272,덴프스 비오틴 밸런스 1개월분/1BOX,https://smartstore.naver.com/main/products/7702363944,2025-07-23,5,한달사용잘 먹고 있습니다~,,아주 넉넉해요,꼼꼼해요,편리해요,Y
DP_272,덴프스 비오틴 밸런스 1개월분/1BOX,https://smartstore.naver.com/main/products/7702363944,2025-07-04,5,여름이라 머릿결이 얇아지고 뭔가 영양도 빠지는거 같아 주문했어요. 맛도 좋고 먹기도 너무 편리해요. 한달 먹어보고 좋으면 또 구매할거에요.,남성,아주 넉넉해요,적당해요,편리해요,Y
DP_272,덴프스 비오틴 밸런스 1개월분/1BOX,https://smartstore.naver.com/main/products/7702363944,2025-07-02,5,맛이 좋아서 안 까먹고 잘 챙겨 먹을 수 있습니다,,아주 넉넉해요,꼼꼼해요,편리해요,Y
DP_272,덴프스 비오틴 밸런스 1개월분/1BOX,https://smartstore.naver.com/main/products/7702363944,2025-06-27,5,맛있어서 먹기 편합니다,,아주 넉넉해요,꼼꼼해요,편리해요,Y
DP_272,덴프스 비오틴 밸런스 1개월분/1BOX,https://smartstore.naver.com/main/products/7702363944,2025-06-21,5,꾸준히 먹어보겠습니다,,아주 넉넉해요,꼼꼼해요,편리해요,Y
DP_272,덴프스 비오틴 밸런스 1개월분/1BOX,https://smartstore.naver.com/main/products/7702363944,2024-09-24,5,한달사용맛도 괜찮고 또구매하려구요,,아주 넉넉해요,꼼꼼해요,편리해요,Y
DP_272,덴프스 비오틴 밸런스 1개월분/1BOX,https://smartstore.naver.com/main/products/7702363944,2024-08-29,5,한달사용선물용으로도 좋고 맛도좋아서 좋습니당,남성,아주 넉넉해요,꼼꼼해요,편리해요,Y
DP_272,덴프스 비오틴 밸런스 1개월분/1BOX,https://smartstore.naver.com/main/products/7702363944,2024-08-17,5,전에 먹고 다시 재구매했어요,,아주 넉넉해요,꼼꼼해요,편리해요,Y
DP_272,덴프스 비오틴 밸런스 1개월분/1BOX,https://smartstore.naver.com/main/products/7702363944,2024-08-12,5,좋아요. 생각보다 맛있어요,,꽤 남았어요,적당해요,편리해요,Y
DP_272,덴프스 비오틴 밸런스 1개월분/1BOX,https://smartstore.naver.com/main/products/7702363944,2024-08-02,5,한달사용감사합니다! 좋은 가격에 구매하여 잘 먹고있어요 ㅎ,여성,아주 넉넉해요,꼼꼼해요,편리해요,Y
DP_272,덴프스 비오틴 밸런스 1개월분/1BOX,https://smartstore.naver.com/main/products/7702363944,2024-07-11,5,선물드렦더니 아주 맘에들어하셔요 감사합니다!,남성,아주 넉넉해요,꼼꼼해요,편리해요,Y
DP_272,덴프스 비오틴 밸런스 1개월분/1BOX,https://smartstore.naver.com/main/products/7702363944,2024-07-08,5,배송이 빠르고 유통기한이 넉넉하게 남아있어서 좋아요.,,아주 넉넉해요,꼼꼼해요,편리해요,Y
DP_272,덴프스 비오틴 밸런스 1개월분/1BOX,https://smartstore.naver.com/main/products/7702363944,2024-07-03,5,할인혜택 받아서 먹어봐요! 꾸준히 먹어보겠습니다 ㅎ,여성,아주 넉넉해요,꼼꼼해요,편리해요,Y
DP_272,덴프스 비오틴 밸런스 1개월분/1BOX,https://smartstore.naver.com/main/products/7702363944,2024-07-03,5,물 없이 먹어도 불편하지 않아요. 맛도 좋아서 먹기 좋아요.,,꽤 남았어요,꼼꼼해요,편리해요,Y
DP_272,덴프스 비오틴 밸런스 1개월분/1BOX,https://smartstore.naver.com/main/products/7702363944,2024-05-18,5,"한달사용물에
타 먹는 용도로는 별로고 그냥 가루로 잘 먹고있어요",여성,꽤 남았어요,꼼꼼해요,그냥그래요,Y
DP_272,덴프스 비오틴 밸런스 1개월분/1BOX,https://smartstore.naver.com/main/products/7702363944,2024-05-15,5,야간 근무 아침 일찍 일어날때마다 너무 힘들어서 규매했어요 효과가 있길,여성,아주 넉넉해요,꼼꼼해요,편리해요,Y
DP_272,덴프스 비오틴 밸런스 1개월분/1BOX,https://smartstore.naver.com/main/products/7702363944,2024-05-04,5,한달사용진짜 너무 맛있어용!! 체고에용,,꽤 남았어요,꼼꼼해요,편리해요,Y
DP_272,덴프스 비오틴 밸런스 1개월분/1BOX,https://smartstore.naver.com/main/products/7702363944,2024-05-02,5,기대됩니다 잘먹을게요,,아주 넉넉해요,꼼꼼해요,편리해요,Y
DP_272,덴프스 비오틴 밸런스 1개월분/1BOX,https://smartstore.naver.com/main/products/7702363944,2024-04-23,5,"덴프스에서 이것저것 구매해서 잘 먹고 있어요ㅎㅎ 손톱이 너무 잘 깨져서 사봤는데, 기분 탓인지 몰라도 비오틴이 효과가 있는 것 같아요.",,꽤 남았어요,꼼꼼해요,편리해요,Y
DP_272,덴프스 비오틴 밸런스 1개월분/1BOX,https://smartstore.naver.com/main/products/7702363944,2024-04-17,5,맛도 좋고 간편하게 먹기 좋아요 젤리형이라 간식같은느낌?ㅋㅋ,,꽤 남았어요,꼼꼼해요,편리해요,Y
DP_272,덴프스 비오틴 밸런스 1개월분/1BOX,https://smartstore.naver.com/main/products/7702363944,2024-04-09,5,한달사용꼭챙겨먹고잇어요~~다 먹으면 재구매할게욘,여성,아주 넉넉해요,꼼꼼해요,편리해요,Y
DP_272,덴프스 비오틴 밸런스 1개월분/1BOX,https://smartstore.naver.com/main/products/7702363944,2024-04-06,5,"재구매두번째복용중이고 복용 해본결과
특별한 부작용없이 개인적으론
만족",여성,아주 넉넉해요,꼼꼼해요,편리해요,Y
DP_272,덴프스 비오틴 밸런스 1개월분/1BOX,https://smartstore.naver.com/main/products/7702363944,2024-04-01,3,"흑 저한테는 비타민 비린내(?) 그 특유의 비타민 향이 너무 강해서ㅜㅜ 먹고 나면 속이 좀 안좋아요…그래도 사둔건 다 먹으려규요🥹🥹🥹🥹 
?
1",,꽤 남았어요,적당해요,그냥그래요,Y
DP_272,덴프스 비오틴 밸런스 1개월분/1BOX,https://smartstore.naver.com/main/products/7702363944,2024-03-29,5,배송빠르고 만족해요:),,아주 넉넉해요,적당해요,편리해요,Y
DP_272,덴프스 비오틴 밸런스 1개월분/1BOX,https://smartstore.naver.com/main/products/7702363944,2024-03-18,5,한달사용배송 빠르고 좋네요,,아주 넉넉해요,꼼꼼해요,편리해요,Y
DP_272,덴프스 비오틴 밸런스 1개월분/1BOX,https://smartstore.naver.com/main/products/7702363944,2024-03-17,5,한달사용다먹어서 사진이 따로 없네요 ㅜ 먹기편해서 또 구매하려고 합니다,,아주 넉넉해요,꼼꼼해요,편리해요,Y
DP_272,덴프스 비오틴 밸런스 1개월분/1BOX,https://smartstore.naver.com/main/products/7702363944,2024-03-12,5,디자인도 깔끔하고 예뻐서 먹을 때 기분이 좋아용 함량도 충분해서 너무 좋아용,,꽤 남았어요,꼼꼼해요,편리해요,Y
DP_272,덴프스 비오틴 밸런스 1개월분/1BOX,https://smartstore.naver.com/main/products/7702363944,2024-03-10,5,"구매자선택안함
 일단 먹기 편하게 분말형이라는 점! 그리고 복숭아향이 나서 먹기도 편하고, 일단 작아서 들고다니기도 편해서 잘 먹고 있습니다!",,아주 넉넉해요,꼼꼼해요,편리해요,Y
DP_272,덴프스 비오틴 밸런스 1개월분/1BOX,https://smartstore.naver.com/main/products/7702363944,2024-03-08,5,먹기.편하고 좋아요. 다음에 하나 더 주문하고 싶어요!,,꽤 남았어요,적당해요,편리해요,Y
DP_272,덴프스 비오틴 밸런스 1개월분/1BOX,https://smartstore.naver.com/main/products/7702363944,2024-02-15,5,배송 빠르고 좋네요,,아주 넉넉해요,꼼꼼해요,편리해요,Y
DP_272,덴프스 비오틴 밸런스 1개월분/1BOX,https://smartstore.naver.com/main/products/7702363944,2024-02-01,5,한달사용달달해서 간식대신 좋아여 ㅎ,,아주 넉넉해요,꼼꼼해요,편리해요,Y
DP_272,덴프스 비오틴 밸런스 1개월분/1BOX,https://smartstore.naver.com/main/products/7702363944,2024-01-26,2,한달사용피부가 뒤집어져서 고생했어요,여성,아주 넉넉해요,꼼꼼해요,편리해요,Y
DP_272,덴프스 비오틴 밸런스 1개월분/1BOX,https://smartstore.naver.com/main/products/7702363944,2024-01-21,5,먹기도 간편하고 맛도 맛있어서 좋아요,여성,아주 넉넉해요,꼼꼼해요,편리해요,Y
DP_272,덴프스 비오틴 밸런스 1개월분/1BOX,https://smartstore.naver.com/main/products/7702363944,2024-01-02,5,새해에 저를 위해 구매했어요! 먹기 편합니다!,,아주 넉넉해요,꼼꼼해요,편리해요,Y
DP_272,덴프스 비오틴 밸런스 1개월분/1BOX,https://smartstore.naver.com/main/products/7702363944,2023-12-28,5,맛도 맛있어서 먹기 편해요!,,아주 넉넉해요,꼼꼼해요,편리해요,Y
DP_272,덴프스 비오틴 밸런스 1개월분/1BOX,https://smartstore.naver.com/main/products/7702363944,2023-12-24,5,처음 사봤는데 아직 안먹어 봤어요 ㅎ,,아주 넉넉해요,적당해요,그냥그래요,Y
DP_272,덴프스 비오틴 밸런스 1개월분/1BOX,https://smartstore.naver.com/main/products/7702363944,2023-12-12,5,한달사용안먹으면 서운한...비오틴은 잘 느끼지 못하지만 꾸준히 먹습니다.,여성,아주 넉넉해요,꼼꼼해요,편리해요,Y
DP_272,덴프스 비오틴 밸런스 1개월분/1BOX,https://smartstore.naver.com/main/products/7702363944,2023-11-13,5,한달사용머리가 점점 자라고 있어료,,아주 넉넉해요,꼼꼼해요,편리해요,Y
DP_272,덴프스 비오틴 밸런스 1개월분/1BOX,https://smartstore.naver.com/main/products/7702363944,2023-11-12,2,한달사용한달동안 먹었는데 뭔가 특별히 좋았던 점은 못 느꼈던것 같아요. 먹기 편하고 맛은 있어요.,여성,아주 넉넉해요,적당해요,편리해요,Y
DP_272,덴프스 비오틴 밸런스 1개월분/1BOX,https://smartstore.naver.com/main/products/7702363944,2023-10-23,5,한달사용맛도 맛잇고 비오틴 효과가 잇는것 같아요,여성,아주 넉넉해요,꼼꼼해요,편리해요,Y
DP_272,덴프스 비오틴 밸런스 1개월분/1BOX,https://smartstore.naver.com/main/products/7702363944,2023-10-13,5,상큼한 포도맛이고 맛있어요. 물에 타서 먹는건 개인적으로 별로였어요. 포도맛이 안나요.,여성,아주 넉넉해요,적당해요,편리해요,Y
DP_272,덴프스 비오틴 밸런스 1개월분/1BOX,https://smartstore.naver.com/main/products/7702363944,2023-10-08,5,한달사용매일 챙겨먹구있습니더,,아주 넉넉해요,꼼꼼해요,편리해요,Y
DP_272,덴프스 비오틴 밸런스 1개월분/1BOX,https://smartstore.naver.com/main/products/7702363944,2023-10-04,5,한달사용남편이 먹고있는데 기존에 섭취했던 제품보다 맛있다고 좋아해요!,,아주 넉넉해요,꼼꼼해요,편리해요,Y
DP_272,덴프스 비오틴 밸런스 1개월분/1BOX,https://smartstore.naver.com/main/products/7702363944,2023-09-10,5,상큼한 맛나고 먹기 편하네요,여성,아주 넉넉해요,꼼꼼해요,편리해요,Y
DP_272,덴프스 비오틴 밸런스 1개월분/1BOX,https://smartstore.naver.com/main/products/7702363944,2023-09-09,5,꾸준히 먹고 있어요 !!,,아주 넉넉해요,꼼꼼해요,편리해요,Y
DP_272,덴프스 비오틴 밸런스 1개월분/1BOX,https://smartstore.naver.com/main/products/7702363944,2023-09-04,5,맛도 괜찮고 먹기 편해요,,아주 넉넉해요,꼼꼼해요,편리해요,Y
DP_272,덴프스 비오틴 밸런스 1개월분/1BOX,https://smartstore.naver.com/main/products/7702363944,2023-08-21,5,여기 제품이 잘 맞아서 비오틴도 구매해봤어요!,,아주 넉넉해요,꼼꼼해요,편리해요,Y
DP_272,덴프스 비오틴 밸런스 1개월분/1BOX,https://smartstore.naver.com/main/products/7702363944,2023-08-17,5,진짜 맛있습니다... 일어나자마자 섭취해요,여성,꽤 남았어요,적당해요,편리해요,Y
DP_272,덴프스 비오틴 밸런스 1개월분/1BOX,https://smartstore.naver.com/main/products/7702363944,2023-07-19,5,비오틴 요즘들어 챙겨 먹으려고하는데 가루형 처음선택해봤어요,여성,꽤 남았어요,꼼꼼해요,편리해요,Y
DP_272,덴프스 비오틴 밸런스 1개월분/1BOX,https://smartstore.naver.com/main/products/7702363944,2023-06-25,5,비오틴 다른것도 먹어봤눈데 이건 맛있어욬ㅋ 이걸로 정착할듯합니다.,남성,아주 넉넉해요,꼼꼼해요,편리해요,Y
DP_272,덴프스 비오틴 밸런스 1개월분/1BOX,https://smartstore.naver.com/main/products/7702363944,2023-06-08,5,배송빠르고 먹기 편해요,,아주 넉넉해요,적당해요,편리해요,Y
DP_272,덴프스 비오틴 밸런스 1개월분/1BOX,https://smartstore.naver.com/main/products/7702363944,2023-05-01,5,시원달콤해서 먹기 편했어요.,,아주 넉넉해요,꼼꼼해요,편리해요,Y
DP_272,덴프스 비오틴 밸런스 1개월분/1BOX,https://smartstore.naver.com/main/products/7702363944,2023-04-28,5,재구매한달사용맛있는데 가루형이라 먹은후 양치딜해줘야하는것 쓰레기가 더 나온다는게 단점입니다.. 그래도 잘먹고있습니다,,아주 넉넉해요,꼼꼼해요,편리해요,Y
DP_272,덴프스 비오틴 밸런스 1개월분/1BOX,https://smartstore.naver.com/main/products/7702363944,2023-04-17,5,기대중이에요.. 부스터먹고 효과봐서 시켰어요,여성,꽤 남았어요,적당해요,편리해요,Y
DP_272,덴프스 비오틴 밸런스 1개월분/1BOX,https://smartstore.naver.com/main/products/7702363944,2023-04-10,5,한달사용먹기 편하고 맛있습니다!! 감사합니다^^,여성,아주 넉넉해요,꼼꼼해요,편리해요,Y
DP_272,덴프스 비오틴 밸런스 1개월분/1BOX,https://smartstore.naver.com/main/products/7702363944,2023-04-06,5,부작용 없고 먹을만해요,,꽤 남았어요,적당해요,편리해요,Y
DP_272,덴프스 비오틴 밸런스 1개월분/1BOX,https://smartstore.naver.com/main/products/7702363944,2023-04-04,5,출산 후 머리카락이 너무빠져 구매하게됐어요 3일 먹고나서 부터 머리카락이 덜 빠지는 느낌이 듭니다,,아주 넉넉해요,꼼꼼해요,편리해요,Y
DP_272,덴프스 비오틴 밸런스 1개월분/1BOX,https://smartstore.naver.com/main/products/7702363944,2023-03-07,5,달콤하고 맛있어요!! ㅎㅎ 먹어보고 놀렀어요~ 감사합니다^^,여성,아주 넉넉해요,꼼꼼해요,편리해요,Y
DP_272,덴프스 비오틴 밸런스 1개월분/1BOX,https://smartstore.naver.com/main/products/7702363944,2023-03-07,5,먹기 편하고 꾸준하게 먹어보려고 합니다 효과 있었으면 좋겠어요!!,,아주 넉넉해요,꼼꼼해요,편리해요,Y
DP_272,덴프스 비오틴 밸런스 1개월분/1BOX,https://smartstore.naver.com/main/products/7702363944,2023-03-03,5,"이거 먹고 활력이 좀 생겼으면 좋겠어요 가게만 쳐박혀 있는 삶이 너무 피곤하고 무료하네요 삶이찐건지 부은 건지 잘챙겨 먹지도 못하는데 차라리 잘먹고 찐 살이면 먹을때 만큼은 행복했을텐데요... 암튼 이거, 먹고 좋아졌음좋겠네요",,꽤 남았어요,꼼꼼해요,편리해요,Y
DP_272,덴프스 비오틴 밸런스 1개월분/1BOX,https://smartstore.naver.com/main/products/7702363944,2023-02-27,5,"한달사용일단 맛있어서 한달치를 남기지 않고 다 먹었고요..
머리카락도 덜 빠지는 것 같고, 손톱도 자꾸 갈라져서 신경쓰였는데 그부분은 완전 좋아졌어요",여성,아주 넉넉해요,꼼꼼해요,편리해요,Y
DP_272,덴프스 비오틴 밸런스 1개월분/1BOX,https://smartstore.naver.com/main/products/7702363944,2023-02-07,5,"맛도 달달하고 향료맛이 아니라서 좋아요
전 그냥 입에 털어넣고 물마시는데 효과는 아직 잘 모르겠어요",,아주 넉넉해요,꼼꼼해요,편리해요,Y
DP_272,덴프스 비오틴 밸런스 1개월분/1BOX,https://smartstore.naver.com/main/products/7702363944,2023-01-23,5,배송도 빠르고 가루로 된 상품 찾았는데 좋아요 먹기 편하고 개별 포장이라 휴대하기 좋아요,,아주 넉넉해요,꼼꼼해요,편리해요,Y
