﻿상품코드,상품명,URL,날짜,별점,리뷰텍스트,구매자 성별,유통기한,포장,편리,판매여부
DP_234,"덴프스 칼슘 본케어 30포, 1개",https://smartstore.naver.com/main/products/8495163123,2025-03-22,5,"개당 수량: 30포 / 수량: 2개
건강관심사 관절/뼈건강
 한달사용장기간 꾸준히 먹고있어요 먹기도 편해서 까먹지않고 먹어요 ㅋ 대신 물이 필수입니당 숨막힐수있어요^^",여성,아주 넉넉해요,꼼꼼해요,편리해요,Y
DP_234,"덴프스 칼슘 본케어 30포, 1개",https://smartstore.naver.com/main/products/8495163123,2025-03-21,4,"개당 수량: 30포 / 수량: 2개
 한달사용꾸준히 먹고 있어요..",여성,아주 넉넉해요,꼼꼼해요,편리해요,Y
DP_234,"덴프스 칼슘 본케어 30포, 1개",https://smartstore.naver.com/main/products/8495163123,2025-03-18,5,"개당 수량: 30포 / 수량: 2개
 한달사용맛도 좋고 먹기도 편리해서 꾸준히 먹게됩니다~ 아주 좋아요!",,아주 넉넉해요,꼼꼼해요,편리해요,Y
DP_234,"덴프스 칼슘 본케어 30포, 1개",https://smartstore.naver.com/main/products/8495163123,2025-03-03,5,"개당 수량: 30포 / 수량: 2개
 한달사용가루형태라서 먹기편하고 고소한맛이라 좋아용",여성,아주 넉넉해요,꼼꼼해요,편리해요,Y
DP_234,"덴프스 칼슘 본케어 30포, 1개",https://smartstore.naver.com/main/products/8495163123,2025-02-11,5,"개당 수량: 30포 / 수량: 2개
 재구매한달사용엄마가 함께 먹으려고 주문했습니다. 고소한맛때문에 먹기 편합니다. 꾸준히 먹어보려고 합니다.",,아주 넉넉해요,꼼꼼해요,편리해요,Y
DP_234,"덴프스 칼슘 본케어 30포, 1개",https://smartstore.naver.com/main/products/8495163123,2025-02-11,5,"개당 수량: 30포 / 수량: 2개
 재구매한달사용칼슘이 중요하다고 하여 꾸준히 먹으려고 주문했습니다. 먹기 편합니다.",,아주 넉넉해요,꼼꼼해요,편리해요,Y
DP_234,"덴프스 칼슘 본케어 30포, 1개",https://smartstore.naver.com/main/products/8495163123,2025-02-11,5,"개당 수량: 30포 / 수량: 2개
 재구매한달사용엄마가 함께 먹으려고 주문했습니다. 맛이 고소하여 먹기 편합니다.",,아주 넉넉해요,꼼꼼해요,편리해요,Y
DP_234,"덴프스 칼슘 본케어 30포, 1개",https://smartstore.naver.com/main/products/8495163123,2025-02-06,5,"개당 수량: 30포 / 수량: 3개
 한달사용3년째 먹고 있는 아이와먹고 있어요",,아주 넉넉해요,꼼꼼해요,편리해요,Y
DP_234,"덴프스 칼슘 본케어 30포, 1개",https://smartstore.naver.com/main/products/8495163123,2025-02-05,5,"개당 수량: 30포 / 수량: 2개
 칼슘도 타브랜드와 다르게 가루형태라 먹기 편해요 맛도 고소한맛이라 먹을만 해요",,아주 넉넉해요,꼼꼼해요,편리해요,Y
DP_234,"덴프스 칼슘 본케어 30포, 1개",https://smartstore.naver.com/main/products/8495163123,2025-02-04,5,"개당 수량: 30포 / 수량: 2개
 한달사용칼슘알약이 너무 사이즈가 커서 파우더 타입으로 바꿨는데 고소하니 먹기 편합니다.",,아주 넉넉해요,꼼꼼해요,편리해요,Y
DP_234,"덴프스 칼슘 본케어 30포, 1개",https://smartstore.naver.com/main/products/8495163123,2025-02-03,4,"개당 수량: 30포 / 수량: 2개
 꾸준히 먹어보려고 구매했어요",,꽤 남았어요,적당해요,그냥그래요,Y
DP_234,"덴프스 칼슘 본케어 30포, 1개",https://smartstore.naver.com/main/products/8495163123,2025-01-27,5,"개당 수량: 30포 / 수량: 2개
건강관심사 노화방지면역력근육/체력
 덴프스에서 유산균만 먹고있었는데 이번 세일때 영양제를 사봤어요 이렇게 포로 되어있는건 처음 먹어보는데 편리하고 맛있어요 근데 입자가 진짜 너무 고와서 입에 털어넣고 먹을때 사레들리는거 조심하세요 ㅠㅠ 리뷰 봤는데도 처음먹을때 사레들려서 죽을뻔 ㅠㅠ",여성,아주 넉넉해요,꼼꼼해요,편리해요,Y
DP_234,"덴프스 칼슘 본케어 30포, 1개",https://smartstore.naver.com/main/products/8495163123,2025-01-26,5,"개당 중량: 30포 / 수량: 1개
 한달사용가지고 다니면서 먹기 좋아요~",,아주 넉넉해요,꼼꼼해요,편리해요,Y
DP_234,"덴프스 칼슘 본케어 30포, 1개",https://smartstore.naver.com/main/products/8495163123,2025-01-23,5,"개당 수량: 30포 / 수량: 2개
건강관심사 노화방지면역력관절/뼈건강
 꾸준히 먹고 있는 제품입니다. 일단 먹기편해서 제일좋고 맛도 좋아요 효과는 확인이 좀 까다로우니 ㅋ 천천히 느껴보겠습니다^^",여성,아주 넉넉해요,꼼꼼해요,편리해요,Y
DP_234,"덴프스 칼슘 본케어 30포, 1개",https://smartstore.naver.com/main/products/8495163123,2025-01-21,4,"개당 수량: 30포 / 수량: 2개
건강관심사 면역력
 한달사용맛은 괜찮은데 입자가 너무 작아서 먹을 때 사레를 조심해야..",여성,아주 넉넉해요,꼼꼼해요,편리해요,Y
DP_234,"덴프스 칼슘 본케어 30포, 1개",https://smartstore.naver.com/main/products/8495163123,2025-01-20,5,"개당 중량: 30포 / 수량: 2개
 한달사용꾸준히 먹어보려구요",,아주 넉넉해요,꼼꼼해요,편리해요,Y
DP_234,"덴프스 칼슘 본케어 30포, 1개",https://smartstore.naver.com/main/products/8495163123,2025-01-18,5,"개당 중량: 30포 / 수량: 2개
 한달사용문자 미숫가루 먹는 것 같아요
가루양이 꽤 많아서 목넘김에 주의하셔야 합니다",,아주 넉넉해요,꼼꼼해요,편리해요,Y
DP_234,"덴프스 칼슘 본케어 30포, 1개",https://smartstore.naver.com/main/products/8495163123,2025-01-17,5,"개당 수량: 30포 / 수량: 2개
 덴프스 비타민은 꾸준히 먹고 있어요~칼슘제는 처음 주문해봤는데 효과가 있음 좋겠네요.빠른배송감사합니다.",,아주 넉넉해요,꼼꼼해요,편리해요,Y
DP_234,"덴프스 칼슘 본케어 30포, 1개",https://smartstore.naver.com/main/products/8495163123,2025-01-12,5,"개당 수량: 30포 / 수량: 2개
 재구매먹기 너무 편하게 가루형에 미숫가루 맛이 납니다. 꾸준히 먹기 좋은 제품입니다.",,아주 넉넉해요,꼼꼼해요,편리해요,Y
DP_234,"덴프스 칼슘 본케어 30포, 1개",https://smartstore.naver.com/main/products/8495163123,2025-01-12,5,"개당 수량: 30포 / 수량: 3개
 한달사용먹기 편하고 개별 포장이라 너무 좋네요~",,아주 넉넉해요,꼼꼼해요,편리해요,Y
DP_234,"덴프스 칼슘 본케어 30포, 1개",https://smartstore.naver.com/main/products/8495163123,2025-01-12,5,"개당 수량: 30포 / 수량: 2개
 재구매엄마 선물용으로 샀습니다. 받으시고는 먹기 편하다고 좋아하십니다.",,아주 넉넉해요,꼼꼼해요,편리해요,Y
DP_234,"덴프스 칼슘 본케어 30포, 1개",https://smartstore.naver.com/main/products/8495163123,2025-01-12,5,"개당 수량: 30포 / 수량: 2개
 재구매엄마와 함께 먹으려고 주문했는데 고소한 맛이 나서 먹기 편합니다. 꾸준히 먹으려고 합니다.",,아주 넉넉해요,꼼꼼해요,편리해요,Y
DP_234,"덴프스 칼슘 본케어 30포, 1개",https://smartstore.naver.com/main/products/8495163123,2025-01-11,5,"개당 중량: 30포 / 수량: 2개
 한달사용굿!!!!!!!!!",,아주 넉넉해요,꼼꼼해요,편리해요,Y
DP_234,"덴프스 칼슘 본케어 30포, 1개",https://smartstore.naver.com/main/products/8495163123,2025-01-09,5,"개당 중량: 30포 / 수량: 3개
 한달사용유산균,마규네슘,아이비타민 먹고있는데
칼슘도 맛있네요",,아주 넉넉해요,꼼꼼해요,편리해요,Y
DP_234,"덴프스 칼슘 본케어 30포, 1개",https://smartstore.naver.com/main/products/8495163123,2025-01-09,5,"개당 수량: 30포 / 수량: 2개
 한달사용알약 잘 못삼키는 초등학생이어서 구입했어요. 맛있다고 잘 먹네요 ㅎㅎ",남성,아주 넉넉해요,꼼꼼해요,편리해요,Y
DP_234,"덴프스 칼슘 본케어 30포, 1개",https://smartstore.naver.com/main/products/8495163123,2025-01-09,5,"개당 수량: 30포 / 수량: 2개
 한달사용초등 아이들과 잘 먹고 있어요",,아주 넉넉해요,꼼꼼해요,편리해요,Y
DP_234,"덴프스 칼슘 본케어 30포, 1개",https://smartstore.naver.com/main/products/8495163123,2025-01-09,5,"개당 중량: 30포 / 수량: 2개
 한달사용건강해지는거 같아요",,아주 넉넉해요,꼼꼼해요,편리해요,Y
DP_234,"덴프스 칼슘 본케어 30포, 1개",https://smartstore.naver.com/main/products/8495163123,2025-01-04,2,"개당 중량: 30포 / 수량: 2개
 한달사용먹기불편하고.맛도안좋아요.",,꽤 남았어요,적당해요,그냥그래요,Y
DP_234,"덴프스 칼슘 본케어 30포, 1개",https://smartstore.naver.com/main/products/8495163123,2025-01-02,5,"개당 중량: 30포 / 수량: 2개
 한달사용재구매에요 맛있어요 재구매에요 감사합니다",여성,꽤 남았어요,적당해요,편리해요,Y
DP_234,"덴프스 칼슘 본케어 30포, 1개",https://smartstore.naver.com/main/products/8495163123,2025-01-01,5,"개당 수량: 30포 / 수량: 3개
 좋아여 아이와 같이ㅡ먹기 좋아요",여성,아주 넉넉해요,꼼꼼해요,편리해요,Y
DP_234,"덴프스 칼슘 본케어 30포, 1개",https://smartstore.naver.com/main/products/8495163123,2024-12-30,5,"개당 중량: 30포 / 수량: 3개
 한달사용칼슘도 먹으면 좋다길래 첫구매 해봤습니다 덴프스에서 유산균만 먹었는데 칼슘도 괜찮은것 같아요 일단 맛은 있고요, 효과는 두달 정도는 먹어봐야 알수 있을듯요",,꽤 남았어요,적당해요,편리해요,Y
DP_234,"덴프스 칼슘 본케어 30포, 1개",https://smartstore.naver.com/main/products/8495163123,2024-12-30,5,"개당 중량: 30포 / 수량: 3개
 한달사용알갱이가 작아서 목넘김이 편해요",여성,아주 넉넉해요,꼼꼼해요,편리해요,Y
DP_234,"덴프스 칼슘 본케어 30포, 1개",https://smartstore.naver.com/main/products/8495163123,2024-12-19,5,"개당 중량: 30포 / 수량: 2개
 한달사용하루 한알이라 먹기 편해요 재구매 의사 있습니다
효과있겠죠",여성,꽤 남았어요,적당해요,그냥그래요,Y
DP_234,"덴프스 칼슘 본케어 30포, 1개",https://smartstore.naver.com/main/products/8495163123,2024-12-18,5,"개당 중량: 30포 / 수량: 3개
 한달사용세통 구입해서 두통째 먹는 중입니다~
달달한 곡물 맛이라 물에 타먹는데
거부감 없어용",,꽤 남았어요,적당해요,편리해요,Y
DP_234,"덴프스 칼슘 본케어 30포, 1개",https://smartstore.naver.com/main/products/8495163123,2024-12-16,5,"개당 수량: 30포 / 수량: 3개
 입자가 엄청 고와서 한번에 빨리 부으면 사례 걸릴 수 있어요! 천천히 드시는 게 좋을 것 같고 맛은 곡물맛이이요 ㅎㅎ",,꽤 남았어요,꼼꼼해요,그냥그래요,Y
DP_234,"덴프스 칼슘 본케어 30포, 1개",https://smartstore.naver.com/main/products/8495163123,2024-12-14,5,"개당 중량: 30포 / 수량: 2개
 ㄱㅜㅅ!!!!!!!!!!!!!",,아주 넉넉해요,꼼꼼해요,편리해요,Y
DP_234,"덴프스 칼슘 본케어 30포, 1개",https://smartstore.naver.com/main/products/8495163123,2024-12-09,5,"개당 수량: 30포 / 수량: 2개
 미숫가루 맛이어서 먹기 편하네요
성장기 아이가 잘 먹고 있습니다",남성,아주 넉넉해요,꼼꼼해요,편리해요,Y
DP_234,"덴프스 칼슘 본케어 30포, 1개",https://smartstore.naver.com/main/products/8495163123,2024-12-08,5,"개당 수량: 30포 / 수량: 1개
 꼭 물을 조금이라도 함께 먹어야해요",여성,아주 넉넉해요,꼼꼼해요,편리해요,Y
DP_234,"덴프스 칼슘 본케어 30포, 1개",https://smartstore.naver.com/main/products/8495163123,2024-12-06,5,"개당 수량: 30포 / 수량: 2개
 마크네슘과 같이 꾸준히 먹고있는영양제",,아주 넉넉해요,꼼꼼해요,편리해요,Y
DP_234,"덴프스 칼슘 본케어 30포, 1개",https://smartstore.naver.com/main/products/8495163123,2024-12-05,5,"개당 수량: 30포 / 수량: 2개
 츄어블 영양제 먹기 싫대서 분말형으로 사줬는데 애들이 먹을때 괴로워하네요ㅜㅜ 그래도 칼슘은 먹어야하니까 적응시켜봐야겠어요!",,아주 넉넉해요,꼼꼼해요,편리해요,Y
DP_234,"덴프스 칼슘 본케어 30포, 1개",https://smartstore.naver.com/main/products/8495163123,2024-12-05,5,"개당 수량: 30포 / 수량: 3개
 꼼꼼한 포장과 빠른 배송 매우 만족합니다.
가루가 매우 고와서 그런지 느낌이 좀 특이 (나쁜건 아님)한것 같기는 하네요",,아주 넉넉해요,꼼꼼해요,그냥그래요,Y
DP_234,"덴프스 칼슘 본케어 30포, 1개",https://smartstore.naver.com/main/products/8495163123,2024-12-04,5,"개당 수량: 30포 / 수량: 1개
 하루 한포 먹기 편해요
만족합니다 👍🏻",,아주 넉넉해요,꼼꼼해요,편리해요,Y
DP_234,"덴프스 칼슘 본케어 30포, 1개",https://smartstore.naver.com/main/products/8495163123,2024-12-03,5,"개당 중량: 30포 / 수량: 3개
 한달사용가루약이라 먹기편해요",,꽤 남았어요,적당해요,편리해요,Y
DP_234,"덴프스 칼슘 본케어 30포, 1개",https://smartstore.naver.com/main/products/8495163123,2024-12-02,5,"개당 수량: 30포 / 수량: 1개
 재구매마그네슘과 함께 챙겨주고 있는 영양제에요.
미숫가루 맛이나는데 ㅋㅋㅋ
꽤 맛있어요 ㅋㅋ
입자가 고와서 금방 녹습니다!
마그네슘이랑 칼슘이랑 같이 챙겨주면 좋다 그래서
같이 챙겨 먹고 있어요~
분말 타입이라 먹기 편하고 좋아요.",여성,아주 넉넉해요,꼼꼼해요,편리해요,Y
DP_234,"덴프스 칼슘 본케어 30포, 1개",https://smartstore.naver.com/main/products/8495163123,2024-12-02,5,"개당 중량: 30포 / 수량: 2개
 가루형태라 먹기도 편하고 좋아요~",여성,아주 넉넉해요,꼼꼼해요,편리해요,Y
DP_234,"덴프스 칼슘 본케어 30포, 1개",https://smartstore.naver.com/main/products/8495163123,2024-12-01,5,"개당 수량: 30포 / 수량: 3개
 와이프가 먹는 마그네슘이 너무 괜찮아서 본 회사에 대한 신뢰가 생겨서 여러가지 사봤는데 모두 좋은거 같아요 🫡",,아주 넉넉해요,꼼꼼해요,편리해요,Y
DP_234,"덴프스 칼슘 본케어 30포, 1개",https://smartstore.naver.com/main/products/8495163123,2024-11-28,5,"개당 중량: 30포 / 수량: 3개
 한달사용내 몸은 내가 챙겨야한다는 생각에
챙겨먹으려고 주문했는데 좋아요
우유에 한포씩 넣어서 매일 아침 마시고 있어요",여성,아주 넉넉해요,꼼꼼해요,편리해요,Y
DP_234,"덴프스 칼슘 본케어 30포, 1개",https://smartstore.naver.com/main/products/8495163123,2024-11-26,4,"개당 수량: 30포 / 수량: 2개
 소비기한 진짜 임박한 녀석들로 보내 주셨네요.
4개 시켰는데 한달에 한 박스씩 먹으면 마지막 한 박스는 기한 넘어 먹어야 해서 아는 분 드리려구요~
재구매입니다~~
먹기 편해요",,임박상품이에요,꼼꼼해요,편리해요,Y
DP_234,"덴프스 칼슘 본케어 30포, 1개",https://smartstore.naver.com/main/products/8495163123,2024-11-25,4,"개당 중량: 30포 / 수량: 1개
 가루로 되어있는데 먹기괜찮아요",,아주 넉넉해요,꼼꼼해요,편리해요,Y
DP_234,"덴프스 칼슘 본케어 30포, 1개",https://smartstore.naver.com/main/products/8495163123,2024-11-22,5,"개당 중량: 30포 / 수량: 2개
 재구매한달사용언니가 떨어지면 불안하다고 자꾸사달라고하네요 뭔가효과가 굉장히 있는것같습디다",여성,아주 넉넉해요,꼼꼼해요,편리해요,Y
DP_234,"덴프스 칼슘 본케어 30포, 1개",https://smartstore.naver.com/main/products/8495163123,2024-11-19,5,"개당 중량: 30포 / 수량: 2개
 먹기 편한 걸로 찾고있었는데 구수한 누룽지맛? 맛있어요 분말형태지만 바로 녹아서 좋아요",,아주 넉넉해요,꼼꼼해요,편리해요,Y
DP_234,"덴프스 칼슘 본케어 30포, 1개",https://smartstore.naver.com/main/products/8495163123,2024-11-19,5,"개당 중량: 30포 / 수량: 3개
 한달사용선물로 드렸는데 엄청 좋아하셨어요! 맛도 좋고 먹기도 편하다고 하셨어요",,아주 넉넉해요,꼼꼼해요,편리해요,Y
DP_234,"덴프스 칼슘 본케어 30포, 1개",https://smartstore.naver.com/main/products/8495163123,2024-11-17,5,"개당 중량: 30포 / 수량: 1개
 뼈건강챙길나이라 미리미리먹어두려고 주문했어요 먹기편해요",여성,아주 넉넉해요,꼼꼼해요,편리해요,Y
DP_234,"덴프스 칼슘 본케어 30포, 1개",https://smartstore.naver.com/main/products/8495163123,2024-11-16,4,"개당 중량: 30포 / 수량: 3개
 한달사용마음이 든든해요!!",여성,꽤 남았어요,적당해요,그냥그래요,Y
DP_234,"덴프스 칼슘 본케어 30포, 1개",https://smartstore.naver.com/main/products/8495163123,2024-11-14,5,"개당 중량: 30포 / 수량: 3개
 아직 2일밖에 안먹어서 효과는 잘 모르겠지만 믿고 먹습니다~일단 맛은 엄청 있어요",,꽤 남았어요,꼼꼼해요,편리해요,Y
DP_234,"덴프스 칼슘 본케어 30포, 1개",https://smartstore.naver.com/main/products/8495163123,2024-11-13,5,"개당 중량: 30포 / 수량: 2개
 한달사용물타먹는 게 귀찮아서 그냥 먹는데 기침 나오네요 ㅎㅎㅎ 맛은 좋아요",,아주 넉넉해요,꼼꼼해요,편리해요,Y
DP_234,"덴프스 칼슘 본케어 30포, 1개",https://smartstore.naver.com/main/products/8495163123,2024-11-13,5,"개당 중량: 30포 / 수량: 3개
 다른 영양제는 챙겨먹는데 칼슘은 없어요 먹고 튼튼해 져야죠~ 맛도 미숫가루 맛이 나요 첫맛이 너무 좋았어요",여성,아주 넉넉해요,꼼꼼해요,편리해요,Y
DP_234,"덴프스 칼슘 본케어 30포, 1개",https://smartstore.naver.com/main/products/8495163123,2024-11-12,5,"개당 중량: 30포 / 수량: 2개
 칼슘은 대부분 알약으로 되어있는데 덴프스는 가루라 먹기편했어요
고소한 곡물맛이라 좋아요 배송도 도착보장이라 다음날 바로 왔네용!!",,아주 넉넉해요,꼼꼼해요,편리해요,Y
DP_234,"덴프스 칼슘 본케어 30포, 1개",https://smartstore.naver.com/main/products/8495163123,2024-11-12,5,"개당 중량: 30포 / 수량: 3개
 이제 몸을 챙겨야 할때가 된거 같아 이것저것 찾아보다가 칼슘이 꼭 필요한거 같아 구매하게 되었다",여성,아주 넉넉해요,꼼꼼해요,편리해요,Y
DP_234,"덴프스 칼슘 본케어 30포, 1개",https://smartstore.naver.com/main/products/8495163123,2024-11-09,5,"개당 중량: 30포 / 수량: 3개
 재구매재구매이고 부모님이 좋아하세요",여성,아주 넉넉해요,꼼꼼해요,편리해요,Y
DP_234,"덴프스 칼슘 본케어 30포, 1개",https://smartstore.naver.com/main/products/8495163123,2024-11-07,5,"개당 중량: 30포 / 수량: 2개
 좋아요먹기 편해요 재구매에요",여성,아주 넉넉해요,꼼꼼해요,편리해요,Y
DP_234,"덴프스 칼슘 본케어 30포, 1개",https://smartstore.naver.com/main/products/8495163123,2024-11-04,5,"개당 중량: 30포 / 수량: 2개
 한달사용하루에 3알씩 먹기가 불편해서 물에 타먹는 걸로 구먀했는데 남편이 잘 먹고 있네요. 꾸준하게 먹으려고 하고 있어요 다 먹으면 재구매하러 올게요",,꽤 남았어요,적당해요,그냥그래요,Y
DP_234,"덴프스 칼슘 본케어 30포, 1개",https://smartstore.naver.com/main/products/8495163123,2024-11-03,4,"개당 중량: 30포 / 수량: 3개
 한달사용먹을때 꼭 물이랑 같이 멋어야 해요.",여성,꽤 남았어요,적당해요,그냥그래요,Y
DP_234,"덴프스 칼슘 본케어 30포, 1개",https://smartstore.naver.com/main/products/8495163123,2024-11-02,5,"개당 중량: 30포 / 수량: 2개
 엄마 드렸는데 잘드십니다 도움이 됐음 좋겠어요",여성,꽤 남았어요,적당해요,편리해요,Y
DP_234,"덴프스 칼슘 본케어 30포, 1개",https://smartstore.naver.com/main/products/8495163123,2024-11-01,5,"개당 중량: 30포 / 수량: 1개
 꾸준히 먹어보려구요 ~~ 빠른 배송 감사합니다 ~",,아주 넉넉해요,꼼꼼해요,편리해요,Y
DP_234,"덴프스 칼슘 본케어 30포, 1개",https://smartstore.naver.com/main/products/8495163123,2024-10-29,5,"개당 중량: 30포 / 수량: 3개
 한달사용가루타입이여서 아주 잘 먹고있습니다~!
다음에도 주문할께요~!",,아주 넉넉해요,꼼꼼해요,편리해요,Y
DP_234,"덴프스 칼슘 본케어 30포, 1개",https://smartstore.naver.com/main/products/8495163123,2024-10-29,5,"개당 중량: 30포 / 수량: 2개
 한달사용괜찮아서 꾸준히 먹고 있어요",,아주 넉넉해요,꼼꼼해요,편리해요,Y
DP_234,"덴프스 칼슘 본케어 30포, 1개",https://smartstore.naver.com/main/products/8495163123,2024-10-24,5,"개당 중량: 30포 / 수량: 1개
 한달사용강추입니다~!~!!",,아주 넉넉해요,꼼꼼해요,편리해요,Y
DP_234,"덴프스 칼슘 본케어 30포, 1개",https://smartstore.naver.com/main/products/8495163123,2024-10-23,5,"개당 중량: 30포 / 수량: 2개
 먹기 편해서 좋아요~",,꽤 남았어요,꼼꼼해요,편리해요,Y
DP_234,"덴프스 칼슘 본케어 30포, 1개",https://smartstore.naver.com/main/products/8495163123,2024-10-22,5,"개당 중량: 30포 / 수량: 3개
 기존 알약 칼슘제 먹기 너무 불편해서 샀는데 아주 만족이네요. 맛이 좋아요.",,아주 넉넉해요,꼼꼼해요,편리해요,Y
DP_234,"덴프스 칼슘 본케어 30포, 1개",https://smartstore.naver.com/main/products/8495163123,2024-10-20,5,"개당 중량: 30포 / 수량: 2개
 재구매입니다!가루타입인데 고소하고 부담없이 먹을수있어서 그게 제일 맘에들어요..",,아주 넉넉해요,꼼꼼해요,편리해요,Y
DP_234,"덴프스 칼슘 본케어 30포, 1개",https://smartstore.naver.com/main/products/8495163123,2024-10-20,5,"개당 중량: 30포 / 수량: 1개
 재구매한달사용덴프스 효소랑 맛이 비슷해서 먹기좋아요",,아주 넉넉해요,꼼꼼해요,편리해요,Y
DP_234,"덴프스 칼슘 본케어 30포, 1개",https://smartstore.naver.com/main/products/8495163123,2024-10-17,5,"개당 중량: 30포 / 수량: 3개
 한달사용먹기도 좋고 맛있어요~
가루가 엄청 고와요~~",,아주 넉넉해요,꼼꼼해요,편리해요,Y
DP_234,"덴프스 칼슘 본케어 30포, 1개",https://smartstore.naver.com/main/products/8495163123,2024-10-17,5,"개당 중량: 30포 / 수량: 2개
 어제 라방보고 주문했는데
오늘 바로 배송받았어요
빠른배송 감사합니다.
오자말자 잘 정리해뒀어요
잘 챙겨먹을께요 감사합니다.",,아주 넉넉해요,꼼꼼해요,편리해요,Y
DP_234,"덴프스 칼슘 본케어 30포, 1개",https://smartstore.naver.com/main/products/8495163123,2024-10-15,5,"개당 중량: 30포 / 수량: 3개
 한달사용요즘 신경쓰고 복용하는 영양제중 칼슘
가루라 목넘김도 좋구 맛도 맛나요",,아주 넉넉해요,꼼꼼해요,편리해요,Y
DP_234,"덴프스 칼슘 본케어 30포, 1개",https://smartstore.naver.com/main/products/8495163123,2024-10-15,3,"개당 중량: 30포 / 수량: 3개
 좋아하는 덴프스 제품이라 믿고 구매해봤어요 뼈건강 챙겨보려고 칼슘 구매했는데 그냥 미숫가루 먹는것같이 많이 달아요 ㅋㅋㅋ이거 조은거맞겠죠? 일단 믿고 먹어봅니다 많이파세요",,꽤 남았어요,꼼꼼해요,편리해요,Y
DP_234,"덴프스 칼슘 본케어 30포, 1개",https://smartstore.naver.com/main/products/8495163123,2024-10-15,5,"개당 중량: 30포 / 수량: 1개
 한달사용칼슘 복용하기 거북한데 복용에 용이합니다",여성,아주 넉넉해요,꼼꼼해요,편리해요,Y
DP_234,"덴프스 칼슘 본케어 30포, 1개",https://smartstore.naver.com/main/products/8495163123,2024-10-08,3,"개당 중량: 30포 / 수량: 1개
 한달사용먹는건 편리했는데 생각보다 달아서 제 입맛에는 그랬어요.",여성,꽤 남았어요,적당해요,그냥그래요,Y
DP_234,"덴프스 칼슘 본케어 30포, 1개",https://smartstore.naver.com/main/products/8495163123,2024-10-07,4,"개당 중량: 30포 / 수량: 3개
 가루타입이 먹기도 좋고 흡수율도 좋은것같아 타브랜드꺼 먹었는데 덴프스에 새로 나온거 보고 주문했어요",,꽤 남았어요,꼼꼼해요,편리해요,Y
DP_234,"덴프스 칼슘 본케어 30포, 1개",https://smartstore.naver.com/main/products/8495163123,2024-10-04,4,"개당 중량: 30포 / 수량: 3개
 항상 구메하고 있는제품이에요",여성,꽤 남았어요,적당해요,그냥그래요,Y
DP_234,"덴프스 칼슘 본케어 30포, 1개",https://smartstore.naver.com/main/products/8495163123,2024-10-04,4,"개당 중량: 30포 / 수량: 3개
 한달사용분말이지만 금방 적응했습니다. 맛있어서 좋아요",남성,아주 넉넉해요,적당해요,편리해요,Y
DP_234,"덴프스 칼슘 본케어 30포, 1개",https://smartstore.naver.com/main/products/8495163123,2024-10-03,5,"개당 중량: 30포 / 수량: 1개
 한달사용가루로 된 칼슘 제품은 처음이라 독특한 경험입니다! 다른 댓글처럼 미숫가루 맛도 느껴지고 조금 단 맛도 나고, 또 물에 잘 풀어져서 먹기 어렵지 않아 좋은 것 같습니다ㅎㅎ",,아주 넉넉해요,꼼꼼해요,편리해요,Y
DP_234,"덴프스 칼슘 본케어 30포, 1개",https://smartstore.naver.com/main/products/8495163123,2024-10-03,5,"개당 중량: 30포 / 수량: 1개
 먹던 것이 다 먹어가서 재구매를 했습니다.
입자가 고운 분말형태인데,
입에 털어넣고 물 마셔서 녹여 먹고 있어요 ㅋㅋ
진짜 좀 미숫가루 느낌의 맛이 나서 맛있습니다.
칼마디 정을 사보려고 했는데 마그네슘 분말타입이
아직 한박스 더 남아있어가지고
요걸로 하나 더 샀어요.
근데 맛있어서...? 계속 이렇게 먹을지도...
타블렛형은 3알씩 먹어야 되는데
분말형은 한포씩 먹으면 되니까 더 편한 것 같기두 하구요.
아무튼 꽤 맛있게(?) 잘 챙겨먹고 있습니다. 더보기
+1",여성,아주 넉넉해요,꼼꼼해요,편리해요,Y
DP_234,"덴프스 칼슘 본케어 30포, 1개",https://smartstore.naver.com/main/products/8495163123,2024-10-02,5,"개당 중량: 30포 / 수량: 3개
 한달사용청소년기 아들 키성장에 도움이될것같아 구매해서
매일꾸준히먹어요",남성,아주 넉넉해요,꼼꼼해요,편리해요,Y
DP_234,"덴프스 칼슘 본케어 30포, 1개",https://smartstore.naver.com/main/products/8495163123,2024-09-27,5,"개당 중량: 30포 / 수량: 3개
 청소년기 아이의 성장을 위해 주문했어요. 두유나 우유에 타서 매일 한포씩 꾸준히먹어요 고소하니 맛있어요",남성,아주 넉넉해요,꼼꼼해요,편리해요,Y
DP_234,"덴프스 칼슘 본케어 30포, 1개",https://smartstore.naver.com/main/products/8495163123,2024-09-27,5,"개당 중량: 30포 / 수량: 1개
 한달사용가루로 되있어서 소화가 잘 되요. 그래서 계속 복용 중이에요.",,아주 넉넉해요,꼼꼼해요,편리해요,Y
DP_234,"덴프스 칼슘 본케어 30포, 1개",https://smartstore.naver.com/main/products/8495163123,2024-09-26,5,"개당 중량: 30포 / 수량: 3개
 선물로 구매했는데 디자인도 너무 깔끔하고 맛도 좋으시다고 칭찬 받았어요 ! 먹기도 편하고 고소해서 더 잘 챙겨 드실거 같다고 하시더라구요 ㅎㅎ",,아주 넉넉해요,꼼꼼해요,편리해요,Y
DP_234,"덴프스 칼슘 본케어 30포, 1개",https://smartstore.naver.com/main/products/8495163123,2024-09-25,5,"개당 중량: 30포 / 수량: 3개
 한달사용뼈건강에좋은컷 같아요.
소화도 잘되고
맛도 좋아요",,아주 넉넉해요,꼼꼼해요,편리해요,Y
DP_234,"덴프스 칼슘 본케어 30포, 1개",https://smartstore.naver.com/main/products/8495163123,2024-09-24,4,"개당 중량: 30포 / 수량: 2개
 알약3개 먹기 너무 불편해서 물에 타서 마시는걸로 구입해서 먹어보니 편하고 좋습니다. 성분은 좀 다르지만 먹기편해서 아걸로 갈아타려고 해요 목고 재구매할게요",,꽤 남았어요,적당해요,편리해요,Y
DP_234,"덴프스 칼슘 본케어 30포, 1개",https://smartstore.naver.com/main/products/8495163123,2024-09-22,5,"개당 중량: 30포 / 수량: 1개
 한달사용이런 가루타입 선호해서 잘 먹고 있어요!",,아주 넉넉해요,꼼꼼해요,편리해요,Y
DP_234,"덴프스 칼슘 본케어 30포, 1개",https://smartstore.naver.com/main/products/8495163123,2024-09-19,3,"개당 중량: 30포 / 수량: 2개
 한달사용가루가 먹기 불편한 점이 있네요",여성,꽤 남았어요,적당해요,그냥그래요,Y
DP_234,"덴프스 칼슘 본케어 30포, 1개",https://smartstore.naver.com/main/products/8495163123,2024-09-18,5,"개당 중량: 30포 / 수량: 1개
 마그네슘 분말을 먹고 있는데
칼슘이 같이 안 들어있다보니 요걸 따로 구매하게 됐어요.
마그네슘처럼 분말 입자가 굵을 줄 알았는데
칼슘은 엄청 고운 분말이네욬ㅋㅋㅋ
첨에 먹고 깜짝 놀랐습니다.
물에 잘 녹아서 입에 털어넣고 물 마시면 금세 녹아서 삼키기 편해요.
입자가 너무 고와서 잘 안 녹고 뭉치면 어떡하지 했는데 전혀 그렇지 않네요!
덴프스에서 혈당케어, 마그네슘을 사 먹고 있는데 모두 도움이 잘 되길 바라면서 열심히 먹어봅니다.
그런데 마그네슘이랑 요제품 다 먹으면 타블렛으로 된 걸 사볼까 싶기고 하네요 ㅋㅋ
그건 칼마디길래... 더보기",여성,아주 넉넉해요,꼼꼼해요,그냥그래요,Y
DP_234,"덴프스 칼슘 본케어 30포, 1개",https://smartstore.naver.com/main/products/8495163123,2024-09-15,5,"개당 중량: 30포 / 수량: 3개
 후기 정독하고 구매했는데 후기처럼 목이 맥히네요 ㅋ 물과함께 꼭 복용해야할것같아요
잘챙겨 먹겠습니다",여성,아주 넉넉해요,꼼꼼해요,편리해요,Y
DP_234,"덴프스 칼슘 본케어 30포, 1개",https://smartstore.naver.com/main/products/8495163123,2024-09-13,5,"개당 중량: 30포 / 수량: 1개
 저렴하게 잘 샀습니다",,아주 넉넉해요,꼼꼼해요,그냥그래요,Y
DP_234,"덴프스 칼슘 본케어 30포, 1개",https://smartstore.naver.com/main/products/8495163123,2024-09-13,5,"개당 중량: 30포 / 수량: 2개
 털어먹으면 100%재채기합니다
물에 타드세요~",,아주 넉넉해요,꼼꼼해요,편리해요,Y
DP_234,"덴프스 칼슘 본케어 30포, 1개",https://smartstore.naver.com/main/products/8495163123,2024-09-12,5,"개당 중량: 30포 / 수량: 3개
 가루형식이라 물마시면서 같이 먹으니 먹기 편해요
쌩짜로 먹엇다가 목에 걸려 쾍~~~
맛도 맛나고 조아요",,아주 넉넉해요,꼼꼼해요,편리해요,Y
DP_234,"덴프스 칼슘 본케어 30포, 1개",https://smartstore.naver.com/main/products/8495163123,2024-09-11,5,"개당 중량: 30포 / 수량: 3개
 한달사용이건 약이 아니에여.. 미숫가루맛ㅋㅋㅋ 너무 맛잇어서 편하게 잘먹고 잇습니다~ 이전에 알약3개 먹는거 보다 훨좋아요",여성,아주 넉넉해요,꼼꼼해요,편리해요,Y
DP_234,"덴프스 칼슘 본케어 30포, 1개",https://smartstore.naver.com/main/products/8495163123,2024-09-11,5,"개당 중량: 30포 / 수량: 1개
 추천으로 구입했습니다 ~! 잘챙겨 먹어봐야겠어요 ~",,아주 넉넉해요,꼼꼼해요,편리해요,Y
DP_234,"덴프스 칼슘 본케어 30포, 1개",https://smartstore.naver.com/main/products/8495163123,2024-09-09,4,"개당 중량: 30포 / 수량: 3개
 골밀도 관리를 위해 구매했습니다. 달콤해서 넘기기 편하네요. 효과를 기대합니다",남성,꽤 남았어요,적당해요,편리해요,Y
DP_234,"덴프스 칼슘 본케어 30포, 1개",https://smartstore.naver.com/main/products/8495163123,2024-09-09,3,"개당 중량: 30포 / 수량: 2개
 한달사용상품평을 꼼꼼히 읽어봤어야했는데... 가루형태로 먹다가 남편이랑 저랑 목에 걸려서 기침을 한참 했네요... 이건 물에 타서 먹어야합니다.. 가루가 너무 고와서 그대로 먹으면 기관지타고도 들어가고 고생하네요 ㅠㅠ
맛은 먹을만 해요.",남성,꽤 남았어요,적당해요,불편해요,Y
DP_234,"덴프스 칼슘 본케어 30포, 1개",https://smartstore.naver.com/main/products/8495163123,2024-09-07,5,"개당 중량: 30포 / 수량: 1개
 한달사용골절 되었었는데 많은 도움이 되었어요",여성,아주 넉넉해요,꼼꼼해요,편리해요,Y
DP_234,"덴프스 칼슘 본케어 30포, 1개",https://smartstore.naver.com/main/products/8495163123,2024-09-05,5,"개당 중량: 30포 / 수량: 3개
 한달사용맛있어서 꼭 챙겨먹습니다",,아주 넉넉해요,꼼꼼해요,편리해요,Y
DP_234,"덴프스 칼슘 본케어 30포, 1개",https://smartstore.naver.com/main/products/8495163123,2024-09-04,4,"개당 중량: 30포 / 수량: 1개
 가루라 먹기 편리해요 맛도 좋구요",여성,아주 넉넉해요,꼼꼼해요,편리해요,Y
DP_234,"덴프스 칼슘 본케어 30포, 1개",https://smartstore.naver.com/main/products/8495163123,2024-09-01,5,"개당 중량: 30포 / 수량: 2개
 한달사용골다공증 예방으로 먹고 있습니다. 꼬숩고 달달해요.",,아주 넉넉해요,꼼꼼해요,편리해요,Y
DP_234,"덴프스 칼슘 본케어 30포, 1개",https://smartstore.naver.com/main/products/8495163123,2024-08-31,5,"개당 중량: 30포 / 수량: 2개
 한달사용먹기편하고 맛도 괜찮음",,아주 넉넉해요,꼼꼼해요,편리해요,Y
DP_234,"덴프스 칼슘 본케어 30포, 1개",https://smartstore.naver.com/main/products/8495163123,2024-08-29,5,"개당 중량: 30포 / 수량: 3개
 전에 칼슘 먹다가 중단한 이유가 알이 너무 크고 딱딱해서 목에서 안넘어가서였는데 파우더 타입이라 냉큼 주문했어요~~ 아직 먹진 않아서 모르겠지만 맛있다는 후기가 있어서 기대됩니다~",,아주 넉넉해요,꼼꼼해요,편리해요,Y
DP_234,"덴프스 칼슘 본케어 30포, 1개",https://smartstore.naver.com/main/products/8495163123,2024-08-29,5,"개당 중량: 30포 / 수량: 3개
 한달사용친구 선물로 주었는데 만족하더라구요^^",여성,꽤 남았어요,적당해요,그냥그래요,Y
DP_234,"덴프스 칼슘 본케어 30포, 1개",https://smartstore.naver.com/main/products/8495163123,2024-08-26,5,"개당 중량: 30포 / 수량: 1개
 덴프스 칼슘 본 케어 가루라도 복용 하기 편해요",,아주 넉넉해요,꼼꼼해요,편리해요,Y
DP_234,"덴프스 칼슘 본케어 30포, 1개",https://smartstore.naver.com/main/products/8495163123,2024-08-24,5,"개당 중량: 30포 / 수량: 3개
 너무너무 싼가격에 잘 샀어요~~",남성,아주 넉넉해요,꼼꼼해요,편리해요,Y
DP_234,"덴프스 칼슘 본케어 30포, 1개",https://smartstore.naver.com/main/products/8495163123,2024-08-21,5,"개당 중량: 30포 / 수량: 3개
 재구매한달사용잇몸염증심해서 사보았는데 효과있는것같습니다 좋아요. 꾸준히먹어봅니다",여성,아주 넉넉해요,꼼꼼해요,편리해요,Y
DP_234,"덴프스 칼슘 본케어 30포, 1개",https://smartstore.naver.com/main/products/8495163123,2024-08-21,5,"개당 중량: 30포 / 수량: 2개
 진짜 잇몸이 좀나아진거같습니다 효과잇네요 재구매햇습니다",여성,아주 넉넉해요,꼼꼼해요,편리해요,Y
DP_234,"덴프스 칼슘 본케어 30포, 1개",https://smartstore.naver.com/main/products/8495163123,2024-08-21,5,"개당 중량: 30포 / 수량: 2개
 한달사용분말이라 먹기 편리하고 좋은데 제가 잘 못먹어서 그런지 적응 중입니다",여성,아주 넉넉해요,꼼꼼해요,편리해요,Y
DP_234,"덴프스 칼슘 본케어 30포, 1개",https://smartstore.naver.com/main/products/8495163123,2024-08-20,5,"개당 중량: 30포 / 수량: 3개
 중학생 아이 먹이는데 구수한맛이라 거부감없이
먹고있어요~",여성,아주 넉넉해요,꼼꼼해요,편리해요,Y
DP_234,"덴프스 칼슘 본케어 30포, 1개",https://smartstore.naver.com/main/products/8495163123,2024-08-20,5,"개당 중량: 30포 / 수량: 2개
 한달사용분말로 편하게 먹을 수 있어 좋습니다",,꽤 남았어요,적당해요,편리해요,Y
DP_234,"덴프스 칼슘 본케어 30포, 1개",https://smartstore.naver.com/main/products/8495163123,2024-08-10,3,"개당 중량: 30포 / 수량: 1개
 한달사용가루가 너무 고와서 그냥 먹기에는 불편하고
꼭 물에 타먹어야 하는 점이 있었습니다.
맛도 단맛이 강해 호불호가 있을 것 같습니다.",남성,아주 넉넉해요,꼼꼼해요,불편해요,Y
DP_234,"덴프스 칼슘 본케어 30포, 1개",https://smartstore.naver.com/main/products/8495163123,2024-08-10,3,"개당 중량: 30포 / 수량: 1개
 덴프스 철분 효과를봐서 이번에도 덴프스꺼 샀는데.. 아직 먹는 중이라 효과까진 모르겠고.. 너무 가루가 고와서 먹을때 기침이 나서 오히려 먹기 좀 어렵다? ㅎㅎ",여성,아주 넉넉해요,꼼꼼해요,그냥그래요,Y
DP_234,"덴프스 칼슘 본케어 30포, 1개",https://smartstore.naver.com/main/products/8495163123,2024-08-07,5,"개당 중량: 30포 / 수량: 1개
 가루타입이라 먹기 편하고 맛있어서 꾸준히 잘 챙겨 먹을 것 같아요
!",,아주 넉넉해요,꼼꼼해요,편리해요,Y
DP_234,"덴프스 칼슘 본케어 30포, 1개",https://smartstore.naver.com/main/products/8495163123,2024-08-07,5,"개당 중량: 30포 / 수량: 3개
 한달사용잘받았습니다 감사합니다",,아주 넉넉해요,꼼꼼해요,편리해요,Y
DP_234,"덴프스 칼슘 본케어 30포, 1개",https://smartstore.naver.com/main/products/8495163123,2024-08-06,4,"개당 중량: 30포 / 수량: 1개
 요런 칼슘도~~~?
고소하고 부럽고
이번엔 성공적으로 다 복용할수 있을듯합니다",여성,꽤 남았어요,꼼꼼해요,편리해요,Y
DP_234,"덴프스 칼슘 본케어 30포, 1개",https://smartstore.naver.com/main/products/8495163123,2024-08-06,5,"개당 중량: 30포 / 수량: 2개
 너무고운가루라 가끔 목에걸리긴하는데 맛있어요",여성,아주 넉넉해요,꼼꼼해요,편리해요,Y
DP_234,"덴프스 칼슘 본케어 30포, 1개",https://smartstore.naver.com/main/products/8495163123,2024-08-06,5,"개당 중량: 30포 / 수량: 1개
 처음구매해보는데잘먹어볼께요:D",,아주 넉넉해요,꼼꼼해요,편리해요,Y
DP_234,"덴프스 칼슘 본케어 30포, 1개",https://smartstore.naver.com/main/products/8495163123,2024-08-03,5,"개당 중량: 30포 / 수량: 3개
 한달사용칼슘 부족으로 복용 하고 있어요. 파우더라서 더 좋아요",,아주 넉넉해요,꼼꼼해요,편리해요,Y
DP_234,"덴프스 칼슘 본케어 30포, 1개",https://smartstore.naver.com/main/products/8495163123,2024-07-28,5,"개당 중량: 30포 / 수량: 2개
 먹기편하고 맛도괜찮아요",,꽤 남았어요,꼼꼼해요,편리해요,Y
DP_234,"덴프스 칼슘 본케어 30포, 1개",https://smartstore.naver.com/main/products/8495163123,2024-07-16,5,"개당 중량: 30포 / 수량: 2개
 분말형태의 칼슘제는 처음 보는데 고소하고 단 맛이나 신기하면서도 맛있어요 분말이 고와 가루 날림이 간혹 있지만 맛난 칼슘제라 좋아요",,꽤 남았어요,꼼꼼해요,편리해요,Y
DP_234,"덴프스 칼슘 본케어 30포, 1개",https://smartstore.naver.com/main/products/8495163123,2024-07-15,5,"개당 중량: 30포 / 수량: 2개
 한달사용먹기 편하고 우유나 단백질음료에 타 먹는데 고소하고 좋아요",,아주 넉넉해요,꼼꼼해요,편리해요,Y
DP_234,"덴프스 칼슘 본케어 30포, 1개",https://smartstore.naver.com/main/products/8495163123,2024-07-14,5,"개당 중량: 30포 / 수량: 3개
 아버님 선물로 구매했습니다. 가루로 섭취하는 칼슘제품이 많지않고 대부분 알약인데 개인적으로 낱개포장에 가루제품을 선호하기때문에 검색 많이 했어요^^
칼슘뿐만 아니라 어르신들께 도움이 되는 다른 영양성분이 들어있어서 마음에 듭니다. 선물용이라서 쇼핑백을 요청했는데 따로 있지는 않은가봐요ㅠ 집에 있는 쇼핑백에 넣어드렸어요. 선물용으로 과하지않는 정도로 제작해주시면 어떨까해요! 명절때나 생일, 집들이때 선물로 하기 좋을거같아서요. 제가 직접 섭취하진 않았지만 아버님께서 마음에 들어하시네요~ 드시기 부담스럽지않고 괜찮다하십니다.",여성,아주 넉넉해요,꼼꼼해요,편리해요,Y
DP_234,"덴프스 칼슘 본케어 30포, 1개",https://smartstore.naver.com/main/products/8495163123,2024-07-13,5,"개당 중량: 30포 / 수량: 3개
 잘받았습니다 감사합니다",,아주 넉넉해요,꼼꼼해요,편리해요,Y
DP_234,"덴프스 칼슘 본케어 30포, 1개",https://smartstore.naver.com/main/products/8495163123,2024-07-12,5,"개당 중량: 30포 / 수량: 3개
 오..... 원래 댄프스 칼마디 알약으로 먹다가 이번에 칼슘 분말로 바꿧는데 진짵맛잇네요ㅎㅎ 약들이 이렇게 맛잇는대 영양분까지 챙겨주다니!!",여성,아주 넉넉해요,꼼꼼해요,편리해요,Y
DP_234,"덴프스 칼슘 본케어 30포, 1개",https://smartstore.naver.com/main/products/8495163123,2024-07-12,5,"개당 중량: 30포 / 수량: 3개
 패키지가 친환경이라 너무 좋네요",,아주 넉넉해요,꼼꼼해요,편리해요,Y
DP_234,"덴프스 칼슘 본케어 30포, 1개",https://smartstore.naver.com/main/products/8495163123,2024-07-08,5,"개당 중량: 30포 / 수량: 3개
구매자선택안함
 재구매한달사용저렴하고 품질이 좋아 늘 구매합니다.",,아주 넉넉해요,꼼꼼해요,편리해요,Y
DP_234,"덴프스 칼슘 본케어 30포, 1개",https://smartstore.naver.com/main/products/8495163123,2024-07-07,5,"개당 중량: 30포 / 수량: 1개
 먹기 편하고 물에 타서 먹으니 더 미숫가루 맛이 나 먹기 편해요.",여성,아주 넉넉해요,꼼꼼해요,편리해요,Y
DP_234,"덴프스 칼슘 본케어 30포, 1개",https://smartstore.naver.com/main/products/8495163123,2024-07-07,5,"개당 중량: 30포 / 수량: 1개
 진짜로 미숫가루 맛이. 나고. 맛있어요
그런데 가루가. 굉장히 미세한데
목. 멕혀 죽는지 알았어요
다행히 금방. 녹아서. 괜찮았는데
순간 죽는지 알았습니다
그거. 말고는 좋습니다",여성,꽤 남았어요,적당해요,그냥그래요,Y
DP_234,"덴프스 칼슘 본케어 30포, 1개",https://smartstore.naver.com/main/products/8495163123,2024-07-06,4,"개당 중량: 30포 / 수량: 2개
 먹을만 한데 유독 가루날림이 심한듯도",여성,꽤 남았어요,적당해요,그냥그래요,Y
DP_234,"덴프스 칼슘 본케어 30포, 1개",https://smartstore.naver.com/main/products/8495163123,2024-07-04,5,"개당 중량: 30포 / 수량: 3개
 덴프스 칼슘 가루라서 좋아요",,아주 넉넉해요,꼼꼼해요,편리해요,Y
DP_234,"덴프스 칼슘 본케어 30포, 1개",https://smartstore.naver.com/main/products/8495163123,2024-07-03,5,"개당 중량: 30포 / 수량: 1개
 먹어보니 고소하게 맛나네요",,아주 넉넉해요,꼼꼼해요,편리해요,Y
DP_234,"덴프스 칼슘 본케어 30포, 1개",https://smartstore.naver.com/main/products/8495163123,2024-06-28,4,"개당 중량: 30포 / 수량: 2개
 추가 영양제 주문하면서 뼈건강을 위해 칼슘도 구매했어요.
덴프스 다른 구미나 과립형 영양제 모두 만족하고 먹고 있어서 칼슘도 덴프스 주문했어요.
그런데 이 제품은 다른 과립형에 비해 가루가 너무 고와서 물에 타서 먹어야겠어요.
다른 덴프스 과립형 영양제처럼 입에 넣었다가 콧구멍이랑 기도에 날려들어가서 저녁내 기침하고 고생했네요 ㅠㅠ 맛은 나쁘지 않았어요.",남성,꽤 남았어요,적당해요,그냥그래요,Y
DP_234,"덴프스 칼슘 본케어 30포, 1개",https://smartstore.naver.com/main/products/8495163123,2024-06-28,5,"개당 중량: 30포 / 수량: 2개
 배송빠르고 좋아요 ! 가루형식이라서 먹기 편해서 샀어요",여성,아주 넉넉해요,꼼꼼해요,편리해요,Y
DP_234,"덴프스 칼슘 본케어 30포, 1개",https://smartstore.naver.com/main/products/8495163123,2024-06-23,5,"개당 중량: 30포 / 수량: 1개
 단맛이 강한게 좀 아쉽지만 먹기편하고 곡물맛이라 좋아요",여성,아주 넉넉해요,꼼꼼해요,편리해요,Y
DP_234,"덴프스 칼슘 본케어 30포, 1개",https://smartstore.naver.com/main/products/8495163123,2024-06-23,5,"개당 중량: 30포 / 수량: 3개
 한달사용엄마가 꾸준히 드시고 계십니다. 고소한 맛에 먹기 편하시대요.",,아주 넉넉해요,꼼꼼해요,편리해요,Y
DP_234,"덴프스 칼슘 본케어 30포, 1개",https://smartstore.naver.com/main/products/8495163123,2024-06-22,5,"개당 중량: 30포 / 수량: 2개
 비타민을 먹고 있는데 괜찮은거 같아 믿고 주문했습니다 먹을때 가루라 살짝 살에 걸렸지만 괜찮은맛 ^^",,아주 넉넉해요,적당해요,편리해요,Y
DP_234,"덴프스 칼슘 본케어 30포, 1개",https://smartstore.naver.com/main/products/8495163123,2024-06-19,3,"개당 중량: 30포 / 수량: 3개
 한달사용칼슘은 다 섭취했는데요 마그네슘이 포함되지 않아서 따로 복용했네요 알은 먹기에 적당했어요",,꽤 남았어요,적당해요,편리해요,Y
DP_234,"덴프스 칼슘 본케어 30포, 1개",https://smartstore.naver.com/main/products/8495163123,2024-06-18,5,"개당 중량: 30포 / 수량: 1개
 한달사용입자가 곱고 고소한 맛이에요 먹기편해요",,아주 넉넉해요,꼼꼼해요,편리해요,Y
DP_234,"덴프스 칼슘 본케어 30포, 1개",https://smartstore.naver.com/main/products/8495163123,2024-06-12,5,"개당 중량: 30포 / 수량: 2개
 칼슘 영양제 편리하게 먹기 좋아요",,꽤 남았어요,적당해요,편리해요,Y
DP_234,"덴프스 칼슘 본케어 30포, 1개",https://smartstore.naver.com/main/products/8495163123,2024-06-11,5,"개당 중량: 30포 / 수량: 2개
 먹기가 편리해서 좋습니다",여성,아주 넉넉해요,꼼꼼해요,편리해요,Y
DP_234,"덴프스 칼슘 본케어 30포, 1개",https://smartstore.naver.com/main/products/8495163123,2024-06-09,5,"개당 중량: 30포 / 수량: 3개
 한달사용효과있길바라며먹어요",,아주 넉넉해요,꼼꼼해요,편리해요,Y
DP_234,"덴프스 칼슘 본케어 30포, 1개",https://smartstore.naver.com/main/products/8495163123,2024-06-09,5,"개당 중량: 30포 / 수량: 2개
 산후 영양제로 덴프스 제품들 구매했어요. 영양제는 꼭 챙겨먹어야하는 부담같은게 좀 작용하는데 덴프스 제품들은 접근성이 좋네요. 털어넣으면 스르르 녹는데 고소한 맛이 납니다. 칼슘만 딱 있는 군더더기 없는 제품을 원했는데 덴프스에 있네요. 덴프스 제품들은 성분 원산지도 투명하고 좋은 원료를 써서 좋아요. 처음 드시는 분께 작은 팁이라면 입자가 정말 고운 편이라 드실 때 조심하셔야해요. 물을 약간 머금고 털어넣으면 괜찮습니다.",,아주 넉넉해요,꼼꼼해요,편리해요,Y
DP_234,"덴프스 칼슘 본케어 30포, 1개",https://smartstore.naver.com/main/products/8495163123,2024-06-07,5,"개당 중량: 30포 / 수량: 2개
 칼슘 먹어보려고 샀습니다!!",,아주 넉넉해요,꼼꼼해요,편리해요,Y
DP_234,"덴프스 칼슘 본케어 30포, 1개",https://smartstore.naver.com/main/products/8495163123,2024-06-04,5,"개당 중량: 30포 / 수량: 3개
 챙겨먹기편해요 꾸준히먹을생각이에요",남성,아주 넉넉해요,꼼꼼해요,편리해요,Y
DP_234,"덴프스 칼슘 본케어 30포, 1개",https://smartstore.naver.com/main/products/8495163123,2024-06-04,5,"개당 중량: 30포 / 수량: 2개
 마그네슘이랑 같이 먹으려고 같은 분말로 샀어요~ 먹기 편한거 같아요",,아주 넉넉해요,꼼꼼해요,편리해요,Y
DP_234,"덴프스 칼슘 본케어 30포, 1개",https://smartstore.naver.com/main/products/8495163123,2024-05-29,5,"개당 중량: 30포 / 수량: 3개
 어젯밤 주문 오늘 오전 도착 총알배송",여성,아주 넉넉해요,꼼꼼해요,편리해요,Y
DP_234,"덴프스 칼슘 본케어 30포, 1개",https://smartstore.naver.com/main/products/8495163123,2024-05-28,5,한달사용먹기편하고 어르신에게 좋습니다,,아주 넉넉해요,꼼꼼해요,편리해요,Y
DP_234,"덴프스 칼슘 본케어 30포, 1개",https://smartstore.naver.com/main/products/8495163123,2024-05-25,5,"개당 중량: 30포 / 수량: 2개
 발목을 삐어서 고생하고 있는데
칼슘을 먹으면 효과가 있다기에 흡수율이 높은 가루제품으로 선택했어요
효과있음좋겠어요",,아주 넉넉해요,꼼꼼해요,편리해요,Y
DP_234,"덴프스 칼슘 본케어 30포, 1개",https://smartstore.naver.com/main/products/8495163123,2024-05-24,4,"개당 중량: 30포 / 수량: 3개
 어머니 드릴려고 구매했는데
빨리 도착해서 좋아요",,아주 넉넉해요,적당해요,편리해요,Y
DP_234,"덴프스 칼슘 본케어 30포, 1개",https://smartstore.naver.com/main/products/8495163123,2024-05-21,5,"개당 중량: 30포 / 수량: 3개
 고소한 곡물맛이 나네요~마그네슘과 같이 물에타서 먹으니 가루날림 없어 편해요~",여성,아주 넉넉해요,꼼꼼해요,편리해요,Y
DP_234,"덴프스 칼슘 본케어 30포, 1개",https://smartstore.naver.com/main/products/8495163123,2024-05-17,5,"개당 중량: 30포 / 수량: 3개
구매자선택안함
 재구매알약 먹기 어려운 사람을 위해 늘 구매함..",,아주 넉넉해요,꼼꼼해요,편리해요,Y
DP_234,"덴프스 칼슘 본케어 30포, 1개",https://smartstore.naver.com/main/products/8495163123,2024-05-15,5,"개당 중량: 30포 / 수량: 3개
 한달사용먹기 편합니다. 가루가 고와서 물에 타 먹는게 더 낫네요. 뼈 건강에 도움이 되기를 바랍니다.",,아주 넉넉해요,꼼꼼해요,편리해요,Y
DP_234,"덴프스 칼슘 본케어 30포, 1개",https://smartstore.naver.com/main/products/8495163123,2024-05-14,5,"개당 중량: 30포 / 수량: 3개
 칼슘 영양제 엄마께 선물해드렸어요. 꾸준히 먹으면 좋겠지요.",,아주 넉넉해요,꼼꼼해요,편리해요,Y
DP_234,"덴프스 칼슘 본케어 30포, 1개",https://smartstore.naver.com/main/products/8495163123,2024-05-11,5,"개당 중량: 30포 / 수량: 1개
 헬스하면서 먹으면 도움된다해서 구매했어요",,아주 넉넉해요,꼼꼼해요,편리해요,Y
DP_234,"덴프스 칼슘 본케어 30포, 1개",https://smartstore.naver.com/main/products/8495163123,2024-05-08,4,"개당 중량: 30포 / 수량: 3개
 분말형태라 맛이 좀 이상해서 미숫가루랑 먹어야겠어요",,꽤 남았어요,꼼꼼해요,그냥그래요,Y
DP_234,"덴프스 칼슘 본케어 30포, 1개",https://smartstore.naver.com/main/products/8495163123,2024-05-06,3,"개당 중량: 30포 / 수량: 3개
 한달사용가루여서 먹을때조심스러워요
물에타서 먹기번거로워 그냥먹어요 조금 불편하네요",,아주 넉넉해요,꼼꼼해요,그냥그래요,Y
DP_234,"덴프스 칼슘 본케어 30포, 1개",https://smartstore.naver.com/main/products/8495163123,2024-05-06,5,"개당 중량: 30포 / 수량: 1개
 고소한 맛이고 먹기 편합니다",,아주 넉넉해요,꼼꼼해요,편리해요,Y
DP_234,"덴프스 칼슘 본케어 30포, 1개",https://smartstore.naver.com/main/products/8495163123,2024-04-27,5,"개당 중량: 30포 / 수량: 3개
 칼마디 먹다가 마그네슘을 선물받아서 칼슘만들어있는거 먹을려고 주문했어요",여성,아주 넉넉해요,꼼꼼해요,편리해요,Y
DP_234,"덴프스 칼슘 본케어 30포, 1개",https://smartstore.naver.com/main/products/8495163123,2024-04-25,5,"개당 중량: 30포 / 수량: 3개
 먹기 괜찮아요.열심히 먹어보겠습니다",여성,아주 넉넉해요,꼼꼼해요,그냥그래요,Y
DP_234,"덴프스 칼슘 본케어 30포, 1개",https://smartstore.naver.com/main/products/8495163123,2024-04-23,5,"개당 중량: 30포 / 수량: 3개
 먹기는 편하지만 맛은 막 맛있는건 아니지만..
그래도 나쁘진않아요",여성,꽤 남았어요,적당해요,편리해요,Y
DP_234,"덴프스 칼슘 본케어 30포, 1개",https://smartstore.naver.com/main/products/8495163123,2024-04-17,5,"개당 중량: 30포 / 수량: 1개
 인절미 맛의 곱디고운 가루형태. 그냥 먹을거면 사레 조심. 사르르 녹아버린다. 거부감 드는 맛과 식감은 아니라서 잘 챙겨먹을 것 같다.
배송 완전 빠름.",,꽤 남았어요,꼼꼼해요,그냥그래요,Y
DP_234,"덴프스 칼슘 본케어 30포, 1개",https://smartstore.naver.com/main/products/8495163123,2024-04-12,5,"개당 중량: 30포 / 수량: 3개
 아들 키크는데 도움이 될까해서 주문했어요",,아주 넉넉해요,적당해요,편리해요,Y
DP_234,"덴프스 칼슘 본케어 30포, 1개",https://smartstore.naver.com/main/products/8495163123,2024-04-09,5,한달사용일단 조금햐서 편리하고 먹을만해요 나중에 또구매할게요,여성,아주 넉넉해요,꼼꼼해요,편리해요,Y
DP_234,"덴프스 칼슘 본케어 30포, 1개",https://smartstore.naver.com/main/products/8495163123,2024-04-09,5,"구매자선택안함
 재구매한달사용맛도 나쁘지 않고 타블렛제가 부담스러울때 좋음.",,아주 넉넉해요,꼼꼼해요,편리해요,Y
DP_234,"덴프스 칼슘 본케어 30포, 1개",https://smartstore.naver.com/main/products/8495163123,2024-04-08,5,"개당 중량: 30포 / 수량: 3개
 첫구매입니다. 효과있길.",,아주 넉넉해요,꼼꼼해요,편리해요,Y
DP_234,"덴프스 칼슘 본케어 30포, 1개",https://smartstore.naver.com/main/products/8495163123,2024-04-02,5,"개당 중량: 30포 / 수량: 3개
 어골칼슘프리미엄은 알약이었는데 본케어는 분말이라서 복용하기 좀어렵네요 그래도 덴프스라서 믿고먹어요",,아주 넉넉해요,꼼꼼해요,편리해요,Y
DP_234,"덴프스 칼슘 본케어 30포, 1개",https://smartstore.naver.com/main/products/8495163123,2024-03-29,5,"개당 중량: 30포 / 수량: 3개
 배송이 진짜 빨라요... 오전에 주믄 햇는데 당일 배송 되네요",,꽤 남았어요,꼼꼼해요,편리해요,Y
DP_234,"덴프스 칼슘 본케어 30포, 1개",https://smartstore.naver.com/main/products/8495163123,2024-03-29,5,"개당 중량: 30포 / 수량: 3개
 재구매엄마주려고 샀어요~ 가루가 너무 고와서 사레들릴 수 있으니 드실때 그거만 조심하면 될 것 같아요 :)",,꽤 남았어요,적당해요,그냥그래요,Y
DP_234,"덴프스 칼슘 본케어 30포, 1개",https://smartstore.naver.com/main/products/8495163123,2024-03-29,5,"개당 중량: 30포 / 수량: 3개
 재구매배송 엄청 빨리왔어요 잘 먹겠습니다",,꽤 남았어요,적당해요,그냥그래요,Y
DP_234,"덴프스 칼슘 본케어 30포, 1개",https://smartstore.naver.com/main/products/8495163123,2024-03-26,5,"개당 중량: 30포 / 수량: 3개
 칼마디 같이 한꺼번에 된 제품이 아니고 따로 챙겨먹을수 있는걸 찾았는데 가루라서 먹기도 편하고 제가 찾던 제품이라 좋네요!",여성,꽤 남았어요,적당해요,편리해요,Y
DP_234,"덴프스 칼슘 본케어 30포, 1개",https://smartstore.naver.com/main/products/8495163123,2024-03-21,5,"가루가 너무 고와서 그냥 먹었다가 목에 걸려서 당황했는데 물에 타먹거나 같이먹으라고 적혀있네용
물에타서 마그네슘이랑 같이 먹으니까 좋습니다~ 곡물맛이라 큰 거부감도 안들어요",,아주 넉넉해요,꼼꼼해요,그냥그래요,Y
DP_234,"덴프스 칼슘 본케어 30포, 1개",https://smartstore.naver.com/main/products/8495163123,2024-03-21,4,재구매한달사용덴프스 칼슘 본케어 만족합니다.,,아주 넉넉해요,적당해요,편리해요,Y
DP_234,"덴프스 칼슘 본케어 30포, 1개",https://smartstore.naver.com/main/products/8495163123,2024-03-13,5,먹기편합니다 알이 작아서 추천합니다,,아주 넉넉해요,꼼꼼해요,편리해요,Y
DP_234,"덴프스 칼슘 본케어 30포, 1개",https://smartstore.naver.com/main/products/8495163123,2024-03-12,5,한달사용먹기편하고 좋은데 맛이 특이해요,여성,아주 넉넉해요,꼼꼼해요,편리해요,Y
DP_234,"덴프스 칼슘 본케어 30포, 1개",https://smartstore.naver.com/main/products/8495163123,2024-03-08,5,한달사용가루가 너무 고와서 목이 가끔 걸려서 물이랑 꼭 같이 먹어야 해요 건강해 지는거 같아요,,아주 넉넉해요,꼼꼼해요,편리해요,Y
DP_234,"덴프스 칼슘 본케어 30포, 1개",https://smartstore.naver.com/main/products/8495163123,2024-03-05,5,뼈를위해 꾸준히 복용하렵니다,,아주 넉넉해요,꼼꼼해요,편리해요,Y
DP_234,"덴프스 칼슘 본케어 30포, 1개",https://smartstore.naver.com/main/products/8495163123,2024-03-01,5,"구매자선택안함
 재구매알약 형태가 먹기 어려운 사람에게 좋음.. 늘 구매함..",,아주 넉넉해요,꼼꼼해요,편리해요,Y
DP_234,"덴프스 칼슘 본케어 30포, 1개",https://smartstore.naver.com/main/products/8495163123,2024-03-01,5,한달사용파우더 입자가 많이 고아서 먹을때 조금 신경써서 먹어야 하지만 알약보다 그래도 좋은거 같아서 꾸준히 먹어보려구요~~,,아주 넉넉해요,꼼꼼해요,편리해요,Y
DP_234,"덴프스 칼슘 본케어 30포, 1개",https://smartstore.naver.com/main/products/8495163123,2024-02-20,5,마그네슘이랑 같이먹으려고 구매했어요~,남성,아주 넉넉해요,꼼꼼해요,편리해요,Y
DP_234,"덴프스 칼슘 본케어 30포, 1개",https://smartstore.naver.com/main/products/8495163123,2024-02-17,4,재구매덴프스 칼슘 본케어 만족합니디.,,아주 넉넉해요,적당해요,편리해요,Y
DP_234,"덴프스 칼슘 본케어 30포, 1개",https://smartstore.naver.com/main/products/8495163123,2024-02-13,5,"한달사용꾸준히 복용하니 좋으시다고 하시네요
먹기도 편하시다고 해서 다 떨어지기전에 재구매하려구요~^^",,아주 넉넉해요,꼼꼼해요,편리해요,Y
DP_234,"덴프스 칼슘 본케어 30포, 1개",https://smartstore.naver.com/main/products/8495163123,2024-02-10,5,매번 먹는 약으로 좋습니다,,아주 넉넉해요,적당해요,편리해요,Y
DP_234,"덴프스 칼슘 본케어 30포, 1개",https://smartstore.naver.com/main/products/8495163123,2024-02-07,5,아니 배송 무슨 일인가요 ㅋㅋㅋ아침에 주문했는데 저녁에 받음. 감삼다. 입에 털어먹다 매번 기침하면서 고생했는뎈ㅋㅋㅋ알고보니 물에 타 먹는 거더라구요. 물과함께 먹거나~,,아주 넉넉해요,꼼꼼해요,편리해요,Y
DP_234,"덴프스 칼슘 본케어 30포, 1개",https://smartstore.naver.com/main/products/8495163123,2024-02-05,5,재구매좋아요~~~다시 주문할거에요,여성,아주 넉넉해요,꼼꼼해요,편리해요,Y
DP_234,"덴프스 칼슘 본케어 30포, 1개",https://smartstore.naver.com/main/products/8495163123,2024-01-28,5,재구매한달사용미숫가루 맛이라서 먹기에 부담이 없고 좋아요.,,아주 넉넉해요,꼼꼼해요,편리해요,Y
DP_234,"덴프스 칼슘 본케어 30포, 1개",https://smartstore.naver.com/main/products/8495163123,2024-01-28,5,한달사용미숫가루 맛에 가루형태라 먹기 너무 편해요,,아주 넉넉해요,꼼꼼해요,편리해요,Y
DP_234,"덴프스 칼슘 본케어 30포, 1개",https://smartstore.naver.com/main/products/8495163123,2024-01-26,5,빠른 배송으로 잘 받았어요^^ 감사합니다.,,아주 넉넉해요,꼼꼼해요,편리해요,Y
DP_234,"덴프스 칼슘 본케어 30포, 1개",https://smartstore.naver.com/main/products/8495163123,2024-01-25,5,"12살 아들먹이려고 구매했어요
아이가 잘먹네요~^^",남성,아주 넉넉해요,꼼꼼해요,편리해요,Y
DP_234,"덴프스 칼슘 본케어 30포, 1개",https://smartstore.naver.com/main/products/8495163123,2024-01-22,5,"친구가 출산하고 6개월정도 지났는데, 출산하고 나면 칼슘을 잘 먹어야한다고 해서 칼슘과 유산균, 비타민을 함께 선물해줬는데, 친구 말로는 먹기도 편하고 자기가 먹어본 칼슘 중에서 제일 맛있다고 하더라구요. 궁금해서 저도 먹던것만 다 먹고 사먹어보려고 합니다 :)",여성,아주 넉넉해요,꼼꼼해요,편리해요,Y
DP_234,"덴프스 칼슘 본케어 30포, 1개",https://smartstore.naver.com/main/products/8495163123,2024-01-20,5,간편하게 먹을수 았는게 장점인거같아요,,아주 넉넉해요,꼼꼼해요,편리해요,Y
DP_234,"덴프스 칼슘 본케어 30포, 1개",https://smartstore.naver.com/main/products/8495163123,2024-01-19,4,재구매한달사용에티카 칼슘 본케어 만족합니다.,,아주 넉넉해요,적당해요,편리해요,Y
DP_234,"덴프스 칼슘 본케어 30포, 1개",https://smartstore.naver.com/main/products/8495163123,2024-01-17,4,"먹은지 얼마 안되었기에 효능은 모르겠구요. 맛은 나쁘지않습니다만 좀더 덜 달았으면 좋았겠다 싶었고 가루가 인절미맛이라 그런지 입안에 잘못 털어드시면 사래들리실거에요. 나누어서 호흡 조절잘하시면서 드시거나 방법을 찾으셔야 할듯합니다.
맛없는 영양제는 아니라서 꾸준하게 챙겨먹을 듯 합니다. 부디 중학생 아들 성장에 도움되기를 바랍니다.",남성,꽤 남았어요,꼼꼼해요,그냥그래요,Y
DP_234,"덴프스 칼슘 본케어 30포, 1개",https://smartstore.naver.com/main/products/8495163123,2024-01-16,5,배송 빠르고 먹기 편해요,,꽤 남았어요,적당해요,그냥그래요,Y
DP_234,"덴프스 칼슘 본케어 30포, 1개",https://smartstore.naver.com/main/products/8495163123,2024-01-14,5,한달사용먹기편하고 좋습니다...,,아주 넉넉해요,꼼꼼해요,편리해요,Y
DP_234,"덴프스 칼슘 본케어 30포, 1개",https://smartstore.naver.com/main/products/8495163123,2024-01-14,5,"구매자선택안함
 한달사용분말형이라 목 넘기기 편해서 좋아요..",,아주 넉넉해요,꼼꼼해요,편리해요,Y
DP_234,"덴프스 칼슘 본케어 30포, 1개",https://smartstore.naver.com/main/products/8495163123,2024-01-11,5,고딩되는딸아이 먹는걸 너무안먹어 뼈가 아프다는말이 뭔소린지모르겟으나 한번사봣어요. 맛에민감해서 역시나 별로래요. 다음엔 알약으로 사야겟어요,여성,아주 넉넉해요,꼼꼼해요,편리해요,Y
DP_234,"덴프스 칼슘 본케어 30포, 1개",https://smartstore.naver.com/main/products/8495163123,2024-01-02,5,한달사용꾸준히 잘챙겨먹고있어요,남성,아주 넉넉해요,꼼꼼해요,편리해요,Y
DP_234,"덴프스 칼슘 본케어 30포, 1개",https://smartstore.naver.com/main/products/8495163123,2023-12-31,5,한달사용더 먹어봐야 알겠지만 먹기 편해요,,꽤 남았어요,꼼꼼해요,편리해요,Y
DP_234,"덴프스 칼슘 본케어 30포, 1개",https://smartstore.naver.com/main/products/8495163123,2023-12-26,5,꾸준히 잘 먹어볼게요,,아주 넉넉해요,꼼꼼해요,편리해요,Y
DP_234,"덴프스 칼슘 본케어 30포, 1개",https://smartstore.naver.com/main/products/8495163123,2023-12-25,5,"한달사용한달 복용결과, 꼭 혀 아래부분에 털어넣으셔요. 그래야 사래 안 걸림ㅋㅋ",,아주 넉넉해요,꼼꼼해요,편리해요,Y
DP_234,"덴프스 칼슘 본케어 30포, 1개",https://smartstore.naver.com/main/products/8495163123,2023-12-22,5,덴프스 유산균 꾸준히 복용중이라 칼슘이랑 오메가도 구매했어요~ 라이브 혜택으로 좋은 조건에 빠른 배송으로 받아보아 만족합니다^^,,아주 넉넉해요,꼼꼼해요,편리해요,Y
DP_234,"덴프스 칼슘 본케어 30포, 1개",https://smartstore.naver.com/main/products/8495163123,2023-12-15,5,조금달지만좋습니다..,,아주 넉넉해요,꼼꼼해요,편리해요,Y
DP_234,"덴프스 칼슘 본케어 30포, 1개",https://smartstore.naver.com/main/products/8495163123,2023-12-15,3,한달사용변비가 심하게 와서 복용하기 좀 두렵네요 물을 많이 마셔도 해결되지 않던데 다른방안 있으면 알려주세요,여성,꽤 남았어요,적당해요,그냥그래요,Y
DP_234,"덴프스 칼슘 본케어 30포, 1개",https://smartstore.naver.com/main/products/8495163123,2023-12-12,5,재구매가루형태라 먹기 편해서 재 구매해요. 맛도 있어서 만족해요.,,아주 넉넉해요,꼼꼼해요,편리해요,Y
DP_234,"덴프스 칼슘 본케어 30포, 1개",https://smartstore.naver.com/main/products/8495163123,2023-12-10,5,"구매자선택안함
 노인들은 정제형이 넘기기 불편할 수 있습니다. 분말형이라 목넘김이 좋습니다. 섭취 효과도 탁월하길 바랍니다.",,아주 넉넉해요,꼼꼼해요,편리해요,Y
DP_234,"덴프스 칼슘 본케어 30포, 1개",https://smartstore.naver.com/main/products/8495163123,2023-12-08,4,재구매덴프스 칼슘 본케어 만족합니다.,,아주 넉넉해요,꼼꼼해요,편리해요,Y
DP_234,"덴프스 칼슘 본케어 30포, 1개",https://smartstore.naver.com/main/products/8495163123,2023-12-06,5,"내일도착보장으로 하루만에 받았어요!
먹기도 편합니다",여성,아주 넉넉해요,꼼꼼해요,편리해요,Y
DP_234,"덴프스 칼슘 본케어 30포, 1개",https://smartstore.naver.com/main/products/8495163123,2023-12-03,5,칼슘제제들이 너무 커서 분말형태로 구매했어요. 3번정도로 나눠서 물이랑 같이 복용하면 되서 편하고 좋아요. 다 먹어보고 재구매하려구요.,,아주 넉넉해요,꼼꼼해요,편리해요,Y
DP_234,"덴프스 칼슘 본케어 30포, 1개",https://smartstore.naver.com/main/products/8495163123,2023-11-30,5,며칠 먹어봐야 알겠지만 괜찮은거 같아요,,꽤 남았어요,적당해요,편리해요,Y
DP_234,"덴프스 칼슘 본케어 30포, 1개",https://smartstore.naver.com/main/products/8495163123,2023-11-28,5,알약을 삼키는게 싫어서 가루로 된 제품을 검색하다 리뷰가 좋아서 구매했어요! 먹어보고 재주문할게욘~!!,,아주 넉넉해요,꼼꼼해요,편리해요,Y
DP_234,"덴프스 칼슘 본케어 30포, 1개",https://smartstore.naver.com/main/products/8495163123,2023-11-27,5,믿고먹는 덴프스 하루한포 인절미맛이라 맛있어요,남성,아주 넉넉해요,꼼꼼해요,편리해요,Y
DP_234,"덴프스 칼슘 본케어 30포, 1개",https://smartstore.naver.com/main/products/8495163123,2023-11-26,5,먹기편해요~효과좋아요~좋아서재구매드렸어요,여성,아주 넉넉해요,꼼꼼해요,편리해요,Y
DP_234,"덴프스 칼슘 본케어 30포, 1개",https://smartstore.naver.com/main/products/8495163123,2023-11-24,5,"한달사용임신후기에 구매해서 칼슘보충해줬습니다
출산 50여일지난 지금까지 먹고 있는데
최근 출산후 검진에서 골밀도 수치가 평균 이상으로 좋게나왔네요 물론 이 영양제 하나로 그런건 아닐테지만 섭취하고 있는데 수치가 낮게 나왔다면 신뢰도가 떨어졌을거 같아요
맛은 달고 미숫가루 맛도 나는데 저희 어머니 말씀이 병원에서 처방받은 가루타입 칼슘제들 모두 달다고 하시더라고요 아무튼 저는 추가 구매해서 꾸준히 챙겨먹으려고합니다 더보기",여성,아주 넉넉해요,꼼꼼해요,편리해요,Y
DP_234,"덴프스 칼슘 본케어 30포, 1개",https://smartstore.naver.com/main/products/8495163123,2023-11-22,5,칼슘제는 알도 크고 하루 세번 먹어줘야해서 잘 안챙겨먹게 됐는데 이건 하루 한번 먹으면 된다고 해서 편할 것 같아요. 가루가 너무너무 고와서 기도로 넘어가지 않게 주의해서 먹어야겠어요. 맛은 아주 고소합니다.,,아주 넉넉해요,꼼꼼해요,편리해요,Y
DP_234,"덴프스 칼슘 본케어 30포, 1개",https://smartstore.naver.com/main/products/8495163123,2023-11-21,5,엄마 사드리려고 샀는데 포는 싫으시대요 ㅎㅎ... 그냥 드시라고 들이밀긴 했어요,,아주 넉넉해요,적당해요,그냥그래요,Y
DP_234,"덴프스 칼슘 본케어 30포, 1개",https://smartstore.naver.com/main/products/8495163123,2023-11-21,5,포장 잘 되어있고 배송빠르고 좋네요 잘먹을께요,,아주 넉넉해요,꼼꼼해요,편리해요,Y
DP_234,"덴프스 칼슘 본케어 30포, 1개",https://smartstore.naver.com/main/products/8495163123,2023-11-19,5,"맛이 구수한 곡물맛이라 거부감 없어요
한입에 털어먹을 수 있는 양은 아니고요
입자가 고와서 물이랑 같이 좀 나눠서 먹어야지 안그럼 사레 들릴 수 있어요;
어르신들은 그냥 물에 타드시는 게 나을 거 같습니다.
일단 잘 먹어보겠습니다",,꽤 남았어요,꼼꼼해요,편리해요,Y
DP_234,"덴프스 칼슘 본케어 30포, 1개",https://smartstore.naver.com/main/products/8495163123,2023-11-18,5,"3개월치 구매했는데 서비스로 오메가까지 주셨네요. 덴프스는 유산균만 있는줄 알았는데 오메가와 칼슘라인도 있어서 같이 구매했어요. 다른 칼슘은 하루에 2~4일씩 먹어야하는데, 일단 1포라는 점에서 편리합니다.",,아주 넉넉해요,꼼꼼해요,편리해요,Y
DP_234,"덴프스 칼슘 본케어 30포, 1개",https://smartstore.naver.com/main/products/8495163123,2023-11-14,5,"천식으로 흡입기를 평생 써야한다는 청천벽력같은 말을 듣고 스테로이드..하면서 걱정했는데, 흡입기 부작용으로 골다공증이 올 수 있다고 해서 여기저기 알아봤는데 알약을 하루에 3개씩 먹어야 한다는 부담감에 고민에 빠졌었어요. 그런데 이거는 곡물맛 가루형태의 칼슘제라 섭취도 간편하고 맛까지 있으니 선택을 안 할 이유가 없었어요!! 칼슘은 마그네슘과 비타민D를 같이 먹어야 흡수율이 높아진다고 했는데, 이거는 다 들어있더라구요!!!!!! 받자마자 먹어봤는데, 약간의 단 맛이 있는 곡물맛이었고, 결정이 아주 작은 가루였어요.
그래서 물 한모금에 넘기기에도 좋았어요. 앞으로 이것만 사먹을 거예요!!",,아주 넉넉해요,적당해요,편리해요,Y
DP_234,"덴프스 칼슘 본케어 30포, 1개",https://smartstore.naver.com/main/products/8495163123,2023-11-13,5,"복용간편, 미숫가루같은 고소한 맛. 아주 만족합니다.",,아주 넉넉해요,적당해요,편리해요,Y
DP_234,"덴프스 칼슘 본케어 30포, 1개",https://smartstore.naver.com/main/products/8495163123,2023-11-11,5,한달사용전반적으로만족합니다,,아주 넉넉해요,꼼꼼해요,편리해요,Y
DP_234,"덴프스 칼슘 본케어 30포, 1개",https://smartstore.naver.com/main/products/8495163123,2023-11-05,4,분말형태라 목넘김이 편해요,여성,꽤 남았어요,꼼꼼해요,편리해요,Y
DP_234,"덴프스 칼슘 본케어 30포, 1개",https://smartstore.naver.com/main/products/8495163123,2023-11-03,5,한달사용먹기도 편하고 휴대도 편하고 덴프스는 믿음이가요,여성,아주 넉넉해요,꼼꼼해요,편리해요,Y
DP_234,"덴프스 칼슘 본케어 30포, 1개",https://smartstore.naver.com/main/products/8495163123,2023-10-28,5,"구매자선택안함
 칼슘 분말형태로 찾고 있었는데 ㅎㅎ 딱 맞는 제품을 찾았습니다^^",,아주 넉넉해요,꼼꼼해요,편리해요,Y
DP_234,"덴프스 칼슘 본케어 30포, 1개",https://smartstore.naver.com/main/products/8495163123,2023-10-25,5,"중학교1학년 딸램 성장에 도움이 될까하고 구매했어요
키키 키컸으면🎵🎶",여성,아주 넉넉해요,꼼꼼해요,편리해요,Y
DP_234,"덴프스 칼슘 본케어 30포, 1개",https://smartstore.naver.com/main/products/8495163123,2023-10-21,5,먹기 편하고 좋다고하네요.,여성,아주 넉넉해요,꼼꼼해요,편리해요,Y
DP_234,"덴프스 칼슘 본케어 30포, 1개",https://smartstore.naver.com/main/products/8495163123,2023-10-18,5,분말 형태라서 좋네요 잘 챙겨 먹겠습니다~,,아주 넉넉해요,꼼꼼해요,편리해요,Y
DP_234,"덴프스 칼슘 본케어 30포, 1개",https://smartstore.naver.com/main/products/8495163123,2023-10-16,3,"한달사용2박스째 먹고있는데 입자가 정말 부드럽고 고와요. 고소한 맛이긴 한데, 살짝 울렁거리는 맛이 느껴질때가 있어서 물을 많이 먹어주는게 좋더라구요.",,아주 넉넉해요,꼼꼼해요,그냥그래요,Y
DP_234,"덴프스 칼슘 본케어 30포, 1개",https://smartstore.naver.com/main/products/8495163123,2023-10-15,5,맛이 달달한거같아요 수월하게 먹는중이요,여성,아주 넉넉해요,꼼꼼해요,편리해요,Y
DP_234,"덴프스 칼슘 본케어 30포, 1개",https://smartstore.naver.com/main/products/8495163123,2023-10-11,5,한달사용먹기도 편리하고 맛도 꼬숩습니다 입에물머금고 먹기도 편해서 그렇게 섭취하고 있어요 뼈건강에도 좋을테니 꾸준하게 먹어볼랍니다,여성,꽤 남았어요,꼼꼼해요,편리해요,Y
DP_234,"덴프스 칼슘 본케어 30포, 1개",https://smartstore.naver.com/main/products/8495163123,2023-10-09,5,"한달사용호기심에 구입한 제품이라 그런지 자꾸 까먹네요~~ 맛은 있는데 복용타임이 언제가 좋은지 모르겠어요~~ 하루 중 아무때나 먹어도 되는건지..
무튼 아직 조금 남았네요~~",여성,아주 넉넉해요,꼼꼼해요,편리해요,Y
DP_234,"덴프스 칼슘 본케어 30포, 1개",https://smartstore.naver.com/main/products/8495163123,2023-10-08,5,"한달사용지인께 사드렸어요.
휴대성도 좋고, 또 드시기 편하다며
매일 잘 챙겨드시는 걸 보니..
뿌듯합니다^^",,꽤 남았어요,꼼꼼해요,편리해요,Y
DP_234,"덴프스 칼슘 본케어 30포, 1개",https://smartstore.naver.com/main/products/8495163123,2023-09-29,4,한달사용칼슘 본케어 만족합니다.,,꽤 남았어요,적당해요,그냥그래요,Y
DP_234,"덴프스 칼슘 본케어 30포, 1개",https://smartstore.naver.com/main/products/8495163123,2023-09-26,5,궁금해서 구매 꼭필요한영양소라 먹어보게요,,아주 넉넉해요,꼼꼼해요,편리해요,Y
DP_234,"덴프스 칼슘 본케어 30포, 1개",https://smartstore.naver.com/main/products/8495163123,2023-09-26,5,전반적으로만족합니다,,아주 넉넉해요,별로예요,편리해요,Y
DP_234,"덴프스 칼슘 본케어 30포, 1개",https://smartstore.naver.com/main/products/8495163123,2023-09-20,5,한달사용맛도 좋고 언제든 복용하기 좋아서 계옥 구매 하려구요~,,아주 넉넉해요,꼼꼼해요,편리해요,Y
DP_234,"덴프스 칼슘 본케어 30포, 1개",https://smartstore.naver.com/main/products/8495163123,2023-09-13,4,"리뷰보고 구매하였지만 예상보다 맛도 좋고 먹기도 간편하여 민족하고 있습니다. 다만 효과는 시간이 지나야
알 것 같습니다.",,꽤 남았어요,꼼꼼해요,편리해요,Y
DP_234,"덴프스 칼슘 본케어 30포, 1개",https://smartstore.naver.com/main/products/8495163123,2023-09-04,5,한달사용엄마가 드시기 편하대요,여성,아주 넉넉해요,꼼꼼해요,편리해요,Y
DP_234,"덴프스 칼슘 본케어 30포, 1개",https://smartstore.naver.com/main/products/8495163123,2023-09-02,5,"지인이 지난 달 건강검진 받으셨는데
병원에서 칼슘을 드시라 했다셔서 칼슘 본케어 후기 보고 구입했습니다. 마그네슘도 함께 구입~ 금요일 저녁에 주문했는데.. 오늘 낮에 도착해서 깜짝놀랐습니다. 배송무엇?👍🏻 완전 빠른데요?",,아주 넉넉해요,꼼꼼해요,편리해요,Y
DP_234,"덴프스 칼슘 본케어 30포, 1개",https://smartstore.naver.com/main/products/8495163123,2023-09-01,5,배송도 빠르고 맛도 좋아요,,꽤 남았어요,적당해요,그냥그래요,Y
DP_234,"덴프스 칼슘 본케어 30포, 1개",https://smartstore.naver.com/main/products/8495163123,2023-08-31,5,한달사용시어머니께 재구매해서 사드렸어요. 먹기도 편하고 좋으시다고 합니다. 다 드시면 또 사드릴거예요.,여성,아주 넉넉해요,꼼꼼해요,편리해요,Y
DP_234,"덴프스 칼슘 본케어 30포, 1개",https://smartstore.naver.com/main/products/8495163123,2023-08-31,5,한달사용먹기 편해요 맛있어요 재구매에요,여성,아주 넉넉해요,꼼꼼해요,편리해요,Y
DP_234,"덴프스 칼슘 본케어 30포, 1개",https://smartstore.naver.com/main/products/8495163123,2023-08-30,5,"가루로된거라 그냥 입안에 털어놓고 물마시니 곰방
녹아버리네용 맛은고소하고 먹기편해요",여성,아주 넉넉해요,꼼꼼해요,편리해요,Y
DP_234,"덴프스 칼슘 본케어 30포, 1개",https://smartstore.naver.com/main/products/8495163123,2023-08-29,4,"알약 형태로 먹기 너무 힘들어서 가루약으로 주문해봤는데요, 마그네슘 먹고 있는데 먹기도 편리하고 맛도 좋아서 칼슘이랑 아연도 주문해봤어요! 꾸준히 먹어보고 후기 남길게요:)",,아주 넉넉해요,적당해요,편리해요,Y
DP_234,"덴프스 칼슘 본케어 30포, 1개",https://smartstore.naver.com/main/products/8495163123,2023-08-28,4,덴프스 칼슘 본케어 만족합니다.,,꽤 남았어요,적당해요,편리해요,Y
DP_234,"덴프스 칼슘 본케어 30포, 1개",https://smartstore.naver.com/main/products/8495163123,2023-08-22,5,한달사용먹기편하고 좋아요.,,아주 넉넉해요,꼼꼼해요,편리해요,Y
DP_234,"덴프스 칼슘 본케어 30포, 1개",https://smartstore.naver.com/main/products/8495163123,2023-08-20,5,"엄청 고운타입에 분발이네요.
오자마자 하나 먹어봤는데 단맛이 먼저 느껴지면서 미숫가루같은고소함이 있네요~~ 한달치만 먼저 구입해봤어요
먹어보고 재구매할까해서..
도움이 됐으면 좋겠네요",여성,아주 넉넉해요,꼼꼼해요,편리해요,Y
DP_234,"덴프스 칼슘 본케어 30포, 1개",https://smartstore.naver.com/main/products/8495163123,2023-08-18,5,덴프스 비타민 여러 가지로 복용 중이에요,,아주 넉넉해요,꼼꼼해요,편리해요,Y
DP_234,"덴프스 칼슘 본케어 30포, 1개",https://smartstore.naver.com/main/products/8495163123,2023-08-10,5,한달사용케이스 컬러처럼 곡물맛? 맛있어요ㅋㅋ,여성,아주 넉넉해요,꼼꼼해요,편리해요,Y
DP_234,"덴프스 칼슘 본케어 30포, 1개",https://smartstore.naver.com/main/products/8495163123,2023-08-09,5,한달사용덴프스 제품 처음인데 먹기 편리하고 맛도 제입맛에는 잘 맞네요. 여행이나 평소 외출시에 가지고 나가기 편리해서 좋은거 같아요,여성,꽤 남았어요,적당해요,편리해요,Y
DP_234,"덴프스 칼슘 본케어 30포, 1개",https://smartstore.naver.com/main/products/8495163123,2023-08-08,5,한달사용다 좋은데 진짜 너~~~~무 달아요 설탕 씹어먹는 느낌 달아서 옆에 물 두고 한 바가지 마시는거 같아요ㅜㅜ,여성,아주 넉넉해요,꼼꼼해요,그냥그래요,Y
DP_234,"덴프스 칼슘 본케어 30포, 1개",https://smartstore.naver.com/main/products/8495163123,2023-08-03,5,재구매구수한 맛에 먹기편해요 호르몬제때문에 뼈마디가 아픈데 효과있는거같아요~꾸준히먹으려구요,여성,아주 넉넉해요,꼼꼼해요,편리해요,Y
DP_234,"덴프스 칼슘 본케어 30포, 1개",https://smartstore.naver.com/main/products/8495163123,2023-07-29,5,"가루로 되어 있다고 해서 망설여져서 1개월치만 구매했는데 기존에 구매한 알약보다 좋은것 같아요
다 먹고 나면 재구매 해야겠어요",,아주 넉넉해요,꼼꼼해요,편리해요,Y
DP_234,"덴프스 칼슘 본케어 30포, 1개",https://smartstore.naver.com/main/products/8495163123,2023-07-25,5,시어머니께서 알약을 못드셔서 가루로 된 칼슘이라 구매했어요. 맛도 좋고 잘 드시고 계셔서 재구매합니다. 배송이 엄청빨라요^^,여성,아주 넉넉해요,꼼꼼해요,편리해요,Y
DP_234,"덴프스 칼슘 본케어 30포, 1개",https://smartstore.naver.com/main/products/8495163123,2023-07-21,5,"한달사용고소하고 맛있어요, 효과는 아직 잘 모르겠네요ㅎㅎ",,아주 넉넉해요,꼼꼼해요,편리해요,Y
DP_234,"덴프스 칼슘 본케어 30포, 1개",https://smartstore.naver.com/main/products/8495163123,2023-07-04,5,후기에 미숫가루 맛이 난다는 말을 봤는데 정말 미숫가루랑 맛이 똑같구요!! 설탕 많이 들어간 미숫가루 한 스푼 퍼서 먹는 느낌이었어요! 칼슘영양제로 한번 구매해봤는데 생각보다 가루형이 먹기 불편하긴 하네요 다음번엔 알약형으로 사보려구요!,,아주 넉넉해요,꼼꼼해요,그냥그래요,Y
