﻿상품코드,상품명,URL,날짜,별점,리뷰텍스트,구매자 성별,유통기한,포장,편리,판매여부
DP_231,"덴마크 유산균이야기 덴티 자일리톨 30캡슐, 2개",https://smartstore.naver.com/main/products/11901425125,2025-10-05,5,"개당 수량: 30캡슐 / 수량: 1개
 한달사용먹기 편하고 자기전 양치하고 먹어주고 있어요 맛있어요 ㅎ",남성,아주 넉넉해요,꼼꼼해요,편리해요,Y
DP_231,"덴마크 유산균이야기 덴티 자일리톨 30캡슐, 2개",https://smartstore.naver.com/main/products/11901425125,2025-10-05,4,"개당 수량: 30캡슐 / 수량: 2개
 한달사용도움이 되는지 잘 모르겠어요 먹기는 편해요",,아주 넉넉해요,꼼꼼해요,편리해요,Y
DP_231,"덴마크 유산균이야기 덴티 자일리톨 30캡슐, 2개",https://smartstore.naver.com/main/products/11901425125,2025-10-04,5,"개당 수량: 30캡슐 / 수량: 3개
 한달사용좋아요~ 만족합니다",여성,아주 넉넉해요,적당해요,편리해요,Y
DP_231,"덴마크 유산균이야기 덴티 자일리톨 30캡슐, 2개",https://smartstore.naver.com/main/products/11901425125,2025-10-04,5,"개당 수량: 30캡슐 / 수량: 4개
 한달사용좋은 제품 추천합니다!",,아주 넉넉해요,꼼꼼해요,편리해요,Y
DP_231,"덴마크 유산균이야기 덴티 자일리톨 30캡슐, 2개",https://smartstore.naver.com/main/products/11901425125,2025-10-03,5,"개당 수량: 30캡슐 / 수량: 1개
 구강에 도음된다고 해서 주문해드렸어요",,아주 넉넉해요,꼼꼼해요,편리해요,Y
DP_231,"덴마크 유산균이야기 덴티 자일리톨 30캡슐, 2개",https://smartstore.naver.com/main/products/11901425125,2025-10-03,5,"개당 수량: 30캡슐 / 수량: 1개
 한달사용유산균의 효능이 좋아지고있습니다",남성,아주 넉넉해요,꼼꼼해요,그냥그래요,Y
DP_231,"덴마크 유산균이야기 덴티 자일리톨 30캡슐, 2개",https://smartstore.naver.com/main/products/11901425125,2025-10-03,5,"개당 수량: 30캡슐 / 수량: 4개
 한달사용좋아요 좋아요 좋아요 좋아요",,아주 넉넉해요,꼼꼼해요,편리해요,Y
DP_231,"덴마크 유산균이야기 덴티 자일리톨 30캡슐, 2개",https://smartstore.naver.com/main/products/11901425125,2025-10-03,5,"개당 수량: 30캡슐 / 수량: 1개
 한달사용유산균유목민 여기로정착합니다 확실히 입이 덜 텁텁해지는게 느껴져요",여성,아주 넉넉해요,꼼꼼해요,편리해요,Y
DP_231,"덴마크 유산균이야기 덴티 자일리톨 30캡슐, 2개",https://smartstore.naver.com/main/products/11901425125,2025-10-03,5,"개당 수량: 30캡슐 / 수량: 4개
건강관심사 노화방지장건강여성건강
 재구매하루 잠자기전 먹고 있어요. 좋아지길",남성,아주 넉넉해요,꼼꼼해요,편리해요,Y
DP_231,"덴마크 유산균이야기 덴티 자일리톨 30캡슐, 2개",https://smartstore.naver.com/main/products/11901425125,2025-10-02,5,"개당 수량: 30캡슐 / 수량: 4개
건강관심사 면역력장건강
 한달사용먹기 편하고 맛도 좋네요 입냄새가 덜 나는것 같기도 하고 ㅎ더 먹어볼께요",여성,아주 넉넉해요,꼼꼼해요,편리해요,Y
DP_231,"덴마크 유산균이야기 덴티 자일리톨 30캡슐, 2개",https://smartstore.naver.com/main/products/11901425125,2025-10-02,5,"개당 수량: 30캡슐 / 수량: 3개
 일반 유산균을 먹고있는데 구강유산균도 먹으면 좋다고 친구가 추천해줘서 비타민 사는김에 구입했어요~",,아주 넉넉해요,꼼꼼해요,편리해요,Y
DP_231,"덴마크 유산균이야기 덴티 자일리톨 30캡슐, 2개",https://smartstore.naver.com/main/products/11901425125,2025-10-02,5,"개당 수량: 30캡슐 / 수량: 4개
건강관심사 면역력
 한달사용먹어서 그런지 잇몸 질환이 없어져서
좋아요",여성,아주 넉넉해요,꼼꼼해요,편리해요,Y
DP_231,"덴마크 유산균이야기 덴티 자일리톨 30캡슐, 2개",https://smartstore.naver.com/main/products/11901425125,2025-10-02,5,"개당 수량: 30캡슐 / 수량: 4개
 한달사용구강에 이렇게 소중함을 이제서야 알았네요,너무 아프고 불편하구 일단 치솔질도 음식도 맘대로 먹질 못하니 치료 더 안되는거죠.구강유산균 열심히 먹고 있어요.",여성,아주 넉넉해요,꼼꼼해요,편리해요,Y
DP_231,"덴마크 유산균이야기 덴티 자일리톨 30캡슐, 2개",https://smartstore.naver.com/main/products/11901425125,2025-10-01,5,"개당 수량: 30캡슐 / 수량: 4개
 한달사용잠 들기 전에 한 알 먹고 자면 좋아요.",남성,아주 넉넉해요,꼼꼼해요,편리해요,Y
DP_231,"덴마크 유산균이야기 덴티 자일리톨 30캡슐, 2개",https://smartstore.naver.com/main/products/11901425125,2025-09-30,4,"개당 수량: 30캡슐 / 수량: 3개
 한달사용먹기도 편하고 맛있어요
밤에 먹고 자면 다음날 텁텁함이 없어요",,꽤 남았어요,적당해요,편리해요,Y
DP_231,"덴마크 유산균이야기 덴티 자일리톨 30캡슐, 2개",https://smartstore.naver.com/main/products/11901425125,2025-09-30,5,"개당 수량: 30캡슐 / 수량: 4개
건강관심사 면역력피로회복
 한달사용잘 모르겠어요~~~ 그냥 우선 챙겨먹음",남성,꽤 남았어요,적당해요,편리해요,Y
DP_231,"덴마크 유산균이야기 덴티 자일리톨 30캡슐, 2개",https://smartstore.naver.com/main/products/11901425125,2025-09-30,5,"개당 수량: 30캡슐 / 수량: 1개
 덴마크 유산균 프로 주문하면서 구강유산균이라고 해서 주문해 봅니다. 함 먹어보고 효과 있음 재주문하려고요^^",,아주 넉넉해요,꼼꼼해요,편리해요,Y
DP_231,"덴마크 유산균이야기 덴티 자일리톨 30캡슐, 2개",https://smartstore.naver.com/main/products/11901425125,2025-09-29,5,"개당 수량: 30캡슐 / 수량: 3개
 배송잘왔어요 괜찮네요 잘쓸께요",,아주 넉넉해요,꼼꼼해요,편리해요,Y
DP_231,"덴마크 유산균이야기 덴티 자일리톨 30캡슐, 2개",https://smartstore.naver.com/main/products/11901425125,2025-09-29,5,"개당 수량: 30캡슐 / 수량: 3개
건강관심사 면역력피로회복
 구강 자이리톨 자기전 녹여먹고 자는데
입이 덜 텁텁해지는 것 같아서 만족해요!",여성,아주 넉넉해요,꼼꼼해요,편리해요,Y
DP_231,"덴마크 유산균이야기 덴티 자일리톨 30캡슐, 2개",https://smartstore.naver.com/main/products/11901425125,2025-09-29,5,"개당 수량: 30캡슐 / 수량: 1개
 유산균 수도 많아서 구매했어요. 먹기 편해요",,아주 넉넉해요,꼼꼼해요,편리해요,Y
DP_231,"덴마크 유산균이야기 덴티 자일리톨 30캡슐, 2개",https://smartstore.naver.com/main/products/11901425125,2025-09-28,5,"개당 수량: 30캡슐 / 수량: 3개
 한달사용이제한달 넘게 먹고 있는데 확실히 잇몸이 더 붓거나하지않고 좋은거같아요.",,꽤 남았어요,꼼꼼해요,편리해요,Y
DP_231,"덴마크 유산균이야기 덴티 자일리톨 30캡슐, 2개",https://smartstore.naver.com/main/products/11901425125,2025-09-28,4,"개당 수량: 30캡슐 / 수량: 3개
 크게 거부감 없는맛이라 꾸준히 먹어보려구요.. 구매하고 가격할인이있어서 좀 아쉽네용 ㅜㅜ",,꽤 남았어요,적당해요,편리해요,Y
DP_231,"덴마크 유산균이야기 덴티 자일리톨 30캡슐, 2개",https://smartstore.naver.com/main/products/11901425125,2025-09-28,5,"개당 수량: 30캡슐 / 수량: 3개
건강관심사 노화방지면역력눈건강
 라이브할때 여러구성으로 주문해서 사은품도 여러개 오니 좋고 유통기한도 길고 선물용으로 좋아요.",여성,아주 넉넉해요,꼼꼼해요,편리해요,Y
DP_231,"덴마크 유산균이야기 덴티 자일리톨 30캡슐, 2개",https://smartstore.naver.com/main/products/11901425125,2025-09-28,5,"개당 수량: 30캡슐 / 수량: 1개
 한달사용씹어 먹는게 조금 불편하지만 먹을만해요",,꽤 남았어요,적당해요,그냥그래요,Y
DP_231,"덴마크 유산균이야기 덴티 자일리톨 30캡슐, 2개",https://smartstore.naver.com/main/products/11901425125,2025-09-27,5,"개당 수량: 30캡슐 / 수량: 1개
 한달사용꾸준히 사용중입니다~",,꽤 남았어요,꼼꼼해요,편리해요,Y
DP_231,"덴마크 유산균이야기 덴티 자일리톨 30캡슐, 2개",https://smartstore.naver.com/main/products/11901425125,2025-09-27,5,"개당 수량: 30캡슐 / 수량: 4개
건강관심사 관절/뼈건강근육/체력장건강
 한달사용먹기편해서이제품계속해서복용중",여성,아주 넉넉해요,꼼꼼해요,편리해요,Y
DP_231,"덴마크 유산균이야기 덴티 자일리톨 30캡슐, 2개",https://smartstore.naver.com/main/products/11901425125,2025-09-27,4,"개당 수량: 30캡슐 / 수량: 3개
건강관심사 수면건강
 한달사용잇몸건강ㅇ.ㄹ 위해 계속 복용",남성,꽤 남았어요,적당해요,그냥그래요,Y
DP_231,"덴마크 유산균이야기 덴티 자일리톨 30캡슐, 2개",https://smartstore.naver.com/main/products/11901425125,2025-09-27,5,"개당 수량: 30캡슐 / 수량: 1개
 한달사용입이 좀 마르는 느낌인데 그래도 꾸준히 먹으면 괜찮을거 같아요",,아주 넉넉해요,꼼꼼해요,편리해요,Y
DP_231,"덴마크 유산균이야기 덴티 자일리톨 30캡슐, 2개",https://smartstore.naver.com/main/products/11901425125,2025-09-26,5,"개당 수량: 30캡슐 / 수량: 1개
 구강 유산균인데 먹으면 배가 바로 반응해요 ㅋ",여성,아주 넉넉해요,꼼꼼해요,편리해요,Y
DP_231,"덴마크 유산균이야기 덴티 자일리톨 30캡슐, 2개",https://smartstore.naver.com/main/products/11901425125,2025-09-26,5,"개당 수량: 30캡슐 / 수량: 4개
 부모님 드시라고 사드렸습니다
입안의 염증이 다른병의 원인이 되기도 한다해서 구매해 봤습니다
두분이 열심히 드시고 계십니다^^",,아주 넉넉해요,꼼꼼해요,편리해요,Y
DP_231,"덴마크 유산균이야기 덴티 자일리톨 30캡슐, 2개",https://smartstore.naver.com/main/products/11901425125,2025-09-25,5,"개당 수량: 30캡슐 / 수량: 3개
 구강 유산균 먹어보려고 시켰어요 효과 좋으면 계속 먹으려구요",,아주 넉넉해요,꼼꼼해요,편리해요,Y
DP_231,"덴마크 유산균이야기 덴티 자일리톨 30캡슐, 2개",https://smartstore.naver.com/main/products/11901425125,2025-09-25,5,"개당 수량: 30캡슐 / 수량: 3개
건강관심사 면역력여성건강
 어머니가 구내염이 너무심하게 와서 혹시나해서 구강 유산균 알아보다 구매 후 재구매 합니다. 잘 들어서 재발 안하셨으면 좋겠네요.~~~",남성,아주 넉넉해요,꼼꼼해요,편리해요,Y
DP_231,"덴마크 유산균이야기 덴티 자일리톨 30캡슐, 2개",https://smartstore.naver.com/main/products/11901425125,2025-09-25,3,"개당 수량: 30캡슐 / 수량: 4개
 한달사용만족합니다 만족합니다 맛있어요 만족합니다",,꽤 남았어요,적당해요,그냥그래요,Y
DP_231,"덴마크 유산균이야기 덴티 자일리톨 30캡슐, 2개",https://smartstore.naver.com/main/products/11901425125,2025-09-25,5,"개당 수량: 30캡슐 / 수량: 1개
건강관심사 면역력
 생각보다 알이 커서 놀랐지만 맛있어요ㅋㅋ한통 다 먹고 재구매의사 있습니다 ^^",여성,꽤 남았어요,적당해요,편리해요,Y
DP_231,"덴마크 유산균이야기 덴티 자일리톨 30캡슐, 2개",https://smartstore.naver.com/main/products/11901425125,2025-09-25,5,"개당 수량: 30캡슐 / 수량: 1개
건강관심사 노화방지눈건강수면건강
 한달사용50프로 세일해서 저렴하게 잘먹었습니다. 지금은 할인이 끝났네요. 다음에 또 기회되면 구입할께요",여성,아주 넉넉해요,꼼꼼해요,편리해요,Y
DP_231,"덴마크 유산균이야기 덴티 자일리톨 30캡슐, 2개",https://smartstore.naver.com/main/products/11901425125,2025-09-25,4,"개당 수량: 30캡슐 / 수량: 1개
 섭취가 편하긴하나 맛이 별로라 재구매 의사 없습니다.",,아주 넉넉해요,꼼꼼해요,편리해요,Y
DP_231,"덴마크 유산균이야기 덴티 자일리톨 30캡슐, 2개",https://smartstore.naver.com/main/products/11901425125,2025-09-24,5,"개당 수량: 30캡슐 / 수량: 3개
 배송도 빠르고 먹기 편해서 재주문했습니다",,아주 넉넉해요,꼼꼼해요,그냥그래요,Y
DP_231,"덴마크 유산균이야기 덴티 자일리톨 30캡슐, 2개",https://smartstore.naver.com/main/products/11901425125,2025-09-24,5,"개당 수량: 30캡슐 / 수량: 1개
 한달사용먹기도 편하고 맛도 괜찮아요",,아주 넉넉해요,꼼꼼해요,편리해요,Y
DP_231,"덴마크 유산균이야기 덴티 자일리톨 30캡슐, 2개",https://smartstore.naver.com/main/products/11901425125,2025-09-24,5,"개당 수량: 30캡슐 / 수량: 4개
 한달사용배송도 빠르고 먹기 편해서 재주문 했습니다",,아주 넉넉해요,꼼꼼해요,그냥그래요,Y
DP_231,"덴마크 유산균이야기 덴티 자일리톨 30캡슐, 2개",https://smartstore.naver.com/main/products/11901425125,2025-09-24,5,"개당 수량: 30캡슐 / 수량: 2개
 한달사용맛있고 먹기 편하고 보관이 간편 칼배송",,아주 넉넉해요,꼼꼼해요,편리해요,Y
DP_231,"덴마크 유산균이야기 덴티 자일리톨 30캡슐, 2개",https://smartstore.naver.com/main/products/11901425125,2025-09-24,5,"개당 수량: 30캡슐 / 수량: 1개
 잇몸 건강과 장 건강을 동시에 챙길 수 있어서 좋아요",,아주 넉넉해요,꼼꼼해요,편리해요,Y
DP_231,"덴마크 유산균이야기 덴티 자일리톨 30캡슐, 2개",https://smartstore.naver.com/main/products/11901425125,2025-09-23,5,"개당 수량: 30캡슐 / 수량: 3개
건강관심사 노화방지면역력눈건강
 한달사용아아... 맛있어요.....",여성,아주 넉넉해요,꼼꼼해요,편리해요,Y
DP_231,"덴마크 유산균이야기 덴티 자일리톨 30캡슐, 2개",https://smartstore.naver.com/main/products/11901425125,2025-09-23,5,"개당 수량: 30캡슐 / 수량: 3개
 좋아요좋아요좋아요좋아요좋아요좋아요좋아요좋아요좋아요",남성,아주 넉넉해요,꼼꼼해요,편리해요,Y
DP_231,"덴마크 유산균이야기 덴티 자일리톨 30캡슐, 2개",https://smartstore.naver.com/main/products/11901425125,2025-09-23,5,"개당 수량: 30캡슐 / 수량: 1개
 재구매엄마시켜드렸는데....이주이상 드시니...한결 입안이 좋아지셨다며....더시켜달라하시네요",여성,아주 넉넉해요,꼼꼼해요,편리해요,Y
DP_231,"덴마크 유산균이야기 덴티 자일리톨 30캡슐, 2개",https://smartstore.naver.com/main/products/11901425125,2025-09-23,5,"개당 수량: 30캡슐 / 수량: 1개
 좋아요. 크게 느껴지는건없지만 도움이많이되길바랍니다~!^^",,꽤 남았어요,적당해요,그냥그래요,Y
DP_231,"덴마크 유산균이야기 덴티 자일리톨 30캡슐, 2개",https://smartstore.naver.com/main/products/11901425125,2025-09-23,5,"개당 수량: 30캡슐 / 수량: 4개
 아빠 주문해드렸는데 저도 주문할까봐요.
일단 잇몸 유산균은 이게 원조라 원조로 먹고싶었고, 피곤해서 잇몸이 붓고 그래서 주문했어요. 먹기 편하게 되어잇고 들고다니기도 딱이에요. 아빠가 좋으시대요",,아주 넉넉해요,꼼꼼해요,편리해요,Y
DP_231,"덴마크 유산균이야기 덴티 자일리톨 30캡슐, 2개",https://smartstore.naver.com/main/products/11901425125,2025-09-23,5,"개당 수량: 30캡슐 / 수량: 1개
 점점 좋아지는게 느껴진다 하시네요...",여성,아주 넉넉해요,꼼꼼해요,편리해요,Y
DP_231,"덴마크 유산균이야기 덴티 자일리톨 30캡슐, 2개",https://smartstore.naver.com/main/products/11901425125,2025-09-22,5,"개당 수량: 30캡슐 / 수량: 1개
건강관심사 노화방지면역력관절/뼈건강
 현재 타회사 제품을 먹고 있어서 며칠후면 비교가 가능할 수 있을것 같아요. 잇몸건강에 많은 도움이 되길 기대해 봅니다",여성,아주 넉넉해요,꼼꼼해요,편리해요,Y
DP_231,"덴마크 유산균이야기 덴티 자일리톨 30캡슐, 2개",https://smartstore.naver.com/main/products/11901425125,2025-09-22,5,"개당 수량: 30캡슐 / 수량: 3개
건강관심사 눈건강장건강피로회복
 약간 크긴 하지만 좋아질거라 믿고 열심히 먹고 있어요",여성,꽤 남았어요,적당해요,그냥그래요,Y
DP_231,"덴마크 유산균이야기 덴티 자일리톨 30캡슐, 2개",https://smartstore.naver.com/main/products/11901425125,2025-09-22,5,"개당 수량: 30캡슐 / 수량: 1개
 먹기도 편하고 잘 맞는것같아요",,꽤 남았어요,꼼꼼해요,편리해요,Y
DP_231,"덴마크 유산균이야기 덴티 자일리톨 30캡슐, 2개",https://smartstore.naver.com/main/products/11901425125,2025-09-21,5,"개당 수량: 30캡슐 / 수량: 2개
 한달사용아직 효과는 모르지만 맛이좋아 부담없이 먹어요",,꽤 남았어요,적당해요,편리해요,Y
DP_231,"덴마크 유산균이야기 덴티 자일리톨 30캡슐, 2개",https://smartstore.naver.com/main/products/11901425125,2025-09-20,5,"개당 수량: 30캡슐 / 수량: 4개
 남편이 혀끝이 아프다고 해서 구입해서 먹고 있어요 조금씩 좋아지고 있어요 두달째 먹고 있습니다",여성,아주 넉넉해요,꼼꼼해요,편리해요,Y
DP_231,"덴마크 유산균이야기 덴티 자일리톨 30캡슐, 2개",https://smartstore.naver.com/main/products/11901425125,2025-09-20,5,"개당 수량: 30캡슐 / 수량: 3개
건강관심사 노화방지면역력장건강
 한달사용맛있어요.. 정이라 먹기 편해서 좋네요.",여성,아주 넉넉해요,꼼꼼해요,편리해요,Y
DP_231,"덴마크 유산균이야기 덴티 자일리톨 30캡슐, 2개",https://smartstore.naver.com/main/products/11901425125,2025-09-20,5,"개당 수량: 30캡슐 / 수량: 2개
 구강 유산균은 처음 알았어요. 꾸준히 먹어 보겠습니다.",,아주 넉넉해요,적당해요,편리해요,Y
DP_231,"덴마크 유산균이야기 덴티 자일리톨 30캡슐, 2개",https://smartstore.naver.com/main/products/11901425125,2025-09-20,5,"개당 수량: 30캡슐 / 수량: 3개
건강관심사 면역력장건강수면건강
 맛있고 상쾌하고 건강한맛!",남성,꽤 남았어요,꼼꼼해요,편리해요,Y
DP_231,"덴마크 유산균이야기 덴티 자일리톨 30캡슐, 2개",https://smartstore.naver.com/main/products/11901425125,2025-09-20,4,"개당 수량: 30캡슐 / 수량: 4개
 남편이 입냄새가 나서 도움이 될까 구매했어요.",,꽤 남았어요,적당해요,그냥그래요,Y
DP_231,"덴마크 유산균이야기 덴티 자일리톨 30캡슐, 2개",https://smartstore.naver.com/main/products/11901425125,2025-09-20,4,"개당 수량: 30캡슐 / 수량: 1개
 한달사용오늘로서 다 먹었어요
좋은지는 정확히 모르겠지만
좋겠거니합니다",,아주 넉넉해요,꼼꼼해요,편리해요,Y
DP_231,"덴마크 유산균이야기 덴티 자일리톨 30캡슐, 2개",https://smartstore.naver.com/main/products/11901425125,2025-09-19,5,"개당 수량: 30캡슐 / 수량: 1개
 한달사용먹기 편해요. 휴대용으로 가지고 다녀요~",여성,아주 넉넉해요,꼼꼼해요,편리해요,Y
DP_231,"덴마크 유산균이야기 덴티 자일리톨 30캡슐, 2개",https://smartstore.naver.com/main/products/11901425125,2025-09-18,5,"개당 수량: 30캡슐 / 수량: 1개
건강관심사 면역력
 이전에 선물받았던건데 다 먹어서 이제번엔 직접 사먹숩니다 간편하고 젛아요",남성,아주 넉넉해요,꼼꼼해요,편리해요,Y
DP_231,"덴마크 유산균이야기 덴티 자일리톨 30캡슐, 2개",https://smartstore.naver.com/main/products/11901425125,2025-09-18,5,"개당 수량: 30캡슐 / 수량: 1개
 한달사용매일 챙겨먹으니 속이 편안해요",남성,아주 넉넉해요,꼼꼼해요,편리해요,Y
DP_231,"덴마크 유산균이야기 덴티 자일리톨 30캡슐, 2개",https://smartstore.naver.com/main/products/11901425125,2025-09-17,4,"개당 수량: 30캡슐 / 수량: 1개
 한달사용아침에 좋아요. 아이가 다른 덴티유산균보다는 맛없다고 안먹지만..독특한 향이 있어요. 유산균의 요거트향이 아닌...그래도 효과도 맛도 괜찮아요.",여성,아주 넉넉해요,꼼꼼해요,편리해요,Y
DP_231,"덴마크 유산균이야기 덴티 자일리톨 30캡슐, 2개",https://smartstore.naver.com/main/products/11901425125,2025-09-17,5,"개당 수량: 30캡슐 / 수량: 1개
 한달사용먹고 자면 확실히 아침에 입이 개운한 걸 느낄 수 있습니다.",여성,아주 넉넉해요,꼼꼼해요,편리해요,Y
DP_231,"덴마크 유산균이야기 덴티 자일리톨 30캡슐, 2개",https://smartstore.naver.com/main/products/11901425125,2025-09-17,5,"개당 수량: 30캡슐 / 수량: 1개
 유산균은 이 브랜드 제품이 가장 효과 확실한 것 같아요~
믿고 섭취중입니다!",,아주 넉넉해요,꼼꼼해요,편리해요,Y
DP_231,"덴마크 유산균이야기 덴티 자일리톨 30캡슐, 2개",https://smartstore.naver.com/main/products/11901425125,2025-09-16,5,"개당 수량: 30캡슐 / 수량: 1개
 한달사용교정치료하다보니 이가 계속 썪어요
치과에서 추천해주셔서 구매했어요
효과가 있는지 모르겠지만 꾸준히 먹여보려구요",여성,아주 넉넉해요,꼼꼼해요,편리해요,Y
DP_231,"덴마크 유산균이야기 덴티 자일리톨 30캡슐, 2개",https://smartstore.naver.com/main/products/11901425125,2025-09-16,5,"개당 수량: 30캡슐 / 수량: 1개
 한달사용아빠가 맘에 들어하세여",여성,아주 넉넉해요,꼼꼼해요,편리해요,Y
DP_231,"덴마크 유산균이야기 덴티 자일리톨 30캡슐, 2개",https://smartstore.naver.com/main/products/11901425125,2025-09-16,5,"개당 수량: 30캡슐 / 수량: 4개
 늘 복용하는 영양제... 잇몸이 좀 덜붓는거같아요",,아주 넉넉해요,꼼꼼해요,편리해요,Y
DP_231,"덴마크 유산균이야기 덴티 자일리톨 30캡슐, 2개",https://smartstore.naver.com/main/products/11901425125,2025-09-16,4,"개당 수량: 30캡슐 / 수량: 4개
 아직 잘 모르겠으나 믿고 먹어요",여성,아주 넉넉해요,꼼꼼해요,편리해요,Y
DP_231,"덴마크 유산균이야기 덴티 자일리톨 30캡슐, 2개",https://smartstore.naver.com/main/products/11901425125,2025-09-15,5,"개당 수량: 30캡슐 / 수량: 4개
 직장인이라 항상 입냄새등에 신경 쓰였는데 이런 제품이 있는지 최근에 알아서 주문했구요
효과가 있으면 좋을 것 같아요",남성,아주 넉넉해요,꼼꼼해요,편리해요,Y
DP_231,"덴마크 유산균이야기 덴티 자일리톨 30캡슐, 2개",https://smartstore.naver.com/main/products/11901425125,2025-09-15,5,"개당 수량: 30캡슐 / 수량: 4개
건강관심사 면역력
 꾸준히 먹고 있는 제품잉예여",여성,아주 넉넉해요,꼼꼼해요,편리해요,Y
DP_231,"덴마크 유산균이야기 덴티 자일리톨 30캡슐, 2개",https://smartstore.naver.com/main/products/11901425125,2025-09-15,5,"개당 수량: 30캡슐 / 수량: 3개
건강관심사 여성건강
 한달사용먹기 편해서 매번 양치후 잘먹고있어요.",여성,아주 넉넉해요,꼼꼼해요,편리해요,Y
DP_231,"덴마크 유산균이야기 덴티 자일리톨 30캡슐, 2개",https://smartstore.naver.com/main/products/11901425125,2025-09-15,5,"개당 수량: 30캡슐 / 수량: 4개
 꾸준히 먹으면 이가 덜 시렵고 잇몸이 튼튼해지는게 살짝 느껴져요",,아주 넉넉해요,꼼꼼해요,편리해요,Y
DP_231,"덴마크 유산균이야기 덴티 자일리톨 30캡슐, 2개",https://smartstore.naver.com/main/products/11901425125,2025-09-15,5,"개당 수량: 30캡슐 / 수량: 3개
건강관심사 노화방지면역력피로회복
 아주아주 좋습니다^^",남성,아주 넉넉해요,꼼꼼해요,편리해요,Y
DP_231,"덴마크 유산균이야기 덴티 자일리톨 30캡슐, 2개",https://smartstore.naver.com/main/products/11901425125,2025-09-15,5,"개당 수량: 30캡슐 / 수량: 3개
 한달사용이 제품도 먹기 편하고 좋아요",,아주 넉넉해요,꼼꼼해요,편리해요,Y
DP_231,"덴마크 유산균이야기 덴티 자일리톨 30캡슐, 2개",https://smartstore.naver.com/main/products/11901425125,2025-09-15,5,"개당 수량: 30캡슐 / 수량: 4개
 자일리톨이 치아건강에 좋다고해서 먹어보려고
구매했어요~하루1정 저녁에 양치하고
먹고있어요~ 씹어먹어도 되고 비타민처럼
꾸준히 먹어볼려구요~
통도 작고 뚜껑밀폐력이 ~",,아주 넉넉해요,꼼꼼해요,편리해요,Y
DP_231,"덴마크 유산균이야기 덴티 자일리톨 30캡슐, 2개",https://smartstore.naver.com/main/products/11901425125,2025-09-15,5,"개당 수량: 30캡슐 / 수량: 1개
 몇일 먹었는데 아침에 텁텁함이 줄었어요",,아주 넉넉해요,꼼꼼해요,편리해요,Y
DP_231,"덴마크 유산균이야기 덴티 자일리톨 30캡슐, 2개",https://smartstore.naver.com/main/products/11901425125,2025-09-14,5,"개당 수량: 30캡슐 / 수량: 1개
 구강유산균 처음이라 잘 먹고 있어요~아침에 텁텊함은 조금 없어진거 같아 꾸준히 먹고 있습니다.",,아주 넉넉해요,꼼꼼해요,편리해요,Y
DP_231,"덴마크 유산균이야기 덴티 자일리톨 30캡슐, 2개",https://smartstore.naver.com/main/products/11901425125,2025-09-14,5,"개당 수량: 30캡슐 / 수량: 4개
 항상 잘 먹고있어요",,아주 넉넉해요,꼼꼼해요,편리해요,Y
DP_231,"덴마크 유산균이야기 덴티 자일리톨 30캡슐, 2개",https://smartstore.naver.com/main/products/11901425125,2025-09-14,4,"개당 수량: 30캡슐 / 수량: 2개
 한달사용먹어본 구강유산균중에서 제일 괜찮네요",남성,꽤 남았어요,꼼꼼해요,편리해요,Y
DP_231,"덴마크 유산균이야기 덴티 자일리톨 30캡슐, 2개",https://smartstore.naver.com/main/products/11901425125,2025-09-14,5,"개당 수량: 30캡슐 / 수량: 1개
 여성 유산균 사면서 같이 구매했는데
괜찮은 거 같아요! 다 복용하면 재구매하려고요~",,아주 넉넉해요,꼼꼼해요,편리해요,Y
DP_231,"덴마크 유산균이야기 덴티 자일리톨 30캡슐, 2개",https://smartstore.naver.com/main/products/11901425125,2025-09-14,5,"개당 수량: 30캡슐 / 수량: 3개
 한달사용배송빠르고 좋아요 만족해요",여성,아주 넉넉해요,꼼꼼해요,편리해요,Y
DP_231,"덴마크 유산균이야기 덴티 자일리톨 30캡슐, 2개",https://smartstore.naver.com/main/products/11901425125,2025-09-13,5,"개당 수량: 30캡슐 / 수량: 1개
 씹는제형이라 편하네요~자이리톨맛인줄 알았는데 달달하네요~",,아주 넉넉해요,꼼꼼해요,편리해요,Y
DP_231,"덴마크 유산균이야기 덴티 자일리톨 30캡슐, 2개",https://smartstore.naver.com/main/products/11901425125,2025-09-13,5,"개당 수량: 30캡슐 / 수량: 4개
 한달사용꾸준히 먹고 있습니다~ 개운합니다",남성,아주 넉넉해요,꼼꼼해요,편리해요,Y
DP_231,"덴마크 유산균이야기 덴티 자일리톨 30캡슐, 2개",https://smartstore.naver.com/main/products/11901425125,2025-09-12,5,"개당 수량: 30캡슐 / 수량: 1개
 한달사용구강유산균은 처음인데 먹고 자면 텁텁함도 덜하고 괜찮은 거 같습니다.",,아주 넉넉해요,적당해요,편리해요,Y
DP_231,"덴마크 유산균이야기 덴티 자일리톨 30캡슐, 2개",https://smartstore.naver.com/main/products/11901425125,2025-09-12,4,"개당 수량: 30캡슐 / 수량: 1개
 맛잇을줄 얼엇는대 ..맛은없..잇몸을 위햐 먹어볼게융",여성,아주 넉넉해요,적당해요,편리해요,Y
DP_231,"덴마크 유산균이야기 덴티 자일리톨 30캡슐, 2개",https://smartstore.naver.com/main/products/11901425125,2025-09-12,5,"개당 수량: 30캡슐 / 수량: 1개
 와이프가 먹고있는데 좋아요",남성,아주 넉넉해요,꼼꼼해요,편리해요,Y
DP_231,"덴마크 유산균이야기 덴티 자일리톨 30캡슐, 2개",https://smartstore.naver.com/main/products/11901425125,2025-09-11,5,"개당 수량: 30캡슐 / 수량: 4개
 한달사용입냄새가 많이 없어진듯 합니다
지인들 나눠주니 좋아하네요",여성,꽤 남았어요,꼼꼼해요,편리해요,Y
DP_231,"덴마크 유산균이야기 덴티 자일리톨 30캡슐, 2개",https://smartstore.naver.com/main/products/11901425125,2025-09-11,5,"개당 수량: 30캡슐 / 수량: 1개
 먹기에 불편함이 없고 입냄새가 많이 줄어들고 있어요. 계속 먹어볼생각입니다.",,아주 넉넉해요,꼼꼼해요,편리해요,Y
DP_231,"덴마크 유산균이야기 덴티 자일리톨 30캡슐, 2개",https://smartstore.naver.com/main/products/11901425125,2025-09-11,5,"개당 수량: 30캡슐 / 수량: 1개
 한달사용좋아요!!!!!!!",,꽤 남았어요,적당해요,편리해요,Y
DP_231,"덴마크 유산균이야기 덴티 자일리톨 30캡슐, 2개",https://smartstore.naver.com/main/products/11901425125,2025-09-11,3,"개당 수량: 30캡슐 / 수량: 3개
 아직 효과는 잘모르겠지만 믿고 꾸준히 먹어볼렵니다^^
텁텁함은 좋아진듯!!",,꽤 남았어요,적당해요,편리해요,Y
DP_231,"덴마크 유산균이야기 덴티 자일리톨 30캡슐, 2개",https://smartstore.naver.com/main/products/11901425125,2025-09-11,5,"개당 수량: 30캡슐 / 수량: 1개
 구강유산균 먹기도 간편하고맛도 좋아요",,아주 넉넉해요,꼼꼼해요,편리해요,Y
DP_231,"덴마크 유산균이야기 덴티 자일리톨 30캡슐, 2개",https://smartstore.naver.com/main/products/11901425125,2025-09-11,5,"개당 수량: 30캡슐 / 수량: 1개
 한달사용한달 정도 먹었는데 구취 개선이 되는것 같아요많이 피곤하거나 스트레스 받으면 입 안이 허는데 먹고나서는 입 안 허는것도 없어서 앞으로 꾸준히 먹어 볼려구요",남성,아주 넉넉해요,꼼꼼해요,편리해요,Y
DP_231,"덴마크 유산균이야기 덴티 자일리톨 30캡슐, 2개",https://smartstore.naver.com/main/products/11901425125,2025-09-10,3,"개당 수량: 30캡슐 / 수량: 3개
 아이가 맛없다구..ㅋㅋㅋ",여성,꽤 남았어요,적당해요,그냥그래요,Y
DP_231,"덴마크 유산균이야기 덴티 자일리톨 30캡슐, 2개",https://smartstore.naver.com/main/products/11901425125,2025-09-10,5,"개당 수량: 30캡슐 / 수량: 3개
 엄마 잇몸이 않좋아서 영양제 뭘사드릴까하다가 덴프스꺼 사봣어요 효과좋음 다먹고 또 구매할게요 ♡ +1",여성,아주 넉넉해요,꼼꼼해요,편리해요,Y
DP_231,"덴마크 유산균이야기 덴티 자일리톨 30캡슐, 2개",https://smartstore.naver.com/main/products/11901425125,2025-09-10,5,"개당 수량: 30캡슐 / 수량: 1개
 한달사용구취때문에 2번째구매해서 먹고있는데
좀나아지고있다는 느낌이들어요
좀도 복용해보아야 알겠내요",,아주 넉넉해요,꼼꼼해요,편리해요,Y
DP_231,"덴마크 유산균이야기 덴티 자일리톨 30캡슐, 2개",https://smartstore.naver.com/main/products/11901425125,2025-09-09,5,"개당 수량: 30캡슐 / 수량: 3개
 아이랑 다같이 먹으려고 샀어요",,아주 넉넉해요,꼼꼼해요,편리해요,Y
DP_231,"덴마크 유산균이야기 덴티 자일리톨 30캡슐, 2개",https://smartstore.naver.com/main/products/11901425125,2025-09-09,5,"개당 수량: 30캡슐 / 수량: 4개
 덴푸스유산균이 좋아서 믿을수 있는 회사제품이라 구매해봅니다",남성,꽤 남았어요,적당해요,그냥그래요,Y
DP_231,"덴마크 유산균이야기 덴티 자일리톨 30캡슐, 2개",https://smartstore.naver.com/main/products/11901425125,2025-09-08,5,"개당 수량: 30캡슐 / 수량: 1개
 한달사용품질 굿 우르오스~~",,아주 넉넉해요,꼼꼼해요,편리해요,Y
DP_231,"덴마크 유산균이야기 덴티 자일리톨 30캡슐, 2개",https://smartstore.naver.com/main/products/11901425125,2025-09-08,5,"개당 수량: 30캡슐 / 수량: 2개
 아침에 입냄새 때문에 주문했어요.기대합니다",,아주 넉넉해요,꼼꼼해요,편리해요,Y
DP_231,"덴마크 유산균이야기 덴티 자일리톨 30캡슐, 2개",https://smartstore.naver.com/main/products/11901425125,2025-09-08,5,"개당 수량: 30캡슐 / 수량: 3개
 한달사용아이가 백태가 심해서 꾸준히 먹였습니다. 바로 효과가 나타나는게 아니라 갑자기 눈에 띄게 개선이 되었습니다.",,꽤 남았어요,꼼꼼해요,편리해요,Y
DP_231,"덴마크 유산균이야기 덴티 자일리톨 30캡슐, 2개",https://smartstore.naver.com/main/products/11901425125,2025-09-07,5,"개당 수량: 30캡슐 / 수량: 4개
 자기전에 먹으면 다음날 확실히 입이좀 개운해요
유산균은 이걸루 정착해봅니당!",여성,아주 넉넉해요,꼼꼼해요,편리해요,Y
DP_231,"덴마크 유산균이야기 덴티 자일리톨 30캡슐, 2개",https://smartstore.naver.com/main/products/11901425125,2025-09-07,5,"개당 수량: 30캡슐 / 수량: 1개
건강관심사 면역력
 구강에 관심 있었는데, 먹는 유산균이 있다는 걸 알고 이제품을 선택했어요. 비슷한 제품들이 많았지만, 이제품이 더 신뢰가 갔어요. +2",남성,꽤 남았어요,꼼꼼해요,편리해요,Y
DP_231,"덴마크 유산균이야기 덴티 자일리톨 30캡슐, 2개",https://smartstore.naver.com/main/products/11901425125,2025-09-07,5,"개당 수량: 30캡슐 / 수량: 4개
 배송 정말 빠릅니다. 구강 유산균 효과 있기를 기대합니다.",,아주 넉넉해요,꼼꼼해요,편리해요,Y
DP_231,"덴마크 유산균이야기 덴티 자일리톨 30캡슐, 2개",https://smartstore.naver.com/main/products/11901425125,2025-09-07,4,"개당 수량: 30캡슐 / 수량: 3개
 먹기도 편하고 한알이면 구강건강도 챙길수 있어 너무 좋아요",,꽤 남았어요,꼼꼼해요,편리해요,Y
DP_231,"덴마크 유산균이야기 덴티 자일리톨 30캡슐, 2개",https://smartstore.naver.com/main/products/11901425125,2025-09-06,5,"개당 수량: 30캡슐 / 수량: 2개
건강관심사 면역력
 먹기 좋아요 빨리 왔어요",여성,아주 넉넉해요,꼼꼼해요,편리해요,Y
DP_231,"덴마크 유산균이야기 덴티 자일리톨 30캡슐, 2개",https://smartstore.naver.com/main/products/11901425125,2025-09-05,5,"개당 수량: 30캡슐 / 수량: 3개
 한달사용가지고 다니며 먹기 편합니다",,아주 넉넉해요,적당해요,편리해요,Y
DP_231,"덴마크 유산균이야기 덴티 자일리톨 30캡슐, 2개",https://smartstore.naver.com/main/products/11901425125,2025-09-05,4,"개당 수량: 30캡슐 / 수량: 3개
 좋은 가격에 잘 구매했습니다",여성,꽤 남았어요,꼼꼼해요,편리해요,Y
DP_231,"덴마크 유산균이야기 덴티 자일리톨 30캡슐, 2개",https://smartstore.naver.com/main/products/11901425125,2025-09-05,5,"개당 수량: 30캡슐 / 수량: 3개
 나이 먹으니까 확실히 잇몸이 예전 같지가 않더라고요. 그래서 구강 건강에 좋은 제품을 찾다가 이 제품을 알게 됐어요. 당이 안 들어있고 자일리톨이 들어 있어서 양치 후에도 부담 없이 먹을 수 있는 점이 제일 마음에 들었어요. LGG유산균이 50억 CFU나 들어있다고 해서 믿음이 가고, 꾸준히 먹으면 구강 관리에도 도움이 될 것 같아요. 건강 챙길 나이 된 분들께 추천드리고 싶네요.",,아주 넉넉해요,꼼꼼해요,편리해요,Y
DP_231,"덴마크 유산균이야기 덴티 자일리톨 30캡슐, 2개",https://smartstore.naver.com/main/products/11901425125,2025-09-05,5,"개당 수량: 30캡슐 / 수량: 1개
건강관심사 면역력
 몇년 전부터 유산균 은 이걸로 먹고 있었는데 구강유산균이 있길래 한번 먹어 보려구요 피곤하면 자주 혓바늘이 돋고 잇몸이 부어서요 한달리뷰 남길께요",여성,꽤 남았어요,적당해요,편리해요,Y
DP_231,"덴마크 유산균이야기 덴티 자일리톨 30캡슐, 2개",https://smartstore.naver.com/main/products/11901425125,2025-09-05,5,"개당 수량: 30캡슐 / 수량: 3개
건강관심사 면역력장건강피로회복
 자일리톨은 처음 먹어보는데, 기대해보겠습니다",남성,아주 넉넉해요,꼼꼼해요,편리해요,Y
DP_231,"덴마크 유산균이야기 덴티 자일리톨 30캡슐, 2개",https://smartstore.naver.com/main/products/11901425125,2025-09-04,5,"개당 수량: 30캡슐 / 수량: 2개
 맛은 괜찮고 먹기 편해요",,아주 넉넉해요,꼼꼼해요,편리해요,Y
DP_231,"덴마크 유산균이야기 덴티 자일리톨 30캡슐, 2개",https://smartstore.naver.com/main/products/11901425125,2025-09-04,5,"개당 수량: 30캡슐 / 수량: 1개
 저녁양치하고 하나씩 깨물어먹으면 화하고 맛있어요 아침에 입냄새도 덜한 것 같고 좋아요",남성,아주 넉넉해요,꼼꼼해요,편리해요,Y
DP_231,"덴마크 유산균이야기 덴티 자일리톨 30캡슐, 2개",https://smartstore.naver.com/main/products/11901425125,2025-09-04,5,"개당 수량: 30캡슐 / 수량: 4개
 좋은 제품 추천합니다!",,아주 넉넉해요,꼼꼼해요,편리해요,Y
DP_231,"덴마크 유산균이야기 덴티 자일리톨 30캡슐, 2개",https://smartstore.naver.com/main/products/11901425125,2025-09-04,5,"개당 수량: 30캡슐 / 수량: 2개
 잘받았어요 잘받았어요 좋아요",여성,아주 넉넉해요,꼼꼼해요,편리해요,Y
DP_231,"덴마크 유산균이야기 덴티 자일리톨 30캡슐, 2개",https://smartstore.naver.com/main/products/11901425125,2025-09-04,5,"개당 수량: 30캡슐 / 수량: 3개
건강관심사 면역력
 한달사용친구 추천으로 고매했어요 입안건강을 기대하며 열심히 먹고 있어요 기대해요",여성,아주 넉넉해요,꼼꼼해요,편리해요,Y
DP_231,"덴마크 유산균이야기 덴티 자일리톨 30캡슐, 2개",https://smartstore.naver.com/main/products/11901425125,2025-09-03,5,"개당 수량: 30캡슐 / 수량: 1개
 재구매2번째 구매해서 복용하는데요
먹기편하고 좋긴한데
구취때문에 먹는데 아직까진 모르겠어요",,꽤 남았어요,적당해요,편리해요,Y
DP_231,"덴마크 유산균이야기 덴티 자일리톨 30캡슐, 2개",https://smartstore.naver.com/main/products/11901425125,2025-09-03,5,"개당 수량: 30캡슐 / 수량: 3개
 한달사용두 통째 먹고 있는데 저녁에 양치하고 나서 오물오물 먹고 자면 아침에 입 안이 개운한게 너무 좋아요^_^!! 밤에 다른 간식 먹는거 방지하는 효과는 덤이네요ㅋㅋㅋ 유산균은 덴프스에 정착이요❤️",,아주 넉넉해요,꼼꼼해요,편리해요,Y
DP_231,"덴마크 유산균이야기 덴티 자일리톨 30캡슐, 2개",https://smartstore.naver.com/main/products/11901425125,2025-09-02,5,"개당 수량: 30캡슐 / 수량: 4개
 구강위생이 중요하더라구요.임프란트 좋은줄만 알았더니 음식물이 끼어서 정말 불편함이 이만저만이 아니네요.입병까지 나서 한달동안 고생을 하구있어요,입냄새도 아프고 치솔질 할때면 쓰리고 따갑고 아파서 인터넷에 물어보니 구강 유산균이 있더라구요.그래서 구매를 했네요,먹어봐야죠.",여성,아주 넉넉해요,꼼꼼해요,편리해요,Y
DP_231,"덴마크 유산균이야기 덴티 자일리톨 30캡슐, 2개",https://smartstore.naver.com/main/products/11901425125,2025-09-02,5,"개당 수량: 30캡슐 / 수량: 4개
 포장 상태 굉장히 좋습니다.",,아주 넉넉해요,꼼꼼해요,편리해요,Y
DP_231,"덴마크 유산균이야기 덴티 자일리톨 30캡슐, 2개",https://smartstore.naver.com/main/products/11901425125,2025-09-02,5,"개당 수량: 30캡슐 / 수량: 1개
건강관심사 면역력
 자기전 양치하고 먹고있는데, 자구 일어나면 텁텁함이 덜한거같네요!",남성,아주 넉넉해요,꼼꼼해요,편리해요,Y
DP_231,"덴마크 유산균이야기 덴티 자일리톨 30캡슐, 2개",https://smartstore.naver.com/main/products/11901425125,2025-09-01,4,"개당 수량: 30캡슐 / 수량: 4개
 한달사용딸이랑 잘 자기전에 먹고있는데 4개월정도는 먹어봐야 효과있다고하니 당분간은 꾸준히 먹어볼랍니다 효과기대합니다",여성,꽤 남았어요,꼼꼼해요,편리해요,Y
DP_231,"덴마크 유산균이야기 덴티 자일리톨 30캡슐, 2개",https://smartstore.naver.com/main/products/11901425125,2025-09-01,5,"개당 수량: 30캡슐 / 수량: 4개
 치아 입건강 생각해서 먹게 되었어요. 많이 좋아졌으면 좋겠어요.",,아주 넉넉해요,꼼꼼해요,편리해요,Y
DP_231,"덴마크 유산균이야기 덴티 자일리톨 30캡슐, 2개",https://smartstore.naver.com/main/products/11901425125,2025-08-31,3,"개당 수량: 30캡슐 / 수량: 3개
 한달사용좋아요. 유산균 효과 좋습니다",,꽤 남았어요,적당해요,그냥그래요,Y
DP_231,"덴마크 유산균이야기 덴티 자일리톨 30캡슐, 2개",https://smartstore.naver.com/main/products/11901425125,2025-08-30,5,"개당 수량: 30캡슐 / 수량: 3개
건강관심사 노화방지면역력수면건강
 BEST주로 취침전에 녹여먹고 휴대하면서 입이 텁텁할때 사탕처럼 먹어요. 이전보다 구강컨디션이 확실히 좋아지고 맛도 좋아요. 치약맛 아니어서 좋네요",여성,아주 넉넉해요,꼼꼼해요,편리해요,Y
DP_231,"덴마크 유산균이야기 덴티 자일리톨 30캡슐, 2개",https://smartstore.naver.com/main/products/11901425125,2025-08-30,3,"개당 수량: 30캡슐 / 수량: 4개
 아직 잘 모르겠어요",여성,아주 넉넉해요,꼼꼼해요,편리해요,Y
DP_231,"덴마크 유산균이야기 덴티 자일리톨 30캡슐, 2개",https://smartstore.naver.com/main/products/11901425125,2025-08-29,5,"개당 수량: 30캡슐 / 수량: 4개
건강관심사 수면건강여성건강면역력
 나이즐 수록 잇몸건강에 예민해 집니다. 좋은 결과 있기를 기대합니다",여성,아주 넉넉해요,꼼꼼해요,편리해요,Y
DP_231,"덴마크 유산균이야기 덴티 자일리톨 30캡슐, 2개",https://smartstore.naver.com/main/products/11901425125,2025-08-29,5,"개당 수량: 30캡슐 / 수량: 4개
 한달사용잘 먹고 있습니다.",,꽤 남았어요,적당해요,편리해요,Y
DP_231,"덴마크 유산균이야기 덴티 자일리톨 30캡슐, 2개",https://smartstore.naver.com/main/products/11901425125,2025-08-29,4,"개당 수량: 30캡슐 / 수량: 1개
건강관심사 노화방지면역력장건강
 한달사용한 달 먹고 또 잘모르겠어서 여에xx제품도 같이 구매해서 먹었는데 확실히 이 제품이 함량도 많고 하루에 한번 먹는거라 좋네요 좀 더 먹어봐야겠어요",여성,아주 넉넉해요,꼼꼼해요,그냥그래요,Y
DP_231,"덴마크 유산균이야기 덴티 자일리톨 30캡슐, 2개",https://smartstore.naver.com/main/products/11901425125,2025-08-29,5,"개당 수량: 30캡슐 / 수량: 2개
 구내염이 가끔 생겨서 찾아보다 보니 구강유산균이 좋다는 글을 보고 구매했는데 확실히 좋아요
자기 전에 먹는게 좋다는 후기 보고 밤에 먹는데 달지 않아서 좋아요",,아주 넉넉해요,꼼꼼해요,편리해요,Y
DP_231,"덴마크 유산균이야기 덴티 자일리톨 30캡슐, 2개",https://smartstore.naver.com/main/products/11901425125,2025-08-29,5,"개당 수량: 30캡슐 / 수량: 4개
 효과가 있으면 좋겠어요",,아주 넉넉해요,꼼꼼해요,편리해요,Y
DP_231,"덴마크 유산균이야기 덴티 자일리톨 30캡슐, 2개",https://smartstore.naver.com/main/products/11901425125,2025-08-28,5,"개당 수량: 30캡슐 / 수량: 1개
 효과 좋았으면 좋겠어요",,아주 넉넉해요,꼼꼼해요,편리해요,Y
DP_231,"덴마크 유산균이야기 덴티 자일리톨 30캡슐, 2개",https://smartstore.naver.com/main/products/11901425125,2025-08-27,5,"개당 수량: 30캡슐 / 수량: 3개
 요즘 잇몸이 컨디션이 좋지않아 구입해봅니당. 먹어보고 효과가있었음 좋겠네요♡",,꽤 남았어요,적당해요,편리해요,Y
DP_231,"덴마크 유산균이야기 덴티 자일리톨 30캡슐, 2개",https://smartstore.naver.com/main/products/11901425125,2025-08-25,5,"개당 수량: 30캡슐 / 수량: 3개
 요즘 따라 아무리 양치를 해도 입안에서 냄새가 나서 구강 유산균을 알게 되어 구매했습니다. 좋은 효과 있기를 기대해봅니다",,아주 넉넉해요,적당해요,편리해요,Y
DP_231,"덴마크 유산균이야기 덴티 자일리톨 30캡슐, 2개",https://smartstore.naver.com/main/products/11901425125,2025-08-25,3,"개당 수량: 30캡슐 / 수량: 1개
 아직 효과는 잘 모르겠지만
좋기를 바래요",,아주 넉넉해요,꼼꼼해요,편리해요,Y
DP_231,"덴마크 유산균이야기 덴티 자일리톨 30캡슐, 2개",https://smartstore.naver.com/main/products/11901425125,2025-08-24,4,"개당 수량: 30캡슐 / 수량: 3개
 저녁 칫솔 후 꾸준하게",여성,꽤 남았어요,적당해요,그냥그래요,Y
DP_231,"덴마크 유산균이야기 덴티 자일리톨 30캡슐, 2개",https://smartstore.naver.com/main/products/11901425125,2025-08-24,5,"개당 수량: 30캡슐 / 수량: 3개
 한달사용맛있어요. 씹어먹을때 사탕같네요. 꾸준히 먹어보랴구요",,아주 넉넉해요,꼼꼼해요,편리해요,Y
DP_231,"덴마크 유산균이야기 덴티 자일리톨 30캡슐, 2개",https://smartstore.naver.com/main/products/11901425125,2025-08-24,5,"개당 수량: 30캡슐 / 수량: 3개
구매자건강관심사 면역력
 한달사용입냄새가 사라졌어요
굿!!먹기 편하고 좋아요~~",,꽤 남았어요,꼼꼼해요,편리해요,Y
DP_231,"덴마크 유산균이야기 덴티 자일리톨 30캡슐, 2개",https://smartstore.naver.com/main/products/11901425125,2025-08-24,5,"개당 수량: 30캡슐 / 수량: 2개
 배송도 빠르고 좋아요! 먹기도 편합니다 
?
1",,아주 넉넉해요,꼼꼼해요,편리해요,Y
DP_231,"덴마크 유산균이야기 덴티 자일리톨 30캡슐, 2개",https://smartstore.naver.com/main/products/11901425125,2025-08-23,5,"개당 수량: 30캡슐 / 수량: 3개
 한달사용물없이 씹어먹눈거러 편해요",,아주 넉넉해요,꼼꼼해요,편리해요,Y
DP_231,"덴마크 유산균이야기 덴티 자일리톨 30캡슐, 2개",https://smartstore.naver.com/main/products/11901425125,2025-08-22,5,"개당 수량: 30캡슐 / 수량: 4개
 한달사용아직은 달라진 점은 모르겠지만 조금 더 시간이 지나면 좋아지지 않을까요?",,아주 넉넉해요,꼼꼼해요,편리해요,Y
DP_231,"덴마크 유산균이야기 덴티 자일리톨 30캡슐, 2개",https://smartstore.naver.com/main/products/11901425125,2025-08-21,5,"개당 수량: 30캡슐 / 수량: 1개
 먹기 간편하고 맛도 깔끔합니다.",,아주 넉넉해요,꼼꼼해요,편리해요,Y
DP_231,"덴마크 유산균이야기 덴티 자일리톨 30캡슐, 2개",https://smartstore.naver.com/main/products/11901425125,2025-08-21,5,"개당 수량: 30캡슐 / 수량: 1개
 금번 행사기간에 할인된 가격으로 구매할 수 있어 너무 좋아요",여성,아주 넉넉해요,적당해요,편리해요,Y
DP_231,"덴마크 유산균이야기 덴티 자일리톨 30캡슐, 2개",https://smartstore.naver.com/main/products/11901425125,2025-08-20,5,"개당 수량: 30캡슐 / 수량: 3개
 열심히 먹어보겠습니다",,아주 넉넉해요,꼼꼼해요,편리해요,Y
DP_231,"덴마크 유산균이야기 덴티 자일리톨 30캡슐, 2개",https://smartstore.naver.com/main/products/11901425125,2025-08-20,5,"개당 수량: 30캡슐 / 수량: 1개
건강관심사 노화방지면역력간건강
 빠른배송 좋음 굿굿",남성,아주 넉넉해요,적당해요,그냥그래요,Y
DP_231,"덴마크 유산균이야기 덴티 자일리톨 30캡슐, 2개",https://smartstore.naver.com/main/products/11901425125,2025-08-20,5,"개당 수량: 30캡슐 / 수량: 1개
 먹기도 편하고 녹여먹어도 거부감들지않고 좋아요.
아직 효과는 모르겠지만 꾸준히먹어보려구요",여성,꽤 남았어요,적당해요,편리해요,Y
DP_231,"덴마크 유산균이야기 덴티 자일리톨 30캡슐, 2개",https://smartstore.naver.com/main/products/11901425125,2025-08-20,5,"개당 수량: 30캡슐 / 수량: 2개
 빠른배송 너무 좋아요",여성,꽤 남았어요,적당해요,편리해요,Y
DP_231,"덴마크 유산균이야기 덴티 자일리톨 30캡슐, 2개",https://smartstore.naver.com/main/products/11901425125,2025-08-20,4,"개당 수량: 30캡슐 / 수량: 1개
 알이 좀 커서 딩황했는데 꾸준히 먹어봐야죠~ 효과가 있길바라면서.....",,꽤 남았어요,꼼꼼해요,그냥그래요,Y
DP_231,"덴마크 유산균이야기 덴티 자일리톨 30캡슐, 2개",https://smartstore.naver.com/main/products/11901425125,2025-08-19,5,"개당 수량: 30캡슐 / 수량: 1개
 빠른 배송 너무 좋습니다!!!",남성,아주 넉넉해요,꼼꼼해요,편리해요,Y
DP_231,"덴마크 유산균이야기 덴티 자일리톨 30캡슐, 2개",https://smartstore.naver.com/main/products/11901425125,2025-08-19,5,"개당 수량: 30캡슐 / 수량: 1개
 한달사용좋아여 잘먹을게요~",,아주 넉넉해요,꼼꼼해요,편리해요,Y
DP_231,"덴마크 유산균이야기 덴티 자일리톨 30캡슐, 2개",https://smartstore.naver.com/main/products/11901425125,2025-08-18,5,"개당 수량: 30캡슐 / 수량: 4개
건강관심사 면역력피로회복
 굿 좋아요~~~~~~ 일단 먹어봐야 알겠네요~~",남성,아주 넉넉해요,적당해요,편리해요,Y
DP_231,"덴마크 유산균이야기 덴티 자일리톨 30캡슐, 2개",https://smartstore.naver.com/main/products/11901425125,2025-08-18,4,"개당 수량: 30캡슐 / 수량: 1개
 한달사용괜찮은것같아서 좀 더 먹어보려고요ㅎ",남성,꽤 남았어요,적당해요,그냥그래요,Y
DP_231,"덴마크 유산균이야기 덴티 자일리톨 30캡슐, 2개",https://smartstore.naver.com/main/products/11901425125,2025-08-18,5,"개당 수량: 30캡슐 / 수량: 3개
 궁금해서 구매해봤어요",여성,꽤 남았어요,적당해요,그냥그래요,Y
DP_231,"덴마크 유산균이야기 덴티 자일리톨 30캡슐, 2개",https://smartstore.naver.com/main/products/11901425125,2025-08-17,5,"개당 수량: 30캡슐 / 수량: 1개
 일단 맛있어서 계속찾게됩니다 입이좀 덜텁텁해지는것같네요 장기복용해볼게요!",여성,아주 넉넉해요,꼼꼼해요,편리해요,Y
DP_231,"덴마크 유산균이야기 덴티 자일리톨 30캡슐, 2개",https://smartstore.naver.com/main/products/11901425125,2025-08-17,5,"개당 수량: 30캡슐 / 수량: 4개
건강관심사 면역력
 재구매입 마름, 입 텁텁함으로 스트레스를 받고 있었는데 주변 권유로 구매했어요. 도움이 되길 간절히 바래봅니다",여성,아주 넉넉해요,꼼꼼해요,편리해요,Y
DP_231,"덴마크 유산균이야기 덴티 자일리톨 30캡슐, 2개",https://smartstore.naver.com/main/products/11901425125,2025-08-17,5,"개당 수량: 30캡슐 / 수량: 1개
 먹기도 편리하고 자기 전에 입안에 녹여서 먹어 봤는데 다음날 확실히 이 반 텁텁함이 나 입냄새가 줄었습니다 한알로 효과를 보니 온가족이 먹으려고 합니다. 저는 진심으로 추천 합니다. 다만 가격적인 부분에서 조금 부담이 되긴 하네요. 프로모션 같은 게 있으면 좋을 것 같습니다..",여성,아주 넉넉해요,꼼꼼해요,편리해요,Y
DP_231,"덴마크 유산균이야기 덴티 자일리톨 30캡슐, 2개",https://smartstore.naver.com/main/products/11901425125,2025-08-17,5,"개당 수량: 30캡슐 / 수량: 1개
건강관심사 장건강간건강
 한달사용자기전에 한알씩 꾸준히먹고잇어요
아침에 깔끔해서 좋네요",여성,꽤 남았어요,적당해요,그냥그래요,Y
DP_231,"덴마크 유산균이야기 덴티 자일리톨 30캡슐, 2개",https://smartstore.naver.com/main/products/11901425125,2025-08-17,5,"개당 수량: 30캡슐 / 수량: 4개
 한달사용먹기편해서 좋더라구요. 이벤트도 더하면 좋겔어요",,아주 넉넉해요,꼼꼼해요,편리해요,Y
DP_231,"덴마크 유산균이야기 덴티 자일리톨 30캡슐, 2개",https://smartstore.naver.com/main/products/11901425125,2025-08-17,5,"개당 수량: 30캡슐 / 수량: 1개
 온가족이 먹어요
아주 좋습니다^^",,아주 넉넉해요,꼼꼼해요,편리해요,Y
DP_231,"덴마크 유산균이야기 덴티 자일리톨 30캡슐, 2개",https://smartstore.naver.com/main/products/11901425125,2025-08-16,5,"개당 수량: 30캡슐 / 수량: 1개
 첫주문입니다. 꾸준히 먹어보고 효과 있으면 재주문할 생각입니다~ 
?
1",여성,아주 넉넉해요,꼼꼼해요,편리해요,Y
DP_231,"덴마크 유산균이야기 덴티 자일리톨 30캡슐, 2개",https://smartstore.naver.com/main/products/11901425125,2025-08-16,5,"개당 수량: 30캡슐 / 수량: 4개
 지인이좋은제품이라고추천해서구매하였음",여성,아주 넉넉해요,꼼꼼해요,편리해요,Y
DP_231,"덴마크 유산균이야기 덴티 자일리톨 30캡슐, 2개",https://smartstore.naver.com/main/products/11901425125,2025-08-16,5,"개당 수량: 30캡슐 / 수량: 1개
건강관심사 면역력
 천천히 녹여먹기가 좋았어요 입이 깨끗한느낌이에요 배송도 빠르고요",여성,아주 넉넉해요,꼼꼼해요,편리해요,Y
DP_231,"덴마크 유산균이야기 덴티 자일리톨 30캡슐, 2개",https://smartstore.naver.com/main/products/11901425125,2025-08-16,5,"개당 수량: 30캡슐 / 수량: 3개
 한달사용아들은 건조함이 덜하다고 합니다. 저는 잘 모르겟지만 꾸준히 먹고 있어요",,아주 넉넉해요,적당해요,편리해요,Y
DP_231,"덴마크 유산균이야기 덴티 자일리톨 30캡슐, 2개",https://smartstore.naver.com/main/products/11901425125,2025-08-16,5,"개당 수량: 30캡슐 / 수량: 4개
 재주문입니다 꼭 사세요 입안 허는게 줄었어요",여성,아주 넉넉해요,꼼꼼해요,편리해요,Y
DP_231,"덴마크 유산균이야기 덴티 자일리톨 30캡슐, 2개",https://smartstore.naver.com/main/products/11901425125,2025-08-15,5,"개당 수량: 30캡슐 / 수량: 2개
 효과는 첨먹어서 모르지만 알약이 작고 맛도 자극적이지않아 일단 좋아요",,꽤 남았어요,적당해요,편리해요,Y
DP_231,"덴마크 유산균이야기 덴티 자일리톨 30캡슐, 2개",https://smartstore.naver.com/main/products/11901425125,2025-08-15,5,"개당 수량: 30캡슐 / 수량: 4개
건강관심사 면역력
 나이 들수록 면연력에 관심이 많고
잇몸이 피곤하다 느껴지면 아프고
해서 지인의 소개로 복용하게 되었어요
건강해지길 바래요",여성,아주 넉넉해요,꼼꼼해요,편리해요,Y
DP_231,"덴마크 유산균이야기 덴티 자일리톨 30캡슐, 2개",https://smartstore.naver.com/main/products/11901425125,2025-08-15,5,"개당 수량: 30캡슐 / 수량: 4개
 처음 시켜보는건디 효과 있길
기대해봅니다",,아주 넉넉해요,꼼꼼해요,편리해요,Y
DP_231,"덴마크 유산균이야기 덴티 자일리톨 30캡슐, 2개",https://smartstore.naver.com/main/products/11901425125,2025-08-14,5,"개당 수량: 30캡슐 / 수량: 1개
 치과에서 아이가 이가 잘썩는것같다고 구강유산균을 추천해주시더라구요
한알씩 씹어먹는주입니다",여성,아주 넉넉해요,꼼꼼해요,편리해요,Y
DP_231,"덴마크 유산균이야기 덴티 자일리톨 30캡슐, 2개",https://smartstore.naver.com/main/products/11901425125,2025-08-13,5,"개당 수량: 30캡슐 / 수량: 1개
 먹기 편하고 다음날 아침에 좋아요",,아주 넉넉해요,꼼꼼해요,편리해요,Y
DP_231,"덴마크 유산균이야기 덴티 자일리톨 30캡슐, 2개",https://smartstore.naver.com/main/products/11901425125,2025-08-13,5,"개당 수량: 30캡슐 / 수량: 4개
 맛있고.잇몸이 덜 앞ㄴ거 같아쇼",,아주 넉넉해요,꼼꼼해요,편리해요,Y
DP_231,"덴마크 유산균이야기 덴티 자일리톨 30캡슐, 2개",https://smartstore.naver.com/main/products/11901425125,2025-08-13,5,"개당 수량: 30캡슐 / 수량: 1개
 한달사용친구 추천으로 구입했는데 꾸준하게 먹어볼게요",여성,아주 넉넉해요,적당해요,편리해요,Y
DP_231,"덴마크 유산균이야기 덴티 자일리톨 30캡슐, 2개",https://smartstore.naver.com/main/products/11901425125,2025-08-13,5,"개당 수량: 30캡슐 / 수량: 1개
 남편주려고 삿어요 맘에 들어요",여성,아주 넉넉해요,꼼꼼해요,편리해요,Y
DP_231,"덴마크 유산균이야기 덴티 자일리톨 30캡슐, 2개",https://smartstore.naver.com/main/products/11901425125,2025-08-13,5,"개당 수량: 30캡슐 / 수량: 3개
건강관심사 면역력
 한달사용본인 입냄새를 본인이 잘 알아차리긴 어려운데 온가족 같이 먹는데 신랑한테 확실히 효과 좋은듯 합니다.",여성,아주 넉넉해요,꼼꼼해요,편리해요,Y
DP_231,"덴마크 유산균이야기 덴티 자일리톨 30캡슐, 2개",https://smartstore.naver.com/main/products/11901425125,2025-08-13,5,"개당 수량: 30캡슐 / 수량: 4개
건강관심사 노화방지장건강여성건강
 처음 먹어보는 구강유산균. 덴푸스 믿고 구매합니다",여성,아주 넉넉해요,꼼꼼해요,편리해요,Y
DP_231,"덴마크 유산균이야기 덴티 자일리톨 30캡슐, 2개",https://smartstore.naver.com/main/products/11901425125,2025-08-12,5,"개당 수량: 30캡슐 / 수량: 1개
 양치 후 자기전에 한개씩 먹고 있어요
아직까지는 드라마틱한 변화는 없어서 꾸준히 먹어보려 합니다~ 잇몸이 튼튼해졌음 좋겠어요",,아주 넉넉해요,꼼꼼해요,편리해요,Y
DP_231,"덴마크 유산균이야기 덴티 자일리톨 30캡슐, 2개",https://smartstore.naver.com/main/products/11901425125,2025-08-12,5,"개당 수량: 30캡슐 / 수량: 1개
 BEST입마름이나 세균번식이 신경쓰이면 구강유산균이 좋다고 하여 구매했는데 먹기도 편하고 다음날 아침에도 개운함이 느껴져 좋습니다. 자기전에 꾸준하게 복용하면 구강건강에 많은 도움이 될거 같습니다",,아주 넉넉해요,적당해요,편리해요,Y
DP_231,"덴마크 유산균이야기 덴티 자일리톨 30캡슐, 2개",https://smartstore.naver.com/main/products/11901425125,2025-08-12,5,"개당 수량: 30캡슐 / 수량: 1개
 덴프스 믿고구입중이예요.
친구소개로 효소를 먹었는데 다른데꺼보다 효과도 좋고 좋아서 꾸준히 쟁이고 먹은지 몇년됐어요
유산균도 먹어보고 후기더올릴게요",여성,아주 넉넉해요,꼼꼼해요,편리해요,Y
DP_231,"덴마크 유산균이야기 덴티 자일리톨 30캡슐, 2개",https://smartstore.naver.com/main/products/11901425125,2025-08-12,5,"개당 수량: 30캡슐 / 수량: 2개
 신랑 주려고 이번에 처음 사봤습니다. 씹어 먹는 제품인데 먹기 편하네요.",,아주 넉넉해요,꼼꼼해요,편리해요,Y
DP_231,"덴마크 유산균이야기 덴티 자일리톨 30캡슐, 2개",https://smartstore.naver.com/main/products/11901425125,2025-08-11,4,"개당 수량: 30캡슐 / 수량: 1개
 꾸준히 더 먹어봐야 알꺼 같아요",,아주 넉넉해요,꼼꼼해요,편리해요,Y
DP_231,"덴마크 유산균이야기 덴티 자일리톨 30캡슐, 2개",https://smartstore.naver.com/main/products/11901425125,2025-08-11,5,"개당 수량: 30캡슐 / 수량: 1개
 양치하고 자기 전 살살 녹여먹으니 혀에 백태 느낌도 많이 없고 괜찮네요 세일할 때 쟁여놔얄듯 해요!",,아주 넉넉해요,꼼꼼해요,편리해요,Y
DP_231,"덴마크 유산균이야기 덴티 자일리톨 30캡슐, 2개",https://smartstore.naver.com/main/products/11901425125,2025-08-10,5,"개당 수량: 30캡슐 / 수량: 3개
 한달사용잘 먹고있어요. 좋아요",,아주 넉넉해요,꼼꼼해요,편리해요,Y
DP_231,"덴마크 유산균이야기 덴티 자일리톨 30캡슐, 2개",https://smartstore.naver.com/main/products/11901425125,2025-08-10,5,"개당 수량: 30캡슐 / 수량: 1개
 한달사용저는ㅈ효과를 잘모르겠어요 
?
1",,아주 넉넉해요,꼼꼼해요,편리해요,Y
DP_231,"덴마크 유산균이야기 덴티 자일리톨 30캡슐, 2개",https://smartstore.naver.com/main/products/11901425125,2025-08-09,5,"개당 수량: 30캡슐 / 수량: 2개
 좋아요. 잘 먹고 있어요.",,아주 넉넉해요,꼼꼼해요,편리해요,Y
DP_231,"덴마크 유산균이야기 덴티 자일리톨 30캡슐, 2개",https://smartstore.naver.com/main/products/11901425125,2025-08-09,5,"개당 수량: 30캡슐 / 수량: 4개
 리뷰가 좋아서 구매결정 했습니다~
꾸준히 먹어볼 생각입니다",남성,아주 넉넉해요,꼼꼼해요,편리해요,Y
DP_231,"덴마크 유산균이야기 덴티 자일리톨 30캡슐, 2개",https://smartstore.naver.com/main/products/11901425125,2025-08-08,3,"개당 수량: 30캡슐 / 수량: 4개
 잘먹어볼게요
만족합니다 만족합니다 맛있어요",,꽤 남았어요,적당해요,그냥그래요,Y
DP_231,"덴마크 유산균이야기 덴티 자일리톨 30캡슐, 2개",https://smartstore.naver.com/main/products/11901425125,2025-08-08,5,"개당 수량: 30캡슐 / 수량: 3개
 덴티 자일리톨은 처음 먹어 보는데...
기대가 되네요.
덴프스는 실망시킨 적이 없으니깐요^^",,아주 넉넉해요,꼼꼼해요,편리해요,Y
DP_231,"덴마크 유산균이야기 덴티 자일리톨 30캡슐, 2개",https://smartstore.naver.com/main/products/11901425125,2025-08-08,4,"개당 수량: 30캡슐 / 수량: 4개
건강관심사 면역력
 한달사용써보니까 제품 설명한거랑 같아요",여성,아주 넉넉해요,꼼꼼해요,편리해요,Y
DP_231,"덴마크 유산균이야기 덴티 자일리톨 30캡슐, 2개",https://smartstore.naver.com/main/products/11901425125,2025-08-08,5,"개당 수량: 30캡슐 / 수량: 3개
건강관심사 면역력눈건강장건강
 맛은 그냥 그런데 확실히 냄새도 잡아주는것 같고 텁텁함도 없어요 그래도 자고일어나고 그러면 다시 냄새나서 꾸준히 먹다보면 효과가 있을것 같긴해요",남성,아주 넉넉해요,적당해요,편리해요,Y
DP_231,"덴마크 유산균이야기 덴티 자일리톨 30캡슐, 2개",https://smartstore.naver.com/main/products/11901425125,2025-08-07,5,"개당 수량: 30캡슐 / 수량: 1개
 먹기 편하고 맛도 거부감도 없어요
회사 가져다놓고 아침마다 먹고 있어요",,아주 넉넉해요,꼼꼼해요,편리해요,Y
DP_231,"덴마크 유산균이야기 덴티 자일리톨 30캡슐, 2개",https://smartstore.naver.com/main/products/11901425125,2025-08-07,5,"개당 수량: 30캡슐 / 수량: 3개
 다른제품이 좋아서 새로나온 유산균도 구매했어요",,아주 넉넉해요,꼼꼼해요,편리해요,Y
DP_231,"덴마크 유산균이야기 덴티 자일리톨 30캡슐, 2개",https://smartstore.naver.com/main/products/11901425125,2025-08-07,5,"개당 수량: 30캡슐 / 수량: 4개
건강관심사 면역력
 구내염 등 입안 염증이 잘 생겨서 먹으려고 주문했는데 확실히 좋습니다 자기전에 섭취하고 일어나니 우산 입냄새가 잘 안나고 있고 입안 염증이 빠르게 나아가고 있습니다 꾸준히 먹어볼게요",남성,아주 넉넉해요,꼼꼼해요,편리해요,Y
DP_231,"덴마크 유산균이야기 덴티 자일리톨 30캡슐, 2개",https://smartstore.naver.com/main/products/11901425125,2025-08-06,5,"개당 수량: 30캡슐 / 수량: 4개
건강관심사 면역력
 두번째 구매합니다 자기전에 먹고 자면 아침에
텁텁함이 덜하고 입마름도 초금개선이 되는것 같아요 장기 복용해보려고요",여성,아주 넉넉해요,꼼꼼해요,편리해요,Y
DP_231,"덴마크 유산균이야기 덴티 자일리톨 30캡슐, 2개",https://smartstore.naver.com/main/products/11901425125,2025-08-06,5,"개당 수량: 30캡슐 / 수량: 1개
건강관심사 장건강
 구강건강은 역시 자일리톨 이지요. 하루에 한알 입안에서 녹여 먹어서 너무 간편하고, 자고 일어나면 입안이 찝찝하지 않아서 아침이 상쾌해 졌어요. 잇몸에 약해서 꾸준히 복용할 예정 입니다.",여성,아주 넉넉해요,꼼꼼해요,편리해요,Y
DP_231,"덴마크 유산균이야기 덴티 자일리톨 30캡슐, 2개",https://smartstore.naver.com/main/products/11901425125,2025-08-06,5,"개당 수량: 30캡슐 / 수량: 3개
 한달사용먹기 편하고 좋아요",,아주 넉넉해요,꼼꼼해요,편리해요,Y
DP_231,"덴마크 유산균이야기 덴티 자일리톨 30캡슐, 2개",https://smartstore.naver.com/main/products/11901425125,2025-08-06,5,"개당 수량: 30캡슐 / 수량: 4개
 주변에서 추천 받아서 가족들것까지 구매했어요",남성,아주 넉넉해요,꼼꼼해요,편리해요,Y
DP_231,"덴마크 유산균이야기 덴티 자일리톨 30캡슐, 2개",https://smartstore.naver.com/main/products/11901425125,2025-08-06,5,"개당 수량: 30캡슐 / 수량: 3개
 배송이 빨라 좋아요",,아주 넉넉해요,꼼꼼해요,편리해요,Y
DP_231,"덴마크 유산균이야기 덴티 자일리톨 30캡슐, 2개",https://smartstore.naver.com/main/products/11901425125,2025-08-06,5,"개당 수량: 30캡슐 / 수량: 1개
 편리. 맛잇고 좋아요",,꽤 남았어요,적당해요,그냥그래요,Y
DP_231,"덴마크 유산균이야기 덴티 자일리톨 30캡슐, 2개",https://smartstore.naver.com/main/products/11901425125,2025-08-05,5,"개당 수량: 30캡슐 / 수량: 1개
 좋아요!!!!!!!",,아주 넉넉해요,꼼꼼해요,편리해요,Y
DP_231,"덴마크 유산균이야기 덴티 자일리톨 30캡슐, 2개",https://smartstore.naver.com/main/products/11901425125,2025-08-05,1,"개당 수량: 30캡슐 / 수량: 1개
 포장이 다 띁어져서와서 찜찜합니다.",,꽤 남았어요,별로예요,그냥그래요,Y
DP_231,"덴마크 유산균이야기 덴티 자일리톨 30캡슐, 2개",https://smartstore.naver.com/main/products/11901425125,2025-08-04,5,"개당 수량: 30캡슐 / 수량: 3개
건강관심사 노화방지면역력장건강
 구강유산균에 관심을 갖고 있던 와중에 라이브보고 바로 구매. 오늘 산 것 같은데 오늘 받아버렸어요ㅎㅎ",여성,아주 넉넉해요,꼼꼼해요,편리해요,Y
DP_231,"덴마크 유산균이야기 덴티 자일리톨 30캡슐, 2개",https://smartstore.naver.com/main/products/11901425125,2025-08-04,5,"개당 수량: 30캡슐 / 수량: 1개
 우선 알약으로 되어잇어 복용하기 편하고
한달정도먹어봐야 효능을 알수있지만
기대해봅니다",,아주 넉넉해요,꼼꼼해요,편리해요,Y
DP_231,"덴마크 유산균이야기 덴티 자일리톨 30캡슐, 2개",https://smartstore.naver.com/main/products/11901425125,2025-08-04,5,"개당 수량: 30캡슐 / 수량: 3개
건강관심사 면역력
 친구가 구강건강에 좋다고 소개해줘서 구매해봤어요 꾸준히 먹어보려고 합니다. 구강건강을 기대합니다. 많이 파세요",여성,아주 넉넉해요,꼼꼼해요,편리해요,Y
DP_231,"덴마크 유산균이야기 덴티 자일리톨 30캡슐, 2개",https://smartstore.naver.com/main/products/11901425125,2025-08-02,5,"개당 수량: 30캡슐 / 수량: 2개
 통이 밀폐가 잘 될 것 같고 먹기 간편해서 좋네요",,아주 넉넉해요,꼼꼼해요,편리해요,Y
DP_231,"덴마크 유산균이야기 덴티 자일리톨 30캡슐, 2개",https://smartstore.naver.com/main/products/11901425125,2025-08-01,5,"개당 수량: 30캡슐 / 수량: 4개
 우와 하루먹었는데 입안이정말개운해요",여성,꽤 남았어요,적당해요,그냥그래요,Y
DP_231,"덴마크 유산균이야기 덴티 자일리톨 30캡슐, 2개",https://smartstore.naver.com/main/products/11901425125,2025-07-31,4,"개당 수량: 30캡슐 / 수량: 4개
 섭취한지 며칠안되서 아직 잘 모르겠네요 한달후 리뷰올리겠습니다 먹기는 부담없네요",여성,꽤 남았어요,적당해요,편리해요,Y
DP_231,"덴마크 유산균이야기 덴티 자일리톨 30캡슐, 2개",https://smartstore.naver.com/main/products/11901425125,2025-07-31,5,"개당 수량: 30캡슐 / 수량: 1개
건강관심사 면역력여성건강
 방송 보고 사게 되어서 자기에 먹고 아침에 일어나면 백태가 껴있지 않고 입냄새가 나지 않습니다
너무 신기해요
구강 건강을 위헤서는 필히 먹어야 할것 같아 지인들한데 추천하고 있습니다
충치 잇몸 건강에도 좋다고 하니 앞으로 꾸준히 복용할 생각입니다",여성,아주 넉넉해요,꼼꼼해요,편리해요,Y
DP_231,"덴마크 유산균이야기 덴티 자일리톨 30캡슐, 2개",https://smartstore.naver.com/main/products/11901425125,2025-07-31,4,"개당 수량: 30캡슐 / 수량: 4개
 한달사용아직은 효과를 크게 느끼진 못하겠네요. 더 꾸준히 먹어보겠습니다",여성,아주 넉넉해요,꼼꼼해요,편리해요,Y
DP_231,"덴마크 유산균이야기 덴티 자일리톨 30캡슐, 2개",https://smartstore.naver.com/main/products/11901425125,2025-07-30,5,"개당 수량: 30캡슐 / 수량: 4개
 새로운 제품이 나왔실래 궁금해서 구매",,아주 넉넉해요,적당해요,편리해요,Y
DP_231,"덴마크 유산균이야기 덴티 자일리톨 30캡슐, 2개",https://smartstore.naver.com/main/products/11901425125,2025-07-29,5,"개당 수량: 30캡슐 / 수량: 4개
 어제 저녁에 시켰는데 오늘 받아볼수 있어서 좋았어요 포장도 아주 꼼꼼하게 와서 좋네요",,아주 넉넉해요,꼼꼼해요,편리해요,Y
DP_231,"덴마크 유산균이야기 덴티 자일리톨 30캡슐, 2개",https://smartstore.naver.com/main/products/11901425125,2025-07-27,5,"개당 수량: 30캡슐 / 수량: 2개
 배송도 빠르고 효과도 좋아요",,아주 넉넉해요,꼼꼼해요,편리해요,Y
DP_231,"덴마크 유산균이야기 덴티 자일리톨 30캡슐, 2개",https://smartstore.naver.com/main/products/11901425125,2025-07-27,5,"개당 수량: 30캡슐 / 수량: 3개
 한달사용구강유산균 처음인데 먹어보니 좋은것 같아요~~^^",여성,아주 넉넉해요,꼼꼼해요,편리해요,Y
DP_231,"덴마크 유산균이야기 덴티 자일리톨 30캡슐, 2개",https://smartstore.naver.com/main/products/11901425125,2025-07-27,5,"개당 수량: 30캡슐 / 수량: 1개
 잘먹고 있어요 ㅎㅎ
사무실에 놓고 잘먹고있어요",,꽤 남았어요,적당해요,편리해요,Y
DP_231,"덴마크 유산균이야기 덴티 자일리톨 30캡슐, 2개",https://smartstore.naver.com/main/products/11901425125,2025-07-27,4,"개당 수량: 30캡슐 / 수량: 3개
 좋아요. 매번 구매하는 제품입니다.",,꽤 남았어요,적당해요,그냥그래요,Y
DP_231,"덴마크 유산균이야기 덴티 자일리톨 30캡슐, 2개",https://smartstore.naver.com/main/products/11901425125,2025-07-26,5,"개당 수량: 30캡슐 / 수량: 2개
 먹기 편하고. 배송도 빨라요.",,아주 넉넉해요,꼼꼼해요,편리해요,Y
DP_231,"덴마크 유산균이야기 덴티 자일리톨 30캡슐, 2개",https://smartstore.naver.com/main/products/11901425125,2025-07-25,5,"개당 수량: 30캡슐 / 수량: 1개
 확실히 먹고 나면 그 텁텁한 냄새가 사라져요 오래 복용하면 더 나아지겠죠?",,아주 넉넉해요,꼼꼼해요,편리해요,Y
DP_231,"덴마크 유산균이야기 덴티 자일리톨 30캡슐, 2개",https://smartstore.naver.com/main/products/11901425125,2025-07-24,4,"개당 수량: 30캡슐 / 수량: 4개
건강관심사 면역력
 사용 햐보니까 한알만으로 구강구취릏 없애주니까 좋아요",여성,아주 넉넉해요,꼼꼼해요,편리해요,Y
DP_231,"덴마크 유산균이야기 덴티 자일리톨 30캡슐, 2개",https://smartstore.naver.com/main/products/11901425125,2025-07-24,5,"개당 수량: 30캡슐 / 수량: 1개
 첫구매 효과는 아직이요",,아주 넉넉해요,꼼꼼해요,편리해요,Y
DP_231,"덴마크 유산균이야기 덴티 자일리톨 30캡슐, 2개",https://smartstore.naver.com/main/products/11901425125,2025-07-23,5,"개당 수량: 30캡슐 / 수량: 2개
 녹여서 먹어니 먹기 편하고 좋아요~~",,아주 넉넉해요,꼼꼼해요,편리해요,Y
DP_231,"덴마크 유산균이야기 덴티 자일리톨 30캡슐, 2개",https://smartstore.naver.com/main/products/11901425125,2025-07-23,5,"개당 수량: 30캡슐 / 수량: 4개
건강관심사 면역력수면건강여성건강
 포장상태좋고 먹기편하고 들고다니기도 간편할거
같아서 잘 먹게될거 같습니다",여성,꽤 남았어요,꼼꼼해요,편리해요,Y
DP_231,"덴마크 유산균이야기 덴티 자일리톨 30캡슐, 2개",https://smartstore.naver.com/main/products/11901425125,2025-07-21,5,"개당 수량: 30캡슐 / 수량: 3개
 배송빠르고 포장도 꼼꼼해요",여성,아주 넉넉해요,꼼꼼해요,편리해요,Y
DP_231,"덴마크 유산균이야기 덴티 자일리톨 30캡슐, 2개",https://smartstore.naver.com/main/products/11901425125,2025-07-18,5,"개당 수량: 30캡슐 / 수량: 3개
건강관심사 노화방지눈건강면역력
 어머니가 필요하다해서 사드렸는데 효과가 좋다네요",여성,아주 넉넉해요,꼼꼼해요,편리해요,Y
DP_231,"덴마크 유산균이야기 덴티 자일리톨 30캡슐, 2개",https://smartstore.naver.com/main/products/11901425125,2025-07-18,5,"개당 수량: 30캡슐 / 수량: 4개
 입냄새에 효과있었으면 해요",,아주 넉넉해요,꼼꼼해요,편리해요,Y
DP_231,"덴마크 유산균이야기 덴티 자일리톨 30캡슐, 2개",https://smartstore.naver.com/main/products/11901425125,2025-07-18,5,"개당 수량: 30캡슐 / 수량: 3개
 한달사용신랑이 저녁에 양치하고 자기 전에 한알씩 한 달 섭취하고는 너무 좋다고 일어날 때 입이 텁텁한 것도 없고어지고 건조해지지 않아서 좋다고 하네요. 입안이 건조해지면 치아에도 안 좋다고 하는데 본인한테 잘 맞는다고 추가 구입하라고 해서 2통 남은 것 마저 먹고 구입해 주려고요..",여성,아주 넉넉해요,꼼꼼해요,편리해요,Y
DP_231,"덴마크 유산균이야기 덴티 자일리톨 30캡슐, 2개",https://smartstore.naver.com/main/products/11901425125,2025-07-17,5,"개당 수량: 30캡슐 / 수량: 4개
 배송 진짜 빠르네요 일단은 꾸준히 잘먹어보겠습니다",,아주 넉넉해요,적당해요,그냥그래요,Y
DP_231,"덴마크 유산균이야기 덴티 자일리톨 30캡슐, 2개",https://smartstore.naver.com/main/products/11901425125,2025-07-17,5,"개당 수량: 30캡슐 / 수량: 3개
 저녁에 양치하고 나서 구강 유산균 먹기 시작하고부터는 다음 날 아침에 입 안이 텁텁하거나 군내가 나지 않더라구요~ 다른 구강 유산균보다 훨씬 성분이 깨끗하고 맛도 깔끔해서 저는 여기에 정착했답니다:) 덴티 유산균 덕분에 다음날 아침 화장실도 잘 가고 여러모로 온 몸이 상쾌한 아침이 되었어요~ 넘 감사해요*.* 덴티유산균과 콜라겐 저의 저녁 필수 아이템입니다ㅎㅎ",,아주 넉넉해요,꼼꼼해요,편리해요,Y
DP_231,"덴마크 유산균이야기 덴티 자일리톨 30캡슐, 2개",https://smartstore.naver.com/main/products/11901425125,2025-07-17,5,"개당 수량: 30캡슐 / 수량: 1개
 맛도 좋고 아이도 입냄새나 입마름에 효과가 있데요",,아주 넉넉해요,꼼꼼해요,편리해요,Y
DP_231,"덴마크 유산균이야기 덴티 자일리톨 30캡슐, 2개",https://smartstore.naver.com/main/products/11901425125,2025-07-17,5,"개당 수량: 30캡슐 / 수량: 3개
 입마름이 적어지고 입냄새에도 효과가 잏는것 같아요",,아주 넉넉해요,꼼꼼해요,편리해요,Y
DP_231,"덴마크 유산균이야기 덴티 자일리톨 30캡슐, 2개",https://smartstore.naver.com/main/products/11901425125,2025-07-16,5,"개당 수량: 30캡슐 / 수량: 1개
 구강유산균이 나와서 사봅니다",,아주 넉넉해요,꼼꼼해요,편리해요,Y
DP_231,"덴마크 유산균이야기 덴티 자일리톨 30캡슐, 2개",https://smartstore.naver.com/main/products/11901425125,2025-07-16,5,"개당 수량: 30캡슐 / 수량: 3개
건강관심사 면역력
 자로우팸 먹다가 바꿔봤어요
너무 오랫동안 한가지만 먹어서 호기심..
덴프스 믿고 구매합니다.효과있기를 기대합니다",여성,아주 넉넉해요,꼼꼼해요,편리해요,Y
DP_231,"덴마크 유산균이야기 덴티 자일리톨 30캡슐, 2개",https://smartstore.naver.com/main/products/11901425125,2025-07-15,5,"개당 수량: 30캡슐 / 수량: 1개
건강관심사 장건강간건강
 구강유산균은 처음 접해보는데
기대되네요",여성,아주 넉넉해요,꼼꼼해요,편리해요,Y
DP_231,"덴마크 유산균이야기 덴티 자일리톨 30캡슐, 2개",https://smartstore.naver.com/main/products/11901425125,2025-07-15,5,"개당 수량: 30캡슐 / 수량: 3개
 약이 아닌 사탕 느낌으로 밋있어요. 꾸준히 먹어봐야겠어요.",,아주 넉넉해요,꼼꼼해요,편리해요,Y
DP_231,"덴마크 유산균이야기 덴티 자일리톨 30캡슐, 2개",https://smartstore.naver.com/main/products/11901425125,2025-07-12,5,"개당 수량: 30캡슐 / 수량: 1개
 빨리 왔고요 도움이 되었으면 좋겠어요~",,아주 넉넉해요,꼼꼼해요,편리해요,Y
DP_231,"덴마크 유산균이야기 덴티 자일리톨 30캡슐, 2개",https://smartstore.naver.com/main/products/11901425125,2025-07-11,4,"개당 수량: 30캡슐 / 수량: 1개
 아직 효과는 모르겠으나 평이 좋아 구매했어요",남성,꽤 남았어요,적당해요,그냥그래요,Y
DP_231,"덴마크 유산균이야기 덴티 자일리톨 30캡슐, 2개",https://smartstore.naver.com/main/products/11901425125,2025-07-10,5,"개당 수량: 30캡슐 / 수량: 1개
 친구 추천으로 구입했는데 복용법도 편하고 꾸준히 먹어보게요",여성,아주 넉넉해요,꼼꼼해요,편리해요,Y
DP_231,"덴마크 유산균이야기 덴티 자일리톨 30캡슐, 2개",https://smartstore.naver.com/main/products/11901425125,2025-07-10,5,"개당 수량: 30캡슐 / 수량: 3개
 구강유산균은 처음 먹어봤눈대 진짜대박이네요 기상후 텁텁함 사라졌어요 아기들도 사과맛으로 먹였는대 냄새도 안나더라구요",,아주 넉넉해요,꼼꼼해요,편리해요,Y
DP_231,"덴마크 유산균이야기 덴티 자일리톨 30캡슐, 2개",https://smartstore.naver.com/main/products/11901425125,2025-07-09,4,"개당 수량: 30캡슐 / 수량: 1개
건강관심사 면역력
 몇주전부터 구강건조증이 생겨 여러가지로 불편함을 겪고있는데요.. 특히 입냄새가 걱정되어 구입하게 되었어요 효능이 있길 기대해봅니다",여성,아주 넉넉해요,꼼꼼해요,편리해요,Y
DP_231,"덴마크 유산균이야기 덴티 자일리톨 30캡슐, 2개",https://smartstore.naver.com/main/products/11901425125,2025-07-09,5,"개당 수량: 30캡슐 / 수량: 3개
 물없이 그냥 먹을 수 있어서 편해요",,꽤 남았어요,적당해요,편리해요,Y
DP_231,"덴마크 유산균이야기 덴티 자일리톨 30캡슐, 2개",https://smartstore.naver.com/main/products/11901425125,2025-07-09,5,"개당 수량: 30캡슐 / 수량: 1개
건강관심사 노화방지면역력장건강
 배송도 빠르고 씹어 먹었는데
무슨 사탕 같아요!
잇몸이 안좋아 사봤는데 효과있으면 계속 먹으려고요",여성,꽤 남았어요,꼼꼼해요,편리해요,Y
DP_231,"덴마크 유산균이야기 덴티 자일리톨 30캡슐, 2개",https://smartstore.naver.com/main/products/11901425125,2025-07-08,5,"개당 수량: 30캡슐 / 수량: 1개
 배송이 빠르고 먹고 좋아 졌으면 좋겠네요.",,아주 넉넉해요,꼼꼼해요,편리해요,Y
DP_231,"덴마크 유산균이야기 덴티 자일리톨 30캡슐, 2개",https://smartstore.naver.com/main/products/11901425125,2025-07-04,5,"개당 수량: 30캡슐 / 수량: 3개
 처음주문해봤는데 좋을거 같아요",,아주 넉넉해요,꼼꼼해요,편리해요,Y
DP_231,"덴마크 유산균이야기 덴티 자일리톨 30캡슐, 2개",https://smartstore.naver.com/main/products/11901425125,2025-07-04,5,"개당 수량: 30캡슐 / 수량: 3개
건강관심사 관절/뼈건강
 잇몸이 좀 힘들면 시리고 해서 주문 했는데 효과가 좋았으면 좋겠네요",여성,아주 넉넉해요,꼼꼼해요,편리해요,Y
DP_231,"덴마크 유산균이야기 덴티 자일리톨 30캡슐, 2개",https://smartstore.naver.com/main/products/11901425125,2025-07-02,5,"개당 수량: 30캡슐 / 수량: 1개
 부모님께 드렸는데 사용후 다음날 확실히
종전보다 입안이 개운하다 하십나다.",,아주 넉넉해요,꼼꼼해요,편리해요,Y
DP_231,"덴마크 유산균이야기 덴티 자일리톨 30캡슐, 2개",https://smartstore.naver.com/main/products/11901425125,2025-07-02,4,"개당 수량: 30캡슐 / 수량: 4개
 매일 열심히 먹고있어요
구강유산균 ᆢ 잇몸건강에 좋다길래ᆢ
여하튼 잘먹을께요",남성,아주 넉넉해요,꼼꼼해요,편리해요,Y
DP_231,"덴마크 유산균이야기 덴티 자일리톨 30캡슐, 2개",https://smartstore.naver.com/main/products/11901425125,2025-07-02,5,"개당 수량: 30캡슐 / 수량: 3개
 부담없는 맛이고 기분인지 먹고나면 입냄새가 덜 나는것 같아요. 가지고 다니기도 편리하구요.",,아주 넉넉해요,꼼꼼해요,편리해요,Y
DP_231,"덴마크 유산균이야기 덴티 자일리톨 30캡슐, 2개",https://smartstore.naver.com/main/products/11901425125,2025-07-01,5,"개당 수량: 30캡슐 / 수량: 3개
 먹기 편하고 좋아요~",,아주 넉넉해요,꼼꼼해요,편리해요,Y
DP_231,"덴마크 유산균이야기 덴티 자일리톨 30캡슐, 2개",https://smartstore.naver.com/main/products/11901425125,2025-06-30,5,"개당 수량: 30캡슐 / 수량: 4개
 BEST입마름이 심해 입냄새가 신경쓰이던차에 구강유산균이 있다는걸 알고 바로 덴프스 검색부터했네요. 효과있길 바랍니다.",여성,꽤 남았어요,적당해요,편리해요,Y
DP_231,"덴마크 유산균이야기 덴티 자일리톨 30캡슐, 2개",https://smartstore.naver.com/main/products/11901425125,2025-06-27,5,"개당 수량: 30캡슐 / 수량: 3개
 지인 추천으로 먹었던 구강유산균으로 좋아요. 선물받은거 다 먹고
재구매합니다~~",여성,아주 넉넉해요,꼼꼼해요,편리해요,Y
DP_231,"덴마크 유산균이야기 덴티 자일리톨 30캡슐, 2개",https://smartstore.naver.com/main/products/11901425125,2025-06-21,5,"개당 수량: 30캡슐 / 수량: 4개
 처음 시켜 본 구강유산균 효과가 있기를 바라봅니다. 추가로 프리바이오틱스 이뮨 좋네요 !! 나중에 후기도 남겨 보려합니다.",,아주 넉넉해요,꼼꼼해요,편리해요,Y
DP_231,"덴마크 유산균이야기 덴티 자일리톨 30캡슐, 2개",https://smartstore.naver.com/main/products/11901425125,2025-06-19,5,"개당 수량: 30캡슐 / 수량: 3개
 3개월 이상 먹어볼려구요",여성,아주 넉넉해요,꼼꼼해요,편리해요,Y
DP_231,"덴마크 유산균이야기 덴티 자일리톨 30캡슐, 2개",https://smartstore.naver.com/main/products/11901425125,2025-06-18,5,"개당 수량: 30캡슐 / 수량: 3개
 남편이 구강유산균 자주 얘기 했는데 믿을 수 있는 덴프스로 구입해요.. 꾸준히 섭취 하고 추가 구입할게요.",여성,아주 넉넉해요,꼼꼼해요,편리해요,Y
