﻿상품코드,상품명,URL,날짜,별점,리뷰텍스트,구매자 성별,유통기한,포장,편리,판매여부
DP_091,덴프스 프리바이오틱스 이뮨 5개월/5BOX,https://smartstore.naver.com/main/products/10385784295,2025-03-19,5,"한달사용덴마크 유산균과 세트로 늘 챙겨먹어요ㅎㅎ 아침에 플레인 요커트랑 귀리, 그래놀라 등등 섞어먹는데 너무나 만족합니다😊 유산균도 너무 좋은데 이 상품이랑 같이 먹으면 효과 진짜 좋아요 화장실 잘가고, 덴프스 상품 먹고 예전 부터 만성으로 치열이 자주 생겨서 고생했던 제가 이제 화장실가는게 너무너무 편해서 만성치열이 사라졌어요!",,아주 넉넉해요,꼼꼼해요,편리해요,Y
DP_091,덴프스 프리바이오틱스 이뮨 5개월/5BOX,https://smartstore.naver.com/main/products/10385784295,2025-01-27,5,"건강관심사 노화방지면역력근육/체력
 덴프스에서 유산균만 먹고있었는데 이번 세일때 프리바이오틱스도 사봤어요 아직 다른거 남은거 먹고있어서 한달후기로 올릴께요",여성,아주 넉넉해요,꼼꼼해요,편리해요,Y
DP_091,덴프스 프리바이오틱스 이뮨 5개월/5BOX,https://smartstore.naver.com/main/products/10385784295,2025-01-23,5,꾸준히 먹고 있는 상품입니다! 유산균과 같이 먹고 있고 배변 활동 눈에 띄게 좋아져요! 믿고 먹는 제품이라 묻지도 따지지도 않고 떨어질만 하면 구매 중 입니다!,,아주 넉넉해요,꼼꼼해요,편리해요,Y
DP_091,덴프스 프리바이오틱스 이뮨 5개월/5BOX,https://smartstore.naver.com/main/products/10385784295,2025-01-21,5,항상 잘 이용합니다 좋아요,,꽤 남았어요,꼼꼼해요,편리해요,Y
DP_091,덴프스 프리바이오틱스 이뮨 5개월/5BOX,https://smartstore.naver.com/main/products/10385784295,2025-01-10,4,한달사용덴프스는 믿고 먹는 브랜드인데요. 이 제품은 살짝 먹기 힘들어요. 맛이 제 입맛에는 안맞아서 아침 공복에 먹고나면 역하고 속이 울렁거려요.. 제가 비위가 약해서 그런것같아요.,,꽤 남았어요,적당해요,편리해요,Y
DP_091,덴프스 프리바이오틱스 이뮨 5개월/5BOX,https://smartstore.naver.com/main/products/10385784295,2025-01-05,5,좋은상품 빠른배송 감사합니다,,아주 넉넉해요,꼼꼼해요,편리해요,Y
DP_091,덴프스 프리바이오틱스 이뮨 5개월/5BOX,https://smartstore.naver.com/main/products/10385784295,2024-12-12,5,3년 넘게 재구매해서 먹고 있어요,여성,아주 넉넉해요,꼼꼼해요,편리해요,Y
DP_091,덴프스 프리바이오틱스 이뮨 5개월/5BOX,https://smartstore.naver.com/main/products/10385784295,2024-12-10,5,생각보다 맛도 괜찮고 편해요. 열심히 먹어보려고요,,아주 넉넉해요,꼼꼼해요,편리해요,Y
DP_091,덴프스 프리바이오틱스 이뮨 5개월/5BOX,https://smartstore.naver.com/main/products/10385784295,2024-11-05,5,잘먹겠늡니다 감사합니딘,,꽤 남았어요,꼼꼼해요,편리해요,Y
DP_091,덴프스 프리바이오틱스 이뮨 5개월/5BOX,https://smartstore.naver.com/main/products/10385784295,2024-10-20,5,장 건강이랑 면역을 위해 사봤는데 맘에 쏙 들어요~~,,아주 넉넉해요,꼼꼼해요,편리해요,Y
DP_091,덴프스 프리바이오틱스 이뮨 5개월/5BOX,https://smartstore.naver.com/main/products/10385784295,2024-09-04,5,한달사용늘 먹는 제품이에요~,,아주 넉넉해요,적당해요,편리해요,Y
DP_091,덴프스 프리바이오틱스 이뮨 5개월/5BOX,https://smartstore.naver.com/main/products/10385784295,2024-09-04,5,한달사용효과는 잘모르겠는데 화장실 갈때 편해요. 항상 복통이 있었는데 가라 앉거든요.,여성,아주 넉넉해요,꼼꼼해요,편리해요,Y
DP_091,덴프스 프리바이오틱스 이뮨 5개월/5BOX,https://smartstore.naver.com/main/products/10385784295,2024-08-29,5,부모님이 꾸준히 드시는 제품이에요~,,아주 넉넉해요,꼼꼼해요,편리해요,Y
DP_091,덴프스 프리바이오틱스 이뮨 5개월/5BOX,https://smartstore.naver.com/main/products/10385784295,2024-08-03,5,늘 먹는 상품 라이브로 구매했습니다~,,아주 넉넉해요,적당해요,편리해요,Y
DP_091,덴프스 프리바이오틱스 이뮨 5개월/5BOX,https://smartstore.naver.com/main/products/10385784295,2024-07-27,4,입자가 있어요. 맛은 있고 배변 활동에 도움 된다서 구입 했어요.,남성,꽤 남았어요,적당해요,편리해요,Y
DP_091,덴프스 프리바이오틱스 이뮨 5개월/5BOX,https://smartstore.naver.com/main/products/10385784295,2024-07-22,5,맛 괜찮구요. 저는 요거트에 믹스해서 먹는데 좋아요. 살짝 화학약품 맛이 나요.먹고 장트러블이 좋아지면 좋겠어요.,여성,꽤 남았어요,꼼꼼해요,편리해요,Y
