﻿상품코드,상품명,URL,날짜,별점,리뷰텍스트,구매자 성별,유통기한,포장,편리,판매여부
DP_141,"철분 헤모케어 30포, 4개",https://smartstore.naver.com/main/products/10867275853,2025-08-19,5,한달사용맛있어사 챙겨먹기 좋아요,,아주 넉넉해요,적당해요,편리해요,Y
DP_141,"철분 헤모케어 30포, 4개",https://smartstore.naver.com/main/products/10867275853,2025-08-02,5,"건강관심사 면역력피로회복여성건강
 한달사용딸아이가 먹기 편하다며 잘 먹고 있어요. 한달 먹으면서 특별한 변화는 못 느끼고 있지만 일단 화장실도 잘 가고있어서 큰 불편함도 없어해서 더 꾸준히 복용시켜보려구요.",여성,아주 넉넉해요,꼼꼼해요,편리해요,Y
DP_141,"철분 헤모케어 30포, 4개",https://smartstore.naver.com/main/products/10867275853,2025-07-03,5,"건강관심사 면역력피로회복여성건강
 철분제라면 질색팔색하던 딸아이가 맛있다며 너무 잘 먹어주네요~ 유산균도 비타민도 덴프스로 바꾸고 아이가 하루도 안거르고 잘 챙겨먹으니 너무 좋네요.",여성,아주 넉넉해요,꼼꼼해요,편리해요,Y
DP_141,"철분 헤모케어 30포, 4개",https://smartstore.naver.com/main/products/10867275853,2025-06-30,5,한달사용아이들 건강 챙김에 철분이 빠질수없죠. 제가 먼저먹어보니 효과가 있어 또 시켰어요. 감사합니다,남성,아주 넉넉해요,꼼꼼해요,편리해요,Y
DP_141,"철분 헤모케어 30포, 4개",https://smartstore.naver.com/main/products/10867275853,2025-06-18,5,한달사용맛있어서 먹어요 효과가 있는지는 잘 모르지만 맛있어서 꾸준히 먹구있어요,,꽤 남았어요,적당해요,그냥그래요,Y
DP_141,"철분 헤모케어 30포, 4개",https://smartstore.naver.com/main/products/10867275853,2025-06-12,5,"건강관심사 면역력피로회복
 한달사용딸과함께 먹고 있어요ㆍ 두통넘게 먹었는데 어지러운것도 개선되고 ㅡ맛도 좋고 꾸준히 복용합니다ㆍ",여성,아주 넉넉해요,꼼꼼해요,편리해요,Y
DP_141,"철분 헤모케어 30포, 4개",https://smartstore.naver.com/main/products/10867275853,2025-05-23,5,"여러 철분제를 먹어봤지만
특유의 비린맛을 제일 잘잡아주고 상큼해서 좋아요.
또 이지컷으로 한포 챙겨다니기도 좋아서
잊지않고 챙겨먹게 되는것 같아요!!
먹는제품인데 무엇보다 맛이 제일 중요하겠죠
덕분에 헤모글로빈 수치 좀 높여보렵니다.
가성비도 좋은제품 🫶",,꽤 남았어요,꼼꼼해요,편리해요,Y
DP_141,"철분 헤모케어 30포, 4개",https://smartstore.naver.com/main/products/10867275853,2025-05-13,5,이거 저번에 서비스로 받았다가 너무 맛있어서 이번에 더 샀어요 물없이 그냥 먹을수있아요 맛있어욥,,아주 넉넉해요,꼼꼼해요,편리해요,Y
DP_141,"철분 헤모케어 30포, 4개",https://smartstore.naver.com/main/products/10867275853,2025-05-11,5,"딸들하고 먹고있어요. 좋은것 같아요 구매하길 잘했어요
철분제는 따로 산적이 없었는데 이번기회에 잘한것 같아요 수고하세요",남성,아주 넉넉해요,꼼꼼해요,편리해요,Y
DP_141,"철분 헤모케어 30포, 4개",https://smartstore.naver.com/main/products/10867275853,2025-05-10,5,"구매자선택안함
 똑 떨어지기전에 구매완료 먹기편하고 맛도 좋고 언제까지나 쭈우욱",,아주 넉넉해요,꼼꼼해요,편리해요,Y
DP_141,"철분 헤모케어 30포, 4개",https://smartstore.naver.com/main/products/10867275853,2025-05-07,5,한달사용지금까지 먹어본 철분제 중에서 제일 괜찮아요 맛도좋고 변비도 없어요. 가족모두 먹고있어요,,아주 넉넉해요,꼼꼼해요,편리해요,Y
DP_141,"철분 헤모케어 30포, 4개",https://smartstore.naver.com/main/products/10867275853,2025-05-05,5,"건강관심사 노화방지눈건강근육/체력
 한달사용믿고 먹는 덴프스 입니다",여성,아주 넉넉해요,꼼꼼해요,편리해요,Y
DP_141,"철분 헤모케어 30포, 4개",https://smartstore.naver.com/main/products/10867275853,2025-04-07,5,"철분 제품 찾다가
먹기 편해서 이 제품으로 정착했어요~
손으로도 컷팅되어
가지고 다니면서도 쉽게 섭취할 수 있어요~",,아주 넉넉해요,꼼꼼해요,편리해요,Y
DP_141,"철분 헤모케어 30포, 4개",https://smartstore.naver.com/main/products/10867275853,2025-03-27,4,"건강관심사 면역력피로회복
 건강검진결과 적혈구다증이라는 소견을 받아서 철분을 먹으면 좋타해서 ㅡ복용시작해 봅니다ㆍ타철분보다 믿을만한 브랜드라 선택했구요ㆍ비타민ㆍ유산균 ㅡ다 덴프스라 철분제도 믿을만한거 같아요",여성,꽤 남았어요,적당해요,편리해요,Y
DP_141,"철분 헤모케어 30포, 4개",https://smartstore.naver.com/main/products/10867275853,2025-03-25,5,"건강관심사 면역력근육/체력피로회복
 항상 믿고 먹는 덴프스 제품입니다",여성,꽤 남았어요,꼼꼼해요,편리해요,Y
DP_141,"철분 헤모케어 30포, 4개",https://smartstore.naver.com/main/products/10867275853,2025-03-23,5,먹기편해요. 보관도편하고 가존이다같이먹고있어요,,아주 넉넉해요,꼼꼼해요,편리해요,Y
DP_141,"철분 헤모케어 30포, 4개",https://smartstore.naver.com/main/products/10867275853,2025-01-16,5,한달사용먹기편해서 구입했어요!,,아주 넉넉해요,꼼꼼해요,편리해요,Y
DP_141,"철분 헤모케어 30포, 4개",https://smartstore.naver.com/main/products/10867275853,2025-01-09,5,한달사용가루타입이라 먹기 편해요,,아주 넉넉해요,꼼꼼해요,편리해요,Y
DP_141,"철분 헤모케어 30포, 4개",https://smartstore.naver.com/main/products/10867275853,2024-12-18,5,한달사용빈혈 수치가 안좋아서 약국 철분제 맛 싫어서 구매했는데 만족합니다,여성,아주 넉넉해요,꼼꼼해요,편리해요,Y
DP_141,"철분 헤모케어 30포, 4개",https://smartstore.naver.com/main/products/10867275853,2024-12-18,5,"구매자선택안함
 한달사용맛이 좋아서 손이가요~ 철분제 잘못먹으면 변비생기는데 그런것도 없어요",,꽤 남았어요,적당해요,그냥그래요,Y
DP_141,"철분 헤모케어 30포, 4개",https://smartstore.naver.com/main/products/10867275853,2024-12-15,3,한달사용철분 잘 먹고 있습니다! ㅎㅎ,,꽤 남았어요,적당해요,그냥그래요,Y
DP_141,"철분 헤모케어 30포, 4개",https://smartstore.naver.com/main/products/10867275853,2024-12-15,5,"한달사용세통째 먹고 있는데 아직 효과는 잘 모르겟어요
먹기 편해요",,아주 넉넉해요,꼼꼼해요,편리해요,Y
DP_141,"철분 헤모케어 30포, 4개",https://smartstore.naver.com/main/products/10867275853,2024-12-13,5,"구매자선택안함
 한달사용아이와 제가 아침에 유산균을 시작으로 모두 분말을 선호해서 헤모케어보구 좋아라 구매",,꽤 남았어요,꼼꼼해요,편리해요,Y
DP_141,"철분 헤모케어 30포, 4개",https://smartstore.naver.com/main/products/10867275853,2024-12-11,5,한달사용육류를 좋아하지도 않고 두뇌 산소공급도 도움받고자 구매했어요 꾸준히 먹어야죠?,,아주 넉넉해요,꼼꼼해요,편리해요,Y
DP_141,"철분 헤모케어 30포, 4개",https://smartstore.naver.com/main/products/10867275853,2024-12-09,4,"구매자선택안함
 잘 먹고 있어요~맛있어서 더 좋아요",,꽤 남았어요,적당해요,그냥그래요,Y
DP_141,"철분 헤모케어 30포, 4개",https://smartstore.naver.com/main/products/10867275853,2024-11-22,5,빈혈기가 있고 생리 때마다 PMS가 심해서 매일 먹을 수 있는 철분제를 찾아보았습니다. 한 달 정도 먹었더니 꽤 효과가 있었고 그 이후로는 매일은 아니고 생각날 때마다 챙겨 먹고 있습니다. 철분제는 지속적으로 매일 복용하는 건 아니라고 하더군요. 먼저 구매한 건 다 먹었고 추가로 이번에는 대용량을 구매 했습니다. 가루로 되어 있지만 맛이 있어서 그냥 먹기도 편하고 괜찮은데 물과 복용하라고 되어 있어 가루 약을 먹은 후 물을 마십니다.,,아주 넉넉해요,꼼꼼해요,편리해요,Y
DP_141,"철분 헤모케어 30포, 4개",https://smartstore.naver.com/main/products/10867275853,2024-11-12,5,"블루베리 맛이 나고, 아침에 일어나서 공복에 먹어도 괜찮네요. 분말이라서 먹기도 편하고 비린맛이 적어서 괜찮은거 같아요. 효과도 있었으면 좋겠습니다. 꾸준히 먹어볼께요",여성,아주 넉넉해요,꼼꼼해요,편리해요,Y
DP_141,"철분 헤모케어 30포, 4개",https://smartstore.naver.com/main/products/10867275853,2024-11-11,5,"철분제를 찾고 있던차에 좋은 기회라 선택했습니다. 효과는 꾸준히 먹어봐야 알거같고요, 제 개인적으로는 맛있는데, 호불호가 있을거같아요. 삼키기에 많은 양은 아니라 물과 같이 먹으면 섭취는 쉬웠구요! 잘 맞는다면 재구매 의사 있어요 :)",,꽤 남았어요,꼼꼼해요,편리해요,Y
DP_141,"철분 헤모케어 30포, 4개",https://smartstore.naver.com/main/products/10867275853,2024-11-11,5,"포도맛이라 먹기 너무 좋아요
요즘 어지럼증때문에 철분 먹기 시작했습니다!",,아주 넉넉해요,꼼꼼해요,편리해요,Y
DP_141,"철분 헤모케어 30포, 4개",https://smartstore.naver.com/main/products/10867275853,2024-11-11,5,"원래 먹다가 추가로 주문해서 먹어요
아직 효과는 잘 모르겠지만 먹기 편해요",,꽤 남았어요,적당해요,편리해요,Y
DP_141,"철분 헤모케어 30포, 4개",https://smartstore.naver.com/main/products/10867275853,2024-11-08,5,육류를 많이 안좋아하고 커피를 즐기는 사람으로 손톱이 약하고 세로 줄이 항상 있었는데 이번 행사에 철분과 마그네슘을 구입했어요. 조금 더 먹어봐야하겠지만 먹기도 편하고 좀 좋아진 것 같아요.,,아주 넉넉해요,꼼꼼해요,편리해요,Y
DP_141,"철분 헤모케어 30포, 4개",https://smartstore.naver.com/main/products/10867275853,2024-11-08,5,"구매자선택안함
 덴프스 비타민도 하나씩 넘어가는 중이에요 몸에 잘 맞고 좋은것 같아요!!",,아주 넉넉해요,적당해요,편리해요,Y
DP_141,"철분 헤모케어 30포, 4개",https://smartstore.naver.com/main/products/10867275853,2024-11-06,5,"패키지도 예쁘고, 먹기도 편하고, 맛있는데 효과도 좋은 거 같아서 재구매합니다 💕",여성,아주 넉넉해요,꼼꼼해요,편리해요,Y
DP_141,"철분 헤모케어 30포, 4개",https://smartstore.naver.com/main/products/10867275853,2024-11-01,5,구매 다음날 배송 받았습니다.,여성,아주 넉넉해요,꼼꼼해요,편리해요,Y
DP_141,"철분 헤모케어 30포, 4개",https://smartstore.naver.com/main/products/10867275853,2024-10-31,5,오 맛도 끝맛 비림거 전혀없구 먹기도 편해요 조아요,,아주 넉넉해요,꼼꼼해요,편리해요,Y
DP_141,"철분 헤모케어 30포, 4개",https://smartstore.naver.com/main/products/10867275853,2024-10-30,5,성장기 아들도먹고 저도 먹으려고 주문했어요. 효과가있으면 좋겠어요. 아이도 잘먹는 맛이에요.,여성,아주 넉넉해요,꼼꼼해요,편리해요,Y
DP_141,"철분 헤모케어 30포, 4개",https://smartstore.naver.com/main/products/10867275853,2024-10-29,5,꾸준히 복용 하려고 합니다.,,임박상품이에요,적당해요,편리해요,Y
DP_141,"철분 헤모케어 30포, 4개",https://smartstore.naver.com/main/products/10867275853,2024-10-28,4,맛은 음ㅡ 좀 없어요ㅜㅠ 그래도 물에 잘 녹는 듯 합니다. 그냥은 못 먹겠어요. 저녁식사 후 먹으면 좋다고하여 통에 써놓아써요 잊지 않으려구ㅋ +1,,꽤 남았어요,적당해요,그냥그래요,Y
DP_141,"철분 헤모케어 30포, 4개",https://smartstore.naver.com/main/products/10867275853,2024-10-24,5,"구매자선택안함
 캡슐형 영양제는 늘 더부룩하고 불편해서 가루 유산균부터 복용시작하고 비오틴 철분 차례로 바꾸고 있어요 복용도 쉽고 빼먹지 않고 먹게되니 좋아요
아이들과 챙격먹고 있습니다",,아주 넉넉해요,꼼꼼해요,편리해요,Y
DP_141,"철분 헤모케어 30포, 4개",https://smartstore.naver.com/main/products/10867275853,2024-10-24,5,만족합니다. 꾸준히먹어보려구요,,아주 넉넉해요,꼼꼼해요,편리해요,Y
DP_141,"철분 헤모케어 30포, 4개",https://smartstore.naver.com/main/products/10867275853,2024-10-23,5,여기저기 좋은 철분제 찾다가 덴프스를 픽했습니다 받자마자 한포 먹었는데 포도맛이라 먹기도 편합니다,,아주 넉넉해요,꼼꼼해요,편리해요,Y
DP_141,"철분 헤모케어 30포, 4개",https://smartstore.naver.com/main/products/10867275853,2024-10-20,5,먹기편해서 좋습니다,,아주 넉넉해요,꼼꼼해요,편리해요,Y
DP_141,"철분 헤모케어 30포, 4개",https://smartstore.naver.com/main/products/10867275853,2024-10-17,4,물에 타서 먹으면 되니까 알약보다 훨씬 먹기 쉽고 일반 철분제보다 향도 좋아서 먹기가 편하네요^^ 동영상컨텐츠,,아주 넉넉해요,꼼꼼해요,편리해요,Y
