﻿상품코드,상품명,URL,날짜,별점,리뷰텍스트,구매자 성별,유통기한,포장,편리,판매여부
DP_081,덴프스 크랜베리 우먼 3개월/3BOX,https://smartstore.naver.com/main/products/8607217540,2024-11-30,4,"한달사용잔뇨감 증상에 크랜베리가 좋다고 해서 사봤어요
자꾸 먹는 걸 깜박해서 매일매일 꾸준히는 못 먹었는데 안 먹을 때보다 좀 편해진 것 같기도 합니다
근데 알약(2cm)이 좀 커서 넘길 때 불편해요
알약 크기가 조금만 작았으면 좋겠어요",,아주 넉넉해요,꼼꼼해요,그냥그래요,Y
DP_081,덴프스 크랜베리 우먼 3개월/3BOX,https://smartstore.naver.com/main/products/8607217540,2024-11-25,4,한달사용캡슐 포장돠서 좋습니다,여성,아주 넉넉해요,꼼꼼해요,편리해요,Y
DP_081,덴프스 크랜베리 우먼 3개월/3BOX,https://smartstore.naver.com/main/products/8607217540,2024-11-13,5,재구매한달사용방광염으로 늘 고생하던 어머니 이거로 고치셨다고 계속드셔야겠다는데. 진짜인지.ㅋㅋ 계속주문하게되네요.,,아주 넉넉해요,꼼꼼해요,편리해요,Y
DP_081,덴프스 크랜베리 우먼 3개월/3BOX,https://smartstore.naver.com/main/products/8607217540,2024-11-12,5,한달사용잘 먹고 있어요~~~,여성,아주 넉넉해요,꼼꼼해요,편리해요,Y
DP_081,덴프스 크랜베리 우먼 3개월/3BOX,https://smartstore.naver.com/main/products/8607217540,2024-11-07,5,"한달사용이거먹고 피곤하면 재발하던 *염에서 해방~~^* 한번도 재빌안했어요~~!!
알이 좀 작았으면 좋겠지만 효과가
좋아서 ㅎㅎ",여성,아주 넉넉해요,꼼꼼해요,편리해요,Y
DP_081,덴프스 크랜베리 우먼 3개월/3BOX,https://smartstore.naver.com/main/products/8607217540,2024-11-06,5,재구매한달사용건강해졌어요 감사합니다,여성,아주 넉넉해요,꼼꼼해요,편리해요,Y
DP_081,덴프스 크랜베리 우먼 3개월/3BOX,https://smartstore.naver.com/main/products/8607217540,2024-11-05,5,재구매한달사용잘 먹고 있습니다. 엄마가 방광염 때문에 고생했는데 지금은 아주 좋아졌어요.,여성,아주 넉넉해요,꼼꼼해요,편리해요,Y
DP_081,덴프스 크랜베리 우먼 3개월/3BOX,https://smartstore.naver.com/main/products/8607217540,2024-11-05,5,한달사용중년여성에게 좋다고해서 복용하고있습니다,여성,꽤 남았어요,꼼꼼해요,편리해요,Y
DP_081,덴프스 크랜베리 우먼 3개월/3BOX,https://smartstore.naver.com/main/products/8607217540,2024-10-31,5,"한달사용덴프스 제품은
유산균부터 시작했는데
확실히 다른 제품보다 나아요
먹기도 편하지만 효과도 있어서
재주문 의사 있습니다",,아주 넉넉해요,꼼꼼해요,편리해요,Y
DP_081,덴프스 크랜베리 우먼 3개월/3BOX,https://smartstore.naver.com/main/products/8607217540,2024-10-27,5,한달사용방광염이 자주 ㅣ걸려서 먹는중이에요 ㅠㅠ,,꽤 남았어요,적당해요,그냥그래요,Y
DP_081,덴프스 크랜베리 우먼 3개월/3BOX,https://smartstore.naver.com/main/products/8607217540,2024-10-23,5,한달사용엄마가 잘 드시고 계세요~^^,,아주 넉넉해요,꼼꼼해요,편리해요,Y
DP_081,덴프스 크랜베리 우먼 3개월/3BOX,https://smartstore.naver.com/main/products/8607217540,2024-10-16,5,"한달사용꾸준히 먹어야되는거라 쟁여놓으려면 가격대와 유통기한이 잘 맞아야하는데
저렴하고 유통기한도 넉넉해요",여성,아주 넉넉해요,꼼꼼해요,편리해요,Y
DP_081,덴프스 크랜베리 우먼 3개월/3BOX,https://smartstore.naver.com/main/products/8607217540,2024-10-16,5,"한달사용자꾸 반복되는 문제때문에 이제 영양제를 섭취하게되었습니다.
기분탓인지 바로 낫는거같아요~",여성,꽤 남았어요,적당해요,편리해요,Y
DP_081,덴프스 크랜베리 우먼 3개월/3BOX,https://smartstore.naver.com/main/products/8607217540,2024-10-14,5,"한달사용할인할 때 사서 금액 부담도 적었다는 점이 제일 좋았어요.
제가 영양제 고를 때 제일 중점으로 보는게 냄새인데
크게 역한 냄새 없이 잘 먹고 있습니다.
여자한테 좋은 영양제니 꾸준히 먹으려구요.
감사합니다.",,아주 넉넉해요,꼼꼼해요,편리해요,Y
DP_081,덴프스 크랜베리 우먼 3개월/3BOX,https://smartstore.naver.com/main/products/8607217540,2024-10-13,5,재구매제품에 문제가 발생해도 교환잘해주세요,,아주 넉넉해요,꼼꼼해요,편리해요,Y
DP_081,덴프스 크랜베리 우먼 3개월/3BOX,https://smartstore.naver.com/main/products/8607217540,2024-10-12,4,한달사용가격이 높긴하지만 꾸준히 복용해서 효과보고 싶어요. 아직 뚜렷한 효과는 모르겠지만 기대해봅니다,,꽤 남았어요,적당해요,그냥그래요,Y
DP_081,덴프스 크랜베리 우먼 3개월/3BOX,https://smartstore.naver.com/main/products/8607217540,2024-10-10,5,빠른 배송 감사합니다~~~,여성,아주 넉넉해요,꼼꼼해요,편리해요,Y
DP_081,덴프스 크랜베리 우먼 3개월/3BOX,https://smartstore.naver.com/main/products/8607217540,2024-10-08,5,한달사용꾸준히 챙겨 먹고 있습니다.,여성,꽤 남았어요,적당해요,그냥그래요,Y
DP_081,덴프스 크랜베리 우먼 3개월/3BOX,https://smartstore.naver.com/main/products/8607217540,2024-10-07,5,한달사용방광염때문에 먹고있어요~ 꾸준히 먹어보려고요,,꽤 남았어요,적당해요,편리해요,Y
DP_081,덴프스 크랜베리 우먼 3개월/3BOX,https://smartstore.naver.com/main/products/8607217540,2024-10-07,5,알약 크기가 다소 크지만 그래도 목 넘김에는 무리가 없고 효과도 나쁘지않아요. 무엇보다 가격이 적당해서 좋습니다. 향은 풀향이 나서 나쁘지않습니다.,,아주 넉넉해요,꼼꼼해요,편리해요,Y
DP_081,덴프스 크랜베리 우먼 3개월/3BOX,https://smartstore.naver.com/main/products/8607217540,2024-10-07,5,"한달사용오전에 잊지않고 2캡슐씩 복용중입니다.
호전되길 바랍니다",여성,아주 넉넉해요,꼼꼼해요,편리해요,Y
DP_081,덴프스 크랜베리 우먼 3개월/3BOX,https://smartstore.naver.com/main/products/8607217540,2024-10-04,4,한달사용한달 먹어 봤는데 특별히 좋아졌다고 느끼진 못했어요 ㅠㅠ,남성,아주 넉넉해요,꼼꼼해요,그냥그래요,Y
DP_081,덴프스 크랜베리 우먼 3개월/3BOX,https://smartstore.naver.com/main/products/8607217540,2024-10-04,5,재구매엄마가 드시는 제품.,여성,아주 넉넉해요,꼼꼼해요,편리해요,Y
DP_081,덴프스 크랜베리 우먼 3개월/3BOX,https://smartstore.naver.com/main/products/8607217540,2024-10-02,5,건강보조용으로 구매 했습니다 효과 좋았음 합니다,여성,아주 넉넉해요,꼼꼼해요,편리해요,Y
DP_081,덴프스 크랜베리 우먼 3개월/3BOX,https://smartstore.naver.com/main/products/8607217540,2024-09-30,5,잘 받았습니다 효능이 있기를 바랍니다,,아주 넉넉해요,꼼꼼해요,편리해요,Y
DP_081,덴프스 크랜베리 우먼 3개월/3BOX,https://smartstore.naver.com/main/products/8607217540,2024-09-29,5,한달사용잘받았습니다 수고하세요,,꽤 남았어요,적당해요,그냥그래요,Y
DP_081,덴프스 크랜베리 우먼 3개월/3BOX,https://smartstore.naver.com/main/products/8607217540,2024-09-28,5,한달사용어떤분 리뷰에 냄새가.난다는데 무슨말인지 알겠어요 신경쓰일정도의.냄새 ㅜㅜ 그래도 효과가 좋으려니.하고 참고.먹고있습니다,여성,아주 넉넉해요,꼼꼼해요,그냥그래요,Y
DP_081,덴프스 크랜베리 우먼 3개월/3BOX,https://smartstore.naver.com/main/products/8607217540,2024-09-27,5,계속 꾸준히 먹고 있는 제품이예요 좋아요,여성,아주 넉넉해요,꼼꼼해요,편리해요,Y
DP_081,덴프스 크랜베리 우먼 3개월/3BOX,https://smartstore.naver.com/main/products/8607217540,2024-09-26,5,크랜베리가 중년여성들한테 좋다고 구매했어요,여성,아주 넉넉해요,꼼꼼해요,편리해요,Y
DP_081,덴프스 크랜베리 우먼 3개월/3BOX,https://smartstore.naver.com/main/products/8607217540,2024-09-26,5,재구매별의별약다 써봣는데도 안나았는데 이거먹고 방광염이 나아지고있다네요 추가구매해요,,아주 넉넉해요,꼼꼼해요,편리해요,Y
DP_081,덴프스 크랜베리 우먼 3개월/3BOX,https://smartstore.naver.com/main/products/8607217540,2024-09-25,5,한달사용계속 방광염이 재발하여 너무 힘든 와중에 크랜베리가 도움이 된단 이야길 듣고 지푸라기라도 잡는 심정으로 구입하였습니다. 유산균을 먼저 먹고 있던 터라 브랜드를 믿고 구매하였는데 저에겐 매우 만족스런 제품입니다. 이번에 산 것을 다 먹은 후에도 꾸준히 먹어볼 생각입니다.,여성,꽤 남았어요,적당해요,편리해요,Y
DP_081,덴프스 크랜베리 우먼 3개월/3BOX,https://smartstore.naver.com/main/products/8607217540,2024-09-23,5,한달사용오 한달 꾸준히 먹었더니 효과 좋은것같아요 ㅋㅋㅋ한 6개월은 더 먹어볼까 생각중입니다,여성,아주 넉넉해요,꼼꼼해요,편리해요,Y
DP_081,덴프스 크랜베리 우먼 3개월/3BOX,https://smartstore.naver.com/main/products/8607217540,2024-09-22,5,"엄마 드시려고 주문했어요~^^
잘 받았습니다 꾸준히 드시라고 할게용~^^",,아주 넉넉해요,꼼꼼해요,편리해요,Y
DP_081,덴프스 크랜베리 우먼 3개월/3BOX,https://smartstore.naver.com/main/products/8607217540,2024-09-21,4,한달사용방광염때문에ㅇ좋은거찾다가발견하고먹고있는데 재발방지에 좋다고해서꾸준히먹는중입니다,여성,아주 넉넉해요,적당해요,편리해요,Y
DP_081,덴프스 크랜베리 우먼 3개월/3BOX,https://smartstore.naver.com/main/products/8607217540,2024-09-20,4,"한달사용꾸준히 먹어보려구요
크게 느껴지는건 아직요",남성,아주 넉넉해요,꼼꼼해요,편리해요,Y
DP_081,덴프스 크랜베리 우먼 3개월/3BOX,https://smartstore.naver.com/main/products/8607217540,2024-09-17,4,어머니에게 선물했는데 좋아하시네요! 효과가 있으면 좋겠습니다!,,꽤 남았어요,적당해요,편리해요,Y
DP_081,덴프스 크랜베리 우먼 3개월/3BOX,https://smartstore.naver.com/main/products/8607217540,2024-09-11,4,방광염이 자주 걸려서 크렌비리가 좋다길래 구매했습니다 효과가 있었으면 좋겠네요,,꽤 남았어요,적당해요,편리해요,Y
DP_081,덴프스 크랜베리 우먼 3개월/3BOX,https://smartstore.naver.com/main/products/8607217540,2024-09-10,4,"꾸준히 먹으려구요
좋아지겠죠",,꽤 남았어요,꼼꼼해요,편리해요,Y
DP_081,덴프스 크랜베리 우먼 3개월/3BOX,https://smartstore.naver.com/main/products/8607217540,2024-09-09,5,엄마가 드신다고 구매했는데 효과있었으면 좋겠어요,,꽤 남았어요,적당해요,편리해요,Y
DP_081,덴프스 크랜베리 우먼 3개월/3BOX,https://smartstore.naver.com/main/products/8607217540,2024-09-08,5,한달사용쫌 알이 크지만 잘 먹고 있어요!! ㅎㅎ,,아주 넉넉해요,꼼꼼해요,편리해요,Y
DP_081,덴프스 크랜베리 우먼 3개월/3BOX,https://smartstore.naver.com/main/products/8607217540,2024-09-07,3,"한달사용방광염이 생겨서 좋다고해서 복용하고 있어요
특별하게 좋아짐은 아직 느끼지못하지만 계속 복용하고 효과 기대해요",여성,꽤 남았어요,적당해요,편리해요,Y
DP_081,덴프스 크랜베리 우먼 3개월/3BOX,https://smartstore.naver.com/main/products/8607217540,2024-09-06,5,"배송 빨라요
처음 구매인데
효과 기대하며 꾸준히 먹어보려구요",,아주 넉넉해요,꼼꼼해요,편리해요,Y
DP_081,덴프스 크랜베리 우먼 3개월/3BOX,https://smartstore.naver.com/main/products/8607217540,2024-09-03,5,나이가 들어가니 몸이 예전이랑은 많이 다르네요 ㅠ 먹고 좋아졌으면 좋겠어요,남성,아주 넉넉해요,꼼꼼해요,편리해요,Y
DP_081,덴프스 크랜베리 우먼 3개월/3BOX,https://smartstore.naver.com/main/products/8607217540,2024-08-31,5,"생각보다 캡슐 크기가 작습니다.
그래서 더 먹기 편한 것 같아요.
이런 제품은 꾸준히 먹어봐야 효능을 알겠지요.
이너뷰티 챙긴다 생각하고 오늘도 챙겨 먹겠습니다.",,아주 넉넉해요,꼼꼼해요,편리해요,Y
DP_081,덴프스 크랜베리 우먼 3개월/3BOX,https://smartstore.naver.com/main/products/8607217540,2024-08-30,5,"하루 두알씩 꾸준히 먹어보려구요
효과있었음 좋갰네요~~",여성,아주 넉넉해요,꼼꼼해요,편리해요,Y
DP_081,덴프스 크랜베리 우먼 3개월/3BOX,https://smartstore.naver.com/main/products/8607217540,2024-08-30,4,한달사용비린맛이 많이 납니다ㅜㅜ,,꽤 남았어요,적당해요,그냥그래요,Y
DP_081,덴프스 크랜베리 우먼 3개월/3BOX,https://smartstore.naver.com/main/products/8607217540,2024-08-30,5,방광염에 크랜베리가 특효라길래 365일 꾸준히 먹고 있습니다. 진짜 효과있어요! 제가 산증인! ㅋㅋ,여성,아주 넉넉해요,꼼꼼해요,편리해요,Y
DP_081,덴프스 크랜베리 우먼 3개월/3BOX,https://smartstore.naver.com/main/products/8607217540,2024-08-29,5,"방광염이 잦아진 엄마를 위해 구매했어요~^^
효과 있으면 꾸준히 복용해볼게요~♡",,아주 넉넉해요,꼼꼼해요,편리해요,Y
DP_081,덴프스 크랜베리 우먼 3개월/3BOX,https://smartstore.naver.com/main/products/8607217540,2024-08-29,5,한달사용먹기 편해요~ 효과가 있었으면 좋겠습니다~,여성,아주 넉넉해요,꼼꼼해요,편리해요,Y
DP_081,덴프스 크랜베리 우먼 3개월/3BOX,https://smartstore.naver.com/main/products/8607217540,2024-08-28,5,방광염이 한번 걸리고 재발되기 싶다길래 찾아본 영양제입니다 건강은 아프기전에 챙기세요 ㅜㅜ,여성,꽤 남았어요,적당해요,편리해요,Y
DP_081,덴프스 크랜베리 우먼 3개월/3BOX,https://smartstore.naver.com/main/products/8607217540,2024-08-28,5,한달사용방광염 자주 오는 사람들에게 굿굿,,아주 넉넉해요,꼼꼼해요,편리해요,Y
DP_081,덴프스 크랜베리 우먼 3개월/3BOX,https://smartstore.naver.com/main/products/8607217540,2024-08-27,5,"구매자선택안함
 빠른배송 감사드립니다. 방광염으로 고생중인어머님께 선물했어요. 드신후 괜찮다하시면 재구매 할께요.",,아주 넉넉해요,꼼꼼해요,편리해요,Y
DP_081,덴프스 크랜베리 우먼 3개월/3BOX,https://smartstore.naver.com/main/products/8607217540,2024-08-27,5,한달사용방광염 태문에 넘넘 마니 고생 하다가 덴프스 크린베리 복용후 얼마전 부터 조금씩 좋아지기 시작 했어여 앞으로 꾸준히 복용 할려구여 ~~,여성,아주 넉넉해요,꼼꼼해요,편리해요,Y
DP_081,덴프스 크랜베리 우먼 3개월/3BOX,https://smartstore.naver.com/main/products/8607217540,2024-08-26,5,한달사용갱년기에 방광염으로 고생하는엄마 효능있기를 바라며 샀는데 좋다 나쁘다 애기없는건 좋은거겟죠?ㅎ,,아주 넉넉해요,꼼꼼해요,편리해요,Y
DP_081,덴프스 크랜베리 우먼 3개월/3BOX,https://smartstore.naver.com/main/products/8607217540,2024-08-24,5,효과가 있을 거라 일단 믿고 복용해 봅니다,여성,아주 넉넉해요,꼼꼼해요,그냥그래요,Y
DP_081,덴프스 크랜베리 우먼 3개월/3BOX,https://smartstore.naver.com/main/products/8607217540,2024-08-24,5,잘받았습니다.수고하세요,,아주 넉넉해요,적당해요,편리해요,Y
DP_081,덴프스 크랜베리 우먼 3개월/3BOX,https://smartstore.naver.com/main/products/8607217540,2024-08-24,5,방광염이 낫질않아 급히 구매했는데 배송 하루만에 왔어요~~,,아주 넉넉해요,꼼꼼해요,편리해요,Y
DP_081,덴프스 크랜베리 우먼 3개월/3BOX,https://smartstore.naver.com/main/products/8607217540,2024-08-21,5,약간 캡슐에서 이상한향이 나는데 크렌베리향이겠죠..? 아직 먹은지 하루지났는데 효과 좋으면 재구매하겠습니다!! 가족들이랑 먹으면 금방 먹을거같아용,여성,아주 넉넉해요,꼼꼼해요,편리해요,Y
DP_081,덴프스 크랜베리 우먼 3개월/3BOX,https://smartstore.naver.com/main/products/8607217540,2024-08-21,5,혀과가 있으면하는 바램으로 꾸준히 먹어보려해요,여성,아주 넉넉해요,적당해요,편리해요,Y
DP_081,덴프스 크랜베리 우먼 3개월/3BOX,https://smartstore.naver.com/main/products/8607217540,2024-08-19,5,방광염 때문에 요건강등 찾아보다 구매했어요,,꽤 남았어요,적당해요,편리해요,Y
DP_081,덴프스 크랜베리 우먼 3개월/3BOX,https://smartstore.naver.com/main/products/8607217540,2024-08-19,5,"한달사용여자한테는 필수예요!!!
꾸준히먹고있는 제품이예요~~",여성,아주 넉넉해요,꼼꼼해요,편리해요,Y
DP_081,덴프스 크랜베리 우먼 3개월/3BOX,https://smartstore.naver.com/main/products/8607217540,2024-08-17,5,덴프스에서 나온 제품이라 믿고 구매합니다. 3개월분 복용하고 몸에 맞으면 정착할 생각입니다,여성,아주 넉넉해요,꼼꼼해요,편리해요,Y
DP_081,덴프스 크랜베리 우먼 3개월/3BOX,https://smartstore.naver.com/main/products/8607217540,2024-08-16,5,개별포장도 맘에들고 가격도 맘에들고 먹자마자 효과를 본거같아서 만족합니다. 정착하려고합니다,여성,아주 넉넉해요,꼼꼼해요,편리해요,Y
DP_081,덴프스 크랜베리 우먼 3개월/3BOX,https://smartstore.naver.com/main/products/8607217540,2024-08-16,5,빠른 배송 감사합니다!,,꽤 남았어요,적당해요,편리해요,Y
DP_081,덴프스 크랜베리 우먼 3개월/3BOX,https://smartstore.naver.com/main/products/8607217540,2024-08-16,5,엄마영양제 샀어요~ 제꺼도 주문해야겠어요~!,여성,아주 넉넉해요,꼼꼼해요,편리해요,Y
DP_081,덴프스 크랜베리 우먼 3개월/3BOX,https://smartstore.naver.com/main/products/8607217540,2024-08-15,5,한달사용요로건강을 위해서 꾸준히 챙겨먹는 크랜베리 우먼~~덴프스 크랜베리 우먼 먹고 좋아졌어요♡♡♡,여성,아주 넉넉해요,꼼꼼해요,편리해요,Y
DP_081,덴프스 크랜베리 우먼 3개월/3BOX,https://smartstore.naver.com/main/products/8607217540,2024-08-12,5,굿입니다 추천합니다,,꽤 남았어요,적당해요,그냥그래요,Y
DP_081,덴프스 크랜베리 우먼 3개월/3BOX,https://smartstore.naver.com/main/products/8607217540,2024-08-11,5,일단 복용하기 편하고 효과를 기대하며 꾸준히 복용하려합니다.,여성,아주 넉넉해요,꼼꼼해요,편리해요,Y
DP_081,덴프스 크랜베리 우먼 3개월/3BOX,https://smartstore.naver.com/main/products/8607217540,2024-08-09,4,지금받았습니대 딸하고나눠서먹을생각입니다 빠른배송감사합니다,여성,아주 넉넉해요,적당해요,편리해요,Y
DP_081,덴프스 크랜베리 우먼 3개월/3BOX,https://smartstore.naver.com/main/products/8607217540,2024-08-08,4,빠른배송 만족 방광염에 효과있길 기대함,여성,꽤 남았어요,꼼꼼해요,편리해요,Y
DP_081,덴프스 크랜베리 우먼 3개월/3BOX,https://smartstore.naver.com/main/products/8607217540,2024-08-05,5,"재구매보관용이하고 같은성분함량에 가격도 저렴해요
N번째 구매입니다",,아주 넉넉해요,꼼꼼해요,편리해요,Y
DP_081,덴프스 크랜베리 우먼 3개월/3BOX,https://smartstore.naver.com/main/products/8607217540,2024-07-29,5,냄새가 조금 나지만 꾸준히 먹어보려고 합니다ㅠㅠ 효과가 있길 바랍니다!,,꽤 남았어요,적당해요,편리해요,Y
DP_081,덴프스 크랜베리 우먼 3개월/3BOX,https://smartstore.naver.com/main/products/8607217540,2024-07-29,5,엄마에게 사드렸는데 알약 형태라 먹기 편해서 좋아하세요~ 꾸준히 먹는게 좋을거 같아 이번 세일때 6개월치 샀네요!,,꽤 남았어요,적당해요,편리해요,Y
DP_081,덴프스 크랜베리 우먼 3개월/3BOX,https://smartstore.naver.com/main/products/8607217540,2024-07-29,5,재구매배송이 총알배송이에요 건강생각해서 잘 챙겨먹어야 겠어요,여성,아주 넉넉해요,꼼꼼해요,편리해요,Y
DP_081,덴프스 크랜베리 우먼 3개월/3BOX,https://smartstore.naver.com/main/products/8607217540,2024-07-28,4,"엄마가 필요하셔서 구매했어요
꾸준히 드시고 효과있길 바래봅니다",,꽤 남았어요,적당해요,편리해요,Y
DP_081,덴프스 크랜베리 우먼 3개월/3BOX,https://smartstore.naver.com/main/products/8607217540,2024-07-24,5,좋아요.좋아요.좋아요.계속재구매하고싶은제품입니다,여성,아주 넉넉해요,꼼꼼해요,편리해요,Y
DP_081,덴프스 크랜베리 우먼 3개월/3BOX,https://smartstore.naver.com/main/products/8607217540,2024-07-21,5,"갑자기 방광염에 걸려서 ㅠㅠ 급 주문해서 먹고 있어요
효과가 좋았으면 좋겠네요^^",,꽤 남았어요,꼼꼼해요,편리해요,Y
DP_081,덴프스 크랜베리 우먼 3개월/3BOX,https://smartstore.naver.com/main/products/8607217540,2024-07-18,4,빠른 배송 감사합니다.,,꽤 남았어요,적당해요,그냥그래요,Y
DP_081,덴프스 크랜베리 우먼 3개월/3BOX,https://smartstore.naver.com/main/products/8607217540,2024-07-13,5,방광염에 좋길 기대해요,여성,꽤 남았어요,꼼꼼해요,편리해요,Y
DP_081,덴프스 크랜베리 우먼 3개월/3BOX,https://smartstore.naver.com/main/products/8607217540,2024-07-12,5,우리소중이에서 냉이만아 팬티를 하루에 두번 갈아 입었었는데 지금은 거짓말처럼. 사라졌어요,여성,아주 넉넉해요,적당해요,편리해요,Y
DP_081,덴프스 크랜베리 우먼 3개월/3BOX,https://smartstore.naver.com/main/products/8607217540,2024-07-11,5,"배송 반나절만에왔고 엄마가이제 나이들면서 방광이약해졌는지 세균이없다고하는데도 일년가까이힘들어하셔서
사봤어요 효과가 있었으면 좋겠어요",,아주 넉넉해요,꼼꼼해요,편리해요,Y
DP_081,덴프스 크랜베리 우먼 3개월/3BOX,https://smartstore.naver.com/main/products/8607217540,2024-07-05,5,질유산균이랑 이 베리유산균은 정말 무조건 먹어야되요!!! 스트레스 받거나 힘들면 질염이랑 방광염이 자주 생기는대.. 두 제품 먹고 나서는... 산부인과 덜 가고 있어요 저 크랜베리는 정말 최고예요!!! 가격도 진짜 착해서.. 떨어트리지 않고 꾸준히 먹는 제품입니다~~,여성,아주 넉넉해요,꼼꼼해요,편리해요,Y
DP_081,덴프스 크랜베리 우먼 3개월/3BOX,https://smartstore.naver.com/main/products/8607217540,2024-07-04,5,이상하게 나이가 드니 조금만 피곤하면 방광염이 오더라구요..ㅠ 그러던 중에 제가 좋아하는 덴프스에서 요로건강에 좋은 크랜베리가 나왔더라구요~6달정도 복용했는데 효과가 좋은 것 같아요. 그래서 이번 라방에서 또 구매했어요^^ 덴프스는 우리가족 건강 지킴이네요♡♡♡,여성,아주 넉넉해요,꼼꼼해요,편리해요,Y
DP_081,덴프스 크랜베리 우먼 3개월/3BOX,https://smartstore.naver.com/main/products/8607217540,2024-06-27,4,다른 회사 제품을 복용했는데 덴프스에서 나왔다고 해서 구매했어요.,,꽤 남았어요,적당해요,편리해요,Y
DP_081,덴프스 크랜베리 우먼 3개월/3BOX,https://smartstore.naver.com/main/products/8607217540,2024-06-22,5,효과있길바라면서 꾸준히 섭취하고 있어요~,여성,아주 넉넉해요,꼼꼼해요,편리해요,Y
DP_081,덴프스 크랜베리 우먼 3개월/3BOX,https://smartstore.naver.com/main/products/8607217540,2024-06-21,5,"재구매늘 먹고 있어요~
사실 먹을땐 효과를 잘 모르겠어도 안먹으면 티가 나잖아요~
그래서 꾸준히 먹고 있습니다~
덴프스 믿고 먹고, 할인 금액에 구매해서 더 좋네요~",여성,아주 넉넉해요,꼼꼼해요,편리해요,Y
DP_081,덴프스 크랜베리 우먼 3개월/3BOX,https://smartstore.naver.com/main/products/8607217540,2024-06-20,4,먹어보고 ㅈㆍ.ㅡㅎ음 재구매할게요,여성,꽤 남았어요,적당해요,편리해요,Y
DP_081,덴프스 크랜베리 우먼 3개월/3BOX,https://smartstore.naver.com/main/products/8607217540,2024-06-20,5,한달사용엄마를 위한 선물이었는데 향이 좋아요.,여성,아주 넉넉해요,꼼꼼해요,편리해요,Y
DP_081,덴프스 크랜베리 우먼 3개월/3BOX,https://smartstore.naver.com/main/products/8607217540,2024-06-19,5,엄마 사드렸는데 효과있음 좋겟어요,,아주 넉넉해요,꼼꼼해요,편리해요,Y
DP_081,덴프스 크랜베리 우먼 3개월/3BOX,https://smartstore.naver.com/main/products/8607217540,2024-06-16,5,재구매엄마가 신우신염을 몇번앓았고 평소 방광도 약한 편인데 이것 먹고 좋다고 해서 세번째 구매했어요 효과 있는것 같아요 다른 크랜베리도 있는데 덴프스가 가장 품질과 유효성분 면에서 믿음이 가요 좋아요~~,,아주 넉넉해요,꼼꼼해요,편리해요,Y
DP_081,덴프스 크랜베리 우먼 3개월/3BOX,https://smartstore.naver.com/main/products/8607217540,2024-06-15,5,건강을위해 샀어요.,,아주 넉넉해요,꼼꼼해요,편리해요,Y
DP_081,덴프스 크랜베리 우먼 3개월/3BOX,https://smartstore.naver.com/main/products/8607217540,2024-06-14,5,방광염에 좋다고 해서 사봤어요~ 얼마 먹지않아 효과는 아직 모르겠지만.. 꾸준히 먹는게 중요하겠죠? 다 먹으면 또 주문하러 올께요!,,아주 넉넉해요,꼼꼼해요,편리해요,Y
DP_081,덴프스 크랜베리 우먼 3개월/3BOX,https://smartstore.naver.com/main/products/8607217540,2024-06-13,5,자다가 화장실도 자주가고 크린베리가 여자한테 좋다고 해서 구매했어요. 향은 사알짝 별루인데 예전보다 화장실을 덜가는 느낌이들어 꾸준히 복용해보려고 합니다,여성,아주 넉넉해요,적당해요,편리해요,Y
DP_081,덴프스 크랜베리 우먼 3개월/3BOX,https://smartstore.naver.com/main/products/8607217540,2024-06-13,5,60대후반 엄마 드리려고 주문했어요~ 요새 소변을 자주 보신다해서 효과 있었으면 좋겠습니다~^^,여성,아주 넉넉해요,꼼꼼해요,편리해요,Y
DP_081,덴프스 크랜베리 우먼 3개월/3BOX,https://smartstore.naver.com/main/products/8607217540,2024-06-11,5,배송엄청 빠르고 좋아요. 효과 기대해 봅니다.,,꽤 남았어요,적당해요,편리해요,Y
DP_081,덴프스 크랜베리 우먼 3개월/3BOX,https://smartstore.naver.com/main/products/8607217540,2024-06-04,5,"방광염,요도건강에좋다고해서사서복용하고있어요..꾸준히먹어야될듯해요",여성,아주 넉넉해요,꼼꼼해요,편리해요,Y
DP_081,덴프스 크랜베리 우먼 3개월/3BOX,https://smartstore.naver.com/main/products/8607217540,2024-05-28,5,"알약이작아서먹기편함.여기유산균도좋음.
실제로는사진보다분홍빛이에요",여성,꽤 남았어요,적당해요,편리해요,Y
DP_081,덴프스 크랜베리 우먼 3개월/3BOX,https://smartstore.naver.com/main/products/8607217540,2024-05-28,5,한달사용엄마 선물로 사드림.,여성,아주 넉넉해요,꼼꼼해요,편리해요,Y
DP_081,덴프스 크랜베리 우먼 3개월/3BOX,https://smartstore.naver.com/main/products/8607217540,2024-05-27,5,재구매먹을땐 모르다가 끊고나니 불편해서 다시 복용합니다,,아주 넉넉해요,꼼꼼해요,편리해요,Y
DP_081,덴프스 크랜베리 우먼 3개월/3BOX,https://smartstore.naver.com/main/products/8607217540,2024-05-24,4,배송빨라 가격착해 효과잊어 젛아여^^,,아주 넉넉해요,꼼꼼해요,편리해요,Y
DP_081,덴프스 크랜베리 우먼 3개월/3BOX,https://smartstore.naver.com/main/products/8607217540,2024-05-24,5,타사이트에서 한달분 사서 먹어보고 추가 구매 했어요~ 일주일정도 먹었는데 괜찮은거 같아 꾸준히 먹어보려고 합니다.,,아주 넉넉해요,꼼꼼해요,편리해요,Y
DP_081,덴프스 크랜베리 우먼 3개월/3BOX,https://smartstore.naver.com/main/products/8607217540,2024-05-23,5,리뷰보고 처음시켰는데 기대이상입니다,여성,아주 넉넉해요,꼼꼼해요,편리해요,Y
DP_081,덴프스 크랜베리 우먼 3개월/3BOX,https://smartstore.naver.com/main/products/8607217540,2024-05-23,5,"배송 하루만에 왔네요
일단 예방차원으로 먹어보려고 구입했어요
꾸준히 먹어볼께요
알약은 좀 작은편은 아닌거같아요
크렌베리가 방광에 좋다고 들어서 먹어보려고요",여성,아주 넉넉해요,꼼꼼해요,그냥그래요,Y
DP_081,덴프스 크랜베리 우먼 3개월/3BOX,https://smartstore.naver.com/main/products/8607217540,2024-05-22,5,"크랜베리가 여성건강에 좋다고 해서 검색..비교..성분확인...이왕이면 덴프스...
한통 먹었고 효과는 잘 모르겠지만 꾸준히 덴프스로 먹으려고해요~~",여성,아주 넉넉해요,꼼꼼해요,편리해요,Y
DP_081,덴프스 크랜베리 우먼 3개월/3BOX,https://smartstore.naver.com/main/products/8607217540,2024-05-21,5,만족합니다. 알이 좀 크긴한데 먹을만해요,,아주 넉넉해요,적당해요,편리해요,Y
DP_081,덴프스 크랜베리 우먼 3개월/3BOX,https://smartstore.naver.com/main/products/8607217540,2024-05-19,5,한달사용항상 잘 이용해가고있습니다,여성,아주 넉넉해요,꼼꼼해요,편리해요,Y
DP_081,덴프스 크랜베리 우먼 3개월/3BOX,https://smartstore.naver.com/main/products/8607217540,2024-05-19,5,믈 먹던 유산균에 더해 엄마를 위해 처음으로 크린베리도 주문했는데 믿고 먹는 덴프스입니다.,여성,아주 넉넉해요,꼼꼼해요,편리해요,Y
DP_081,덴프스 크랜베리 우먼 3개월/3BOX,https://smartstore.naver.com/main/products/8607217540,2024-05-12,5,한번도 먹어본 적이 없어요. 이제 복용해보려고 요.,,꽤 남았어요,적당해요,편리해요,Y
DP_081,덴프스 크랜베리 우먼 3개월/3BOX,https://smartstore.naver.com/main/products/8607217540,2024-05-12,4,처음 구매했네요 복용후 재 리뷰 올릴께요,,아주 넉넉해요,꼼꼼해요,편리해요,Y
DP_081,덴프스 크랜베리 우먼 3개월/3BOX,https://smartstore.naver.com/main/products/8607217540,2024-04-19,5,방광염이 자주 오는 편이라 추천받아 구매했어요,여성,아주 넉넉해요,적당해요,편리해요,Y
DP_081,덴프스 크랜베리 우먼 3개월/3BOX,https://smartstore.naver.com/main/products/8607217540,2024-04-17,5,방광염 자주 걸려서 너무 스트레스라 크랜베리가 좋다고해서 꾸준히 먹어보려구요,여성,아주 넉넉해요,꼼꼼해요,편리해요,Y
DP_081,덴프스 크랜베리 우먼 3개월/3BOX,https://smartstore.naver.com/main/products/8607217540,2024-04-12,5,엄마한테 좋을거같아서 샀습니다 꾸준히 드셔본다네요,,아주 넉넉해요,꼼꼼해요,편리해요,Y
DP_081,덴프스 크랜베리 우먼 3개월/3BOX,https://smartstore.naver.com/main/products/8607217540,2024-04-10,5,"크랜베리 계속 먹었는데 덴프스는 처음이예요~
좋은 가격에 잘 샀어요~",여성,아주 넉넉해요,꼼꼼해요,편리해요,Y
DP_081,덴프스 크랜베리 우먼 3개월/3BOX,https://smartstore.naver.com/main/products/8607217540,2024-04-07,5,배송이 진짜진짜 빨라요! 유통기한 넉넉한 거 보내주셨고 아침마다 두알씩 먹고있어요.,여성,아주 넉넉해요,꼼꼼해요,편리해요,Y
DP_081,덴프스 크랜베리 우먼 3개월/3BOX,https://smartstore.naver.com/main/products/8607217540,2024-04-07,5,한달사용방광증상개선에 도움이 됩니다,,아주 넉넉해요,적당해요,편리해요,Y
DP_081,덴프스 크랜베리 우먼 3개월/3BOX,https://smartstore.naver.com/main/products/8607217540,2024-04-06,5,엄마가 드실 제품..,여성,아주 넉넉해요,꼼꼼해요,편리해요,Y
DP_081,덴프스 크랜베리 우먼 3개월/3BOX,https://smartstore.naver.com/main/products/8607217540,2024-03-30,5,크랜베리영양제 필요해서 구매했는데 배송도 빠르고 먹기도 편리하게 개별포장 되어있어 좋습니당 ㅎㅎ굿굿,,꽤 남았어요,꼼꼼해요,편리해요,Y
DP_081,덴프스 크랜베리 우먼 3개월/3BOX,https://smartstore.naver.com/main/products/8607217540,2024-03-29,5,넉넉해서 매일 먹기 좋습니다,,아주 넉넉해요,꼼꼼해요,편리해요,Y
DP_081,덴프스 크랜베리 우먼 3개월/3BOX,https://smartstore.naver.com/main/products/8607217540,2024-03-27,4,여성에게 필요한 제품입니다.,,아주 넉넉해요,꼼꼼해요,편리해요,Y
DP_081,덴프스 크랜베리 우먼 3개월/3BOX,https://smartstore.naver.com/main/products/8607217540,2024-03-27,5,재구매여러 브랜드 제품으로 다양히 먹어봤는데 덴프스 크랜베리가 가장 잘 받고 효과를 보고 있어 재구매했어요. 유산균과 함께 잘 먹고 있습니다.,,아주 넉넉해요,꼼꼼해요,그냥그래요,Y
DP_081,덴프스 크랜베리 우먼 3개월/3BOX,https://smartstore.naver.com/main/products/8607217540,2024-03-25,5,"재구매한달사용방광염때문에 먹기 시작한 크랜베리는 중간에 안먹어도 크게 문제없지만, 뭔가 방광염이 올것만 같은 느낌이 들때 딱 먹어주면 신기하게 증상이 싹 없어져요.
그래서 예전에 느껴봤던 증상이 나타나는것 같다?
그러면 아침 2알, 저녁 2알 먹고
그 다음 날부터는 다시 하루에 2알 먹어요.
그럼 효과 좋아요!
유해균 배출해주는 효과를 톡톡히 본답니다ㅎㅎ",,아주 넉넉해요,꼼꼼해요,편리해요,Y
DP_081,덴프스 크랜베리 우먼 3개월/3BOX,https://smartstore.naver.com/main/products/8607217540,2024-03-19,4,"한달사용먹어보니 무난하게 좋네요
감사합니다",,꽤 남았어요,적당해요,그냥그래요,Y
DP_081,덴프스 크랜베리 우먼 3개월/3BOX,https://smartstore.naver.com/main/products/8607217540,2024-03-15,5,"재구매엄마가 신우신염으로 여러번 입원하셔서
구매했는데 두번째 구매에요 드시고 안아프셨으면 좋겄네요",,아주 넉넉해요,꼼꼼해요,편리해요,Y
DP_081,덴프스 크랜베리 우먼 3개월/3BOX,https://smartstore.naver.com/main/products/8607217540,2024-03-15,5,한달사용엄마가 방광염이 자주 걸리셔서ㅠㅠ 구매..! 드시기 편하다고 하세요 :),,아주 넉넉해요,꼼꼼해요,편리해요,Y
DP_081,덴프스 크랜베리 우먼 3개월/3BOX,https://smartstore.naver.com/main/products/8607217540,2024-03-08,5,타 제약회사 크랜베리에서 덴프스로 환승했습니다 . 빠른 배송과 넉넉한 기한이 좋네요 먹어보고 호전되면 추가 구매 예정입니다,,아주 넉넉해요,적당해요,편리해요,Y
DP_081,덴프스 크랜베리 우먼 3개월/3BOX,https://smartstore.naver.com/main/products/8607217540,2024-03-06,4,방광염이 자주생겨도움이될까해서 구매합니다 목넘김은 나쁘지않아요 효과는 아직모르겠구요 꾸준히먹어보려구요,여성,아주 넉넉해요,꼼꼼해요,편리해요,Y
DP_081,덴프스 크랜베리 우먼 3개월/3BOX,https://smartstore.naver.com/main/products/8607217540,2024-03-05,5,크랜베리 효능을 기대하며 구매했습니다.,,꽤 남았어요,꼼꼼해요,편리해요,Y
DP_081,덴프스 크랜베리 우먼 3개월/3BOX,https://smartstore.naver.com/main/products/8607217540,2024-03-03,5,한번 먹어볼게영!!,여성,아주 넉넉해요,적당해요,편리해요,Y
DP_081,덴프스 크랜베리 우먼 3개월/3BOX,https://smartstore.naver.com/main/products/8607217540,2024-02-20,5,"재구매꾸준히 먹고있는 제품이라서 다시 구매했어요!
할인할때 사면 딱 좋아요~",,아주 넉넉해요,꼼꼼해요,편리해요,Y
DP_081,덴프스 크랜베리 우먼 3개월/3BOX,https://smartstore.naver.com/main/products/8607217540,2024-02-18,5,엄마가 방광염이 자주 걸리셔서 구매..,,아주 넉넉해요,꼼꼼해요,편리해요,Y
DP_081,덴프스 크랜베리 우먼 3개월/3BOX,https://smartstore.naver.com/main/products/8607217540,2024-02-05,4,한달사용실은 잘 모르겠어요~더 꾸준히 먹어 볼께요ㅎ,여성,아주 넉넉해요,꼼꼼해요,편리해요,Y
DP_081,덴프스 크랜베리 우먼 3개월/3BOX,https://smartstore.naver.com/main/products/8607217540,2024-02-03,5,"먹어봐야 약효를 알겠지만
아직 까진 좋아요",,꽤 남았어요,적당해요,불편해요,Y
DP_081,덴프스 크랜베리 우먼 3개월/3BOX,https://smartstore.naver.com/main/products/8607217540,2024-01-30,5,무엇보다 덴프스 이니까 믿을수 있어요~꾸준히 먹어보겠습니다.,여성,아주 넉넉해요,꼼꼼해요,편리해요,Y
DP_081,덴프스 크랜베리 우먼 3개월/3BOX,https://smartstore.naver.com/main/products/8607217540,2024-01-29,5,한달사용꾸준히 먹어서그런지 효과 있는 것 같아요,,아주 넉넉해요,꼼꼼해요,편리해요,Y
DP_081,덴프스 크랜베리 우먼 3개월/3BOX,https://smartstore.naver.com/main/products/8607217540,2024-01-29,5,한달사용이전에 먹던 제품은 분말이라 삼키기 힘들었는데 알약제형이라 좋아요,,아주 넉넉해요,꼼꼼해요,편리해요,Y
DP_081,덴프스 크랜베리 우먼 3개월/3BOX,https://smartstore.naver.com/main/products/8607217540,2024-01-26,5,한달사용포장 꼼꼼하니 좋아요,,아주 넉넉해요,꼼꼼해요,편리해요,Y
DP_081,덴프스 크랜베리 우먼 3개월/3BOX,https://smartstore.naver.com/main/products/8607217540,2024-01-26,5,배송 빨라 좋아요 .. 이제품은 처음인데 한번 도전,여성,꽤 남았어요,꼼꼼해요,편리해요,Y
DP_081,덴프스 크랜베리 우먼 3개월/3BOX,https://smartstore.naver.com/main/products/8607217540,2024-01-15,5,한달사용좋은 거 같아요 다만 캡슐형이라 못드시는 분은 참고하세요,여성,아주 넉넉해요,꼼꼼해요,편리해요,Y
DP_081,덴프스 크랜베리 우먼 3개월/3BOX,https://smartstore.naver.com/main/products/8607217540,2024-01-15,5,재구매방광이 예민해 크린베리우먼을 복용한 후 엄청 효과를 보고 있어요,여성,아주 넉넉해요,꼼꼼해요,편리해요,Y
DP_081,덴프스 크랜베리 우먼 3개월/3BOX,https://smartstore.naver.com/main/products/8607217540,2024-01-11,5,급하게 필요해서 찾다보니 덴프스 제품이 있어 구매했습니다. 가격도 무난하고 보조성분비도 괜찮은 듯 해서요. 배송빨랐고 먹기도 괜찮습니다.,여성,아주 넉넉해요,꼼꼼해요,편리해요,Y
DP_081,덴프스 크랜베리 우먼 3개월/3BOX,https://smartstore.naver.com/main/products/8607217540,2024-01-10,5,한달사용방광염에는 아직 효과를 모르겠는데 뭔가 좀 편안해지긴 했어요,여성,아주 넉넉해요,꼼꼼해요,편리해요,Y
DP_081,덴프스 크랜베리 우먼 3개월/3BOX,https://smartstore.naver.com/main/products/8607217540,2024-01-08,5,한달사용꾸준히 먹어야하는데 잘 안먹게된더 ㅜㅠ,여성,아주 넉넉해요,꼼꼼해요,편리해요,Y
DP_081,덴프스 크랜베리 우먼 3개월/3BOX,https://smartstore.naver.com/main/products/8607217540,2024-01-08,3,아직 먹지는않았지만 후기가좋아서 구매했는데 포장은 잘되어 왔어요,,꽤 남았어요,꼼꼼해요,편리해요,Y
DP_081,덴프스 크랜베리 우먼 3개월/3BOX,https://smartstore.naver.com/main/products/8607217540,2023-12-28,5,"한달사용알이살짝커요
큰변화는 모르겠지만
여성건강을 위해 꾸준히 먹고있어요^^",,꽤 남았어요,꼼꼼해요,편리해요,Y
DP_081,덴프스 크랜베리 우먼 3개월/3BOX,https://smartstore.naver.com/main/products/8607217540,2023-12-20,4,"엄마 방광 건강 때문에 구입했어요.
잘먹겠습니다",여성,꽤 남았어요,꼼꼼해요,편리해요,Y
DP_081,덴프스 크랜베리 우먼 3개월/3BOX,https://smartstore.naver.com/main/products/8607217540,2023-12-13,5,꾸준히 먹으니 방광염 재발없어서 좋아요,,아주 넉넉해요,꼼꼼해요,편리해요,Y
DP_081,덴프스 크랜베리 우먼 3개월/3BOX,https://smartstore.naver.com/main/products/8607217540,2023-12-03,5,재구매한달사용크랜베리가 여성분들한테 정말 좋데요. 많이들 챙겨 드셨으면 좋겠어요!,여성,아주 넉넉해요,꼼꼼해요,편리해요,Y
DP_081,덴프스 크랜베리 우먼 3개월/3BOX,https://smartstore.naver.com/main/products/8607217540,2023-12-02,4,재구매꾸준히 먹고있는데 어머니께서 좋아지는게 보입니다.재구매했습니다.,여성,꽤 남았어요,적당해요,편리해요,Y
DP_081,덴프스 크랜베리 우먼 3개월/3BOX,https://smartstore.naver.com/main/products/8607217540,2023-11-29,5,포장이 예쁘고 꼼꼼해요,,아주 넉넉해요,꼼꼼해요,편리해요,Y
DP_081,덴프스 크랜베리 우먼 3개월/3BOX,https://smartstore.naver.com/main/products/8607217540,2023-11-29,5,가격 할인할 때 적당한 가격에 잘 산것 같아요. 알약제형인 것도 마음에 들고 유통기간 넉넉해서 좋아요.,,아주 넉넉해요,꼼꼼해요,편리해요,Y
DP_081,덴프스 크랜베리 우먼 3개월/3BOX,https://smartstore.naver.com/main/products/8607217540,2023-11-29,5,엄마 드리려고 구매했어요. 기존에 타사 크랜베리 복용중이셨는데 효과는 있어도 분말이 먹기 불편하다고하셔서 고민하다가 유산균 사면서 같이 구매했네요. 알약크기는 보통 많이 먹는 알약 크기인 것 같아요!,,아주 넉넉해요,꼼꼼해요,편리해요,Y
DP_081,덴프스 크랜베리 우먼 3개월/3BOX,https://smartstore.naver.com/main/products/8607217540,2023-11-21,5,사실은 아직 안먹어봐서 잘 몰라요~별점5개가 안 아까웠으면 좋겠네요~배송이나 포장은 빠르게 잘되어 왔어요~열심히 잘 먹고 효과봤으면 좋겠네요~,,아주 넉넉해요,꼼꼼해요,편리해요,Y
DP_081,덴프스 크랜베리 우먼 3개월/3BOX,https://smartstore.naver.com/main/products/8607217540,2023-11-21,5,받자마자 먹기 시작했는데 효과있음 좋겠어요 ~,,아주 넉넉해요,꼼꼼해요,편리해요,Y
DP_081,덴프스 크랜베리 우먼 3개월/3BOX,https://smartstore.naver.com/main/products/8607217540,2023-11-19,5,좋은가격에 구입해봅니다 ^^,,아주 넉넉해요,꼼꼼해요,편리해요,Y
DP_081,덴프스 크랜베리 우먼 3개월/3BOX,https://smartstore.naver.com/main/products/8607217540,2023-11-18,5,"유통기한도 넉넉하고 알도 엄청 크지 않아서 먹기 편해요
효과는 한달 먹어보고 리뷰 추가 올릴게요",여성,아주 넉넉해요,꼼꼼해요,편리해요,Y
DP_081,덴프스 크랜베리 우먼 3개월/3BOX,https://smartstore.naver.com/main/products/8607217540,2023-11-17,5,한달사용먹기에 편하고 효과를 점점..,,꽤 남았어요,적당해요,편리해요,Y
DP_081,덴프스 크랜베리 우먼 3개월/3BOX,https://smartstore.naver.com/main/products/8607217540,2023-11-16,5,한달사용방광염 예방에 아주 좋습니다. 추천해요!,,아주 넉넉해요,꼼꼼해요,편리해요,Y
DP_081,덴프스 크랜베리 우먼 3개월/3BOX,https://smartstore.naver.com/main/products/8607217540,2023-11-15,5,"한달 사용 리뷰 남길게요 일단은 좋습니다
계속 먹을 생각 이고요",여성,아주 넉넉해요,꼼꼼해요,편리해요,Y
DP_081,덴프스 크랜베리 우먼 3개월/3BOX,https://smartstore.naver.com/main/products/8607217540,2023-11-10,5,저녁에 두 알씩 먹고 자는데요. 아직 며칠 안 먹어서 효과는 잘 모르겠지만 꾸준히 먹어보려구요. 배송이 빨랐습니다,,아주 넉넉해요,꼼꼼해요,편리해요,Y
DP_081,덴프스 크랜베리 우먼 3개월/3BOX,https://smartstore.naver.com/main/products/8607217540,2023-11-04,5,먹어야하는데 잘 안먹게된다 열심히 먹어야지,여성,아주 넉넉해요,꼼꼼해요,편리해요,Y
DP_081,덴프스 크랜베리 우먼 3개월/3BOX,https://smartstore.naver.com/main/products/8607217540,2023-11-03,5,"크랜베리가 효과는 좋은데 가격이 부담이었거든요
근데 좋은 가격에 구매해서 좋아요!
기존에 타업체에서 먹던거랑 색상이 다르긴한데,
크랜베리 고유의 색상이니 다르려니 하고 있어요.
잘먹을게요^^",,아주 넉넉해요,꼼꼼해요,편리해요,Y
DP_081,덴프스 크랜베리 우먼 3개월/3BOX,https://smartstore.naver.com/main/products/8607217540,2023-11-01,4,"한달사용여성한테 좋다구해서, 복용중이에요. 미리미리 먹어서 건강해지려구요!",,아주 넉넉해요,꼼꼼해요,편리해요,Y
DP_081,덴프스 크랜베리 우먼 3개월/3BOX,https://smartstore.naver.com/main/products/8607217540,2023-10-27,5,방광에 좋다하여 먹어볼려구,여성,꽤 남았어요,적당해요,편리해요,Y
DP_081,덴프스 크랜베리 우먼 3개월/3BOX,https://smartstore.naver.com/main/products/8607217540,2023-10-27,4,효과 있겠지 하고 먹어봅니다 크렌베리 영양제가 생각보다 비싸던데 싸게산 거 같아서 일단은 만족이에요,,아주 넉넉해요,꼼꼼해요,편리해요,Y
DP_081,덴프스 크랜베리 우먼 3개월/3BOX,https://smartstore.naver.com/main/products/8607217540,2023-10-23,3,가격도 합리적이고 믿을 수 있는 덴프스여서 주문했습니다. 원래 먹던 크렌베리영양제는 안그랬는데 이건 먹으면 알약냄새가 좀 올라와서 밤에 자기 전에 먹고 있어요~ 보통인듯요,,꽤 남았어요,적당해요,그냥그래요,Y
DP_081,덴프스 크랜베리 우먼 3개월/3BOX,https://smartstore.naver.com/main/products/8607217540,2023-10-23,5,생각보다 캡슐크기가 크네요 요로에 좋다고해서 딸아이와 함께먹으려고 구매했는데..알약먹기힘들다고 그냥 캡슐과함께 씹어서 먹네요;;,,꽤 남았어요,적당해요,불편해요,Y
DP_081,덴프스 크랜베리 우먼 3개월/3BOX,https://smartstore.naver.com/main/products/8607217540,2023-10-22,5,너무나 만족스럽습니다.,여성,아주 넉넉해요,꼼꼼해요,편리해요,Y
DP_081,덴프스 크랜베리 우먼 3개월/3BOX,https://smartstore.naver.com/main/products/8607217540,2023-10-21,5,"재구매크랜베리가 방광염에 효과 좋다길래 오래 전부터 챙겨 먹는편인데, 알약으로 섭취할 수 있어 좋아요.",여성,꽤 남았어요,꼼꼼해요,편리해요,Y
DP_081,덴프스 크랜베리 우먼 3개월/3BOX,https://smartstore.naver.com/main/products/8607217540,2023-10-19,5,"방광염이 자주 오는 편인데, 영양제임에도 불구하고 효과가 좋았습니다. 많은 분들께서 리뷰에 남긴 것처럼 알약 크기가 커 먹기는 좀 힘듭니다.",여성,아주 넉넉해요,꼼꼼해요,불편해요,Y
DP_081,덴프스 크랜베리 우먼 3개월/3BOX,https://smartstore.naver.com/main/products/8607217540,2023-10-17,5,저희 엄마드리려고 구매했어요!! 아직 드신지 2일밖에 안돼서 모르겠지만 꾸준히 드셨으몈 좋겠어요 ㅎㅎㅎ,,꽤 남았어요,꼼꼼해요,편리해요,Y
DP_081,덴프스 크랜베리 우먼 3개월/3BOX,https://smartstore.naver.com/main/products/8607217540,2023-10-11,5,엄마 시켜드렸는데 좋다고 하시네옹,,아주 넉넉해요,꼼꼼해요,편리해요,Y
DP_081,덴프스 크랜베리 우먼 3개월/3BOX,https://smartstore.naver.com/main/products/8607217540,2023-10-10,5,엄마 드리려고 샀어요 원래 먹던게 있었는데 그것보다 가격이 저렴한데 용량이 많아서 좋습니다,,아주 넉넉해요,꼼꼼해요,편리해요,Y
DP_081,덴프스 크랜베리 우먼 3개월/3BOX,https://smartstore.naver.com/main/products/8607217540,2023-10-09,5,방광염 질염에 자주걸려서 영양제를 챙겨먹어보려고 샀어요ㅎㅎ 이미 유산균 잘먹고있어서 믿고 구매했습니다,여성,아주 넉넉해요,꼼꼼해요,편리해요,Y
DP_081,덴프스 크랜베리 우먼 3개월/3BOX,https://smartstore.naver.com/main/products/8607217540,2023-09-27,5,크렌베리가 여성건강에 도움이 된다구해서 엄마와 함께 먹으려고 구입했어요. 꾸준히 먹어보고 한달후기 적을게요.,,아주 넉넉해요,꼼꼼해요,편리해요,Y
DP_081,덴프스 크랜베리 우먼 3개월/3BOX,https://smartstore.naver.com/main/products/8607217540,2023-09-27,5,한달사용잘 모르겠어요.....,여성,아주 넉넉해요,꼼꼼해요,그냥그래요,Y
DP_081,덴프스 크랜베리 우먼 3개월/3BOX,https://smartstore.naver.com/main/products/8607217540,2023-09-21,5,제가 요로 방광염이 잘 걸려서 크린베리가 좋다해서 꾸준히 먹어보려 구입했어요,여성,아주 넉넉해요,꼼꼼해요,편리해요,Y
DP_081,덴프스 크랜베리 우먼 3개월/3BOX,https://smartstore.naver.com/main/products/8607217540,2023-09-20,5,한달사용먹기 힘든 크랜베리를 캡슐화한 점이 신박합니다.,,아주 넉넉해요,꼼꼼해요,편리해요,Y
DP_081,덴프스 크랜베리 우먼 3개월/3BOX,https://smartstore.naver.com/main/products/8607217540,2023-09-18,5,효과있기릉 바래용ㅎㅎ,,아주 넉넉해요,꼼꼼해요,편리해요,Y
DP_081,덴프스 크랜베리 우먼 3개월/3BOX,https://smartstore.naver.com/main/products/8607217540,2023-09-15,5,"방광염에 크랜베리가 효과있다고 해서 주문했습니다
배송빠르게 와서 좋구요 캡슐이 크지않아서 좋네요
먹고나서 한번씩 냄새가 올라오긴하는데
거북하지는 않아요
효과는 한달후기로 남길께요",,아주 넉넉해요,꼼꼼해요,편리해요,Y
DP_081,덴프스 크랜베리 우먼 3개월/3BOX,https://smartstore.naver.com/main/products/8607217540,2023-09-15,5,한달사용이거먹고 효과 봄. 방광 불편한거 확 좋아져요. 알약크기만 좀 작게 해주시면 더 바랄게 없어요,여성,꽤 남았어요,적당해요,그냥그래요,Y
DP_081,덴프스 크랜베리 우먼 3개월/3BOX,https://smartstore.naver.com/main/products/8607217540,2023-09-06,5,처음 구매해봐여 효과 좋으면 또 구매할게요 감사합니다,여성,아주 넉넉해요,꼼꼼해요,편리해요,Y
DP_081,덴프스 크랜베리 우먼 3개월/3BOX,https://smartstore.naver.com/main/products/8607217540,2023-09-02,5,박스가 비에 젖어서 배송 왔어요ㅠ.ㅠ,여성,꽤 남았어요,별로예요,편리해요,Y
DP_081,덴프스 크랜베리 우먼 3개월/3BOX,https://smartstore.naver.com/main/products/8607217540,2023-08-29,5,배송빠르고 포장도 꼼꼼하게 왔네요 열심히 먹어 볼게요,여성,아주 넉넉해요,꼼꼼해요,편리해요,Y
DP_081,덴프스 크랜베리 우먼 3개월/3BOX,https://smartstore.naver.com/main/products/8607217540,2023-08-28,5,배송 빠르네요. 오자 마자 먹었어요. 효과 있길 바래요.0,여성,아주 넉넉해요,꼼꼼해요,편리해요,Y
DP_081,덴프스 크랜베리 우먼 3개월/3BOX,https://smartstore.naver.com/main/products/8607217540,2023-08-23,5,효과가 빠르고 편리합니다,,아주 넉넉해요,꼼꼼해요,편리해요,Y
DP_081,덴프스 크랜베리 우먼 3개월/3BOX,https://smartstore.naver.com/main/products/8607217540,2023-08-21,5,방광염때문에 예방차원에서 구입.크랜베리 주스보다 효과좋아요,여성,꽤 남았어요,적당해요,그냥그래요,Y
DP_081,덴프스 크랜베리 우먼 3개월/3BOX,https://smartstore.naver.com/main/products/8607217540,2023-08-16,5,빠른배송에 감사드리며 잘 먹을게요 감사합니다,,아주 넉넉해요,꼼꼼해요,편리해요,Y
DP_081,덴프스 크랜베리 우먼 3개월/3BOX,https://smartstore.naver.com/main/products/8607217540,2023-08-06,5,"알약형태라 챙겨먹기 편할거같아 구입했어요.
물만 먹어도 화장실을 너무 자주가서...
효과가 있음 좋겠어요",,아주 넉넉해요,적당해요,편리해요,Y
DP_081,덴프스 크랜베리 우먼 3개월/3BOX,https://smartstore.naver.com/main/products/8607217540,2023-08-03,5,"배송빠르고 먹기도 편해요
효과있길 바래봅니다",여성,아주 넉넉해요,꼼꼼해요,편리해요,Y
DP_081,덴프스 크랜베리 우먼 3개월/3BOX,https://smartstore.naver.com/main/products/8607217540,2023-08-01,5,"요로건강에 좋다는크렌베리
열심히 먹어볼려구요
모든영양제가 덴프스로 바뀌는중이네요",,아주 넉넉해요,꼼꼼해요,편리해요,Y
DP_081,덴프스 크랜베리 우먼 3개월/3BOX,https://smartstore.naver.com/main/products/8607217540,2023-07-31,4,"도움이될까해서 구입했어요. 삼키기는수월한데, 약간.. 뭔가... 오래된 종이냄새같은 냄새가나요.",,아주 넉넉해요,적당해요,편리해요,Y
DP_081,덴프스 크랜베리 우먼 3개월/3BOX,https://smartstore.naver.com/main/products/8607217540,2023-07-23,5,"한달사용크랜베리가 방광에 좋다길래 예전부터 챙겨 먹었는데, 덴프스에서 판매해서 갈아탔습니다. 꾸준히 먹으면 정말 효과있어요~",여성,꽤 남았어요,꼼꼼해요,편리해요,Y
DP_081,덴프스 크랜베리 우먼 3개월/3BOX,https://smartstore.naver.com/main/products/8607217540,2023-07-22,4,먹으며 지켜보는 중입니다,,아주 넉넉해요,적당해요,편리해요,Y
DP_081,덴프스 크랜베리 우먼 3개월/3BOX,https://smartstore.naver.com/main/products/8607217540,2023-07-22,5,"타사 제품 먹다가 주문해 봤어요
효과가 꾸준하길 바랍니다",,꽤 남았어요,적당해요,편리해요,Y
DP_081,덴프스 크랜베리 우먼 3개월/3BOX,https://smartstore.naver.com/main/products/8607217540,2023-07-19,5,배송 빠르게 왔습니다. 다양한 종류를 크게 할인해서 구매하게 되었네요. 화장실 너무 자주가는게 힘들었는데 관련 식품이 있어 냉큼 구매했어요. 사은품 백수오까지 주셔서 한동안 든든한 건강지킴이 역할을 해주길 기대합니다. 이너씰 샷-맛이 좋아 잘먹을것아요. 오노시톨 우먼-과립형이라 입안에서 잘녹아요. 트루바이타민-너무 달지 않은 젤리라 먹기 편하고 맛도좋아요. 크렌베리우먼과 백수오 진-알약형태가 크지 않아요.,여성,아주 넉넉해요,꼼꼼해요,편리해요,Y
DP_081,덴프스 크랜베리 우먼 3개월/3BOX,https://smartstore.naver.com/main/products/8607217540,2023-07-17,5,빈뇨와 잔료감으로 큰 병원 가봤지만 원인을 찾지 못하고 고생하다가 크랜베리가 좋다고 하길래 먹어보려고 구매했습니다. 여름이라 습해서 개별포장이 좋을것 같아서 덴프스로 결정했어요!! 효과가 있기를 바랍니다.,,아주 넉넉해요,꼼꼼해요,편리해요,Y
DP_081,덴프스 크랜베리 우먼 3개월/3BOX,https://smartstore.naver.com/main/products/8607217540,2023-07-17,5,배송이 빨라요. 꾸준히 먹어볼게요,여성,꽤 남았어요,꼼꼼해요,편리해요,Y
DP_081,덴프스 크랜베리 우먼 3개월/3BOX,https://smartstore.naver.com/main/products/8607217540,2023-07-16,5,한달사용꾸준히 잘먹고있습니다 효과를 느낍니다~강추입니다,,아주 넉넉해요,꼼꼼해요,편리해요,Y
DP_081,덴프스 크랜베리 우먼 3개월/3BOX,https://smartstore.naver.com/main/products/8607217540,2023-06-23,4,"한밤중에 자주 깨서 화장실을 가서 깊은 잠을 못 잣는데 이기 대문인지 많이 좋아졌어요 
?
1",,꽤 남았어요,적당해요,그냥그래요,Y
DP_081,덴프스 크랜베리 우먼 3개월/3BOX,https://smartstore.naver.com/main/products/8607217540,2023-06-17,5,먹기좋구 건강해지는기분입니다,남성,아주 넉넉해요,꼼꼼해요,편리해요,Y
DP_081,덴프스 크랜베리 우먼 3개월/3BOX,https://smartstore.naver.com/main/products/8607217540,2023-05-31,4,아직 섭취전이라 요로건강에 도움되면 또 구매하겠습니다.,,아주 넉넉해요,꼼꼼해요,편리해요,Y
DP_081,덴프스 크랜베리 우먼 3개월/3BOX,https://smartstore.naver.com/main/products/8607217540,2023-05-30,5,"당뇨성 으로 콩팥 신장 ..비뇨기관 방광이나 질이나 곰팡이 세균관련병에도..여러모로 크랜베리가 염증유발 병증에 탁월한 효과가있다고 합니다. 챙겨먹는 것과 안먹는것이 차이가 큽니다.그전에는 질유산균과 함께 있는 제품 을 복용했었는데요.이번에는 크랜베리 성분으로만 효과를 보고싶어서 기대만발에 구매했습니다. 
?
1",여성,아주 넉넉해요,꼼꼼해요,편리해요,Y
