﻿상품코드,상품명,URL,날짜,별점,리뷰텍스트,구매자 성별,유통기한,포장,편리,판매여부
DP_275,덴프스 휘게클렌즈 화이버 6주분/3BOX,https://smartstore.naver.com/main/products/8321164410,2024-11-13,5,한달사용정말 맘에 들었던 제품이에요 ! 덴프스 다른 제품들도 먹어볼까 고민중이에요 차전자피 함량도 높고 만족합니다 !,,아주 넉넉해요,꼼꼼해요,편리해요,Y
DP_275,덴프스 휘게클렌즈 화이버 6주분/3BOX,https://smartstore.naver.com/main/products/8321164410,2024-10-11,5,한달사용엄마가 계속 드시고 계시는데 이걸 안먹은날은 화장실을 못가신대요 평생드셔야하나^^;;,,아주 넉넉해요,꼼꼼해요,편리해요,Y
DP_275,덴프스 휘게클렌즈 화이버 6주분/3BOX,https://smartstore.naver.com/main/products/8321164410,2024-09-14,5,너무 맘에드네요? ! 냄새도 안나고 역시 환이 제일 먹기 편합니당~~~~ ! 또살꺼에요 여러 환을 사봤는데 요 제품으로 정착할듯싶네요,,꽤 남았어요,꼼꼼해요,편리해요,Y
DP_275,덴프스 휘게클렌즈 화이버 6주분/3BOX,https://smartstore.naver.com/main/products/8321164410,2024-09-01,5,저는 냄새에 예민한데 냄새가 거의 없고 트림으로 올라오는 냄새도 아예없어요~ (오메가쓰리 먹으면 어취가 계속 위에서 올라오는 사람입니다ㅠㅠ ) 일단 변이 굉장히 부드럽게 나옵니다!! ^^ 열심히 먹어볼께요!!,,아주 넉넉해요,꼼꼼해요,편리해요,Y
DP_275,덴프스 휘게클렌즈 화이버 6주분/3BOX,https://smartstore.naver.com/main/products/8321164410,2024-01-24,5,한달사용콜레스테롤 관리하려고 챙겨먹기 시작했어요! 처음에는 배변활동이 오히려 더 불편해지는거같고 뱃속도 불편하고 해서 3일먹고 후기 남겼었는데 그래도 산김에 챙겨먹다보니 5일정도 되니까 속 불편한것도 없고 배변활동도 편해졌어요! 콜레스테롤 수치는 검사를 해봐야 알겠지만 일단 꾸준히 먹어보려구요~,,꽤 남았어요,꼼꼼해요,그냥그래요,Y
DP_275,덴프스 휘게클렌즈 화이버 6주분/3BOX,https://smartstore.naver.com/main/products/8321164410,2023-12-25,5,한달사용이거 안먹으면 불안해요! 먹고나서야 속이 편하답니다,,아주 넉넉해요,꼼꼼해요,편리해요,Y
DP_275,덴프스 휘게클렌즈 화이버 6주분/3BOX,https://smartstore.naver.com/main/products/8321164410,2023-12-21,4,"변비가 있는건 아니고 콜레스테롤때문에 챙겨먹기 시작했는데요 3일차 먹고있는데 변 양은 오히려 줄어든거같아요ㅠ 물도 한포 먹을때마다 400미리 이상은 먹는거같은데.. 복통도 조금 있고 해서 계속 먹어도 될지 고민이 되네요 사진은 잘 불어나는지 보려고 테스트 해본거구요 각각 한시간, 두시간, 세시간 정도 됐을때 찍은거에요 +1
?
1",,꽤 남았어요,꼼꼼해요,그냥그래요,Y
DP_275,덴프스 휘게클렌즈 화이버 6주분/3BOX,https://smartstore.naver.com/main/products/8321164410,2023-12-19,5,재구매매일 상쾌합니다. 없으면 안되는 제품이예요,,아주 넉넉해요,꼼꼼해요,편리해요,Y
DP_275,덴프스 휘게클렌즈 화이버 6주분/3BOX,https://smartstore.naver.com/main/products/8321164410,2023-12-04,5,한달사용가격도 비싸지 않고 장 건강에 아주 좋아요,,아주 넉넉해요,꼼꼼해요,편리해요,Y
DP_275,덴프스 휘게클렌즈 화이버 6주분/3BOX,https://smartstore.naver.com/main/products/8321164410,2023-12-03,5,"먹은지 이틀째라 아직은 효과는 모르겠어요
더 먹어보면 달라지겠죠?",,아주 넉넉해요,꼼꼼해요,편리해요,Y
DP_275,덴프스 휘게클렌즈 화이버 6주분/3BOX,https://smartstore.naver.com/main/products/8321164410,2023-11-06,5,재구매처음엔 반신반의하는 기분으로 먹기시작했는데 지금은 없으면 불안한 맘이 들어 행사때 꼭 쟁이는 제품이예요,,아주 넉넉해요,꼼꼼해요,편리해요,Y
DP_275,덴프스 휘게클렌즈 화이버 6주분/3BOX,https://smartstore.naver.com/main/products/8321164410,2023-11-04,5,엄마를 위해 구매했어요! 효과있으면 좋겠어요!!!,,아주 넉넉해요,꼼꼼해요,편리해요,Y
DP_275,덴프스 휘게클렌즈 화이버 6주분/3BOX,https://smartstore.naver.com/main/products/8321164410,2023-10-24,5,엄마께 선물했는데 효과보시길,,아주 넉넉해요,꼼꼼해요,편리해요,Y
DP_275,덴프스 휘게클렌즈 화이버 6주분/3BOX,https://smartstore.naver.com/main/products/8321164410,2023-10-10,5,배송도 빠르고~ 가격도 착하고~~ 장 건강에 좋고~~,,아주 넉넉해요,꼼꼼해요,편리해요,Y
DP_275,덴프스 휘게클렌즈 화이버 6주분/3BOX,https://smartstore.naver.com/main/products/8321164410,2023-09-23,5,재구매먹은날과 안 먹은날 차이가 너무 뚜렷해서 많이 쟁이고싶으나 조큼 비싸...요,,아주 넉넉해요,꼼꼼해요,편리해요,Y
DP_275,덴프스 휘게클렌즈 화이버 6주분/3BOX,https://smartstore.naver.com/main/products/8321164410,2023-07-05,5,"악성변비 탈출을 위한 내 원픽
효과를 보는중입니다",,꽤 남았어요,꼼꼼해요,편리해요,Y
DP_275,덴프스 휘게클렌즈 화이버 6주분/3BOX,https://smartstore.naver.com/main/products/8321164410,2023-05-24,4,아직 효과는 잘 모르겠어요,,아주 넉넉해요,꼼꼼해요,편리해요,Y
DP_275,덴프스 휘게클렌즈 화이버 6주분/3BOX,https://smartstore.naver.com/main/products/8321164410,2023-04-15,5,차전자피 제품을 찾고 있었는데 덴프스에서도 출시된걸보고 바로 구매했어요 ㅎ,,아주 넉넉해요,꼼꼼해요,편리해요,Y
