﻿상품코드,상품명,URL,날짜,별점,리뷰텍스트,구매자 성별,유통기한,포장,편리,판매여부
DP_251,용량 UP! 트루바이타민 부스터(7개입) / 1BOX,https://smartstore.naver.com/main/products/10388495718,2025-01-03,5,한달사용라이브때저렴하게샀습니다,,꽤 남았어요,적당해요,편리해요,Y
DP_251,용량 UP! 트루바이타민 부스터(7개입) / 1BOX,https://smartstore.naver.com/main/products/10388495718,2024-12-30,5,한달사용제품 좋네요 배송도 빨라요,남성,아주 넉넉해요,꼼꼼해요,편리해요,Y
DP_251,용량 UP! 트루바이타민 부스터(7개입) / 1BOX,https://smartstore.naver.com/main/products/10388495718,2024-12-17,5,"한달사용고3아이를 위해서 몆 번째 구매했어요. 일반 고함량 제품보다 효과도 좋고, 일단 안전한 덴프스라 믿음이 갑니다.",여성,아주 넉넉해요,꼼꼼해요,편리해요,Y
DP_251,용량 UP! 트루바이타민 부스터(7개입) / 1BOX,https://smartstore.naver.com/main/products/10388495718,2024-12-15,5,한달사용특히 여행다닐때 이거 하나만 먹어도 힘이 나는 것 같아서 매우 좋습니다.,,아주 넉넉해요,꼼꼼해요,편리해요,Y
DP_251,용량 UP! 트루바이타민 부스터(7개입) / 1BOX,https://smartstore.naver.com/main/products/10388495718,2024-11-22,5,한달사용먹기도 편리하고 맛이 뭔가 비타민이 엄청 많이 함유된것같은 맛이예요^^기력이 좀 필요할때 잘먹었어요~또 구매하고싶어요,여성,꽤 남았어요,꼼꼼해요,편리해요,Y
DP_251,용량 UP! 트루바이타민 부스터(7개입) / 1BOX,https://smartstore.naver.com/main/products/10388495718,2024-11-21,5,한달사용사은품으로 먹어봤는데 맛도 괜찮네요,,아주 넉넉해요,꼼꼼해요,편리해요,Y
DP_251,용량 UP! 트루바이타민 부스터(7개입) / 1BOX,https://smartstore.naver.com/main/products/10388495718,2024-11-19,5,한달사용잘먹고있어요 굿입니당,여성,꽤 남았어요,적당해요,그냥그래요,Y
DP_251,용량 UP! 트루바이타민 부스터(7개입) / 1BOX,https://smartstore.naver.com/main/products/10388495718,2024-11-18,5,한달사용휴대성이 높아 여행갈때 좋아요,,아주 넉넉해요,꼼꼼해요,편리해요,Y
DP_251,용량 UP! 트루바이타민 부스터(7개입) / 1BOX,https://smartstore.naver.com/main/products/10388495718,2024-11-11,5,한달사용먹기너무 편해요 오후쯤먹는데 힘이나는거 같아여,여성,아주 넉넉해요,꼼꼼해요,편리해요,Y
DP_251,용량 UP! 트루바이타민 부스터(7개입) / 1BOX,https://smartstore.naver.com/main/products/10388495718,2024-11-09,5,한달사용선물했어요 좋아요^^,,아주 넉넉해요,꼼꼼해요,편리해요,Y
DP_251,용량 UP! 트루바이타민 부스터(7개입) / 1BOX,https://smartstore.naver.com/main/products/10388495718,2024-11-07,5,한달사용피곤할 때 회복이 필요할 때 무조건 한 개씩 먹어주고 있는데 정말 효과가 좋고 정신이 빠짝 듭니다. 매우 추천해요,여성,아주 넉넉해요,꼼꼼해요,편리해요,Y
DP_251,용량 UP! 트루바이타민 부스터(7개입) / 1BOX,https://smartstore.naver.com/main/products/10388495718,2024-11-01,5,한달사용체력 떨어질 때마다 챙겨먹어요,남성,아주 넉넉해요,적당해요,편리해요,Y
DP_251,용량 UP! 트루바이타민 부스터(7개입) / 1BOX,https://smartstore.naver.com/main/products/10388495718,2024-10-31,5,한달사용선물하고 제꺼도 샀는데 일하느라 평소 넘 피곤할거 같아서 보냈는데 친구도 만족할거 같아요ㅎ,,꽤 남았어요,적당해요,편리해요,Y
DP_251,용량 UP! 트루바이타민 부스터(7개입) / 1BOX,https://smartstore.naver.com/main/products/10388495718,2024-10-31,5,한달사용환절기에 면역 떨어질 시기에 잘 챙겨먹어야 겠어요^^,,꽤 남았어요,적당해요,편리해요,Y
DP_251,용량 UP! 트루바이타민 부스터(7개입) / 1BOX,https://smartstore.naver.com/main/products/10388495718,2024-10-30,5,타사제품만 먹다가 궁금해서 한번 구매해봤습니다,,아주 넉넉해요,꼼꼼해요,편리해요,Y
DP_251,용량 UP! 트루바이타민 부스터(7개입) / 1BOX,https://smartstore.naver.com/main/products/10388495718,2024-10-26,5,"한달사용알약을 잘 못 먹는 편인데 생각보다 액상이랑 같이 넘겨도 잘 넘어가서 좋았어요!
맛은 새콤하니 괜찮습니다",,아주 넉넉해요,꼼꼼해요,편리해요,Y
DP_251,용량 UP! 트루바이타민 부스터(7개입) / 1BOX,https://smartstore.naver.com/main/products/10388495718,2024-10-23,5,밖에 있을때 먹기 너무 용이합니다!,,아주 넉넉해요,꼼꼼해요,편리해요,Y
DP_251,용량 UP! 트루바이타민 부스터(7개입) / 1BOX,https://smartstore.naver.com/main/products/10388495718,2024-10-22,5,깔끔하게 먹기 편해요 물 없어도 먹을 수 있어서 좋아요,,꽤 남았어요,꼼꼼해요,편리해요,Y
DP_251,용량 UP! 트루바이타민 부스터(7개입) / 1BOX,https://smartstore.naver.com/main/products/10388495718,2024-10-19,5,한달사용피곤할때 먹으면 피곤함이 없어지는것같아요,,꽤 남았어요,꼼꼼해요,편리해요,Y
DP_251,용량 UP! 트루바이타민 부스터(7개입) / 1BOX,https://smartstore.naver.com/main/products/10388495718,2024-10-18,5,중등 자녀가 피곤이 누적되니 면역이 떨어지더라구요ㅠ 꼭 시험기간이되면 긴장이 더해지니 꼭 아프더라구요 ..덴프스 유산균을 먹은지 3년차인지라 덴프스에대한 믿음이 있는 찰나 이 부스터를 알게되었습니다~ 일주일에 2번에서3번 먹였더니 시험기간을 잘 이겨내네요^^ 할인행사 자주 부탁드려요~~~,여성,아주 넉넉해요,꼼꼼해요,편리해요,Y
DP_251,용량 UP! 트루바이타민 부스터(7개입) / 1BOX,https://smartstore.naver.com/main/products/10388495718,2024-10-17,5,부스터라 더 먹기편한듯해요,,아주 넉넉해요,꼼꼼해요,편리해요,Y
DP_251,용량 UP! 트루바이타민 부스터(7개입) / 1BOX,https://smartstore.naver.com/main/products/10388495718,2024-10-13,5,배송빠르고 제품이 좋아요,남성,아주 넉넉해요,꼼꼼해요,편리해요,Y
DP_251,용량 UP! 트루바이타민 부스터(7개입) / 1BOX,https://smartstore.naver.com/main/products/10388495718,2024-10-10,5,라이브 혜택으로 저렴하게 잘 샀어요. 몸에 잘 받는거 같습니다,,아주 넉넉해요,꼼꼼해요,편리해요,Y
DP_251,용량 UP! 트루바이타민 부스터(7개입) / 1BOX,https://smartstore.naver.com/main/products/10388495718,2024-10-10,5,액상이랑 정제같이되어있어서 편리합니다 싸게 구매해서 좋아요,,아주 넉넉해요,꼼꼼해요,편리해요,Y
DP_251,용량 UP! 트루바이타민 부스터(7개입) / 1BOX,https://smartstore.naver.com/main/products/10388495718,2024-10-10,5,일정이 많은 날 부스터를 먹으면 도움이 되는듯 해서 재구매했습니다^^,,아주 넉넉해요,꼼꼼해요,편리해요,Y
DP_251,용량 UP! 트루바이타민 부스터(7개입) / 1BOX,https://smartstore.naver.com/main/products/10388495718,2024-10-10,5,효과 좋으면 또 구매할게요,,꽤 남았어요,꼼꼼해요,편리해요,Y
DP_251,용량 UP! 트루바이타민 부스터(7개입) / 1BOX,https://smartstore.naver.com/main/products/10388495718,2024-10-08,5,라이브로 구매했어요^^ 부스터는 처음인데 피곤할때 하나씩 먹어봐야겠어요~ 늘 믿고구매합니다,여성,아주 넉넉해요,꼼꼼해요,편리해요,Y
DP_251,용량 UP! 트루바이타민 부스터(7개입) / 1BOX,https://smartstore.naver.com/main/products/10388495718,2024-10-08,5,한번에 강력한 에너지를 얻고 싶을 때 멀티 비타민 샷들이 굉장히 많이 있는데 이번에 YouTube 추천으로 알게 된 덴프스 멀티 비타민 샷을 아 가성비는 가격으로 구매하게 되었어요. 효과도 좋고 좋은 비타민들이 많이 함량이 되어 있어서 피로감이 느끼지 않아서 좋아요,여성,아주 넉넉해요,꼼꼼해요,편리해요,Y
DP_251,용량 UP! 트루바이타민 부스터(7개입) / 1BOX,https://smartstore.naver.com/main/products/10388495718,2024-10-08,5,"라방때 좋은 혜택으로 구매했어요
배송도 빠르고 좋네요",,아주 넉넉해요,꼼꼼해요,편리해요,Y
DP_251,용량 UP! 트루바이타민 부스터(7개입) / 1BOX,https://smartstore.naver.com/main/products/10388495718,2024-10-08,4,피곤할때 잘 먹을게요ㅋㅋㅋ,여성,꽤 남았어요,적당해요,그냥그래요,Y
DP_251,용량 UP! 트루바이타민 부스터(7개입) / 1BOX,https://smartstore.naver.com/main/products/10388495718,2024-10-08,5,라이브할때 좋은 가격에 잘 구매했습니다~~소비기한 2025년 7월 제품으로 받았어요~늘 믿고 먹는 덴프스 제품이예요!,여성,꽤 남았어요,적당해요,편리해요,Y
DP_251,용량 UP! 트루바이타민 부스터(7개입) / 1BOX,https://smartstore.naver.com/main/products/10388495718,2024-10-08,5,다른제품 먹고 있었는데 반값 행사해서 구매해봤어요.,,아주 넉넉해요,꼼꼼해요,편리해요,Y
DP_251,용량 UP! 트루바이타민 부스터(7개입) / 1BOX,https://smartstore.naver.com/main/products/10388495718,2024-10-08,5,여행째 이런 타입이 좋은 것같아요 효과적이고 너무 가짓수도 많지 않고요,,아주 넉넉해요,꼼꼼해요,편리해요,Y
DP_251,용량 UP! 트루바이타민 부스터(7개입) / 1BOX,https://smartstore.naver.com/main/products/10388495718,2024-10-08,5,유산균 구매하면서 좋은 이벤트로 일주일치 구매해봤어요. 고함량 비타민이라 피로감이 느껴질때 챙겨먹어보려구요,여성,아주 넉넉해요,꼼꼼해요,편리해요,Y
DP_251,용량 UP! 트루바이타민 부스터(7개입) / 1BOX,https://smartstore.naver.com/main/products/10388495718,2024-10-07,5,"라방에 주문했는데 당일 배송 최고네요
가류유산균은 밀가루에 당분에 믿을수 없다하고
거대한 알약들 삼키기 싫어서 영양제를 잘 안먹는편인데 덴프스 유산균은 알이 작아서 거부감 없이 먹게되는 것 같아요. 좋은 기회에 구매해서 함께 온 증정 비타민도 잘 챙겨먹어봐야겠어요",,아주 넉넉해요,꼼꼼해요,편리해요,Y
DP_251,용량 UP! 트루바이타민 부스터(7개입) / 1BOX,https://smartstore.naver.com/main/products/10388495718,2024-10-06,5,한달사용지인에게 선물보냈는데 넘 좋아해요~,여성,아주 넉넉해요,꼼꼼해요,편리해요,Y
DP_251,용량 UP! 트루바이타민 부스터(7개입) / 1BOX,https://smartstore.naver.com/main/products/10388495718,2024-10-04,5,한달사용구성이 좋아요 ㅎ 비타민 비씨 퉁전,,아주 넉넉해요,꼼꼼해요,편리해요,Y
DP_251,용량 UP! 트루바이타민 부스터(7개입) / 1BOX,https://smartstore.naver.com/main/products/10388495718,2024-10-01,4,한달사용속 쓰림은 살짝 있지만 피로회복 괜찮아요,,아주 넉넉해요,꼼꼼해요,편리해요,Y
DP_251,용량 UP! 트루바이타민 부스터(7개입) / 1BOX,https://smartstore.naver.com/main/products/10388495718,2024-09-30,5,한달사용맛이 괜찮고 먹기 편했습니다 일정이 많은 피곤할 듯한 날에 먹었는데 조금 도움이 된 것 같아요,,꽤 남았어요,적당해요,편리해요,Y
DP_251,용량 UP! 트루바이타민 부스터(7개입) / 1BOX,https://smartstore.naver.com/main/products/10388495718,2024-09-30,5,한달사용건강 챙기기에 딱입니다~,,꽤 남았어요,적당해요,편리해요,Y
DP_251,용량 UP! 트루바이타민 부스터(7개입) / 1BOX,https://smartstore.naver.com/main/products/10388495718,2024-09-28,5,한달사용선물했어요 만족하신거같아요,,아주 넉넉해요,꼼꼼해요,편리해요,Y
DP_251,용량 UP! 트루바이타민 부스터(7개입) / 1BOX,https://smartstore.naver.com/main/products/10388495718,2024-09-26,5,"한달사용피곤한 날 하나씩먹어요
먹기편리합니다",,아주 넉넉해요,꼼꼼해요,편리해요,Y
DP_251,용량 UP! 트루바이타민 부스터(7개입) / 1BOX,https://smartstore.naver.com/main/products/10388495718,2024-09-25,5,"한달사용먹기엔 좋아요
맛이 있지는 않아요 ㅎㅎ",,아주 넉넉해요,꼼꼼해요,편리해요,Y
DP_251,용량 UP! 트루바이타민 부스터(7개입) / 1BOX,https://smartstore.naver.com/main/products/10388495718,2024-09-25,5,한달사용피곤할때 도움되는 것 같아요 목넘김 편해요,여성,아주 넉넉해요,꼼꼼해요,편리해요,Y
DP_251,용량 UP! 트루바이타민 부스터(7개입) / 1BOX,https://smartstore.naver.com/main/products/10388495718,2024-09-23,5,선물용으로 자주 구매합니다. 또 구매할게요!,남성,아주 넉넉해요,꼼꼼해요,편리해요,Y
DP_251,용량 UP! 트루바이타민 부스터(7개입) / 1BOX,https://smartstore.naver.com/main/products/10388495718,2024-09-23,5,재구매한달사용비타민 삐가 그득그득 느껴지는맛이고 좀 강합니다. 빈속에 먹지마세요. 제가 먹어본 이런류의 비타민중에서 속이 젤 쓰려요 ㅋㅋ,,아주 넉넉해요,꼼꼼해요,편리해요,Y
DP_251,용량 UP! 트루바이타민 부스터(7개입) / 1BOX,https://smartstore.naver.com/main/products/10388495718,2024-09-23,5,한달사용휴대성 좋습니다 뭔가 한개씩 나눠먹기도 좋구요 덴프스에서 나오는걸 사람들이 잘모르더라고요 ㅎㅎ 피곤할때 배송도 빨라서 사먹기 좋았어요,,아주 넉넉해요,꼼꼼해요,편리해요,Y
DP_251,용량 UP! 트루바이타민 부스터(7개입) / 1BOX,https://smartstore.naver.com/main/products/10388495718,2024-09-22,5,한달사용먹기편하고 부스터 역활 톡톡히하네요.먹고나면 피로감이 좀 사라지더라고요 활동 많을때 꼭 먹어줘요~굿,여성,아주 넉넉해요,꼼꼼해요,편리해요,Y
DP_251,용량 UP! 트루바이타민 부스터(7개입) / 1BOX,https://smartstore.naver.com/main/products/10388495718,2024-09-20,3,한달사용계속 꾸준히 먹고 있어요..덜피곤해요,여성,꽤 남았어요,적당해요,편리해요,Y
DP_251,용량 UP! 트루바이타민 부스터(7개입) / 1BOX,https://smartstore.naver.com/main/products/10388495718,2024-09-20,5,한달사용수고하세요 재구매할게요,남성,아주 넉넉해요,꼼꼼해요,편리해요,Y
DP_251,용량 UP! 트루바이타민 부스터(7개입) / 1BOX,https://smartstore.naver.com/main/products/10388495718,2024-09-20,5,오쏘* 말고 저는 이게 더 잘 맞았어요 !,여성,아주 넉넉해요,꼼꼼해요,편리해요,Y
DP_251,용량 UP! 트루바이타민 부스터(7개입) / 1BOX,https://smartstore.naver.com/main/products/10388495718,2024-09-19,5,한달사용출장가서 챙겨먹었는데 효과 괜찮네요 진짜 부스터효과있는것 같아요! 맛도 있습니다 ㅋㅋ,,꽤 남았어요,꼼꼼해요,편리해요,Y
DP_251,용량 UP! 트루바이타민 부스터(7개입) / 1BOX,https://smartstore.naver.com/main/products/10388495718,2024-09-15,5,한달사용선물용으로 구입한 영양제인데 먹기편하고 좋은것같아 추천합니다,여성,꽤 남았어요,꼼꼼해요,편리해요,Y
DP_251,용량 UP! 트루바이타민 부스터(7개입) / 1BOX,https://smartstore.naver.com/main/products/10388495718,2024-09-04,5,한달사용피곤할때 말그대로 몸을 부스팅해주는 용도로 꼭 필요해요,,아주 넉넉해요,꼼꼼해요,편리해요,Y
DP_251,용량 UP! 트루바이타민 부스터(7개입) / 1BOX,https://smartstore.naver.com/main/products/10388495718,2024-08-28,5,선물했는데 좋다고 하네요,,아주 넉넉해요,꼼꼼해요,편리해요,Y
DP_251,용량 UP! 트루바이타민 부스터(7개입) / 1BOX,https://smartstore.naver.com/main/products/10388495718,2024-08-27,5,"사실 맛은 별로예요
하루에 생각날때 먹습니다.",,아주 넉넉해요,꼼꼼해요,편리해요,Y
DP_251,용량 UP! 트루바이타민 부스터(7개입) / 1BOX,https://smartstore.naver.com/main/products/10388495718,2024-08-27,5,액상부분이 냄새는 비타민 냄새가 많이 나는데 먹으니까 맛이 괜찮아요,,꽤 남았어요,적당해요,편리해요,Y
DP_251,용량 UP! 트루바이타민 부스터(7개입) / 1BOX,https://smartstore.naver.com/main/products/10388495718,2024-08-23,5,"배송빨라요
효과 기대됩니다",,아주 넉넉해요,꼼꼼해요,편리해요,Y
DP_251,용량 UP! 트루바이타민 부스터(7개입) / 1BOX,https://smartstore.naver.com/main/products/10388495718,2024-08-22,5,트루바이타민 먹고있는데 거진 다먹어가서 부스터 먹어보려고 구매했어여~잘먹어보겠습니다~~~ 동영상컨텐츠,여성,아주 넉넉해요,꼼꼼해요,편리해요,Y
DP_251,용량 UP! 트루바이타민 부스터(7개입) / 1BOX,https://smartstore.naver.com/main/products/10388495718,2024-08-21,5,"이런 류의 상품 많이 나왔지만
꼭 먹으려고 하면 다 떨어져서 덴프스걸로 구매해봐요",,아주 넉넉해요,꼼꼼해요,편리해요,Y
DP_251,용량 UP! 트루바이타민 부스터(7개입) / 1BOX,https://smartstore.naver.com/main/products/10388495718,2024-08-21,5,배송빠르고 덜피곤한것 같아요..계속주문해서 먹고 있어요 먹기편해요..,여성,꽤 남았어요,적당해요,편리해요,Y
DP_251,용량 UP! 트루바이타민 부스터(7개입) / 1BOX,https://smartstore.naver.com/main/products/10388495718,2024-08-21,5,선물용으로 샀는데 대만족이에요\~,,아주 넉넉해요,적당해요,편리해요,Y
DP_251,용량 UP! 트루바이타민 부스터(7개입) / 1BOX,https://smartstore.naver.com/main/products/10388495718,2024-08-20,5,"구매자선택안함
 효과가 있기를 기대해봅니다.",,꽤 남았어요,적당해요,그냥그래요,Y
DP_251,용량 UP! 트루바이타민 부스터(7개입) / 1BOX,https://smartstore.naver.com/main/products/10388495718,2024-08-19,4,"세일해서 저렴하게 잘 샀습니다 !!
효과는 꾸준히 먹어봐야할거같아요",,아주 넉넉해요,꼼꼼해요,편리해요,Y
DP_251,용량 UP! 트루바이타민 부스터(7개입) / 1BOX,https://smartstore.naver.com/main/products/10388495718,2024-08-16,5,선물용으로도 하나 사고 먹을거도 하나씩 구매했어요ㅎ 광고 많이 보고 좋아보여서 샀어요 할인도 해서 잘산거 같네요 피곤한데 도움됬음 좋겠네요ㅎ,,꽤 남았어요,적당해요,그냥그래요,Y
DP_251,용량 UP! 트루바이타민 부스터(7개입) / 1BOX,https://smartstore.naver.com/main/products/10388495718,2024-08-14,5,수고하세요 재구매할게요,남성,아주 넉넉해요,꼼꼼해요,편리해요,Y
DP_251,용량 UP! 트루바이타민 부스터(7개입) / 1BOX,https://smartstore.naver.com/main/products/10388495718,2024-08-12,5,저렴하게 구입 !! 힘부칠때 먹어야게떠요,,아주 넉넉해요,꼼꼼해요,편리해요,Y
DP_251,용량 UP! 트루바이타민 부스터(7개입) / 1BOX,https://smartstore.naver.com/main/products/10388495718,2024-08-12,5,먹기에편하고 효과기대됩니다,,아주 넉넉해요,꼼꼼해요,편리해요,Y
DP_251,용량 UP! 트루바이타민 부스터(7개입) / 1BOX,https://smartstore.naver.com/main/products/10388495718,2024-08-12,5,기운 없을때 부스팅해주려고 구매했어요 액상이라 아무래도 흡수빠르고 먹기도 편리해요,,꽤 남았어요,적당해요,편리해요,Y
DP_251,용량 UP! 트루바이타민 부스터(7개입) / 1BOX,https://smartstore.naver.com/main/products/10388495718,2024-08-12,5,배송 정말 빠르네요 주말에 시키고 월요일 오전에 받았어요 효과 좋으면 재구매의사잇어용,,아주 넉넉해요,적당해요,편리해요,Y
DP_251,용량 UP! 트루바이타민 부스터(7개입) / 1BOX,https://smartstore.naver.com/main/products/10388495718,2024-08-11,5,"유산균 구매하면서 트루바이타민부스터를 받았었는데, 효과가 너무 좋아서 선물용으로 재구매했어요~앞으로 영양제는 계속 덴프스에서 구매할 것 같네요!",,아주 넉넉해요,꼼꼼해요,편리해요,Y
DP_251,용량 UP! 트루바이타민 부스터(7개입) / 1BOX,https://smartstore.naver.com/main/products/10388495718,2024-08-09,5,이걸 막고 뭔가 기운이 나는 느낌... 오늘 힘들 것같은 하루가 될때 꼭 먹음,,꽤 남았어요,꼼꼼해요,편리해요,Y
DP_251,용량 UP! 트루바이타민 부스터(7개입) / 1BOX,https://smartstore.naver.com/main/products/10388495718,2024-08-09,5,유산균 효과 직빵이에요! 비타민도 활력에 아주 좋아요!,,아주 넉넉해요,꼼꼼해요,편리해요,Y
DP_251,용량 UP! 트루바이타민 부스터(7개입) / 1BOX,https://smartstore.naver.com/main/products/10388495718,2024-08-09,5,덴프스 좋아보여서 처음 사봤어요ㅎ 효과 좋으면 좋겠네요,,꽤 남았어요,적당해요,그냥그래요,Y
DP_251,용량 UP! 트루바이타민 부스터(7개입) / 1BOX,https://smartstore.naver.com/main/products/10388495718,2024-08-09,5,친구한테 선물보냈는데 넘 좋아하네요~~,여성,아주 넉넉해요,꼼꼼해요,편리해요,Y
DP_251,용량 UP! 트루바이타민 부스터(7개입) / 1BOX,https://smartstore.naver.com/main/products/10388495718,2024-08-07,5,"트루바이타민 부스터 사봤어요~
고급진 포장에 먹기 편리한 멀티비타민이었어요.
네이버에서 할인 많이 할 때 구매해서 넘 합리적인 가격에 잘 샀네요~~!",,아주 넉넉해요,꼼꼼해요,편리해요,Y
DP_251,용량 UP! 트루바이타민 부스터(7개입) / 1BOX,https://smartstore.naver.com/main/products/10388495718,2024-08-06,5,재구매이건 비타밈B군이 많이 들었어요. 맛은 나쁘지않았어요. 이거저거 먹다가 궁금해서 사봤는데 괜찮아요. 위장이 안좋으신분들은 빈속에 먹으면 약간 속이 살짝 타격감이 있을수있는것같아요.,,아주 넉넉해요,꼼꼼해요,편리해요,Y
DP_251,용량 UP! 트루바이타민 부스터(7개입) / 1BOX,https://smartstore.naver.com/main/products/10388495718,2024-07-30,5,"메인은 유신균과 트루바이타민을 주로 복용하지만 부스터도 종종 구매합니다
피로할때 이것만한게 없다는 생각이에요 이벤트나 체험가격행사 많이 부탁드려요",,아주 넉넉해요,꼼꼼해요,편리해요,Y
DP_251,용량 UP! 트루바이타민 부스터(7개입) / 1BOX,https://smartstore.naver.com/main/products/10388495718,2024-07-29,5,입사 선물용으로 줬는데 넘 다들 좋아했습니다,,꽤 남았어요,적당해요,편리해요,Y
DP_251,용량 UP! 트루바이타민 부스터(7개입) / 1BOX,https://smartstore.naver.com/main/products/10388495718,2024-07-28,5,제가 먹어본 액상 영양제 중에 제일 효과 좋았어요! 가격도 여기가 제일 좋네요! 동영상컨텐츠,남성,아주 넉넉해요,꼼꼼해요,편리해요,Y
DP_251,용량 UP! 트루바이타민 부스터(7개입) / 1BOX,https://smartstore.naver.com/main/products/10388495718,2024-07-27,5,액상비타민으로는 덴프스비타민이 진짜 효과직빵인 것 같아요!!! 상큼한데 진짜 피곤해서 축축 쳐질때 한개 먹으면 몸에서 흡수가 쫙 되는느낌이라서 피곤할때는 무조건 먹어요♡ 다른 제품들도 먹어봤는데 흡수력은 덴프스가 진짜 괜찮은 것 같아용!!,여성,아주 넉넉해요,적당해요,편리해요,Y
DP_251,용량 UP! 트루바이타민 부스터(7개입) / 1BOX,https://smartstore.naver.com/main/products/10388495718,2024-07-25,5,맛도 괜찮고 목넘김도 괜찮아요. 중복에 딱 받아서 먹었네요 요즘 기운이 없어서 시켜봤어요,,꽤 남았어요,꼼꼼해요,편리해요,Y
DP_251,용량 UP! 트루바이타민 부스터(7개입) / 1BOX,https://smartstore.naver.com/main/products/10388495718,2024-07-19,5,비타민 매일 챙겨먹기 힘들어 많이 피곤한 날 먹으려고 부스터 주문했어요~ 효과가 있었음 좋겠네요^^,,아주 넉넉해요,꼼꼼해요,편리해요,Y
