﻿상품코드,상품명,URL,날짜,별점,리뷰텍스트,구매자 성별,유통기한,포장,편리,판매여부
DP_046,덴프스 휘게엔자임 액티브 Fine 3개월/3BOX,https://smartstore.naver.com/main/products/8278907990,2025-09-05,5,"건강관심사 여성건강
 한달사용다른 효소도 먹어봤지만 저는 지금 주문해서 먹는제품이
아주 좋아요",여성,아주 넉넉해요,꼼꼼해요,편리해요,Y
DP_046,덴프스 휘게엔자임 액티브 Fine 3개월/3BOX,https://smartstore.naver.com/main/products/8278907990,2025-08-30,5,"한달사용파인맛 맛있어요
덴푸스 효소만 먹습니다.",,꽤 남았어요,꼼꼼해요,편리해요,Y
DP_046,덴프스 휘게엔자임 액티브 Fine 3개월/3BOX,https://smartstore.naver.com/main/products/8278907990,2025-08-02,5,소화도 잘되고 파인맛이라 먹기도 편해요,,아주 넉넉해요,꼼꼼해요,편리해요,Y
DP_046,덴프스 휘게엔자임 액티브 Fine 3개월/3BOX,https://smartstore.naver.com/main/products/8278907990,2025-07-27,5,"지인이 저번에 선물 해준걸 먹고나니
너무 만족해서 제가 다시 구매해서 먹을려구요",,아주 넉넉해요,꼼꼼해요,편리해요,Y
DP_046,덴프스 휘게엔자임 액티브 Fine 3개월/3BOX,https://smartstore.naver.com/main/products/8278907990,2025-07-23,5,"한달사용과식하거나 야식먹은날은 꼭 챙겨먹어요
맛도 괜찮고 좋아요",,꽤 남았어요,적당해요,편리해요,Y
DP_046,덴프스 휘게엔자임 액티브 Fine 3개월/3BOX,https://smartstore.naver.com/main/products/8278907990,2025-07-18,5,"한달사용덴프스 휘게 효소
식후에 소화에 도움을 주는 느낌으로 복용하는데 가볍게 먹기 좋습니다. +1",여성,아주 넉넉해요,꼼꼼해요,편리해요,Y
DP_046,덴프스 휘게엔자임 액티브 Fine 3개월/3BOX,https://smartstore.naver.com/main/products/8278907990,2025-07-17,5,재구매한달사용효소 중에서 맛있는 편이에요,,아주 넉넉해요,꼼꼼해요,편리해요,Y
DP_046,덴프스 휘게엔자임 액티브 Fine 3개월/3BOX,https://smartstore.naver.com/main/products/8278907990,2025-07-12,5,한달사용드라마틱한 효과는 못 느꼈지만 계속 먹어보고있어요 ~,,아주 넉넉해요,꼼꼼해요,편리해요,Y
DP_046,덴프스 휘게엔자임 액티브 Fine 3개월/3BOX,https://smartstore.naver.com/main/products/8278907990,2025-07-07,5,"건강관심사 노화방지면역력눈건강
 한달사용남편먹일려고 구매했는데 ~ 식후 바로 먹습니다!
일단 맛은 나쁘지 않나봐요 ~ 먹고나서부터 가스가 찹니다 ~ 방귀대장뿡뿡이가 되요. 하지만 속은 편합니다",여성,아주 넉넉해요,꼼꼼해요,편리해요,Y
DP_046,덴프스 휘게엔자임 액티브 Fine 3개월/3BOX,https://smartstore.naver.com/main/products/8278907990,2025-07-01,5,한달사용면이나 밥 탄수화물 많이 먹고 먹어주면 소화가 잘돼요 파인맛이라서 상큼함이 강합니다 전 개인적으로 소이맛이 더 좋네요,,꽤 남았어요,꼼꼼해요,편리해요,Y
DP_046,덴프스 휘게엔자임 액티브 Fine 3개월/3BOX,https://smartstore.naver.com/main/products/8278907990,2025-06-13,5,연세있으신 어머니 소화력도 떨어지고 변비도 있으신데 덴프스효소 드시고 소화도 변비도 개선되셨다고 계속 주문요청 하시네요~^^ 가루형이지만 조금의 물로 목메임없이 편하게 드실수있어 좋아요,,아주 넉넉해요,꼼꼼해요,편리해요,Y
DP_046,덴프스 휘게엔자임 액티브 Fine 3개월/3BOX,https://smartstore.naver.com/main/products/8278907990,2025-06-12,5,"건강관심사 노화방지면역력장건강
 한달사용이번에 재구매했어요. 확실히 안 먹었을 때보다 속이 편해요. 특히 저는 생리 전에는 폭식을 많이 편인데 이때 속이 불편해도 폭식을 하게 되더라고요. 이럴 때 한포 먹으면 다음날 편하더라고요.",여성,아주 넉넉해요,꼼꼼해요,편리해요,Y
DP_046,덴프스 휘게엔자임 액티브 Fine 3개월/3BOX,https://smartstore.naver.com/main/products/8278907990,2025-06-10,5,한달사용먹기에도 편하고 맛있어요,여성,아주 넉넉해요,꼼꼼해요,편리해요,Y
DP_046,덴프스 휘게엔자임 액티브 Fine 3개월/3BOX,https://smartstore.naver.com/main/products/8278907990,2025-06-08,5,한달사용먹기 부담없어요~~,,꽤 남았어요,적당해요,편리해요,Y
DP_046,덴프스 휘게엔자임 액티브 Fine 3개월/3BOX,https://smartstore.naver.com/main/products/8278907990,2025-06-07,5,한달사용다른 회사 효소보다 뭔가 소화가 잘 되는 느낌이 드네요 ㅎㅎ꾸준히 먹어보려구요,,아주 넉넉해요,꼼꼼해요,편리해요,Y
DP_046,덴프스 휘게엔자임 액티브 Fine 3개월/3BOX,https://smartstore.naver.com/main/products/8278907990,2025-06-06,5,한달사용간편하고 과식했을때 필수템입니디ㅡ.,,아주 넉넉해요,꼼꼼해요,편리해요,Y
DP_046,덴프스 휘게엔자임 액티브 Fine 3개월/3BOX,https://smartstore.naver.com/main/products/8278907990,2025-06-05,4,효과가 있는 제품이라 또 주문하였습니다.,,꽤 남았어요,꼼꼼해요,편리해요,Y
DP_046,덴프스 휘게엔자임 액티브 Fine 3개월/3BOX,https://smartstore.naver.com/main/products/8278907990,2025-06-05,5,재구매한달사용소화가 잘 되는지는 아직 잘 모르겠어요. 근데 열심히는 먹고있어요. 꾸준히 잘 먹어볼께요~^^,여성,꽤 남았어요,꼼꼼해요,편리해요,Y
DP_046,덴프스 휘게엔자임 액티브 Fine 3개월/3BOX,https://smartstore.naver.com/main/products/8278907990,2025-06-05,5,한달사용소화가 잘 되는지는 아직 잘 모르겠어요. 근데 열심히는 먹고있어요. 꾸준히 잘 먹어볼께요~^^,여성,꽤 남았어요,꼼꼼해요,편리해요,Y
DP_046,덴프스 휘게엔자임 액티브 Fine 3개월/3BOX,https://smartstore.naver.com/main/products/8278907990,2025-06-02,5,한달사용맛이 괜찮아서 먹는데 거부감없이 잘 먹고 있어요.,,꽤 남았어요,적당해요,그냥그래요,Y
DP_046,덴프스 휘게엔자임 액티브 Fine 3개월/3BOX,https://smartstore.naver.com/main/products/8278907990,2025-06-02,5,한달사용속이 더부룩할 때 먹으니까 좋네요 ㅎㅎ,,꽤 남았어요,적당해요,그냥그래요,Y
DP_046,덴프스 휘게엔자임 액티브 Fine 3개월/3BOX,https://smartstore.naver.com/main/products/8278907990,2025-05-27,5,"건강관심사 노화방지장건강
 3번째 구매입니다
속이 편해져서 좋아요 근데 이거 먹고부터 소화가 잘되서인지 살이 더 찌는것같아요 ㅠㅠ",여성,아주 넉넉해요,적당해요,편리해요,Y
DP_046,덴프스 휘게엔자임 액티브 Fine 3개월/3BOX,https://smartstore.naver.com/main/products/8278907990,2025-05-27,5,한달사용덴프스 믿고 먹는 회사^^,여성,아주 넉넉해요,꼼꼼해요,편리해요,Y
DP_046,덴프스 휘게엔자임 액티브 Fine 3개월/3BOX,https://smartstore.naver.com/main/products/8278907990,2025-05-25,5,한달사용배송이 빨라서 좋았습니다,,아주 넉넉해요,꼼꼼해요,그냥그래요,Y
DP_046,덴프스 휘게엔자임 액티브 Fine 3개월/3BOX,https://smartstore.naver.com/main/products/8278907990,2025-05-24,5,유산균 사고 사은품으로 받아서 먹어봤는데 소화가 잘 돼서 본품 구매합니다. 덴프스 제품은 다 좋네요 ^^,,꽤 남았어요,적당해요,편리해요,Y
DP_046,덴프스 휘게엔자임 액티브 Fine 3개월/3BOX,https://smartstore.naver.com/main/products/8278907990,2025-05-24,5,파인맛이라 부담없이 맛있게 먹을수 있어서 좋아요,남성,아주 넉넉해요,꼼꼼해요,편리해요,Y
DP_046,덴프스 휘게엔자임 액티브 Fine 3개월/3BOX,https://smartstore.naver.com/main/products/8278907990,2025-05-20,5,한달사용소화효소가 필요해서 자주 먹는데 먹으면 도움이 좀 되는 것 같아요.,,아주 넉넉해요,꼼꼼해요,편리해요,Y
DP_046,덴프스 휘게엔자임 액티브 Fine 3개월/3BOX,https://smartstore.naver.com/main/products/8278907990,2025-05-17,5,한달사용파인애플향이 살짝 돌아서 목넘김도 좋고 공복에 먹어도은근 속도 편하고 살짝 든든함,,아주 넉넉해요,적당해요,편리해요,Y
DP_046,덴프스 휘게엔자임 액티브 Fine 3개월/3BOX,https://smartstore.naver.com/main/products/8278907990,2025-05-11,5,"건강관심사 여성건강수면건강노화방지
 사은품으로 주신 인절미맛먹어보고 파인맛이 궁금해서 구매했어요 저는 다른거 비해 먹기 좋았고 두개때려먹음 확실히 화장실 잘가서 좋아요 그리고 화장실 가고나면 시원한 느낌이 나서 더 좋아요~~당분간 요아이 자주 찾을꺼 같아요",여성,아주 넉넉해요,꼼꼼해요,편리해요,Y
DP_046,덴프스 휘게엔자임 액티브 Fine 3개월/3BOX,https://smartstore.naver.com/main/products/8278907990,2025-05-07,5,파인애플맛에 입에서 잘 녹아서 먹기 편하고 맛있어요.,여성,아주 넉넉해요,꼼꼼해요,편리해요,Y
DP_046,덴프스 휘게엔자임 액티브 Fine 3개월/3BOX,https://smartstore.naver.com/main/products/8278907990,2025-05-05,4,꾸준히 먹어볼게요~~~,,꽤 남았어요,적당해요,편리해요,Y
DP_046,덴프스 휘게엔자임 액티브 Fine 3개월/3BOX,https://smartstore.naver.com/main/products/8278907990,2025-05-04,5,파인애플향이 좋고 가볍게 먹기 좋아요.,,아주 넉넉해요,꼼꼼해요,편리해요,Y
DP_046,덴프스 휘게엔자임 액티브 Fine 3개월/3BOX,https://smartstore.naver.com/main/products/8278907990,2025-05-03,5,"맛도 괜찮네요! 상큼해요 ㅎㅎ
효소 다른데 꺼 먹던것보다 잘 녹고 효과도 더 있는 느낌입니다 꾸준히 먹어보려구요.",,아주 넉넉해요,꼼꼼해요,편리해요,Y
DP_046,덴프스 휘게엔자임 액티브 Fine 3개월/3BOX,https://smartstore.naver.com/main/products/8278907990,2025-04-30,5,한달사용나이가 들면서 점점 소화력이 떨어지는 게 느껴졌어요. 특히 저녁에 조금 많이 먹으면 속이 더부룩하고 살도 예전보다 잘 찌고. 그러다 덴프스효소를 홈쇼핑에서 파는 것을 보았어요. 덴프스 여성유산균을 먹고 효과를 보았기에 한 번 사봤는데 소화가 잘 되서 몸이 한결 편해졌어요. 그리고 살빼는 중이었는데 효소가 배출을 잘 사켜줘서 그런지 살이 잘 빠쟜어요. 계속 평생 먹을 겁니다.,,아주 넉넉해요,적당해요,편리해요,Y
DP_046,덴프스 휘게엔자임 액티브 Fine 3개월/3BOX,https://smartstore.naver.com/main/products/8278907990,2025-04-29,5,"건강관심사 장건강노화방지면역력
 재구매해서 먹고있어요. 아주 찐 만족 합니다.",여성,아주 넉넉해요,꼼꼼해요,편리해요,Y
DP_046,덴프스 휘게엔자임 액티브 Fine 3개월/3BOX,https://smartstore.naver.com/main/products/8278907990,2025-04-27,5,"재구매잘받았습니다.
배송 빨리해 주시네요. 소화가 잘 안되는것 같아서 먹어보고 싶었는데 가격이 좀 있어서 선뜻 안사졌는데 원쁠딜이라 반값에 저렴하게 샀어요^^
맛은 새콤달콤하니 맛있어요. 잘 먹을께요.
효과있으면 또 사러 올께요. 많이 파세요~",여성,꽤 남았어요,꼼꼼해요,편리해요,Y
DP_046,덴프스 휘게엔자임 액티브 Fine 3개월/3BOX,https://smartstore.naver.com/main/products/8278907990,2025-04-27,5,맛도 괜찮고 소화에도 좋아서 잘 먹고 있어요.,,꽤 남았어요,적당해요,그냥그래요,Y
DP_046,덴프스 휘게엔자임 액티브 Fine 3개월/3BOX,https://smartstore.naver.com/main/products/8278907990,2025-04-27,5,먹으면 소화도 잘되고 좋아요.,,꽤 남았어요,적당해요,그냥그래요,Y
DP_046,덴프스 휘게엔자임 액티브 Fine 3개월/3BOX,https://smartstore.naver.com/main/products/8278907990,2025-04-25,5,"배송 빠르고 꼼꼼하게 포장되서 도착했어요
인절미맛 먹다 파인맛으로 구매해봤어요 과식한날 한포 먹으면 속이 편해져요
소화제 먹는것보다 낫네요",,꽤 남았어요,꼼꼼해요,편리해요,Y
DP_046,덴프스 휘게엔자임 액티브 Fine 3개월/3BOX,https://smartstore.naver.com/main/products/8278907990,2025-04-25,5,"잘받았습니다.
부모님이 나이드시니 소화기능이 떨어지는것 같아 보내드렸어요. 먹고 효과있으면 좋겠네요.
괜찮다고 하시면 더 주문하려구요.
잘먹을께요. 많이 파세요~^^",여성,꽤 남았어요,꼼꼼해요,편리해요,Y
DP_046,덴프스 휘게엔자임 액티브 Fine 3개월/3BOX,https://smartstore.naver.com/main/products/8278907990,2025-04-25,5,"건강관심사 노화방지면역력관절/뼈건강
 나이들어 가면서 신경써야 하는 부분이 많아지는 것은 알고 있지만... 여러종류의 영양제를 챙겨 먹어야하는 일은 번거롭죠.그래도 꼭 챙겨야하는 것 중의 하나는 효소 제품이라 생각하는데...먹어본것중 휘게 엔자임 액티브가 제일 좋더라구요.맛도, 목넘김도 그리고 효과도 제일 좋았어요~",여성,아주 넉넉해요,꼼꼼해요,편리해요,Y
DP_046,덴프스 휘게엔자임 액티브 Fine 3개월/3BOX,https://smartstore.naver.com/main/products/8278907990,2025-04-25,5,"건강관심사 면역력
 유산균 사고 사은품으로 받아서 먹었는데, 먹고나니 소화가 잘되서
별도로 추가구매했습니다. 인절미 맛은 안먹어봐서 모르겠지만 파인맛도 괜찮구요. (효소 처음먹어봄)
물없이 먹으면 가루 뭉침이 좀 있으나, 못먹을 정도 아닙니다.
물이랑 같이 먹으면은 물 넣는 순간 다 녹아요. 속이 편안해서 져서 점심, 저녁 2포 먹을때가 많습니다. 더보기",여성,아주 넉넉해요,꼼꼼해요,편리해요,Y
DP_046,덴프스 휘게엔자임 액티브 Fine 3개월/3BOX,https://smartstore.naver.com/main/products/8278907990,2025-04-24,5,"잘받았습니다.
후기좋고, 라이브특가로 떠서 구매해 봤어요.
요즘 소화력이 좀 떨어진것 같기도하고, 음식먹고나면 자주 더부륵해서 분해효과 좋다고하니 당분간 먹어볼 예정입니다.
유통기간은 올 12월까지로 여유있어서 좋네요.
맛도 후기보니 새콤하다고 하시는분이 계셔서 걱정했는데 제 입맛엔 약간새콤 은근달콤하니 맛있던데요^^
한달뒤에 후기 또 쓰러올께요. 잘먹겠습니다~^^",여성,꽤 남았어요,꼼꼼해요,편리해요,Y
DP_046,덴프스 휘게엔자임 액티브 Fine 3개월/3BOX,https://smartstore.naver.com/main/products/8278907990,2025-04-24,5,하루종일 사무실에 앉아있다보니 소화가 좀 잘 안되는 것 같아서 도움이 될까 싶어 구매했습니다. 고운 가루라 자칫 기도에 안들어가게 조심히 먹어야 할 것 같습니다. 물없이 먹을 수 있나 싶어 먹었다가 기침이 ㅎㅎ 효과 있으면 좋겠어요~,,아주 넉넉해요,꼼꼼해요,편리해요,Y
DP_046,덴프스 휘게엔자임 액티브 Fine 3개월/3BOX,https://smartstore.naver.com/main/products/8278907990,2025-04-23,5,좋은가격에 득템했네요,,아주 넉넉해요,꼼꼼해요,편리해요,Y
DP_046,덴프스 휘게엔자임 액티브 Fine 3개월/3BOX,https://smartstore.naver.com/main/products/8278907990,2025-04-23,5,맛도 좋아요....,,꽤 남았어요,적당해요,편리해요,Y
DP_046,덴프스 휘게엔자임 액티브 Fine 3개월/3BOX,https://smartstore.naver.com/main/products/8278907990,2025-04-22,5,배송이 진짜 빨라서 좋았음,,아주 넉넉해요,꼼꼼해요,편리해요,Y
DP_046,덴프스 휘게엔자임 액티브 Fine 3개월/3BOX,https://smartstore.naver.com/main/products/8278907990,2025-04-21,4,"다른 효소 먹다가 바꿔봤어요. 파인애플향은 아주 조금, 새콤한 맛이네요.",,꽤 남았어요,꼼꼼해요,편리해요,Y
DP_046,덴프스 휘게엔자임 액티브 Fine 3개월/3BOX,https://smartstore.naver.com/main/products/8278907990,2025-04-14,5,변비에 효과있을까해서 구매했어요 ! 효과있으면 재구매 할게요,,아주 넉넉해요,꼼꼼해요,편리해요,Y
DP_046,덴프스 휘게엔자임 액티브 Fine 3개월/3BOX,https://smartstore.naver.com/main/products/8278907990,2025-04-14,5,늘 챙겨먹습니다. 이제 정착하게 되어서 한 번 주문할 때 필요한 종류를 다 주문하게되네요. 아주 좋습니다.,,아주 넉넉해요,꼼꼼해요,편리해요,Y
DP_046,덴프스 휘게엔자임 액티브 Fine 3개월/3BOX,https://smartstore.naver.com/main/products/8278907990,2025-04-13,5,과식 후 필수 영양제 효소,,아주 넉넉해요,꼼꼼해요,편리해요,Y
DP_046,덴프스 휘게엔자임 액티브 Fine 3개월/3BOX,https://smartstore.naver.com/main/products/8278907990,2025-04-11,5,재구매파인애플맛이 늘 먹기가 편해서 벌써 10번째 구매네요,,아주 넉넉해요,꼼꼼해요,편리해요,Y
DP_046,덴프스 휘게엔자임 액티브 Fine 3개월/3BOX,https://smartstore.naver.com/main/products/8278907990,2025-04-10,5,다시 주문해서 아침 저녁으로 먹고있어요,,아주 넉넉해요,꼼꼼해요,편리해요,Y
DP_046,덴프스 휘게엔자임 액티브 Fine 3개월/3BOX,https://smartstore.naver.com/main/products/8278907990,2025-04-10,5,복통이 잦은데 속이 편하게 유지가 됩니다,,꽤 남았어요,꼼꼼해요,편리해요,Y
DP_046,덴프스 휘게엔자임 액티브 Fine 3개월/3BOX,https://smartstore.naver.com/main/products/8278907990,2025-04-07,5,달지 않고 깔끔한 맛이래서 좋아요 가루가 바로 녹아서 더 좋아요,여성,꽤 남았어요,꼼꼼해요,편리해요,Y
DP_046,덴프스 휘게엔자임 액티브 Fine 3개월/3BOX,https://smartstore.naver.com/main/products/8278907990,2025-04-05,5,맛있고 속이 편하네요,,아주 넉넉해요,꼼꼼해요,편리해요,Y
DP_046,덴프스 휘게엔자임 액티브 Fine 3개월/3BOX,https://smartstore.naver.com/main/products/8278907990,2025-04-04,3,"재구매했는데 ....
유통기간 이 생각보다 넉넉지 않내요 ....",,꽤 남았어요,꼼꼼해요,편리해요,Y
DP_046,덴프스 휘게엔자임 액티브 Fine 3개월/3BOX,https://smartstore.naver.com/main/products/8278907990,2025-04-04,4,"할인폭이 커서 인절미맛에서 넘어와봤어요
효과는 똑같겠죠?",,아주 넉넉해요,꼼꼼해요,편리해요,Y
DP_046,덴프스 휘게엔자임 액티브 Fine 3개월/3BOX,https://smartstore.naver.com/main/products/8278907990,2025-04-01,5,"건강관심사 면역력
 생각보다 조하요좋아요",남성,아주 넉넉해요,꼼꼼해요,편리해요,Y
DP_046,덴프스 휘게엔자임 액티브 Fine 3개월/3BOX,https://smartstore.naver.com/main/products/8278907990,2025-03-30,4,파인맛이 더 상큼해서ㅜ재구매했습니다,,꽤 남았어요,적당해요,편리해요,Y
DP_046,덴프스 휘게엔자임 액티브 Fine 3개월/3BOX,https://smartstore.naver.com/main/products/8278907990,2025-03-25,5,"재구매한달사용한달동안 사용한 결과로는 속도 편하고, 피부도 맑아지는거 같고,,,군살도 빠지는 느낌.... 해서 계속 재구매 할 생각입니다.",,,,,Y
DP_046,덴프스 휘게엔자임 액티브 Fine 3개월/3BOX,https://smartstore.naver.com/main/products/8278907990,2025-03-25,5,"재구매한달사용한달사용해 보았더니, 또 사게 되네요...효과 너무 있어요!!!",,,,,Y
DP_046,덴프스 휘게엔자임 액티브 Fine 3개월/3BOX,https://smartstore.naver.com/main/products/8278907990,2025-03-13,5,재구매한달사용식도염 위염있어서 소화가잘안되었는데 효소먹고 편안해지고있어요 조금비싸지만 효과는 만족,,아주 넉넉해요,꼼꼼해요,편리해요,Y
DP_046,덴프스 휘게엔자임 액티브 Fine 3개월/3BOX,https://smartstore.naver.com/main/products/8278907990,2025-03-11,5,언니에게 추천받아서 먹게 되었어요 ㅎㅎ맛도 맛있고 너무 좋아요! 인절미맛도 같이 추가로 구매하려고 합니다 ㅎㅎ,,아주 넉넉해요,꼼꼼해요,편리해요,Y
DP_046,덴프스 휘게엔자임 액티브 Fine 3개월/3BOX,https://smartstore.naver.com/main/products/8278907990,2025-03-10,5,과식하거나 속이 더부룩 할 때 챙겨 먹고 있는데 금방 속아 편안해져서 좋아요. 떨어지지 않게 챙겨 놓는 제품이예요!!,,꽤 남았어요,꼼꼼해요,편리해요,Y
DP_046,덴프스 휘게엔자임 액티브 Fine 3개월/3BOX,https://smartstore.naver.com/main/products/8278907990,2025-03-01,5,재구매꾸준히 복용중입니다. 소화에 많은 도움이되고있어요,,아주 넉넉해요,꼼꼼해요,편리해요,Y
DP_046,덴프스 휘게엔자임 액티브 Fine 3개월/3BOX,https://smartstore.naver.com/main/products/8278907990,2025-02-14,5,재구매한달사용엄마 필수템이에요. 밋도좋아요,,아주 넉넉해요,꼼꼼해요,편리해요,Y
DP_046,덴프스 휘게엔자임 액티브 Fine 3개월/3BOX,https://smartstore.naver.com/main/products/8278907990,2025-01-27,5,늘 잘 먹고있어요 !,,아주 넉넉해요,꼼꼼해요,편리해요,Y
DP_046,덴프스 휘게엔자임 액티브 Fine 3개월/3BOX,https://smartstore.naver.com/main/products/8278907990,2025-01-24,5,한달사용효과 좋아서 재구매 해서 꾸준히 먹고 있습니다. 앞으로도 계속 복용할 생각입니다. 너무좋아요! 건강해지는거 같아서 더 좋아요!!,,,,,Y
DP_046,덴프스 휘게엔자임 액티브 Fine 3개월/3BOX,https://smartstore.naver.com/main/products/8278907990,2025-01-24,5,"건강관심사 근육/체력여성건강눈건강
 재구매지인 소개로 먹기 시작했는대 효과가 너무 좋아요.. 소화가 잘 되서 그런지 살도 빠지는거 같고 음시을 먹어도 더부룩하지 않코 가벼운 느낌이라 재구매 해서 꾸준히 먹고 있습니다.좋아요!!",여성,아주 넉넉해요,꼼꼼해요,편리해요,Y
DP_046,덴프스 휘게엔자임 액티브 Fine 3개월/3BOX,https://smartstore.naver.com/main/products/8278907990,2025-01-17,5,한달사용맛있고 먹기 좋아요~♡,,아주 넉넉해요,꼼꼼해요,편리해요,Y
DP_046,덴프스 휘게엔자임 액티브 Fine 3개월/3BOX,https://smartstore.naver.com/main/products/8278907990,2025-01-17,5,"한달사용과식하거나 속이 더부룩할때 너무 좋아요
파인맛이라서 더더욱 좋음 보통효소가 미숫가루맛이라서 안먹었는데 얘는 너무맛있음",,아주 넉넉해요,꼼꼼해요,편리해요,Y
DP_046,덴프스 휘게엔자임 액티브 Fine 3개월/3BOX,https://smartstore.naver.com/main/products/8278907990,2025-01-16,5,"건강관심사 장건강피로회복
 한달사용꾸준히 먹고 있어요",여성,아주 넉넉해요,꼼꼼해요,편리해요,Y
DP_046,덴프스 휘게엔자임 액티브 Fine 3개월/3BOX,https://smartstore.naver.com/main/products/8278907990,2025-01-11,5,소화 안 될때 식후에 먹곤 하는데 확실히 도움이 되더라구요,,아주 넉넉해요,꼼꼼해요,편리해요,Y
DP_046,덴프스 휘게엔자임 액티브 Fine 3개월/3BOX,https://smartstore.naver.com/main/products/8278907990,2025-01-06,5,한달사용식사 후 먹으면 확실히 소화에 도움이되서 속이 편해요~,,아주 넉넉해요,꼼꼼해요,편리해요,Y
DP_046,덴프스 휘게엔자임 액티브 Fine 3개월/3BOX,https://smartstore.naver.com/main/products/8278907990,2025-01-03,5,"요즘 소화가 너무 안돼서 효소를 먹어볼까하고찾다가 덴프스 효소로 구매하게됐어요. 저녁을먹고 나면 자기전까지도 속이 더부룩했는데
효소먹으니 빨리 속이편해지더라구요. 파인애플맛에 맛도좋고 먹기도편해요. 꾸준하게 먹어보려구요",여성,아주 넉넉해요,꼼꼼해요,편리해요,Y
DP_046,덴프스 휘게엔자임 액티브 Fine 3개월/3BOX,https://smartstore.naver.com/main/products/8278907990,2024-12-24,4,간편해서 아주 굿 입니다,,꽤 남았어요,적당해요,그냥그래요,Y
DP_046,덴프스 휘게엔자임 액티브 Fine 3개월/3BOX,https://smartstore.naver.com/main/products/8278907990,2024-12-20,5,파인애플맛으로 먹기에 부담없고 소화도 잘되요,,아주 넉넉해요,꼼꼼해요,편리해요,Y
DP_046,덴프스 휘게엔자임 액티브 Fine 3개월/3BOX,https://smartstore.naver.com/main/products/8278907990,2024-12-19,5,기존에 덴프스 유산균을 챙겨먹었는데 최근 구입하면서 사은품으로 이 효소를 주셨어요. 그래서 먹어봤는데 속이 편안하고 맛도 있어 추가로 더 구매하게 되었습니다. 아마도 계속 먹게되지 않을까 싶어요~,,아주 넉넉해요,꼼꼼해요,편리해요,Y
DP_046,덴프스 휘게엔자임 액티브 Fine 3개월/3BOX,https://smartstore.naver.com/main/products/8278907990,2024-12-17,5,한달사용엄마가 변비에 좋다고해서 구매하게 되었습니다,,아주 넉넉해요,꼼꼼해요,편리해요,Y
DP_046,덴프스 휘게엔자임 액티브 Fine 3개월/3BOX,https://smartstore.naver.com/main/products/8278907990,2024-12-14,5,매번 먹는 효소인데 이번에 쌀때 많이 구입했어요. 먹기가 가장 편합니다,,아주 넉넉해요,꼼꼼해요,편리해요,Y
DP_046,덴프스 휘게엔자임 액티브 Fine 3개월/3BOX,https://smartstore.naver.com/main/products/8278907990,2024-12-05,5,과식했을시 함께 복용하면 소화력이 좋아복부팽만감이 사라지고 가벼워져서 좋았어요.,여성,아주 넉넉해요,꼼꼼해요,편리해요,Y
DP_046,덴프스 휘게엔자임 액티브 Fine 3개월/3BOX,https://smartstore.naver.com/main/products/8278907990,2024-12-05,5,파인애플맛에 곡물맛이 섞인 느낌이예요~ 최근에 자꾸 위장이 더부룩한 느낌이 있어서 속이 편하면서도 소화효소가 영양분 흡수와 배출에 도움이 되길바라며 구매했습니다.,여성,아주 넉넉해요,꼼꼼해요,편리해요,Y
DP_046,덴프스 휘게엔자임 액티브 Fine 3개월/3BOX,https://smartstore.naver.com/main/products/8278907990,2024-12-01,5,한달사용효소가 맛있어요. 뮬론소화도잘돰,,아주 넉넉해요,꼼꼼해요,편리해요,Y
DP_046,덴프스 휘게엔자임 액티브 Fine 3개월/3BOX,https://smartstore.naver.com/main/products/8278907990,2024-12-01,5,재구매효소치고맛있어욯ㅎㅎ,,아주 넉넉해요,꼼꼼해요,편리해요,Y
DP_046,덴프스 휘게엔자임 액티브 Fine 3개월/3BOX,https://smartstore.naver.com/main/products/8278907990,2024-11-27,5,재구매한달사용식사후나 밀가루를 많이먹은날 이거 안먹으면 괜히 불안한 맘이 들정도에요 ㅎㅎ 2년째 먹고있어요,여성,아주 넉넉해요,꼼꼼해요,편리해요,Y
DP_046,덴프스 휘게엔자임 액티브 Fine 3개월/3BOX,https://smartstore.naver.com/main/products/8278907990,2024-11-25,4,"덴프스 제품 중 분말로 되어있는 제품은 편리하게 이지컷 방식으로 섭취시 매우 편리합니당
효소는 생각도 못해 본 제품인데 주로 앉아서 하는 일이 대부분이다 보니 다리가 붓는게 느껴져 혹시!
도움이 될까 하는 부분에서 주문해보았는데 꾸준히 섭취해보고 한달리뷰와함께 재구매로 돌아오겠습니다!",여성,꽤 남았어요,적당해요,편리해요,Y
DP_046,덴프스 휘게엔자임 액티브 Fine 3개월/3BOX,https://smartstore.naver.com/main/products/8278907990,2024-11-24,5,파인맛은 세일폭이 안커서 계속 기다리다가 주문하게되네요 먹으면 소화가 잘되는거같아 안먹을수가 없네요 ㅎㅎ,,아주 넉넉해요,꼼꼼해요,편리해요,Y
DP_046,덴프스 휘게엔자임 액티브 Fine 3개월/3BOX,https://smartstore.naver.com/main/products/8278907990,2024-11-19,5,소화가 너무 안되서 주문했어요! 기분탓인지 모르겠지만 효소 섭취 후 얼마 안지나 속이 편해진 것 같아요~ 파인애플 맛이지만 상큼한 타입은 아니고 살짝 텁텁한 파인애플맛? 그치만 맛있어여🙌🏻,,아주 넉넉해요,꼼꼼해요,편리해요,Y
DP_046,덴프스 휘게엔자임 액티브 Fine 3개월/3BOX,https://smartstore.naver.com/main/products/8278907990,2024-11-16,5,한달사용소화기능이 떨어졌는지 소화제 달고 살았는데 이거 먹고 소화제 복용할일이 없어요. 그리고. 맛나서 먹기 좋아요,,아주 넉넉해요,꼼꼼해요,편리해요,Y
DP_046,덴프스 휘게엔자임 액티브 Fine 3개월/3BOX,https://smartstore.naver.com/main/products/8278907990,2024-11-14,5,한달사용한봉에. 3g씩 가루형이라 먹기 편하고 좋아요~^^,여성,아주 넉넉해요,꼼꼼해요,편리해요,Y
DP_046,덴프스 휘게엔자임 액티브 Fine 3개월/3BOX,https://smartstore.naver.com/main/products/8278907990,2024-11-07,5,한달사용배송빠르고 좋아요.,,아주 넉넉해요,꼼꼼해요,편리해요,Y
DP_046,덴프스 휘게엔자임 액티브 Fine 3개월/3BOX,https://smartstore.naver.com/main/products/8278907990,2024-10-29,5,맛이 좋아요. 속이편해요,,아주 넉넉해요,꼼꼼해요,편리해요,Y
DP_046,덴프스 휘게엔자임 액티브 Fine 3개월/3BOX,https://smartstore.naver.com/main/products/8278907990,2024-10-24,5,"아침에 주문마감전에 결제해서 당일 받았어요👍
덕분에 저녁부터 효모 챙겨먹을 수 있었고 😆
다음날 아침에 눈뜨자마자 배에서 바로 신호왔습니다🤣🤣 배변이 쉽게 되는건 맞고 이렇게 28포 꾸준히 다 먹으면 체중감량은 어렵겠지만 유지는 가능할거같아요🥰 파인맛이라 거부감이 없어서 좋아요!",여성,아주 넉넉해요,꼼꼼해요,편리해요,Y
DP_046,덴프스 휘게엔자임 액티브 Fine 3개월/3BOX,https://smartstore.naver.com/main/products/8278907990,2024-10-22,5,효소가 맛있고 효과 좋아서 늘 이것만 주문해서 먹고 있어요,여성,아주 넉넉해요,꼼꼼해요,편리해요,Y
DP_046,덴프스 휘게엔자임 액티브 Fine 3개월/3BOX,https://smartstore.naver.com/main/products/8278907990,2024-10-21,5,재구매덴프스 효소 먹은지 벌써 1년이 되가네요. 과식 후 효소 안 먹으면 괜히 불안할 정도로 익숙해져버렸어요ㅎㅎ 맛도 부덤스럽지않고 입안애서도 잘 녹아서 좋아요,여성,아주 넉넉해요,적당해요,편리해요,Y
DP_046,덴프스 휘게엔자임 액티브 Fine 3개월/3BOX,https://smartstore.naver.com/main/products/8278907990,2024-10-17,4,"배송이 정말 빠르네요. 놀랐습니다!
가족이 가스가 자주 차고 기름진 음식 먹으면 속이 더부룩하대서 구매했어요. 은은한 파인애플 향이 나고 고소한 효소 뒷맛이 올라와요. 전 먹기 편해 좋은데 맛과 향에 예민한 아이는 잘 안 먹으려고 해요. 하지만 이 아이도 효과는 인정했어요. 고기 먹고 이 효소 먹으면 배가 안아프대요. 꾸준히 먹으면 좋을텐데 그래도 최소한 부담스런 식사 후에는 꼭 효소 먹기로 했습니다.",여성,아주 넉넉해요,꼼꼼해요,편리해요,Y
DP_046,덴프스 휘게엔자임 액티브 Fine 3개월/3BOX,https://smartstore.naver.com/main/products/8278907990,2024-10-14,5,"한달사용속이,편하고. 좋아요",남성,꽤 남았어요,적당해요,편리해요,Y
DP_046,덴프스 휘게엔자임 액티브 Fine 3개월/3BOX,https://smartstore.naver.com/main/products/8278907990,2024-10-14,5,간편하게 편하게 먹을수 있어 좋아요,,아주 넉넉해요,적당해요,편리해요,Y
DP_046,덴프스 휘게엔자임 액티브 Fine 3개월/3BOX,https://smartstore.naver.com/main/products/8278907990,2024-10-14,5,변비로 고생하시는 엄마께 주문해드렸는데 덕분에 화장실가기 편해지셨다고 합니다~^^,여성,아주 넉넉해요,꼼꼼해요,편리해요,Y
DP_046,덴프스 휘게엔자임 액티브 Fine 3개월/3BOX,https://smartstore.naver.com/main/products/8278907990,2024-10-12,5,살도빠지거 화장실 도 잘가요,,아주 넉넉해요,꼼꼼해요,편리해요,Y
DP_046,덴프스 휘게엔자임 액티브 Fine 3개월/3BOX,https://smartstore.naver.com/main/products/8278907990,2024-10-07,5,배송빠르고 좋아요.,,아주 넉넉해요,적당해요,그냥그래요,Y
DP_046,덴프스 휘게엔자임 액티브 Fine 3개월/3BOX,https://smartstore.naver.com/main/products/8278907990,2024-10-05,5,효소 구매했우요. 파인애플맛 상큼해요,,아주 넉넉해요,꼼꼼해요,편리해요,Y
DP_046,덴프스 휘게엔자임 액티브 Fine 3개월/3BOX,https://smartstore.naver.com/main/products/8278907990,2024-10-01,5,"친정엄마가 항상 드시는거예요
좋아요",,아주 넉넉해요,꼼꼼해요,편리해요,Y
DP_046,덴프스 휘게엔자임 액티브 Fine 3개월/3BOX,https://smartstore.naver.com/main/products/8278907990,2024-09-16,5,"재구매소화력이좋게만드는
살이조금씩빠지는듯
맛이좋은듯",,아주 넉넉해요,꼼꼼해요,편리해요,Y
DP_046,덴프스 휘게엔자임 액티브 Fine 3개월/3BOX,https://smartstore.naver.com/main/products/8278907990,2024-09-12,5,"한달사용과식한 날 먹으면 속이 편하고, 파인맛이라 좋네요^^",,꽤 남았어요,적당해요,그냥그래요,Y
DP_046,덴프스 휘게엔자임 액티브 Fine 3개월/3BOX,https://smartstore.naver.com/main/products/8278907990,2024-09-09,4,한달사용소화에 도움되어 매일 점심저녁 식사후 챙겨먹어요,,아주 넉넉해요,꼼꼼해요,편리해요,Y
DP_046,덴프스 휘게엔자임 액티브 Fine 3개월/3BOX,https://smartstore.naver.com/main/products/8278907990,2024-09-08,5,"한달사용확실히 안먹으면 차이가 느껴졌어요
속이 편안하고 응가가 잘나와요 ㅎㅎ
맛도 너무 괜찮구,, 행사하면 쟁여템!",여성,아주 넉넉해요,꼼꼼해요,편리해요,Y
DP_046,덴프스 휘게엔자임 액티브 Fine 3개월/3BOX,https://smartstore.naver.com/main/products/8278907990,2024-09-03,5,한달사용먹기도 편리하고 맛있어요,,아주 넉넉해요,꼼꼼해요,편리해요,Y
DP_046,덴프스 휘게엔자임 액티브 Fine 3개월/3BOX,https://smartstore.naver.com/main/products/8278907990,2024-08-31,5,한달사용괜찮아요…………..,,아주 넉넉해요,꼼꼼해요,편리해요,Y
DP_046,덴프스 휘게엔자임 액티브 Fine 3개월/3BOX,https://smartstore.naver.com/main/products/8278907990,2024-08-31,5,한달사용새콤해서 맛있어요 물이랑 먹기 편해요,여성,아주 넉넉해요,꼼꼼해요,편리해요,Y
DP_046,덴프스 휘게엔자임 액티브 Fine 3개월/3BOX,https://smartstore.naver.com/main/products/8278907990,2024-08-28,5,한달사용뭣보다 맛이 좋아요. 먹구 속편안,여성,아주 넉넉해요,꼼꼼해요,편리해요,Y
DP_046,덴프스 휘게엔자임 액티브 Fine 3개월/3BOX,https://smartstore.naver.com/main/products/8278907990,2024-08-28,5,한달사용다이어트에 좀 도움이 될까 사봤어요,,꽤 남았어요,적당해요,편리해요,Y
DP_046,덴프스 휘게엔자임 액티브 Fine 3개월/3BOX,https://smartstore.naver.com/main/products/8278907990,2024-08-27,5,"한달사용밀가루 소화를 잘 못시켜서..
혹시나 하는 마음에 주문했었는데..
역시나. 아주 편해요 먹기에도 , 소화에도 ㅎ 다먹고 나서 다시 주문할겁니다.",여성,아주 넉넉해요,꼼꼼해요,편리해요,Y
DP_046,덴프스 휘게엔자임 액티브 Fine 3개월/3BOX,https://smartstore.naver.com/main/products/8278907990,2024-08-27,5,"한달사용효리네 효소라 믿고 구매했습니다
효과있기를요",여성,아주 넉넉해요,꼼꼼해요,편리해요,Y
DP_046,덴프스 휘게엔자임 액티브 Fine 3개월/3BOX,https://smartstore.naver.com/main/products/8278907990,2024-08-26,5,한달사용좀 무겁게 먹었을때 바로 효소를 먹으면 확실히 소화에 도움을 주는 것 같아요. 꾸준히 잘 먹고 있어요.,여성,아주 넉넉해요,꼼꼼해요,편리해요,Y
DP_046,덴프스 휘게엔자임 액티브 Fine 3개월/3BOX,https://smartstore.naver.com/main/products/8278907990,2024-08-24,5,재구매한건데.맘에들어ᄋᆢㅛ,남성,꽤 남았어요,적당해요,편리해요,Y
DP_046,덴프스 휘게엔자임 액티브 Fine 3개월/3BOX,https://smartstore.naver.com/main/products/8278907990,2024-08-24,5,"한달사용Soy와 다른 파인애플맛(?)이고,
성분 자체는 soy와 다르지 않은데 맛의 선호도 때문인지 좀 더 저렴합니다.
개인적으로는 맛도 나쁘지 않다 생긱해서 잘 먹고 있어요.",여성,아주 넉넉해요,꼼꼼해요,편리해요,Y
DP_046,덴프스 휘게엔자임 액티브 Fine 3개월/3BOX,https://smartstore.naver.com/main/products/8278907990,2024-08-24,5,"예전부터 효소에 관심을가지고있다가
주문했는데 맛도좋코,뭔가화장실도 넘잘가서리 좋아요~~~재주문의사있어용",,아주 넉넉해요,적당해요,편리해요,Y
DP_046,덴프스 휘게엔자임 액티브 Fine 3개월/3BOX,https://smartstore.naver.com/main/products/8278907990,2024-08-24,5,한달사용잘 먹고있어요~~ 재구매 하려니 가격이 엄청 올랐네요 ㅠㅠㅠ,,아주 넉넉해요,꼼꼼해요,편리해요,Y
DP_046,덴프스 휘게엔자임 액티브 Fine 3개월/3BOX,https://smartstore.naver.com/main/products/8278907990,2024-08-20,5,"한달사용과식하고 나서 한 포씩 먹어주면 속이 불편한게 없어요. 또 주문해서 복용하고 있습니다. 이번에는 soy로 주문했는데 fine이 맛은 더 나은 거 같아요 
?
1",,아주 넉넉해요,꼼꼼해요,편리해요,Y
DP_046,덴프스 휘게엔자임 액티브 Fine 3개월/3BOX,https://smartstore.naver.com/main/products/8278907990,2024-08-18,4,한달사용드라마틱하게는 몰라도 그냥 배부를 때 먹고나면 좀 소화가 잘 되는 느낌? 괜찮길래 재구매하려고 했더니 그새 가격이 엄청 오른 가 같네요..??,,꽤 남았어요,꼼꼼해요,편리해요,Y
DP_046,덴프스 휘게엔자임 액티브 Fine 3개월/3BOX,https://smartstore.naver.com/main/products/8278907990,2024-08-17,5,한달사용효과가 있는것같아 쟁이고 먹고있습니다,,꽤 남았어요,적당해요,그냥그래요,Y
DP_046,덴프스 휘게엔자임 액티브 Fine 3개월/3BOX,https://smartstore.naver.com/main/products/8278907990,2024-08-14,5,한달사용효소 중에서 좋은 것 같아요.,여성,꽤 남았어요,적당해요,편리해요,Y
DP_046,덴프스 휘게엔자임 액티브 Fine 3개월/3BOX,https://smartstore.naver.com/main/products/8278907990,2024-08-12,5,재구매한달사용항상 시켜서 잘 먹고 있습니다. 아주 좋아요.,,아주 넉넉해요,꼼꼼해요,편리해요,Y
DP_046,덴프스 휘게엔자임 액티브 Fine 3개월/3BOX,https://smartstore.naver.com/main/products/8278907990,2024-08-09,5,한달사용조굼 시지만 효과는 좋은거 같아요,,꽤 남았어요,적당해요,그냥그래요,Y
DP_046,덴프스 휘게엔자임 액티브 Fine 3개월/3BOX,https://smartstore.naver.com/main/products/8278907990,2024-08-08,5,"한달사용아주 맘에 듭니다
생각 보다 더 괜찮네요",남성,아주 넉넉해요,꼼꼼해요,편리해요,Y
DP_046,덴프스 휘게엔자임 액티브 Fine 3개월/3BOX,https://smartstore.naver.com/main/products/8278907990,2024-08-03,5,한달사용믿고 먹는 우리가족 영양제입니다,여성,아주 넉넉해요,꼼꼼해요,편리해요,Y
DP_046,덴프스 휘게엔자임 액티브 Fine 3개월/3BOX,https://smartstore.naver.com/main/products/8278907990,2024-08-01,5,한달사용파인향이라 먹기에 거부감이 없고 효소먹으니 확실히 좋은거 같아요.,,아주 넉넉해요,꼼꼼해요,편리해요,Y
DP_046,덴프스 휘게엔자임 액티브 Fine 3개월/3BOX,https://smartstore.naver.com/main/products/8278907990,2024-07-30,4,한달사용탄수화물 과식할 때마다 꼭 챙겨먹어요,,꽤 남았어요,적당해요,편리해요,Y
DP_046,덴프스 휘게엔자임 액티브 Fine 3개월/3BOX,https://smartstore.naver.com/main/products/8278907990,2024-07-28,5,한달사용과식하고 먹으면 소화가 금방되는 기분이에요 맛도 있고 잘 먹고있습니다,,아주 넉넉해요,꼼꼼해요,편리해요,Y
DP_046,덴프스 휘게엔자임 액티브 Fine 3개월/3BOX,https://smartstore.naver.com/main/products/8278907990,2024-07-25,5,BEST한달사용다른 효소도 많이 먹어봤는데 덴프스는 역하지도 않고 침으로도 금방 녹아서 먹기 편해요. 정말 강추예요,여성,아주 넉넉해요,꼼꼼해요,편리해요,Y
DP_046,덴프스 휘게엔자임 액티브 Fine 3개월/3BOX,https://smartstore.naver.com/main/products/8278907990,2024-07-18,5,한달사용속이 더부룩할때도 좋고 과식한날에 미리 먹어두면 소화도 잘 되고 좋아요. 꼭 챙겨다니는 템이예요. 단점이라면.. 믿고 많이 먹는다던지.. 소화가 잘되니 더 먹는거…..,,아주 넉넉해요,적당해요,편리해요,Y
DP_046,덴프스 휘게엔자임 액티브 Fine 3개월/3BOX,https://smartstore.naver.com/main/products/8278907990,2024-07-15,5,한달사용효과가 좋아서 주기적으로 구매해서 복용하고 있습니다.,,아주 넉넉해요,꼼꼼해요,편리해요,Y
DP_046,덴프스 휘게엔자임 액티브 Fine 3개월/3BOX,https://smartstore.naver.com/main/products/8278907990,2024-07-14,4,"소화에 도움이 됩니다
이번엔 파인애플 맛으로 사봤어요",,아주 넉넉해요,꼼꼼해요,편리해요,Y
DP_046,덴프스 휘게엔자임 액티브 Fine 3개월/3BOX,https://smartstore.naver.com/main/products/8278907990,2024-07-12,5,"이거보다 유닛 낮은거먹다가 바꿔봤어요 먹기편하고 맛도괜찮은데 효소를 몇년째
먹고있는데 드라마틱한 효과는 아직 잘 모르겠어요",,꽤 남았어요,적당해요,편리해요,Y
DP_046,덴프스 휘게엔자임 액티브 Fine 3개월/3BOX,https://smartstore.naver.com/main/products/8278907990,2024-07-11,4,"재주문 상품입니다
지난번보다 할인율은 작네요",,꽤 남았어요,적당해요,그냥그래요,Y
DP_046,덴프스 휘게엔자임 액티브 Fine 3개월/3BOX,https://smartstore.naver.com/main/products/8278907990,2024-07-08,5,"효소 특유의 텁텁함이 없고
한번 먹기에 양도 적당하니 먹고나면 속이 편해요 ~~!",여성,아주 넉넉해요,꼼꼼해요,편리해요,Y
DP_046,덴프스 휘게엔자임 액티브 Fine 3개월/3BOX,https://smartstore.naver.com/main/products/8278907990,2024-07-07,5,소화에 도움이 되는 것 같아요~ 꾸준히 써보고 다시 후기 남기겠습니다!,여성,아주 넉넉해요,꼼꼼해요,편리해요,Y
DP_046,덴프스 휘게엔자임 액티브 Fine 3개월/3BOX,https://smartstore.naver.com/main/products/8278907990,2024-07-06,5,이 유산균이 젤 좋나요,여성,꽤 남았어요,적당해요,그냥그래요,Y
DP_046,덴프스 휘게엔자임 액티브 Fine 3개월/3BOX,https://smartstore.naver.com/main/products/8278907990,2024-07-04,5,"구수한 Soy, 상큼한 Fine-
거부감 없이 잘 먹게 되고 꾸준히 잘 챙겨 먹을 거예요!",,아주 넉넉해요,꼼꼼해요,편리해요,Y
DP_046,덴프스 휘게엔자임 액티브 Fine 3개월/3BOX,https://smartstore.naver.com/main/products/8278907990,2024-07-04,5,믿고먹는 우리가족 영양제입니다,여성,아주 넉넉해요,꼼꼼해요,편리해요,Y
DP_046,덴프스 휘게엔자임 액티브 Fine 3개월/3BOX,https://smartstore.naver.com/main/products/8278907990,2024-07-04,5,한달사용아빠.사드렸는데 좋다고 하셔요~ 또 구매하려구요,,아주 넉넉해요,꼼꼼해요,편리해요,Y
DP_046,덴프스 휘게엔자임 액티브 Fine 3개월/3BOX,https://smartstore.naver.com/main/products/8278907990,2024-07-03,5,"배송도 빠르고 두가지 맛 모두 나쁘지 않고 먹기 편합니다.
흡수율이 더 좋다고 하니 기대중입니다. +3",남성,아주 넉넉해요,꼼꼼해요,편리해요,Y
DP_046,덴프스 휘게엔자임 액티브 Fine 3개월/3BOX,https://smartstore.naver.com/main/products/8278907990,2024-07-01,5,"게실염을 앓고 장, 소화에 예민합니다. 돌도 씹어먹던 젊은날은 가고, 아직 마흔도 안되었는데ㅠ 그동안 돌만 빼고 다 씹어먹었던 것에 대한 벌칙이라도 받는 듯, 소화기관이 빨리 탈이 났습니다. 효소는 믿는 편이 아니라, 지금까지 추천 받았으나 구매하지는 않았었구요. 동생이 주는 텁텁한 느낌의 효소도 먹어본 적은 있으나 드라마틱 한 느낌은 주지 않았습니다. 이렇게 빨리 후기를 쓰는 이유는, 일단 배송은 정말 최고입니다. 일요일 오후 늦게 주문했는데 월요일 오후에 도착,ㅎㅎㅎ 오자마자 먹었습니다. 파인맛이 상큼하다고 해서 주문 햇는데, 맛은 파인애플 + 미숫가루 맛이라고 생각하시면 될 것 같아요. 곡물맛도 좋다는데 다음번에는 구매 해 봐야겠습니다. 일단 오자마자 한포 먹었는데, 이게 왠걸... 어제 저녁을 너무 과하게 먹고 밤새 속이 불편했어서, 제가 오늘 점심을 엄청 간단하게 먹어서 그냥 맛이나 보자 하고 먹었는데요 먹고 난 뒤 두시간 쯤 되니 배가 아팠다는 걸 홀랑 까먹게 속이 편안해 지더라구요. 신기.... 역시 공유오퐈 믿고 주문하는 덴프스네요 ㅎㅎ 덴프스에서 효소도 출시된다길래 다른 브랜드는 아예 검색도 안하고 주문했어요. 저희집은 영양제도, 부스터도, 아이 유산균도, 제 유산균도, 이제 효소까지 모두 덴프스 입니다! 더보기",여성,아주 넉넉해요,꼼꼼해요,편리해요,Y
DP_046,덴프스 휘게엔자임 액티브 Fine 3개월/3BOX,https://smartstore.naver.com/main/products/8278907990,2024-07-01,5,재구매항상 시켜먹고 있습니다. 아주 좋아요.,,꽤 남았어요,적당해요,편리해요,Y
DP_046,덴프스 휘게엔자임 액티브 Fine 3개월/3BOX,https://smartstore.naver.com/main/products/8278907990,2024-07-01,5,맛도 좋고 믿을만한 브랜드라 맘놓고 먹어요,여성,아주 넉넉해요,꼼꼼해요,편리해요,Y
DP_046,덴프스 휘게엔자임 액티브 Fine 3개월/3BOX,https://smartstore.naver.com/main/products/8278907990,2024-06-30,5,효소가 우리몸에 꼭 필요하다고해서 먹어보려구요~~,여성,아주 넉넉해요,꼼꼼해요,편리해요,Y
DP_046,덴프스 휘게엔자임 액티브 Fine 3개월/3BOX,https://smartstore.naver.com/main/products/8278907990,2024-06-26,5,"먹어보고 효과가 좋아 주문했어요
맛도 좋아요
외식할때 꼭 챙겨나가요~~",여성,아주 넉넉해요,꼼꼼해요,편리해요,Y
DP_046,덴프스 휘게엔자임 액티브 Fine 3개월/3BOX,https://smartstore.naver.com/main/products/8278907990,2024-06-25,5,밀가루 좋아하는 나 효소는 정말 꼭 필수 영양제,여성,아주 넉넉해요,꼼꼼해요,편리해요,Y
DP_046,덴프스 휘게엔자임 액티브 Fine 3개월/3BOX,https://smartstore.naver.com/main/products/8278907990,2024-06-25,5,아직 안먹었지만 효과 있길 바래요,,꽤 남았어요,적당해요,그냥그래요,Y
DP_046,덴프스 휘게엔자임 액티브 Fine 3개월/3BOX,https://smartstore.naver.com/main/products/8278907990,2024-06-21,5,먹기편하고 파인맛이라 텁텁하지 않아서 좋아요!!,여성,아주 넉넉해요,꼼꼼해요,편리해요,Y
DP_046,덴프스 휘게엔자임 액티브 Fine 3개월/3BOX,https://smartstore.naver.com/main/products/8278907990,2024-06-20,5,3.5g 상품은 먹으면 제기준 입에 너무 꽉찬 느낌이라 먹기불편했는데 휘게는 한포에 3g라서 한번에 털어먹기 편합니다 ㅎㅎ,,아주 넉넉해요,꼼꼼해요,편리해요,Y
DP_046,덴프스 휘게엔자임 액티브 Fine 3개월/3BOX,https://smartstore.naver.com/main/products/8278907990,2024-06-20,5,저녁에 맛있게 많이 먹은 날 한 포 먹고 자면 다음 날 아침에 화장실을 편하게 갈 수 있어요. 맛도 파인애플 맛이 라서 텁텁하지 않고 상큼하고 맛있어요,여성,아주 넉넉해요,적당해요,편리해요,Y
DP_046,덴프스 휘게엔자임 액티브 Fine 3개월/3BOX,https://smartstore.naver.com/main/products/8278907990,2024-06-15,5,"주문 요청은 와이프한테 받았고 배송이 되었네요
좋은지 어떤지는 천천히 좀 먹어보고 말씀 드리는게 맞는 말이겠지만 와이프가 몇일 동안 잘 찾아보고 주문해 달라고 했으니 일단 믿음은 있습니다
먹어보고 나중에 재주문시 좀 더 상세한 의견 달아볼게요",남성,아주 넉넉해요,꼼꼼해요,편리해요,Y
DP_046,덴프스 휘게엔자임 액티브 Fine 3개월/3BOX,https://smartstore.naver.com/main/products/8278907990,2024-06-14,5,"이영*효소 먹다가 이번에 한번 바꿔보려고 주문했어요
효과가 있었으면 좋겠어요",,꽤 남았어요,적당해요,편리해요,Y
DP_046,덴프스 휘게엔자임 액티브 Fine 3개월/3BOX,https://smartstore.naver.com/main/products/8278907990,2024-06-13,5,3번째구매네요 넘좋아요,여성,아주 넉넉해요,꼼꼼해요,편리해요,Y
DP_046,덴프스 휘게엔자임 액티브 Fine 3개월/3BOX,https://smartstore.naver.com/main/products/8278907990,2024-06-13,5,맛있고 먹기 편해요,,아주 넉넉해요,꼼꼼해요,편리해요,Y
DP_046,덴프스 휘게엔자임 액티브 Fine 3개월/3BOX,https://smartstore.naver.com/main/products/8278907990,2024-06-13,4,배송도 빠르고 좋아요,,꽤 남았어요,적당해요,편리해요,Y
DP_046,덴프스 휘게엔자임 액티브 Fine 3개월/3BOX,https://smartstore.naver.com/main/products/8278907990,2024-06-12,5,"고소하면서 파인맛이라 먹기도 좋아용
먹은지 하루라 효과는 잘 모르겠지만
꾸준히 먹다보면 좋겠쥬 ㅎ",남성,아주 넉넉해요,꼼꼼해요,편리해요,Y
DP_046,덴프스 휘게엔자임 액티브 Fine 3개월/3BOX,https://smartstore.naver.com/main/products/8278907990,2024-06-12,4,"아주 좋아요 과식했을때 두개먹을때도 있어요
소화잘되요",,꽤 남았어요,적당해요,편리해요,Y
DP_046,덴프스 휘게엔자임 액티브 Fine 3개월/3BOX,https://smartstore.naver.com/main/products/8278907990,2024-06-11,5,한번 먹어봤는데 확실히 소화가 편하네요! 근데 역류성식도염이 있던 터라 효소 먹고나니 조금 증상이 있는것 같아요 (없애주는걸로 알고있는데ㅋㅋ) 처음이라 그런것 같기도하네요,,꽤 남았어요,적당해요,편리해요,Y
DP_046,덴프스 휘게엔자임 액티브 Fine 3개월/3BOX,https://smartstore.naver.com/main/products/8278907990,2024-06-11,5,맛있는데 나 파인이런맛은 아니예요,여성,아주 넉넉해요,꼼꼼해요,편리해요,Y
DP_046,덴프스 휘게엔자임 액티브 Fine 3개월/3BOX,https://smartstore.naver.com/main/products/8278907990,2024-06-09,5,맛은 괜찮아요 효과가 있기를 바래요,,꽤 남았어요,적당해요,편리해요,Y
DP_046,덴프스 휘게엔자임 액티브 Fine 3개월/3BOX,https://smartstore.naver.com/main/products/8278907990,2024-06-07,5,한번씩 과식할때 속이 더부룩해서 먹으려고 샀어요 속이 편했음 좋겠네요~,,꽤 남았어요,적당해요,그냥그래요,Y
DP_046,덴프스 휘게엔자임 액티브 Fine 3개월/3BOX,https://smartstore.naver.com/main/products/8278907990,2024-06-07,5,한달사용아주 좋습니다 추천해요~~,남성,아주 넉넉해요,꼼꼼해요,편리해요,Y
DP_046,덴프스 휘게엔자임 액티브 Fine 3개월/3BOX,https://smartstore.naver.com/main/products/8278907990,2024-06-06,5,지인의추천으로 먹어보네요. 지난번에 몇개 먹어보니 좋아서 주문했어요. 아들과 함께 먹어보려고요,여성,아주 넉넉해요,꼼꼼해요,편리해요,Y
DP_046,덴프스 휘게엔자임 액티브 Fine 3개월/3BOX,https://smartstore.naver.com/main/products/8278907990,2024-05-31,5,대부분의 효소는 곡물맛이어서 그 목막히는 맛이 싫어서 효소를 망설이고 있었는데 지인이 준걸 먹어봤는데 이건 파인맛이어서 너무 맛있어서 구매해봤습니다. 배송 겁나 빨라서 너무 좋아요 먹어보고 효과 좋으면 또 구매하려구요,,꽤 남았어요,적당해요,편리해요,Y
DP_046,덴프스 휘게엔자임 액티브 Fine 3개월/3BOX,https://smartstore.naver.com/main/products/8278907990,2024-05-30,5,마침 더부룩할때 도착해서 먹어봤는데 음..한포 더 먹어볼게요,,꽤 남았어요,적당해요,편리해요,Y
DP_046,덴프스 휘게엔자임 액티브 Fine 3개월/3BOX,https://smartstore.naver.com/main/products/8278907990,2024-05-29,5,요즘 효소에 관심 많았는데 배송도 빠르고 좋네요. 잘 먹어보려구요,,아주 넉넉해요,꼼꼼해요,편리해요,Y
DP_046,덴프스 휘게엔자임 액티브 Fine 3개월/3BOX,https://smartstore.naver.com/main/products/8278907990,2024-05-28,5,먹기 편하고 맛도 괜찮아요~,,아주 넉넉해요,적당해요,편리해요,Y
DP_046,덴프스 휘게엔자임 액티브 Fine 3개월/3BOX,https://smartstore.naver.com/main/products/8278907990,2024-05-27,5,만족합니다 배송 빨라요,,아주 넉넉해요,꼼꼼해요,편리해요,Y
DP_046,덴프스 휘게엔자임 액티브 Fine 3개월/3BOX,https://smartstore.naver.com/main/products/8278907990,2024-05-25,5,최애 유산균입니다. 계속 이것만 구입해서 복묭하고 있습니다,,꽤 남았어요,꼼꼼해요,편리해요,Y
DP_046,덴프스 휘게엔자임 액티브 Fine 3개월/3BOX,https://smartstore.naver.com/main/products/8278907990,2024-05-23,5,재구매한달사용소화가 더 잘되는거 같아요,남성,아주 넉넉해요,꼼꼼해요,편리해요,Y
DP_046,덴프스 휘게엔자임 액티브 Fine 3개월/3BOX,https://smartstore.naver.com/main/products/8278907990,2024-05-21,5,한달사용배송빠르고 먹으면 속이편해져요,,아주 넉넉해요,꼼꼼해요,편리해요,Y
DP_046,덴프스 휘게엔자임 액티브 Fine 3개월/3BOX,https://smartstore.naver.com/main/products/8278907990,2024-05-16,5,재구매한달사용속이 아주 편하고 배가 자주 부글 거렸는데 그런 것이 없어졌어요~이젠 효소가 없음 안될것 같아요 너무 좋아요~,여성,아주 넉넉해요,꼼꼼해요,편리해요,Y
DP_046,덴프스 휘게엔자임 액티브 Fine 3개월/3BOX,https://smartstore.naver.com/main/products/8278907990,2024-05-10,5,재구매효과 좋와서 재구매해요,,아주 넉넉해요,꼼꼼해요,편리해요,Y
DP_046,덴프스 휘게엔자임 액티브 Fine 3개월/3BOX,https://smartstore.naver.com/main/products/8278907990,2024-04-19,5,다른제품도먹어봤는데휘게엔자임액티브제일효과있어서좋아요~소화도잘되고더부룩하지않아서좋아요~,여성,아주 넉넉해요,적당해요,편리해요,Y
DP_046,덴프스 휘게엔자임 액티브 Fine 3개월/3BOX,https://smartstore.naver.com/main/products/8278907990,2024-04-14,5,재구매한달사용몸이 편해지는 느낌이에요,,아주 넉넉해요,적당해요,그냥그래요,Y
DP_046,덴프스 휘게엔자임 액티브 Fine 3개월/3BOX,https://smartstore.naver.com/main/products/8278907990,2024-02-27,5,한달사용만족합니다..ㅈㅈ.,,아주 넉넉해요,꼼꼼해요,편리해요,Y
DP_046,덴프스 휘게엔자임 액티브 Fine 3개월/3BOX,https://smartstore.naver.com/main/products/8278907990,2024-02-13,5,곡물 맛 보단 상큼한 맛이 좀 더 강해사 죠아용 ㅎㅎ,,꽤 남았어요,꼼꼼해요,편리해요,Y
DP_046,덴프스 휘게엔자임 액티브 Fine 3개월/3BOX,https://smartstore.naver.com/main/products/8278907990,2024-02-01,5,한달사용효과좋고 최고입니다 성분맛도최고,,아주 넉넉해요,꼼꼼해요,편리해요,Y
DP_046,덴프스 휘게엔자임 액티브 Fine 3개월/3BOX,https://smartstore.naver.com/main/products/8278907990,2024-01-25,5,만족합니다.감사합니다.,,아주 넉넉해요,꼼꼼해요,편리해요,Y
DP_046,덴프스 휘게엔자임 액티브 Fine 3개월/3BOX,https://smartstore.naver.com/main/products/8278907990,2024-01-17,5,한달사용이거 먹고 소화가 더 잘되는거 같아요.,남성,꽤 남았어요,꼼꼼해요,편리해요,Y
DP_046,덴프스 휘게엔자임 액티브 Fine 3개월/3BOX,https://smartstore.naver.com/main/products/8278907990,2024-01-10,5,재구매한달사용변비가 좀심한데 이제품을 복용후 개선되었읍,,아주 넉넉해요,꼼꼼해요,편리해요,Y
DP_046,덴프스 휘게엔자임 액티브 Fine 3개월/3BOX,https://smartstore.naver.com/main/products/8278907990,2024-01-08,5,한달사용만족합니다 아주 좋습니다,남성,아주 넉넉해요,꼼꼼해요,편리해요,Y
DP_046,덴프스 휘게엔자임 액티브 Fine 3개월/3BOX,https://smartstore.naver.com/main/products/8278907990,2024-01-02,5,빠른배송 좋은제품 기대가큽니다 +5,,아주 넉넉해요,꼼꼼해요,편리해요,Y
DP_046,덴프스 휘게엔자임 액티브 Fine 3개월/3BOX,https://smartstore.naver.com/main/products/8278907990,2024-01-01,5,"한달사용꾸준히ㅈ먹어보려고합니다
먹고난후 효과가 있어요",,꽤 남았어요,적당해요,그냥그래요,Y
DP_046,덴프스 휘게엔자임 액티브 Fine 3개월/3BOX,https://smartstore.naver.com/main/products/8278907990,2023-12-26,5,빠른배송 감사합니다.,,아주 넉넉해요,꼼꼼해요,편리해요,Y
DP_046,덴프스 휘게엔자임 액티브 Fine 3개월/3BOX,https://smartstore.naver.com/main/products/8278907990,2023-12-21,5,아내가 좋았는지 사달라고 합니다,,꽤 남았어요,적당해요,편리해요,Y
DP_046,덴프스 휘게엔자임 액티브 Fine 3개월/3BOX,https://smartstore.naver.com/main/products/8278907990,2023-12-19,5,소화도 잘되고 맛도 좋와요~,,아주 넉넉해요,꼼꼼해요,편리해요,Y
DP_046,덴프스 휘게엔자임 액티브 Fine 3개월/3BOX,https://smartstore.naver.com/main/products/8278907990,2023-12-10,5,재구매매일매일 잘 쨍겨먹었더니 속도 편하고 다이어트에도 도움이 됨니다,,아주 넉넉해요,꼼꼼해요,편리해요,Y
DP_046,덴프스 휘게엔자임 액티브 Fine 3개월/3BOX,https://smartstore.naver.com/main/products/8278907990,2023-11-01,5,"한달사용앉아서 일만해서 소화기능이 떨어졌는데, 도움받고자 구입했어요. 처음에는 생각보다 상큼한 맛이라 별로였는데, 먹다보니 맛있어요 ㅋㅋ",,아주 넉넉해요,꼼꼼해요,편리해요,Y
DP_046,덴프스 휘게엔자임 액티브 Fine 3개월/3BOX,https://smartstore.naver.com/main/products/8278907990,2023-10-15,5,포장잘됐고 배송빠르고 효과기대해봅니다,,아주 넉넉해요,꼼꼼해요,편리해요,Y
DP_046,덴프스 휘게엔자임 액티브 Fine 3개월/3BOX,https://smartstore.naver.com/main/products/8278907990,2023-10-10,4,한달사용먹기에 편하고 맛은 맛있어요 근데 가격이 좀 있어서 꾸준히 먹을지 싶어요,,아주 넉넉해요,꼼꼼해요,편리해요,Y
DP_046,덴프스 휘게엔자임 액티브 Fine 3개월/3BOX,https://smartstore.naver.com/main/products/8278907990,2023-10-04,5,한달사용곡용이 편하고 먹고나면 몸이 가벼워지는 것 같다,여성,아주 넉넉해요,꼼꼼해요,편리해요,Y
DP_046,덴프스 휘게엔자임 액티브 Fine 3개월/3BOX,https://smartstore.naver.com/main/products/8278907990,2023-09-27,5,사무직이라 맨날 앉아만 있어서 소화가 될 되는 느낌이라 구입했어요. 파인애플 맛이라 상큼한 요거트랑 먹으면 궁합이 더 좋을거 같아요.,,아주 넉넉해요,꼼꼼해요,편리해요,Y
DP_046,덴프스 휘게엔자임 액티브 Fine 3개월/3BOX,https://smartstore.naver.com/main/products/8278907990,2023-09-03,4,"한달사용맛도 먹기도 편했어요
근데 저는먹으면 배에 가스가 차는거같긴한데
배변활동에 도움받았어요",여성,아주 넉넉해요,꼼꼼해요,편리해요,Y
DP_046,덴프스 휘게엔자임 액티브 Fine 3개월/3BOX,https://smartstore.naver.com/main/products/8278907990,2023-08-20,5,처음 구매 했는데 복용이 간편해요,,아주 넉넉해요,꼼꼼해요,편리해요,Y
DP_046,덴프스 휘게엔자임 액티브 Fine 3개월/3BOX,https://smartstore.naver.com/main/products/8278907990,2023-08-12,4,"밥을 먹으면 자주 체하고 소화가 힘들었는데 밥 먹은후 효소를 먹고나면 전보다 편합니다.
지금 같으면 계속 먹을것 같아요.",,꽤 남았어요,적당해요,편리해요,Y
DP_046,덴프스 휘게엔자임 액티브 Fine 3개월/3BOX,https://smartstore.naver.com/main/products/8278907990,2023-08-09,5,배송이 정말 빠르네요. 포장도 꼼꼼하고 아직 복용하지는 않았지만 꾸준히 먹어보려고요,남성,아주 넉넉해요,꼼꼼해요,편리해요,Y
DP_046,덴프스 휘게엔자임 액티브 Fine 3개월/3BOX,https://smartstore.naver.com/main/products/8278907990,2023-08-02,5,맛은 먹기 편한 단맛이 있어 물없이 털어먹기 좋아요 내몸이 좋아지길 바라며 열심히 먹어보렵니다,,아주 넉넉해요,꼼꼼해요,편리해요,Y
DP_046,덴프스 휘게엔자임 액티브 Fine 3개월/3BOX,https://smartstore.naver.com/main/products/8278907990,2023-07-30,4,"파인애플과 미숫가루 둘다 맛이 느껴지고 맛있어요^^
그리고 먹고 시간지나면 속이 편해지고
무엇보다 배변활동에도 좋은거 같아요 ?
1",,아주 넉넉해요,적당해요,편리해요,Y
DP_046,덴프스 휘게엔자임 액티브 Fine 3개월/3BOX,https://smartstore.naver.com/main/products/8278907990,2023-07-28,5,"요즘 소화가 안되서 구매했어요
효소 처음 먹어보는데 일단 맛이 나쁘지않아
먹기편하네요! 한달 잘먹어보고 다시 후기남길께요 ?
1",여성,아주 넉넉해요,꼼꼼해요,편리해요,Y
DP_046,덴프스 휘게엔자임 액티브 Fine 3개월/3BOX,https://smartstore.naver.com/main/products/8278907990,2023-07-12,5,"재구매또 재구매합니다
식사후 꼭 먹어요 속이 편해요",,꽤 남았어요,적당해요,편리해요,Y
DP_046,덴프스 휘게엔자임 액티브 Fine 3개월/3BOX,https://smartstore.naver.com/main/products/8278907990,2023-05-23,3,"첫구매인되
어디가좋아지는지는잘모르겠요 ?
1",,아주 넉넉해요,꼼꼼해요,편리해요,Y
DP_046,덴프스 휘게엔자임 액티브 Fine 3개월/3BOX,https://smartstore.naver.com/main/products/8278907990,2023-05-10,5,"재구매3개월 먹어보고 또 주문해요
소화 배출 모두 좋아요~~",,꽤 남았어요,꼼꼼해요,편리해요,Y
DP_046,덴프스 휘게엔자임 액티브 Fine 3개월/3BOX,https://smartstore.naver.com/main/products/8278907990,2023-04-03,5,빠른 배송 감사합니다!,,아주 넉넉해요,꼼꼼해요,편리해요,Y
DP_046,덴프스 휘게엔자임 액티브 Fine 3개월/3BOX,https://smartstore.naver.com/main/products/8278907990,2023-03-29,5,"좋다는 소문듣고 주문^^
일단 먹기편하고 맛도 있고 거부감은 없어요
먹고난뒤 속도 편해지는듯~~",,꽤 남았어요,꼼꼼해요,편리해요,Y
DP_046,덴프스 휘게엔자임 액티브 Fine 3개월/3BOX,https://smartstore.naver.com/main/products/8278907990,2023-03-24,5,"다른효소랑 다르게 엄청맛있어요. 파인맛도 나고^^
완전 만족합니다",,아주 넉넉해요,꼼꼼해요,편리해요,Y
