﻿상품코드,상품명,URL,날짜,별점,리뷰텍스트,구매자 성별,유통기한,포장,편리,판매여부
DP_230,"덴마크 유산균이야기 더마 28캡슐, 2개",https://smartstore.naver.com/main/products/12172700875,2025-10-03,3,"개당 수량: 28캡슐 / 수량: 2개
 한달사용효과를 전혀 모르겠네요. 3-4알씩 먹어도 같은 회사 일반 유산균 제품과 비교해도 효과가 떨어져요. 그냥 좋으려니 믿고 섭취해야할 듯.",남성,꽤 남았어요,적당해요,편리해요,Y
DP_230,"덴마크 유산균이야기 더마 28캡슐, 2개",https://smartstore.naver.com/main/products/12172700875,2025-10-03,5,"개당 수량: 28캡슐 / 수량: 3개
 한달사용피부 건조증이 개선되고 있어요. 효과가 급속도로 있는것은 아니지만 점점 건조해서 가려운것이 줄어들고 있네요.",,아주 넉넉해요,꼼꼼해요,편리해요,Y
DP_230,"덴마크 유산균이야기 더마 28캡슐, 2개",https://smartstore.naver.com/main/products/12172700875,2025-10-02,5,"개당 수량: 28캡슐 / 수량: 3개
건강관심사 노화방지면역력장건강
 덴프스만 먹는데, 요번에도 다른걸로 먹어봅니다!",남성,아주 넉넉해요,꼼꼼해요,편리해요,Y
DP_230,"덴마크 유산균이야기 더마 28캡슐, 2개",https://smartstore.naver.com/main/products/12172700875,2025-10-01,5,"개당 수량: 28캡슐 / 수량: 3개
건강관심사 노화방지근육/체력관절/뼈건강
 간편하게 먹을 수 있고 실제로도 피부가 좋아지는걸 느끼고있습니다!",여성,아주 넉넉해요,꼼꼼해요,편리해요,Y
DP_230,"덴마크 유산균이야기 더마 28캡슐, 2개",https://smartstore.naver.com/main/products/12172700875,2025-09-29,5,"개당 수량: 28캡슐 / 수량: 3개
 효과있길 바라면서 꾸준히먹어볼게요^^",,아주 넉넉해요,꼼꼼해요,편리해요,Y
DP_230,"덴마크 유산균이야기 더마 28캡슐, 2개",https://smartstore.naver.com/main/products/12172700875,2025-09-28,5,"개당 수량: 28캡슐 / 수량: 1개
 한달사용목넘김 편하고 좋아요",,아주 넉넉해요,적당해요,편리해요,Y
DP_230,"덴마크 유산균이야기 더마 28캡슐, 2개",https://smartstore.naver.com/main/products/12172700875,2025-09-26,5,"개당 수량: 28캡슐 / 수량: 3개
건강관심사 노화방지근육/체력장건강
 큰맘먹고 샀는데 열심히 먹고 효과 보려구요",남성,아주 넉넉해요,꼼꼼해요,편리해요,Y
DP_230,"덴마크 유산균이야기 더마 28캡슐, 2개",https://smartstore.naver.com/main/products/12172700875,2025-09-26,4,"개당 수량: 28캡슐 / 수량: 3개
 한달사용피부까지 생각해서 구매해봤어요",여성,꽤 남았어요,적당해요,편리해요,Y
DP_230,"덴마크 유산균이야기 더마 28캡슐, 2개",https://smartstore.naver.com/main/products/12172700875,2025-09-25,5,"개당 수량: 28캡슐 / 수량: 3개
 덴마크유산균은 우리집 건강지키미^^
가격도 상품도 배송도 만족
사은품도 대박이네요♡♡♡",,아주 넉넉해요,꼼꼼해요,편리해요,Y
DP_230,"덴마크 유산균이야기 더마 28캡슐, 2개",https://smartstore.naver.com/main/products/12172700875,2025-09-25,5,"개당 수량: 28캡슐 / 수량: 2개
건강관심사 노화방지
 너무 너무 너무 맛있어요",남성,아주 넉넉해요,꼼꼼해요,편리해요,Y
DP_230,"덴마크 유산균이야기 더마 28캡슐, 2개",https://smartstore.naver.com/main/products/12172700875,2025-09-24,4,"개당 수량: 28캡슐 / 수량: 1개
건강관심사 면역력여성건강
 한달사용피부유산균이라고하니 호기심에 구매했답니다. 한달먹어서 무슨 효과인지 모르겠지만 덴프스는 항상 무난하게 믿고 구입합니다",여성,아주 넉넉해요,꼼꼼해요,편리해요,Y
DP_230,"덴마크 유산균이야기 더마 28캡슐, 2개",https://smartstore.naver.com/main/products/12172700875,2025-09-23,5,"개당 수량: 28캡슐 / 수량: 3개
건강관심사 면역력
 한달사용효과가 좋습니다. 적극 추천 드립니다",남성,아주 넉넉해요,꼼꼼해요,편리해요,Y
DP_230,"덴마크 유산균이야기 더마 28캡슐, 2개",https://smartstore.naver.com/main/products/12172700875,2025-09-23,3,"개당 수량: 28캡슐 / 수량: 1개
 한달사용피부땜에 먹었습니다
잘은 모르겠다는…",여성,꽤 남았어요,적당해요,그냥그래요,Y
DP_230,"덴마크 유산균이야기 더마 28캡슐, 2개",https://smartstore.naver.com/main/products/12172700875,2025-09-23,4,"개당 수량: 28캡슐 / 수량: 1개
 한달사용한달 먹고는 잘 모르갰네요
냉장보관 아닌건 편리해요",,꽤 남았어요,적당해요,편리해요,Y
DP_230,"덴마크 유산균이야기 더마 28캡슐, 2개",https://smartstore.naver.com/main/products/12172700875,2025-09-21,5,"개당 수량: 28캡슐 / 수량: 1개
건강관심사 면역력근육/체력피로회복
 한달사용목넘김 좋은 사이즈에요. 유산균에 피부까지 생각할 수 있어 좋은데 더 장기적으로 먹어봐야 할 것 같아요",여성,꽤 남았어요,적당해요,편리해요,Y
DP_230,"덴마크 유산균이야기 더마 28캡슐, 2개",https://smartstore.naver.com/main/products/12172700875,2025-09-19,4,"개당 수량: 28캡슐 / 수량: 3개
 한달사용사실 독한 피부과약을 복용해도 그때뿐이고 그냥 관리차원에서 먹어주자 하고 사본거라서 무슨 다이내믹한 변화는 못느껴요 ㅋㅋ 그래도 알약이 소형이라 먹기는 편리합니다..",,꽤 남았어요,적당해요,편리해요,Y
DP_230,"덴마크 유산균이야기 더마 28캡슐, 2개",https://smartstore.naver.com/main/products/12172700875,2025-09-19,5,"개당 수량: 28캡슐 / 수량: 1개
 한달사용덴프스 유산균은 필수품으로 두고 먹습니다.",,아주 넉넉해요,꼼꼼해요,편리해요,Y
DP_230,"덴마크 유산균이야기 더마 28캡슐, 2개",https://smartstore.naver.com/main/products/12172700875,2025-09-17,5,"개당 수량: 28캡슐 / 수량: 4개
건강관심사 면역력장건강
 피부에도 도움이 되는 유산균. 기대가 크네요.",남성,아주 넉넉해요,꼼꼼해요,편리해요,Y
DP_230,"덴마크 유산균이야기 더마 28캡슐, 2개",https://smartstore.naver.com/main/products/12172700875,2025-09-16,5,"개당 수량: 28캡슐 / 수량: 1개
 믿고먹는 유산균이야기❤️",,아주 넉넉해요,꼼꼼해요,편리해요,Y
DP_230,"덴마크 유산균이야기 더마 28캡슐, 2개",https://smartstore.naver.com/main/products/12172700875,2025-09-16,5,"개당 수량: 28캡슐 / 수량: 3개
건강관심사 면역력
 한달사용먹기 편해요ᆢ효과는 아직 모르겠네요^^",여성,아주 넉넉해요,꼼꼼해요,편리해요,Y
DP_230,"덴마크 유산균이야기 더마 28캡슐, 2개",https://smartstore.naver.com/main/products/12172700875,2025-09-16,5,"개당 수량: 28캡슐 / 수량: 1개
건강관심사 면역력
 한달사용확실히 장이 튼튼해졌어요
배아픔 사라지고 피부도 부드럽고",여성,아주 넉넉해요,꼼꼼해요,편리해요,Y
DP_230,"덴마크 유산균이야기 더마 28캡슐, 2개",https://smartstore.naver.com/main/products/12172700875,2025-09-15,5,"개당 수량: 28캡슐 / 수량: 1개
 한달사용요즘 계속 먹으니 속도 편하고 좋습니다.
앞으로도 꾸준히 먹겠습니다.",,아주 넉넉해요,꼼꼼해요,편리해요,Y
DP_230,"덴마크 유산균이야기 더마 28캡슐, 2개",https://smartstore.naver.com/main/products/12172700875,2025-09-15,5,"개당 수량: 28캡슐 / 수량: 3개
 잘 받았습니다! 감사합니다.",여성,꽤 남았어요,적당해요,편리해요,Y
DP_230,"덴마크 유산균이야기 더마 28캡슐, 2개",https://smartstore.naver.com/main/products/12172700875,2025-09-15,5,"개당 수량: 28캡슐 / 수량: 1개
 한달사용잘먹고있습니다....",여성,아주 넉넉해요,꼼꼼해요,편리해요,Y
DP_230,"덴마크 유산균이야기 더마 28캡슐, 2개",https://smartstore.naver.com/main/products/12172700875,2025-09-14,3,"개당 수량: 28캡슐 / 수량: 3개
 한달사용기존에 유산균 우먼을 먹었는데, 우먼을 복용했을때는 확실히 효과가 있었거든요. 그런데 얘는
가격도 많이 비싼데 피부가 특별히 좋아졌다던가
수분이 많아졌다든가. .하는 변화가 없어요.
석달치 샀는데 다 먹으면 다시 우먼으로 바꿀거예요.",여성,아주 넉넉해요,꼼꼼해요,편리해요,Y
DP_230,"덴마크 유산균이야기 더마 28캡슐, 2개",https://smartstore.naver.com/main/products/12172700875,2025-09-14,4,"개당 수량: 28캡슐 / 수량: 1개
 아직 먹기전인데 피부에 특화된거 같아서 기대됩니다~",,꽤 남았어요,적당해요,편리해요,Y
DP_230,"덴마크 유산균이야기 더마 28캡슐, 2개",https://smartstore.naver.com/main/products/12172700875,2025-09-13,5,"개당 수량: 28캡슐 / 수량: 1개
 한달사용한달분 다 섭취완료했네요",,아주 넉넉해요,꼼꼼해요,편리해요,Y
DP_230,"덴마크 유산균이야기 더마 28캡슐, 2개",https://smartstore.naver.com/main/products/12172700875,2025-09-13,5,"개당 수량: 28캡슐 / 수량: 4개
 이번엔 더마버전으로 사봣어요",,꽤 남았어요,적당해요,그냥그래요,Y
DP_230,"덴마크 유산균이야기 더마 28캡슐, 2개",https://smartstore.naver.com/main/products/12172700875,2025-09-12,5,"개당 수량: 28캡슐 / 수량: 1개
 한달사용피부좋아지고 이런건 솔직히 잘 모르겠어요 그냥 잘 먹고잇습니다",,아주 넉넉해요,꼼꼼해요,편리해요,Y
DP_230,"덴마크 유산균이야기 더마 28캡슐, 2개",https://smartstore.naver.com/main/products/12172700875,2025-09-12,5,"개당 수량: 28캡슐 / 수량: 3개
 꾸준히 먹어보고 한달 후기 남길게요!",,꽤 남았어요,적당해요,편리해요,Y
DP_230,"덴마크 유산균이야기 더마 28캡슐, 2개",https://smartstore.naver.com/main/products/12172700875,2025-09-11,5,"개당 수량: 28캡슐 / 수량: 3개
 한달사용피부염때문에 꾸준히 섭취중입니다",,아주 넉넉해요,꼼꼼해요,편리해요,Y
DP_230,"덴마크 유산균이야기 더마 28캡슐, 2개",https://smartstore.naver.com/main/products/12172700875,2025-09-10,5,"개당 수량: 28캡슐 / 수량: 3개
건강관심사 면역력
 스킨부스터 사은품까지 감사해요
재구매입니다^^",여성,아주 넉넉해요,꼼꼼해요,편리해요,Y
DP_230,"덴마크 유산균이야기 더마 28캡슐, 2개",https://smartstore.naver.com/main/products/12172700875,2025-09-10,4,"개당 수량: 28캡슐 / 수량: 1개
 한달사용한달 복용완료 더 먹어봐야 알 것 같습니다",,아주 넉넉해요,적당해요,편리해요,Y
DP_230,"덴마크 유산균이야기 더마 28캡슐, 2개",https://smartstore.naver.com/main/products/12172700875,2025-09-09,5,"개당 수량: 28캡슐 / 수량: 3개
건강관심사 면역력
 기존 유산균이 남아있어 아직 개봉 전ᆢ낼 개봉입니다^^ㅎㅎ",여성,아주 넉넉해요,꼼꼼해요,편리해요,Y
DP_230,"덴마크 유산균이야기 더마 28캡슐, 2개",https://smartstore.naver.com/main/products/12172700875,2025-09-09,5,"개당 수량: 28캡슐 / 수량: 2개
 알이 크지않고 비릿한 향도 없어서 깔끔하게 먹기좋고 설사나 부작용없이 잘맞아요",,꽤 남았어요,적당해요,편리해요,Y
DP_230,"덴마크 유산균이야기 더마 28캡슐, 2개",https://smartstore.naver.com/main/products/12172700875,2025-09-07,3,"개당 수량: 28캡슐 / 수량: 3개
 아직은 좋은지 잘 모르겠어요^^;;",,꽤 남았어요,적당해요,그냥그래요,Y
DP_230,"덴마크 유산균이야기 더마 28캡슐, 2개",https://smartstore.naver.com/main/products/12172700875,2025-09-05,5,"개당 수량: 28캡슐 / 수량: 3개
건강관심사 노화방지장건강피로회복
 항상 먹는 곳인데 이번에 신제품이 나와서 효과를 기대해 보고 구매합니다. 항상 믿고 먹는 덴프스니까 ^^",여성,아주 넉넉해요,꼼꼼해요,편리해요,Y
DP_230,"덴마크 유산균이야기 더마 28캡슐, 2개",https://smartstore.naver.com/main/products/12172700875,2025-09-03,5,"개당 수량: 28캡슐 / 수량: 1개
 장과 더불어 피부에도 좋다고 해서 구매해봤어요.
크게 차이점은 모르겠지만 여름에는 더마 제품으로 구매해보려해요.",,꽤 남았어요,적당해요,편리해요,Y
DP_230,"덴마크 유산균이야기 더마 28캡슐, 2개",https://smartstore.naver.com/main/products/12172700875,2025-09-02,5,"개당 수량: 28캡슐 / 수량: 1개
건강관심사 면역력
 크기가작아서 먹기편해요",여성,아주 넉넉해요,꼼꼼해요,편리해요,Y
DP_230,"덴마크 유산균이야기 더마 28캡슐, 2개",https://smartstore.naver.com/main/products/12172700875,2025-09-02,5,"개당 수량: 28캡슐 / 수량: 1개
 원래부터 덴마크 덴프스유산균을 먹고있었는데요. 신제품이 출시되어서 주문해 봤는데 만족스러워요",,아주 넉넉해요,꼼꼼해요,편리해요,Y
DP_230,"덴마크 유산균이야기 더마 28캡슐, 2개",https://smartstore.naver.com/main/products/12172700875,2025-09-01,5,"개당 수량: 28캡슐 / 수량: 1개
구매자선택안함
 좋아요!!!!!!!!!!",,아주 넉넉해요,꼼꼼해요,편리해요,Y
DP_230,"덴마크 유산균이야기 더마 28캡슐, 2개",https://smartstore.naver.com/main/products/12172700875,2025-08-29,5,"개당 수량: 28캡슐 / 수량: 1개
 아직 잘 모르겠어요 처음 시켜먹어봐요",,아주 넉넉해요,꼼꼼해요,편리해요,Y
DP_230,"덴마크 유산균이야기 더마 28캡슐, 2개",https://smartstore.naver.com/main/products/12172700875,2025-08-29,5,"개당 수량: 28캡슐 / 수량: 3개
건강관심사 노화방지눈건강장건강
 피부속수분 더마 구매해봅니다~ 가족모두 건조라 함께먹고 후기 더 남길께요 늘 먹던 덴마크라 늘 믿고 구매합니다~",남성,아주 넉넉해요,꼼꼼해요,편리해요,Y
DP_230,"덴마크 유산균이야기 더마 28캡슐, 2개",https://smartstore.naver.com/main/products/12172700875,2025-08-28,5,"개당 수량: 28캡슐 / 수량: 3개
 피부가 너무 건조해서 먹어보려합니다. 효과있으면 바래봅니다. 먹기 편해요~",,아주 넉넉해요,꼼꼼해요,편리해요,Y
DP_230,"덴마크 유산균이야기 더마 28캡슐, 2개",https://smartstore.naver.com/main/products/12172700875,2025-08-27,5,"개당 수량: 28캡슐 / 수량: 3개
건강관심사 면역력수면건강피로회복
 덴프스 유산균 제품들을 다양하게 먹어왔는데 만족스러워서 이번엔 더마 유산균 신제품으로 선택했습니다. 피부 유산균이라니 색다르고, 효과가 어떨지 기대됩니다. 
?
1",여성,아주 넉넉해요,꼼꼼해요,편리해요,Y
DP_230,"덴마크 유산균이야기 더마 28캡슐, 2개",https://smartstore.naver.com/main/products/12172700875,2025-08-26,5,"개당 수량: 28캡슐 / 수량: 1개
건강관심사 면역력
 여드름난 아이에게 먹여보았더니 효과가 좀 있네요. 계속 구매할 의사 100%",여성,아주 넉넉해요,꼼꼼해요,편리해요,Y
DP_230,"덴마크 유산균이야기 더마 28캡슐, 2개",https://smartstore.naver.com/main/products/12172700875,2025-08-24,5,"개당 수량: 28캡슐 / 수량: 1개
 먹기퍈해요!!!!!",,아주 넉넉해요,적당해요,편리해요,Y
DP_230,"덴마크 유산균이야기 더마 28캡슐, 2개",https://smartstore.naver.com/main/products/12172700875,2025-08-24,4,"개당 수량: 28캡슐 / 수량: 1개
 유산균인데 실온 보관이라 사봤오요",,꽤 남았어요,적당해요,편리해요,Y
DP_230,"덴마크 유산균이야기 더마 28캡슐, 2개",https://smartstore.naver.com/main/products/12172700875,2025-08-24,4,"개당 수량: 28캡슐 / 수량: 1개
 피부유산균이라 해서 시켜봤슴돠
한달 이상 묵어볼게요",여성,꽤 남았어요,적당해요,편리해요,Y
DP_230,"덴마크 유산균이야기 더마 28캡슐, 2개",https://smartstore.naver.com/main/products/12172700875,2025-08-23,5,"개당 수량: 28캡슐 / 수량: 3개
 요즘 피부가 푸석하고 가렵고 예전같지않아서 구입해봤어요 열심히 먹어볼께요",여성,아주 넉넉해요,꼼꼼해요,편리해요,Y
DP_230,"덴마크 유산균이야기 더마 28캡슐, 2개",https://smartstore.naver.com/main/products/12172700875,2025-08-22,4,"개당 수량: 28캡슐 / 수량: 1개
건강관심사 장건강
 궁금해서 구매했어요~~더마유산균 처음이라 피부건강은 잘모르겠고.유산균 기능은 좋은것같아요",여성,꽤 남았어요,꼼꼼해요,편리해요,Y
DP_230,"덴마크 유산균이야기 더마 28캡슐, 2개",https://smartstore.naver.com/main/products/12172700875,2025-08-21,5,"개당 수량: 28캡슐 / 수량: 1개
 유산균 유목민 입니다. 많은 유산균을 먹었지만 . 아직도 유목민. 한번 먹어보고 리뷰 남길게요~",여성,아주 넉넉해요,꼼꼼해요,편리해요,Y
DP_230,"덴마크 유산균이야기 더마 28캡슐, 2개",https://smartstore.naver.com/main/products/12172700875,2025-08-21,4,"개당 수량: 28캡슐 / 수량: 3개
 라방 할인에 콜라겐까지 증정이라서 좋네요.",여성,꽤 남았어요,적당해요,편리해요,Y
DP_230,"덴마크 유산균이야기 더마 28캡슐, 2개",https://smartstore.naver.com/main/products/12172700875,2025-08-21,5,"개당 수량: 28캡슐 / 수량: 3개
 덴프스 유산균 신제품이라길래 사봤어요. 덴프스의 여러 종류 유산균을 두루 먹어봤는데 피부에 좋은 유산균이라니 자연스레 구매하게 되었어요. 평소 덴프스 콜라겐 자주 먹고 있는데 같이 섭취하면 더 좋을거 같네요!",,꽤 남았어요,꼼꼼해요,편리해요,Y
DP_230,"덴마크 유산균이야기 더마 28캡슐, 2개",https://smartstore.naver.com/main/products/12172700875,2025-08-21,5,"개당 수량: 28캡슐 / 수량: 3개
 새로 나왔다고 해서 구입했는데 효과가 있으면 좋겠어요",,아주 넉넉해요,꼼꼼해요,편리해요,Y
DP_230,"덴마크 유산균이야기 더마 28캡슐, 2개",https://smartstore.naver.com/main/products/12172700875,2025-08-20,5,"개당 수량: 28캡슐 / 수량: 3개
건강관심사 노화방지피로회복
 더마는 처음이지만 아이들을 위해주문합니다",여성,아주 넉넉해요,꼼꼼해요,편리해요,Y
DP_230,"덴마크 유산균이야기 더마 28캡슐, 2개",https://smartstore.naver.com/main/products/12172700875,2025-08-20,4,"개당 수량: 28캡슐 / 수량: 3개
 어째 본품보다 사은품이 더 많아보일까요 ㅎㅎ 행사가로 잘 샀어요.. 피부유산균은 처음인데 효과 좋으면 좋겠어요~~",,꽤 남았어요,적당해요,그냥그래요,Y
DP_230,"덴마크 유산균이야기 더마 28캡슐, 2개",https://smartstore.naver.com/main/products/12172700875,2025-08-20,4,"개당 수량: 28캡슐 / 수량: 1개
 한알만 먹어도 되는거 너무 좋아요",,아주 넉넉해요,꼼꼼해요,편리해요,Y
DP_230,"덴마크 유산균이야기 더마 28캡슐, 2개",https://smartstore.naver.com/main/products/12172700875,2025-08-20,5,"개당 수량: 28캡슐 / 수량: 3개
 BEST더마 유산균은 신제품이라 궁금해서 구매해 보았습니다. 이전에는 여성용 유산균을 섭취했는데, 이번 제품도 알약 사이즈가 동일하게 작아 삼키기에 부담이 없었습니다. 작은 사이즈 덕분에 매일 꾸준히 섭취하기 편리했고, 용기 디자인도 깔끔하고 사용하기 좋아 보관이나 휴대가 간단했습니다. 섭취하면서 불편함 없이 간편하게 챙길 수 있다는 점에서 긍정적으로 평가할 수 있었습니다. 아직 장기적인 효과는 더 지켜봐야겠지만, 전반적인 만족도가 높아 재구매 의사가 있습니다. 네이버 행사로 합리적인 가격에 구매할 수 있었던 점도 만족스럽고, 배송 역시 빠르게 이루어져 전체적으로 구매 경험이 좋았습니다.",,아주 넉넉해요,꼼꼼해요,편리해요,Y
DP_230,"덴마크 유산균이야기 더마 28캡슐, 2개",https://smartstore.naver.com/main/products/12172700875,2025-08-20,5,"개당 수량: 28캡슐 / 수량: 3개
 BEST원래 덴프스 유산균 기본버전 먹다가 광고로 이 피부 유산균을 보게 되었어요. 마침 유산균 주문 하려했었는데 피부에 좋은 유산균 이라 해서 주문했습니다. 배송 잘 도착했고 함께 온 콜라겐 하나 뜯어서 먹어봤는데 비리지않고 맛있네요ㅎ",,꽤 남았어요,적당해요,편리해요,Y
DP_230,"덴마크 유산균이야기 더마 28캡슐, 2개",https://smartstore.naver.com/main/products/12172700875,2025-08-20,5,"개당 수량: 28캡슐 / 수량: 1개
건강관심사 면역력근육/체력피로회복
 덴프스 유산균을 눈여겨 보고만 있다가 이번에 유산균 바꾸면서 피부에도 좋다고 하니 테스트겸 한병만 주문해 보았습니다. 길게 먹어봐야 겠지만 아직은 먹기에는 편합니다.",여성,아주 넉넉해요,꼼꼼해요,편리해요,Y
DP_230,"덴마크 유산균이야기 더마 28캡슐, 2개",https://smartstore.naver.com/main/products/12172700875,2025-08-17,5,"개당 수량: 28캡슐 / 수량: 1개
건강관심사 면역력
 패키지가
예뻐요
꾸준히 먹어 볼게요",여성,아주 넉넉해요,꼼꼼해요,편리해요,Y
DP_230,"덴마크 유산균이야기 더마 28캡슐, 2개",https://smartstore.naver.com/main/products/12172700875,2025-08-16,5,"개당 수량: 28캡슐 / 수량: 1개
 먹고나면 피부가 정말 좋아질까요 기대하며 먹어볼게요",,아주 넉넉해요,꼼꼼해요,편리해요,Y
DP_230,"덴마크 유산균이야기 더마 28캡슐, 2개",https://smartstore.naver.com/main/products/12172700875,2025-08-16,5,"개당 수량: 28캡슐 / 수량: 1개
 새로운 유산균 이라 관심이 많더라고요",,아주 넉넉해요,꼼꼼해요,편리해요,Y
DP_230,"덴마크 유산균이야기 더마 28캡슐, 2개",https://smartstore.naver.com/main/products/12172700875,2025-08-16,5,"개당 수량: 28캡슐 / 수량: 3개
 장도 챙기고 피부도 챙기고 효과가 좋았으면 좋겠습니다",여성,아주 넉넉해요,꼼꼼해요,편리해요,Y
DP_230,"덴마크 유산균이야기 더마 28캡슐, 2개",https://smartstore.naver.com/main/products/12172700875,2025-08-15,5,"개당 수량: 28캡슐 / 수량: 3개
 60대에 들어서면서 소화력이 떨어지고 면역력이 걱정됐는데 건강을 잘 챙겨서 활력있게 사는 친구가덴프스 유산균을 추천해줘서 구입했어요",,아주 넉넉해요,꼼꼼해요,편리해요,Y
DP_230,"덴마크 유산균이야기 더마 28캡슐, 2개",https://smartstore.naver.com/main/products/12172700875,2025-08-14,5,"개당 수량: 28캡슐 / 수량: 1개
 빠른배송 만족합니다.",,꽤 남았어요,적당해요,편리해요,Y
DP_230,"덴마크 유산균이야기 더마 28캡슐, 2개",https://smartstore.naver.com/main/products/12172700875,2025-08-14,5,"개당 수량: 28캡슐 / 수량: 1개
 이번에나온신재품이라주문했어요..피부보습에좋다하니꾸준히먹을께요...",여성,아주 넉넉해요,꼼꼼해요,편리해요,Y
DP_230,"덴마크 유산균이야기 더마 28캡슐, 2개",https://smartstore.naver.com/main/products/12172700875,2025-08-13,5,"개당 수량: 28캡슐 / 수량: 1개
건강관심사 노화방지면역력여성건강
 가지고 다니면서 먹기 편해요!
덴푸스 제품 믿을만한 제품이라 생각하고 꾸준히 복용 할 예정입니다!",여성,아주 넉넉해요,꼼꼼해요,편리해요,Y
DP_230,"덴마크 유산균이야기 더마 28캡슐, 2개",https://smartstore.naver.com/main/products/12172700875,2025-08-13,5,"개당 수량: 28캡슐 / 수량: 1개
 다른 제품도 먹어보았기에 믿고 구매해봤습니다.",,아주 넉넉해요,꼼꼼해요,편리해요,Y
DP_230,"덴마크 유산균이야기 더마 28캡슐, 2개",https://smartstore.naver.com/main/products/12172700875,2025-08-13,5,"개당 수량: 28캡슐 / 수량: 1개
 요즘 피부유산균 많던데~덴프스라 믿고 구입해봅니다~효과보면 좋겠어요~",,아주 넉넉해요,꼼꼼해요,편리해요,Y
DP_230,"덴마크 유산균이야기 더마 28캡슐, 2개",https://smartstore.naver.com/main/products/12172700875,2025-08-12,5,"개당 수량: 28캡슐 / 수량: 3개
 덴프스 우먼 먹고있는데, 더마가 새로 나왔다해서구매했어요. 갱년기라 피부에 도움될거라
굳게믿고~구매",여성,아주 넉넉해요,꼼꼼해요,편리해요,Y
DP_230,"덴마크 유산균이야기 더마 28캡슐, 2개",https://smartstore.naver.com/main/products/12172700875,2025-08-12,5,"개당 수량: 28캡슐 / 수량: 1개
건강관심사 면역력근육/체력여성건강
 먹기간편하고 휴대하기편해요",여성,아주 넉넉해요,꼼꼼해요,편리해요,Y
DP_230,"덴마크 유산균이야기 더마 28캡슐, 2개",https://smartstore.naver.com/main/products/12172700875,2025-08-11,5,"개당 수량: 28캡슐 / 수량: 1개
 피부에 도움되었으면해요",,아주 넉넉해요,꼼꼼해요,편리해요,Y
DP_230,"덴마크 유산균이야기 더마 28캡슐, 2개",https://smartstore.naver.com/main/products/12172700875,2025-08-11,5,"개당 수량: 28캡슐 / 수량: 3개
 덴마크유산균 브랜드믿고 구매했어요
잘먹을게요",여성,아주 넉넉해요,꼼꼼해요,편리해요,Y
DP_230,"덴마크 유산균이야기 더마 28캡슐, 2개",https://smartstore.naver.com/main/products/12172700875,2025-08-11,5,"개당 수량: 28캡슐 / 수량: 3개
건강관심사 면역력
 신제품 기대가 큽니다 기존 유산균은 저한테는 잘 맞네요 서비스 비타민도 잘 먹겠습니다",남성,아주 넉넉해요,꼼꼼해요,편리해요,Y
DP_230,"덴마크 유산균이야기 더마 28캡슐, 2개",https://smartstore.naver.com/main/products/12172700875,2025-08-10,5,"개당 수량: 28캡슐 / 수량: 3개
 습진때문에 고생인데 도움이 되길 바라며 ㅠㅠ",,아주 넉넉해요,꼼꼼해요,편리해요,Y
DP_230,"덴마크 유산균이야기 더마 28캡슐, 2개",https://smartstore.naver.com/main/products/12172700875,2025-08-10,5,"개당 수량: 28캡슐 / 수량: 1개
건강관심사 면역력장건강관절/뼈건강
 피부보습을 위한 더마는 우리 남편이 도전!!
다이어트유산균 먹고 있는데 이번에 한번 먹어보려합니다",여성,아주 넉넉해요,꼼꼼해요,편리해요,Y
DP_230,"덴마크 유산균이야기 더마 28캡슐, 2개",https://smartstore.naver.com/main/products/12172700875,2025-08-10,5,"개당 수량: 28캡슐 / 수량: 1개
 늘 먹는 상품입니다.",,아주 넉넉해요,꼼꼼해요,편리해요,Y
DP_230,"덴마크 유산균이야기 더마 28캡슐, 2개",https://smartstore.naver.com/main/products/12172700875,2025-08-10,4,"개당 수량: 28캡슐 / 수량: 1개
건강관심사 면역력여성건강
 피부에 좋은 유산균이 출시됐다해서 구매해봤어요. 갱년기라 땀도 많이흘리고 피부가 푸석해지는 느낌인데 효과있으면 좋겠네요",여성,아주 넉넉해요,꼼꼼해요,편리해요,Y
DP_230,"덴마크 유산균이야기 더마 28캡슐, 2개",https://smartstore.naver.com/main/products/12172700875,2025-08-10,5,"개당 수량: 28캡슐 / 수량: 3개
건강관심사 눈건강장건강피로회복
 일단 먹어보겠습니다!!",남성,아주 넉넉해요,꼼꼼해요,편리해요,Y
DP_230,"덴마크 유산균이야기 더마 28캡슐, 2개",https://smartstore.naver.com/main/products/12172700875,2025-08-09,5,"개당 수량: 28캡슐 / 수량: 3개
 평소먹던 일반 유산균 이야기에서 피부 건조 개선이 된다고 해서 더마를 구매해보았어요.
기본은 하니까 뭔가 더 낫지 않을까하는 기대랍니다.",,아주 넉넉해요,꼼꼼해요,편리해요,Y
DP_230,"덴마크 유산균이야기 더마 28캡슐, 2개",https://smartstore.naver.com/main/products/12172700875,2025-08-08,5,"개당 수량: 28캡슐 / 수량: 1개
 빠르게 배송 잘 받았어요",남성,꽤 남았어요,적당해요,편리해요,Y
DP_230,"덴마크 유산균이야기 더마 28캡슐, 2개",https://smartstore.naver.com/main/products/12172700875,2025-08-08,5,"개당 수량: 28캡슐 / 수량: 1개
 요즘 건강을 챙길 때, 많은 분들이 장 건강과 피부 건강을 함께 신경 쓰고 있죠.
사실 장과 피부는 연결되어 있다는 말, 들어보셨나요? 장이 건강해야 피부도 좋아진다는 연구 결과가 실제로 있어요. 그래서 저는 ‘덴마크 프로바이오틱스 스토리 더마’ 제품을 선택하게 되었어요. ✔ 피부를 위한 특별한 유산균, HY7714 이 제품은 일반 유산균이 아니라, 피부 건강에 도움을 주는 유산균 HY7714가 들어 있어요.
이 유산균은 피부 보습, 피부 탄력 개선, 피부 장벽 강화에 효과가 있다는 연구 결과와 임상시험이 있어요. 실제로 먹고 나서 피부가 덜 건조하고, 트러블이 줄어든 느낌을 받았어요. 14살 중학생 딸은 트러블이 심해져서 피부과에 여러번 방문했으나 독한 약때문에 오히려 약을 끊으면 안좋아지는 악순환을 겪고 있었는데 피부 유산균을 섭취하고 점점 개선되는 횯과를 보고 있습니다. 지금은 제가 먹으라 잔소리 하지 않아도 알아서 챙겨먹어요. ✔ 장 건강까지 챙기는 복합 유산균 HY7714뿐만 아니라,
비피더스균, 락토바실러스균, 스트렙토코커스균 등
여러 유익한 유산균이 함께 들어 있어서
장내 환경 개선, 배변 활동 원활화에도 도움이 돼요.
장과 피부를 함께 챙길 수 있어서 참 좋아요. ✔ 하루 한 캡슐, 간편하게 복용 하루에 한 알만 먹으면 되니까 정말 편해요.
크기도 부담스럽지 않고, 냄새나 맛이 없어 먹기 편했어요.
특히, 위생적인 포장이 마음에 들었고,
뚜껑도 단단해서 보관하기에도 좋아요. ✔ 안심할 수 있는 성분과 품질 이 제품은 합성향료, 착색료, 설탕 없이 만들어졌고,
덴마크 청정 지역에서 만든 원료를 사용해
신뢰할 수 있어요.
임산부나 민감한 분들도 안심하고 섭취할 수 있겠더라고요. ✔ 믿을 수 있는 브랜드, Denps(덴프스) 덴프스는 건강기능식품으로 이미 유명한 브랜드잖아요.
그만큼 품질 관리가 철저하고,
‘효과가 있는 성분만 제대로 담는다’는 철학을 갖고 있어서 믿음이 갔어요. (총평) 덴마크 유산균 이야기 더마는 피부와 장 건강을 동시에 챙길 수 있는 유산균 제품이에요.
피부가 거칠고 건조했던 분들 장 건강이 걱정되시는 분들께 꼭 추천드리고 싶어요.
하루 한 알로 피부도, 장도 건강하게!
저는 벌써 재구매 하려고 장바구니 담아뒀어요!
행사할때 몇통은 쟁여둬야 할거같아요. 더보기
+1",,아주 넉넉해요,꼼꼼해요,편리해요,Y
DP_230,"덴마크 유산균이야기 더마 28캡슐, 2개",https://smartstore.naver.com/main/products/12172700875,2025-08-06,4,"개당 수량: 28캡슐 / 수량: 1개
건강관심사 눈건강
 아직 먹지는안해서ㅣ 모르겠는데 먹고 후기올려요.^^",남성,꽤 남았어요,적당해요,그냥그래요,Y
DP_230,"덴마크 유산균이야기 더마 28캡슐, 2개",https://smartstore.naver.com/main/products/12172700875,2025-08-06,5,"개당 수량: 28캡슐 / 수량: 1개
 피부유산균은 처음먹어보는데 효과가 궁금하네요",,꽤 남았어요,적당해요,그냥그래요,Y
DP_230,"덴마크 유산균이야기 더마 28캡슐, 2개",https://smartstore.naver.com/main/products/12172700875,2025-08-06,5,"개당 수량: 28캡슐 / 수량: 1개
 조아요~~~~~~~",,아주 넉넉해요,꼼꼼해요,편리해요,Y
DP_230,"덴마크 유산균이야기 더마 28캡슐, 2개",https://smartstore.naver.com/main/products/12172700875,2025-08-06,5,"개당 수량: 28캡슐 / 수량: 3개
 조아요~~~~~~~",,아주 넉넉해요,꼼꼼해요,편리해요,Y
