﻿상품코드,상품명,URL,날짜,별점,리뷰텍스트,구매자 성별,유통기한,포장,편리,판매여부
DP_140,덴프스 휘게엔자임액티브Soy 2개월/2BOX,https://smartstore.naver.com/main/products/10685905820,2025-10-02,5,나이 들고 소화력고 떨어지고 살도 잘 찌는데 이거 저녁 식후에 먹어주니 몸도 가벼운 느낌이 확실히 들고 살도 덜 쪄요. 제가 지인들에게 추천해서 많이들 샀어요. 떨어지지 않게 쟁여두는데 어차피 전날 저넉에 주문해도 다음 날 바로 와서 끊길 일 없네요.(로켓배송인줄!) 포장도 꼼꼼해서 쿠팡같은 데서 받는 것보다 덴프스스토어에서 사는 게 훨씬 깔끔하고 기분 좋아요!!,,꽤 남았어요,꼼꼼해요,편리해요,Y
DP_140,덴프스 휘게엔자임액티브Soy 2개월/2BOX,https://smartstore.naver.com/main/products/10685905820,2025-10-01,5,배송 엄청 빠르네요. 이번 라이브로 특가로 구매했어요. 효소랑 비타민D 등 서비스로 받았어여. 덴프스 유산균 프로 1년 넘게 먹고 있습니다. 덕분에 장건강 잘 유지하고 있습니다. 효소가 타사는 너무 달달해서 덴프스가 적당하더라구요. 과식했을때 먹고 나면 눌러주는 기분이에요^^ 트루바이타민은 지난번 구매시 몇개 줘서 먹어보니 먹는 즉시 환한 기분이에요. 그래서 이번에 구입해서 먹어보려고요. 따로 먹는 비타민이 없어서 요걸로 대체해서 먹어보려고 합니다.,여성,아주 넉넉해요,꼼꼼해요,편리해요,Y
DP_140,덴프스 휘게엔자임액티브Soy 2개월/2BOX,https://smartstore.naver.com/main/products/10685905820,2025-09-28,5,한달사용사실 효과는 잘 모르지만 꾸준히 먹고 잇어요,,아주 넉넉해요,꼼꼼해요,편리해요,Y
DP_140,덴프스 휘게엔자임액티브Soy 2개월/2BOX,https://smartstore.naver.com/main/products/10685905820,2025-09-26,5,효소 안먹는날없이 꼬박 꼬박 잘챙겨먹어요 맛도 괜찮고 업그레이드 된 효소도 잇던데 가격부담땸시 못바꾸겟네요,여성,아주 넉넉해요,꼼꼼해요,편리해요,Y
DP_140,덴프스 휘게엔자임액티브Soy 2개월/2BOX,https://smartstore.naver.com/main/products/10685905820,2025-09-26,5,"건강관심사 면역력눈건강장건강
 한달사용정말 정말 맛있어요",여성,아주 넉넉해요,꼼꼼해요,편리해요,Y
DP_140,덴프스 휘게엔자임액티브Soy 2개월/2BOX,https://smartstore.naver.com/main/products/10685905820,2025-09-25,4,다른효소도 먹어봤지만 맛과 입자가 고아서 목넘김이 좋아서 이게 제일좋네요.,,꽤 남았어요,적당해요,편리해요,Y
DP_140,덴프스 휘게엔자임액티브Soy 2개월/2BOX,https://smartstore.naver.com/main/products/10685905820,2025-09-25,5,"건강관심사 여성건강
 먹기 편하고 맛도 있어 재구매 합니다",여성,아주 넉넉해요,꼼꼼해요,편리해요,Y
DP_140,덴프스 휘게엔자임액티브Soy 2개월/2BOX,https://smartstore.naver.com/main/products/10685905820,2025-09-20,5,인절미 맛이라 정말 맛있어요. 선물했답니다.,,아주 넉넉해요,적당해요,편리해요,Y
DP_140,덴프스 휘게엔자임액티브Soy 2개월/2BOX,https://smartstore.naver.com/main/products/10685905820,2025-09-17,5,"건강관심사 면역력장건강수면건강
 덴프스는 저희 가족이 항상 매번 챙겨 먹는 영양제입니다.",남성,아주 넉넉해요,꼼꼼해요,편리해요,Y
DP_140,덴프스 휘게엔자임액티브Soy 2개월/2BOX,https://smartstore.naver.com/main/products/10685905820,2025-09-17,5,"건강관심사 면역력장건강수면건강
 와이프가 덴프스만 좋아합니다ㅎㅎ",남성,아주 넉넉해요,꼼꼼해요,편리해요,Y
DP_140,덴프스 휘게엔자임액티브Soy 2개월/2BOX,https://smartstore.naver.com/main/products/10685905820,2025-09-15,5,"한 번 급체했는데, 효소 먹고나니 체기가 내려가서 신기했어요 😆 상비약으로 좀 쟁겨두려고요. 많이 파세요",여성,아주 넉넉해요,꼼꼼해요,편리해요,Y
DP_140,덴프스 휘게엔자임액티브Soy 2개월/2BOX,https://smartstore.naver.com/main/products/10685905820,2025-08-27,5,"건강관심사 피로회복
 먹기 편해서 좋습니다~~ 효과도 있음 좋겠어요 기대하봅니다",여성,아주 넉넉해요,꼼꼼해요,편리해요,Y
DP_140,덴프스 휘게엔자임액티브Soy 2개월/2BOX,https://smartstore.naver.com/main/products/10685905820,2025-08-20,5,"덴프스 효소는 가루 형태라 물이나 음료에 바로 타서 마실 수 있어 간편했습니다. 맛이 구수해서 물에 그냥 섞어 마셔도 부담이 없고, 따뜻한 물에 타면 더욱 부드럽게 넘어가 깔끔하게 섭취할 수 있었습니다. 가끔은 요구르트나 두유에 섞어서 먹기도 했는데, 맛이 잘 어울려 다양한 방법으로 활용할 수 있었습니다. 저는 주로 저녁에 자기 전 섭취했는데, 하루 식사 후에 속을 편안하게 정리해주는 느낌이 들어 좋았습니다. 특히 과식한 날에 마시면 소화가 훨씬 가볍게 되는 것 같아 습관적으로 챙기게 되었습니다. 가루라서 알약처럼 삼키기 어려운 불편함이 전혀 없고, 휴대용 포장으로 나와 있어 여행이나 직장에서도 간단히 섭취할 수 있다는 점이 마음에 듭니다. 맛, 섭취 방법의 편리함, 효과까지 전반적으로 만족스러워 재구매 의사가 있습니다.",,아주 넉넉해요,꼼꼼해요,편리해요,Y
DP_140,덴프스 휘게엔자임액티브Soy 2개월/2BOX,https://smartstore.naver.com/main/products/10685905820,2025-08-20,5,"건강관심사 면역력눈건강장건강
 효소효소
이 제품은 처음 먹어보는데 먹기도 전에 포장상태에 한번 반했네요😌😌 보기만 해도 멋스럽네요 ㅋㅋ",여성,아주 넉넉해요,꼼꼼해요,편리해요,Y
DP_140,덴프스 휘게엔자임액티브Soy 2개월/2BOX,https://smartstore.naver.com/main/products/10685905820,2025-08-02,5,"좋은 가격, 좋은 품질 최고입니다.",여성,아주 넉넉해요,꼼꼼해요,편리해요,Y
DP_140,덴프스 휘게엔자임액티브Soy 2개월/2BOX,https://smartstore.naver.com/main/products/10685905820,2025-06-04,5,배송 빠르고 제품도 좋아요,,아주 넉넉해요,꼼꼼해요,편리해요,Y
DP_140,덴프스 휘게엔자임액티브Soy 2개월/2BOX,https://smartstore.naver.com/main/products/10685905820,2025-04-21,5,"건강관심사 피로회복
 한달사용지인소개로 접하게 되었는데
덴프스 효소는 맛도 좋고 먹기도 편해서 매일 꾸준히 먹게 되더라구요~~ 특히 과식한 저녁에 먹고자면 당음날 확실히 속이 덜 불편하고 먹은날과 먹디않은날 차이가 나더라구요^^",여성,아주 넉넉해요,꼼꼼해요,편리해요,Y
DP_140,덴프스 휘게엔자임액티브Soy 2개월/2BOX,https://smartstore.naver.com/main/products/10685905820,2025-04-12,5,한달사용배송이 생각보다 많이 빨라서 매우 만족합니다,,아주 넉넉해요,꼼꼼해요,편리해요,Y
DP_140,덴프스 휘게엔자임액티브Soy 2개월/2BOX,https://smartstore.naver.com/main/products/10685905820,2025-04-12,5,한달사용먹기 편하고 맛있어요,,아주 넉넉해요,꼼꼼해요,편리해요,Y
DP_140,덴프스 휘게엔자임액티브Soy 2개월/2BOX,https://smartstore.naver.com/main/products/10685905820,2025-03-27,5,건강 생각해서 구입했습니다. 먹기 편해요.,,아주 넉넉해요,꼼꼼해요,편리해요,Y
DP_140,덴프스 휘게엔자임액티브Soy 2개월/2BOX,https://smartstore.naver.com/main/products/10685905820,2025-03-26,5,한달사용갈수록 가격이 올라가네오 ㅜㅜ 맛은 좋은데 가격이 안좋아요,,아주 넉넉해요,꼼꼼해요,편리해요,Y
DP_140,덴프스 휘게엔자임액티브Soy 2개월/2BOX,https://smartstore.naver.com/main/products/10685905820,2025-03-14,5,한달사용식사 직후 먹으니 어떤 걸 먹어도 더부룩한 거 없이 생활 가능했어요. 맛도 좋고 물 없이 삼킬 수 있어 더 좋네요!,,아주 넉넉해요,꼼꼼해요,편리해요,Y
DP_140,덴프스 휘게엔자임액티브Soy 2개월/2BOX,https://smartstore.naver.com/main/products/10685905820,2025-03-13,5,"구매자건강관심사 장건강
 한달사용과식했을 때나 소화불량일 때 특히 좋은 제품이라 상비약처럼 구비하고 있어요~^^",,아주 넉넉해요,꼼꼼해요,편리해요,Y
DP_140,덴프스 휘게엔자임액티브Soy 2개월/2BOX,https://smartstore.naver.com/main/products/10685905820,2025-03-11,5,"한달사용속이 더부룩할때 이용해요
속도 편하고 맛도 좋네요",,아주 넉넉해요,꼼꼼해요,편리해요,Y
DP_140,덴프스 휘게엔자임액티브Soy 2개월/2BOX,https://smartstore.naver.com/main/products/10685905820,2025-03-11,5,한달사용이거먹으면 속이편하구 똥도잘나와요,,아주 넉넉해요,꼼꼼해요,편리해요,Y
DP_140,덴프스 휘게엔자임액티브Soy 2개월/2BOX,https://smartstore.naver.com/main/products/10685905820,2025-03-05,5,"한달사용더부룩하지
않고 속 편하게 해줘서 꼬박꼬박 챙겨먹고 있어요",여성,아주 넉넉해요,꼼꼼해요,편리해요,Y
DP_140,덴프스 휘게엔자임액티브Soy 2개월/2BOX,https://smartstore.naver.com/main/products/10685905820,2025-03-03,5,한달사용효과는 잘 모르겠지만 달달한 미숫가루 같아서 먹기 너무 좋아요~ 맛있습니다^^,,아주 넉넉해요,꼼꼼해요,편리해요,Y
DP_140,덴프스 휘게엔자임액티브Soy 2개월/2BOX,https://smartstore.naver.com/main/products/10685905820,2025-03-02,5,한달사용화장실을. 불편함없이 잘가요.추천해요,,아주 넉넉해요,적당해요,편리해요,Y
DP_140,덴프스 휘게엔자임액티브Soy 2개월/2BOX,https://smartstore.naver.com/main/products/10685905820,2025-02-28,5,한달사용먹고 좋아서 주문했어요~!,,아주 넉넉해요,꼼꼼해요,편리해요,Y
DP_140,덴프스 휘게엔자임액티브Soy 2개월/2BOX,https://smartstore.naver.com/main/products/10685905820,2025-02-25,5,한달사용좋은상품감사합니디ㅣ~~~,,아주 넉넉해요,꼼꼼해요,편리해요,Y
DP_140,덴프스 휘게엔자임액티브Soy 2개월/2BOX,https://smartstore.naver.com/main/products/10685905820,2025-02-19,5,"한달사용식사양이 많을때 챙겨먹고 있어요
맛도 맛있고 먹으면 속도 편해서 꾸준히 구매하고 있는 상품이예요",,아주 넉넉해요,꼼꼼해요,편리해요,Y
DP_140,덴프스 휘게엔자임액티브Soy 2개월/2BOX,https://smartstore.naver.com/main/products/10685905820,2025-02-18,5,한달사용맛이 좋아서 먹기 편해요~~ 소화도 잘되고 필수템,,아주 넉넉해요,꼼꼼해요,편리해요,Y
DP_140,덴프스 휘게엔자임액티브Soy 2개월/2BOX,https://smartstore.naver.com/main/products/10685905820,2025-02-17,5,"한달사용떨어지지않고 매번 구매해 먹고있어요.타브랜드 먹어봤는데 맛이 별로더라구요.
인절미맛 따라올자가 없네요.가슴두근거림 있었는데 효소먹고 싹 사라졌어요.소화도 잘되고 배부르게 먹고 꼭 챙겨먹으니 다음날 화장실도 잘가요.너무 좋아용",,아주 넉넉해요,꼼꼼해요,편리해요,Y
DP_140,덴프스 휘게엔자임액티브Soy 2개월/2BOX,https://smartstore.naver.com/main/products/10685905820,2025-02-14,5,한달사용아주 꾸준히 잘 먹고 있어요 무엇보다 맛있어서 너무 좋아요 ! !,,아주 넉넉해요,꼼꼼해요,편리해요,Y
DP_140,덴프스 휘게엔자임액티브Soy 2개월/2BOX,https://smartstore.naver.com/main/products/10685905820,2025-02-04,5,"한달사용고3아들이 이제품이 좋다고 해서
재구매해서 먹고 있습니다",,아주 넉넉해요,꼼꼼해요,편리해요,Y
DP_140,덴프스 휘게엔자임액티브Soy 2개월/2BOX,https://smartstore.naver.com/main/products/10685905820,2025-02-02,5,늘 먹는 제품이에요 속이 편해요,여성,아주 넉넉해요,꼼꼼해요,편리해요,Y
DP_140,덴프스 휘게엔자임액티브Soy 2개월/2BOX,https://smartstore.naver.com/main/products/10685905820,2025-02-02,5,일단 너무 맛있어요 속이 편해지네요,여성,아주 넉넉해요,꼼꼼해요,편리해요,Y
DP_140,덴프스 휘게엔자임액티브Soy 2개월/2BOX,https://smartstore.naver.com/main/products/10685905820,2025-01-31,5,먹기도 편하고 입에서 잘녹고 맛도 좋아요..,,꽤 남았어요,적당해요,편리해요,Y
DP_140,덴프스 휘게엔자임액티브Soy 2개월/2BOX,https://smartstore.naver.com/main/products/10685905820,2025-01-28,5,"건강관심사 피로회복면역력
 꾸준히 사서 먹어요.
과식하고 먹고 자면
뒷 날 속이 불편하던 것이 많이 줄어들어요.
이렇게 바로 변화가 보이다 보니
재구매하게 되네요.",여성,아주 넉넉해요,꼼꼼해요,편리해요,Y
DP_140,덴프스 휘게엔자임액티브Soy 2개월/2BOX,https://smartstore.naver.com/main/products/10685905820,2025-01-27,4,재구매식후 씹어먹는 게 습관이 되었습니다,,아주 넉넉해요,꼼꼼해요,편리해요,Y
DP_140,덴프스 휘게엔자임액티브Soy 2개월/2BOX,https://smartstore.naver.com/main/products/10685905820,2025-01-24,5,좋은상품감사합니다~~~,,아주 넉넉해요,꼼꼼해요,편리해요,Y
DP_140,덴프스 휘게엔자임액티브Soy 2개월/2BOX,https://smartstore.naver.com/main/products/10685905820,2025-01-24,4,"덴프스 효소는 처음으로 주문했어요
타브랜드 제품 먹다가 덴프스 영양제가 괜찮아서 주문해봤어요",,아주 넉넉해요,꼼꼼해요,편리해요,Y
DP_140,덴프스 휘게엔자임액티브Soy 2개월/2BOX,https://smartstore.naver.com/main/products/10685905820,2025-01-23,5,평소에 먹는 제품으로 너무 맛있게 먹는 제품입니다 처음 유산균 주문하며 사은품으로 받았던 제품인데 먹고 반해서 1년 넘게 먹고 있네요 ! ! 가지고 다니기에도 너무 좋고 친구들에게 나눠 주기도 하며 영업 아닌 영업을 하고 있네요 확실이 이 제품을 먹고 부터는 화장실에 바로 바로 가고 너무 좋습니다 ! 먹었을 때와 안먹었을 때 확연히 차이가 있어서 깜짝 놀랐어요 ! 꾸준히 챙겨 먹을랍니다,,아주 넉넉해요,꼼꼼해요,편리해요,Y
DP_140,덴프스 휘게엔자임액티브Soy 2개월/2BOX,https://smartstore.naver.com/main/products/10685905820,2025-01-23,5,친구추천으로 구매하게 되었는데 맛도 좋고 먹기 부담없네요,,아주 넉넉해요,꼼꼼해요,편리해요,Y
DP_140,덴프스 휘게엔자임액티브Soy 2개월/2BOX,https://smartstore.naver.com/main/products/10685905820,2025-01-23,5,재구매한달사용계속 꾸준히 구매해서 먹고 있는 제품 없으면 불안합니다. 행사할때 쟁여둘께요,,아주 넉넉해요,꼼꼼해요,편리해요,Y
DP_140,덴프스 휘게엔자임액티브Soy 2개월/2BOX,https://smartstore.naver.com/main/products/10685905820,2025-01-22,5,"건강관심사 장건강수면건강
 소화안되고 과식했을 때 아주 좋아서 세번째로 재구매하네요. 가족들도 효능을 체험하고 소화안될 때 주면 군말없이 먹네요. 맛도 좋구요~♡",여성,아주 넉넉해요,꼼꼼해요,편리해요,Y
DP_140,덴프스 휘게엔자임액티브Soy 2개월/2BOX,https://smartstore.naver.com/main/products/10685905820,2025-01-21,5,맛이 고소하고 괜찮아요.,,아주 넉넉해요,꼼꼼해요,편리해요,Y
DP_140,덴프스 휘게엔자임액티브Soy 2개월/2BOX,https://smartstore.naver.com/main/products/10685905820,2025-01-19,5,"건강관심사 장건강
 한달사용배변이 활동이 좋아지게 하기위해서 잘먹고 있어요",여성,아주 넉넉해요,꼼꼼해요,편리해요,Y
DP_140,덴프스 휘게엔자임액티브Soy 2개월/2BOX,https://smartstore.naver.com/main/products/10685905820,2025-01-19,5,"건강관심사 피로회복노화방지수면건강
 우아 너무 맛있는 인절미맛이예요 왜이리맛있죠 자꾸먹고싶어지게 ㅎㅎ큰일입니다 ㅋ
비타민시키면서 조금만시켰는데 다먹으면 떨어지기전에마니마니 쟁여놔야겠어요",여성,아주 넉넉해요,적당해요,편리해요,Y
DP_140,덴프스 휘게엔자임액티브Soy 2개월/2BOX,https://smartstore.naver.com/main/products/10685905820,2025-01-19,5,"재재구매네요. 최화정님 유투브에서 보고 그매한건데 찐템이 되어버렸어요.
효소 먹고 마음에 들어서 브랜드네 여러가지 같이 구입해 보는 중 입니다.
거의 매일 먹기는 해요. 처음엔 속이 좀 더부룩 한날만 먹었는데 이젠 거의 저녁 후 먹습니다. 먹고나면 속도 편하고 좋아요",,꽤 남았어요,적당해요,편리해요,Y
DP_140,덴프스 휘게엔자임액티브Soy 2개월/2BOX,https://smartstore.naver.com/main/products/10685905820,2025-01-19,5,"건강관심사 면역력장건강여성건강
 효소 많이 먹어봤는데 제일 맛이좋고 먹기 폄해요~~",여성,꽤 남았어요,적당해요,편리해요,Y
DP_140,덴프스 휘게엔자임액티브Soy 2개월/2BOX,https://smartstore.naver.com/main/products/10685905820,2025-01-18,4,비싸서 할인 할 때 기다렸다 구매해요,,꽤 남았어요,적당해요,그냥그래요,Y
DP_140,덴프스 휘게엔자임액티브Soy 2개월/2BOX,https://smartstore.naver.com/main/products/10685905820,2025-01-17,5,지인의 추천으로 먹어보려고 구매했어요. 소화력이 떨어져 소화가 안될때 속이 편해진다고 해서 꾸준히 먹으려고 합니다. 먹기도 간편하고 맛도 있어 좋아요.,여성,아주 넉넉해요,꼼꼼해요,편리해요,Y
DP_140,덴프스 휘게엔자임액티브Soy 2개월/2BOX,https://smartstore.naver.com/main/products/10685905820,2025-01-17,5,"건강관심사 노화방지눈건강간건강
 맛있고. 먹기편해요",여성,꽤 남았어요,적당해요,편리해요,Y
DP_140,덴프스 휘게엔자임액티브Soy 2개월/2BOX,https://smartstore.naver.com/main/products/10685905820,2025-01-16,5,효소 처음 먹어보는데 덴프스라 믿고 구매했어요. 패키지도 깔끔,여성,꽤 남았어요,꼼꼼해요,편리해요,Y
DP_140,덴프스 휘게엔자임액티브Soy 2개월/2BOX,https://smartstore.naver.com/main/products/10685905820,2025-01-15,5,"넘 맛잇어요 ㅎㅎㅎ
배송도 하루만에 왓어요 !",,아주 넉넉해요,꼼꼼해요,편리해요,Y
DP_140,덴프스 휘게엔자임액티브Soy 2개월/2BOX,https://smartstore.naver.com/main/products/10685905820,2025-01-15,5,저렴한 다른브랜드 샀다가 낭패보고 다시 돌아와 재구매합니다.인절미맛이 최고네요👍꾸준히 먹고있어요~매유 만족하는 중입니다,,아주 넉넉해요,꼼꼼해요,편리해요,Y
DP_140,덴프스 휘게엔자임액티브Soy 2개월/2BOX,https://smartstore.naver.com/main/products/10685905820,2025-01-14,5,"비행기에서 속이 더부룩하다고 하니까 지인이 하나 준 걸 먹어봤는데 인절미 맛이 너무 맛있고 효과도 좋더라구요!!! 그래서 바로 구매했습니다.
자주 체하는 사람이라 소화제를 달고 살아서 걱정이었는데 입에 잘 맞는 효소 찾아서 너무 좋아요.",,아주 넉넉해요,꼼꼼해요,편리해요,Y
DP_140,덴프스 휘게엔자임액티브Soy 2개월/2BOX,https://smartstore.naver.com/main/products/10685905820,2025-01-13,5,소화에 도움되고 너무 좋아요 속이 편안해지는 느낌이 좋네요 계속 구매 예정입니다 빠른 배송 감사합니다,,아주 넉넉해요,꼼꼼해요,편리해요,Y
DP_140,덴프스 휘게엔자임액티브Soy 2개월/2BOX,https://smartstore.naver.com/main/products/10685905820,2025-01-12,5,한달사용소화를 돕는 기분이들어요,,아주 넉넉해요,꼼꼼해요,편리해요,Y
DP_140,덴프스 휘게엔자임액티브Soy 2개월/2BOX,https://smartstore.naver.com/main/products/10685905820,2025-01-10,5,재구매너무 맛있어요. 저녁먹고 한포씩 먹습니다. 최근 소화가 잘 안되는 엄마에게 사드린건데 제가 더 잘먹고 있어요,여성,아주 넉넉해요,꼼꼼해요,편리해요,Y
DP_140,덴프스 휘게엔자임액티브Soy 2개월/2BOX,https://smartstore.naver.com/main/products/10685905820,2025-01-10,5,우선 너무 맛있어요. 소화제보다 먹기 편하고 부담없어서 좋아요!,여성,아주 넉넉해요,꼼꼼해요,편리해요,Y
DP_140,덴프스 휘게엔자임액티브Soy 2개월/2BOX,https://smartstore.naver.com/main/products/10685905820,2025-01-09,5,효과가 아주 좋네요~~~,남성,아주 넉넉해요,꼼꼼해요,편리해요,Y
DP_140,덴프스 휘게엔자임액티브Soy 2개월/2BOX,https://smartstore.naver.com/main/products/10685905820,2025-01-09,5,"맛이 좋아요
효능이 좋은지는 먹어보고 재구매로 보여드릴게염",,아주 넉넉해요,꼼꼼해요,편리해요,Y
DP_140,덴프스 휘게엔자임액티브Soy 2개월/2BOX,https://smartstore.naver.com/main/products/10685905820,2025-01-06,5,재구매한달사용잘먹고있어요 감사합니다,,아주 넉넉해요,꼼꼼해요,편리해요,Y
DP_140,덴프스 휘게엔자임액티브Soy 2개월/2BOX,https://smartstore.naver.com/main/products/10685905820,2025-01-04,5,먹어보고 괞찬은거 같아서,남성,아주 넉넉해요,꼼꼼해요,편리해요,Y
DP_140,덴프스 휘게엔자임액티브Soy 2개월/2BOX,https://smartstore.naver.com/main/products/10685905820,2024-12-30,5,"고등학생 아들이 이게 제일 좋다고
해서 재구매 했습니다",남성,아주 넉넉해요,꼼꼼해요,편리해요,Y
DP_140,덴프스 휘게엔자임액티브Soy 2개월/2BOX,https://smartstore.naver.com/main/products/10685905820,2024-12-17,5,지인추천으로 먹어보았는데 맛이 제가 좋아하는 맛이고 부드럽네요 할인중이여서 바로 구매했어요!!,여성,아주 넉넉해요,적당해요,편리해요,Y
DP_140,덴프스 휘게엔자임액티브Soy 2개월/2BOX,https://smartstore.naver.com/main/products/10685905820,2024-12-17,5,"늘 먹는 효소에요.
소화력이 많이 떨어지고 체기도 종종 있는데 요거 먹고부터는 속도 편하고 소화도 잘되서 제게 없으면 안되는 것 중에 하나가 되었어요.",여성,아주 넉넉해요,꼼꼼해요,편리해요,Y
DP_140,덴프스 휘게엔자임액티브Soy 2개월/2BOX,https://smartstore.naver.com/main/products/10685905820,2024-12-16,5,"재구매한달사용항상챙겨먹는 영양제임
맛도 괜찬구 좋음",여성,아주 넉넉해요,꼼꼼해요,편리해요,Y
DP_140,덴프스 휘게엔자임액티브Soy 2개월/2BOX,https://smartstore.naver.com/main/products/10685905820,2024-12-14,5,재구매늘 먹는제품 쟁여둬야해요,,아주 넉넉해요,꼼꼼해요,편리해요,Y
DP_140,덴프스 휘게엔자임액티브Soy 2개월/2BOX,https://smartstore.naver.com/main/products/10685905820,2024-12-13,5,"두번째
구매 ㅋㅋ 소화에 도움되요",여성,아주 넉넉해요,꼼꼼해요,편리해요,Y
DP_140,덴프스 휘게엔자임액티브Soy 2개월/2BOX,https://smartstore.naver.com/main/products/10685905820,2024-12-13,5,잘 먹을게요 ! 효과 좋아요,,아주 넉넉해요,꼼꼼해요,편리해요,Y
DP_140,덴프스 휘게엔자임액티브Soy 2개월/2BOX,https://smartstore.naver.com/main/products/10685905820,2024-12-13,5,재구매너무 잘 먹어서 또 주문 했어요 !,,아주 넉넉해요,적당해요,그냥그래요,Y
DP_140,덴프스 휘게엔자임액티브Soy 2개월/2BOX,https://smartstore.naver.com/main/products/10685905820,2024-12-11,5,한달사용과식하거나 고기 먹었을 때 한 봉 먹으면 은근 소화 잘 되는 것 같아요. 1통 더 먹었네요.,,아주 넉넉해요,꼼꼼해요,편리해요,Y
DP_140,덴프스 휘게엔자임액티브Soy 2개월/2BOX,https://smartstore.naver.com/main/products/10685905820,2024-12-10,5,"재구매한달사용아직도 너무 잘 먹고있어요!
이번에도 추가 구매해요",,꽤 남았어요,적당해요,그냥그래요,Y
DP_140,덴프스 휘게엔자임액티브Soy 2개월/2BOX,https://smartstore.naver.com/main/products/10685905820,2024-12-08,5,한달사용소화가 잘되고 좋아요 속이편해요,여성,아주 넉넉해요,꼼꼼해요,편리해요,Y
DP_140,덴프스 휘게엔자임액티브Soy 2개월/2BOX,https://smartstore.naver.com/main/products/10685905820,2024-12-07,5,달달하니 맛이 좋긴한데 덜 달았음 좋겠네요,여성,아주 넉넉해요,꼼꼼해요,편리해요,Y
DP_140,덴프스 휘게엔자임액티브Soy 2개월/2BOX,https://smartstore.naver.com/main/products/10685905820,2024-11-24,5,한달사용과식했을 때 먹어주면 소화가 잘 돼요 맛도 고소한 맛이라서 좋아요,,아주 넉넉해요,꼼꼼해요,편리해요,Y
DP_140,덴프스 휘게엔자임액티브Soy 2개월/2BOX,https://smartstore.naver.com/main/products/10685905820,2024-11-22,5,재구매넘좋아요 감사합니다,,아주 넉넉해요,꼼꼼해요,편리해요,Y
DP_140,덴프스 휘게엔자임액티브Soy 2개월/2BOX,https://smartstore.naver.com/main/products/10685905820,2024-11-18,5,"한달사용식후 자동적으로 찾게 됩니다
속이 편하고 맛도 고소해요",,아주 넉넉해요,꼼꼼해요,편리해요,Y
DP_140,덴프스 휘게엔자임액티브Soy 2개월/2BOX,https://smartstore.naver.com/main/products/10685905820,2024-11-16,5,한달사용맛이 좋아요. 먹기도 편해요,,아주 넉넉해요,꼼꼼해요,편리해요,Y
DP_140,덴프스 휘게엔자임액티브Soy 2개월/2BOX,https://smartstore.naver.com/main/products/10685905820,2024-11-11,5,한달사용제품 좋은거 같아오 잘먹고있습니당,여성,아주 넉넉해요,꼼꼼해요,편리해요,Y
DP_140,덴프스 휘게엔자임액티브Soy 2개월/2BOX,https://smartstore.naver.com/main/products/10685905820,2024-11-10,5,한달사용만족스럽게 사용하고 있습니다,,아주 넉넉해요,꼼꼼해요,편리해요,Y
DP_140,덴프스 휘게엔자임액티브Soy 2개월/2BOX,https://smartstore.naver.com/main/products/10685905820,2024-11-04,5,"항상 저녁먹고 두시간이 지나도 소화가안되서 다음날아침 더부룩하게 일어나는게 일상이였는데 효소먹으니 먹구 한 한시간 정도부터 점점 속이 편해지더니 다음날 아침도 괜찮더라구요! 앞으로 꾸준히
복용할생각입니다",,아주 넉넉해요,꼼꼼해요,편리해요,Y
DP_140,덴프스 휘게엔자임액티브Soy 2개월/2BOX,https://smartstore.naver.com/main/products/10685905820,2024-11-04,5,과식하거나 소화 잘 안될 때 먹으니 좋네요. 상비약 같은 느낌~,,아주 넉넉해요,꼼꼼해요,편리해요,Y
DP_140,덴프스 휘게엔자임액티브Soy 2개월/2BOX,https://smartstore.naver.com/main/products/10685905820,2024-10-30,5,재구매한달사용늘 챙겨먹는 행사 많이 해주세요,,아주 넉넉해요,꼼꼼해요,편리해요,Y
DP_140,덴프스 휘게엔자임액티브Soy 2개월/2BOX,https://smartstore.naver.com/main/products/10685905820,2024-10-30,4,한달사용최화정님 유튜브에서 먹는거 보고 삿는데 일단 맛있어서 먹기에도 좋고 식후에 한포씩 먹으니 속도 편해요! 또 구매하려구요 :),여성,꽤 남았어요,꼼꼼해요,편리해요,Y
DP_140,덴프스 휘게엔자임액티브Soy 2개월/2BOX,https://smartstore.naver.com/main/products/10685905820,2024-10-30,5,재구매한달사용배불리 먹었을떄 하나씩 먹어요~ 속이 편해지는거 같아요^^,여성,아주 넉넉해요,적당해요,편리해요,Y
DP_140,덴프스 휘게엔자임액티브Soy 2개월/2BOX,https://smartstore.naver.com/main/products/10685905820,2024-10-29,5,한달사용과식후 먹으면 속이 편안하고 아침에 유산균하고 같이 먹으면 화장실도 잘 가게 되요,여성,아주 넉넉해요,적당해요,편리해요,Y
DP_140,덴프스 휘게엔자임액티브Soy 2개월/2BOX,https://smartstore.naver.com/main/products/10685905820,2024-10-29,5,재구매맛있음요 안절미맛이라 거부감없어서 좋음,여성,아주 넉넉해요,꼼꼼해요,편리해요,Y
DP_140,덴프스 휘게엔자임액티브Soy 2개월/2BOX,https://smartstore.naver.com/main/products/10685905820,2024-10-28,5,한달사용과식하거나 밀가루 음식먹기전에 먹는데 큰 효과까지는 못느끼겟지만 다른 효소랑 다르게 먹기는 정말편하고 미숫가루맛나서 맛있습니다~,여성,아주 넉넉해요,꼼꼼해요,편리해요,Y
DP_140,덴프스 휘게엔자임액티브Soy 2개월/2BOX,https://smartstore.naver.com/main/products/10685905820,2024-10-27,5,한달사용소화효소 맛도 좋고 다 조은데..저는 개인적으로 소화가 잘 되서 더 먹게 되네여;ㅋㅋㅋ,여성,아주 넉넉해요,꼼꼼해요,편리해요,Y
DP_140,덴프스 휘게엔자임액티브Soy 2개월/2BOX,https://smartstore.naver.com/main/products/10685905820,2024-10-27,5,재구매 중이고 좋아요~~,여성,아주 넉넉해요,꼼꼼해요,편리해요,Y
DP_140,덴프스 휘게엔자임액티브Soy 2개월/2BOX,https://smartstore.naver.com/main/products/10685905820,2024-10-24,5,한달사용감사합니다최고입니다,,아주 넉넉해요,꼼꼼해요,편리해요,Y
DP_140,덴프스 휘게엔자임액티브Soy 2개월/2BOX,https://smartstore.naver.com/main/products/10685905820,2024-10-19,5,한달사용잘 먹고 있음 조금 비싸지만 소화 잘 됨,,아주 넉넉해요,꼼꼼해요,편리해요,Y
DP_140,덴프스 휘게엔자임액티브Soy 2개월/2BOX,https://smartstore.naver.com/main/products/10685905820,2024-10-18,5,한달사용늘 먹는 효소가 단종된지 안보여서 새로 주문해봤는데 좋아요,,아주 넉넉해요,꼼꼼해요,편리해요,Y
DP_140,덴프스 휘게엔자임액티브Soy 2개월/2BOX,https://smartstore.naver.com/main/products/10685905820,2024-10-17,5,한달사용잘 먹고 있어요. 감사해요,,아주 넉넉해요,꼼꼼해요,편리해요,Y
DP_140,덴프스 휘게엔자임액티브Soy 2개월/2BOX,https://smartstore.naver.com/main/products/10685905820,2024-10-15,5,한달사용거의 빼먹지않고 잘 먹고있어요.덕분에 가스도 좀 덜차는거같고 속도 편안합니딘,여성,아주 넉넉해요,꼼꼼해요,편리해요,Y
DP_140,덴프스 휘게엔자임액티브Soy 2개월/2BOX,https://smartstore.naver.com/main/products/10685905820,2024-10-14,5,한달사용평소 소화력이 약한 편이라 급체하는 경우가 더러 있어 구매해봤습니다. 우선 맛은 미숫가루? 콩가루? 같은 맛이라 거부감 없이 간편한 섭취가 가능합니다. 한 박스를 섭취 해본 후기로는 개인 차는 있겠지만 저에겐 비교적 잘 맞는 편이라 효능대비 만족스러웠습니다. 물론 드라마틱한 효과보다는 평소에 가졌던 불편감이 적당히 줄어든 느낌입니다. 그래도 섭취하는 본인이 느끼기에는 만족스러워서 재 구매 의사도 있습니다.,여성,아주 넉넉해요,적당해요,편리해요,Y
DP_140,덴프스 휘게엔자임액티브Soy 2개월/2BOX,https://smartstore.naver.com/main/products/10685905820,2024-10-10,5,한달사용소화에 좋은 효소인거 같습니다,여성,아주 넉넉해요,꼼꼼해요,편리해요,Y
DP_140,덴프스 휘게엔자임액티브Soy 2개월/2BOX,https://smartstore.naver.com/main/products/10685905820,2024-10-07,5,소화효소라서..역시 빨리 소화되는 느낌이 드네요..부작용이라면..더 먹게 된다는 것.ㅋㅋㅋ,여성,아주 넉넉해요,꼼꼼해요,편리해요,Y
DP_140,덴프스 휘게엔자임액티브Soy 2개월/2BOX,https://smartstore.naver.com/main/products/10685905820,2024-10-03,5,한달사용늘먹는 제품 재구매합니다,,아주 넉넉해요,꼼꼼해요,편리해요,Y
DP_140,덴프스 휘게엔자임액티브Soy 2개월/2BOX,https://smartstore.naver.com/main/products/10685905820,2024-10-03,5,한달사용잘 먹고 있습니다.,,아주 넉넉해요,꼼꼼해요,편리해요,Y
DP_140,덴프스 휘게엔자임액티브Soy 2개월/2BOX,https://smartstore.naver.com/main/products/10685905820,2024-10-01,5,재구매재구매했어요 좋아요,,아주 넉넉해요,꼼꼼해요,편리해요,Y
DP_140,덴프스 휘게엔자임액티브Soy 2개월/2BOX,https://smartstore.naver.com/main/products/10685905820,2024-09-28,5,"새롭게먹어볼게요
또후기쓰겠습니다",여성,아주 넉넉해요,꼼꼼해요,편리해요,Y
DP_140,덴프스 휘게엔자임액티브Soy 2개월/2BOX,https://smartstore.naver.com/main/products/10685905820,2024-09-27,5,타제품에서 갈아탔는데 기대해봅니다,여성,아주 넉넉해요,꼼꼼해요,편리해요,Y
DP_140,덴프스 휘게엔자임액티브Soy 2개월/2BOX,https://smartstore.naver.com/main/products/10685905820,2024-09-25,5,맛있어요. 잊지 않고 꼭 챙겨 먹으려고요,,아주 넉넉해요,꼼꼼해요,편리해요,Y
DP_140,덴프스 휘게엔자임액티브Soy 2개월/2BOX,https://smartstore.naver.com/main/products/10685905820,2024-09-23,5,"한달사용먹으면 죄책감 덜한느낌
잘먹고 있습니다",,꽤 남았어요,적당해요,그냥그래요,Y
DP_140,덴프스 휘게엔자임액티브Soy 2개월/2BOX,https://smartstore.naver.com/main/products/10685905820,2024-09-22,3,어머니 사다드렸습니다.,여성,꽤 남았어요,적당해요,편리해요,Y
DP_140,덴프스 휘게엔자임액티브Soy 2개월/2BOX,https://smartstore.naver.com/main/products/10685905820,2024-09-22,5,맛이 구수하고 몸에 좋다니 열심히 먹어보겠음닷!ㅋ,,아주 넉넉해요,꼼꼼해요,편리해요,Y
DP_140,덴프스 휘게엔자임액티브Soy 2개월/2BOX,https://smartstore.naver.com/main/products/10685905820,2024-09-22,5,먹어본 효소중에 제일 맛나고 좋어요,여성,아주 넉넉해요,적당해요,편리해요,Y
DP_140,덴프스 휘게엔자임액티브Soy 2개월/2BOX,https://smartstore.naver.com/main/products/10685905820,2024-09-21,5,한달사용야식이나 폭식 후 좋아요~,,꽤 남았어요,적당해요,그냥그래요,Y
DP_140,덴프스 휘게엔자임액티브Soy 2개월/2BOX,https://smartstore.naver.com/main/products/10685905820,2024-09-21,5,감사합니다 늘 잘쓰고 있습니다,,아주 넉넉해요,꼼꼼해요,편리해요,Y
DP_140,덴프스 휘게엔자임액티브Soy 2개월/2BOX,https://smartstore.naver.com/main/products/10685905820,2024-09-20,5,예전에 지인으로부터 선물받아 먹어보고 효과가 좋아서 구매했어요.게다가 딸아이가 속이 더부룩할때마다 찾는거보면 계속 쟁여둬야할 필수템이 되어버렸네요^^,여성,아주 넉넉해요,꼼꼼해요,편리해요,Y
DP_140,덴프스 휘게엔자임액티브Soy 2개월/2BOX,https://smartstore.naver.com/main/products/10685905820,2024-09-19,5,과식했을때 먹음 속이 편해져요~ ^^,여성,아주 넉넉해요,꼼꼼해요,편리해요,Y
DP_140,덴프스 휘게엔자임액티브Soy 2개월/2BOX,https://smartstore.naver.com/main/products/10685905820,2024-09-19,5,"재구매벌써 두번째 주문이에요.
맛도 좋고 효과도 있는 것 같아요 :) 자주 좋은 가격으로 찾아와주세요!",,꽤 남았어요,적당해요,그냥그래요,Y
DP_140,덴프스 휘게엔자임액티브Soy 2개월/2BOX,https://smartstore.naver.com/main/products/10685905820,2024-09-16,5,"먹기도 편하고
일단속도편해서리
계속 먹어볼께요~~~",,아주 넉넉해요,꼼꼼해요,편리해요,Y
DP_140,덴프스 휘게엔자임액티브Soy 2개월/2BOX,https://smartstore.naver.com/main/products/10685905820,2024-09-15,4,"전 인절미맛 구매했는데 생각보다 맛도있고 속이편해요
무엇보다 먹기편해서 좋아요",여성,꽤 남았어요,꼼꼼해요,편리해요,Y
DP_140,덴프스 휘게엔자임액티브Soy 2개월/2BOX,https://smartstore.naver.com/main/products/10685905820,2024-09-15,5,잘 먹고 있습니다.,,아주 넉넉해요,꼼꼼해요,편리해요,Y
DP_140,덴프스 휘게엔자임액티브Soy 2개월/2BOX,https://smartstore.naver.com/main/products/10685905820,2024-09-13,5,"식사 후 속이 더부룩하거나 과민성대장증후군때문에 평소 복통,소화불량이 잦은데 이거 먹고 많이 편해졌어요~ 맛도 구수해서 거부감도 없네요:) 정착하려구요!!",여성,아주 넉넉해요,꼼꼼해요,편리해요,Y
DP_140,덴프스 휘게엔자임액티브Soy 2개월/2BOX,https://smartstore.naver.com/main/products/10685905820,2024-09-13,5,최근에 조금 과하게 먹어도 속이 불편해서 구매해봤어요! 잘 먹을게요!,,아주 넉넉해요,꼼꼼해요,편리해요,Y
DP_140,덴프스 휘게엔자임액티브Soy 2개월/2BOX,https://smartstore.naver.com/main/products/10685905820,2024-09-12,5,늘 먹고있는 효소구요 행사좀할때 쟁여둬야해요,,아주 넉넉해요,꼼꼼해요,편리해요,Y
DP_140,덴프스 휘게엔자임액티브Soy 2개월/2BOX,https://smartstore.naver.com/main/products/10685905820,2024-09-12,5,"이번이 두번째 구매인데
먹기도 편리하고 확실히 소화가 더 편해진 것 같습니다
아침식사 후 한포씩 복용하고 있는데 참 좋네요!!",남성,아주 넉넉해요,꼼꼼해요,편리해요,Y
DP_140,덴프스 휘게엔자임액티브Soy 2개월/2BOX,https://smartstore.naver.com/main/products/10685905820,2024-09-10,5,"몇년동안 타브랜드 효소를 먹었는데 먹어도 딱히 크게 효과보지를 못했는데 확실히 역가수치가 높아서 그런지 소화가 정말 잘되요... 솔직히 역가수치 너무 높아도 안좋다는말을 들어서 걱정반으로 시켰는데 저한테는 잘 맞아서 다행이에요, 단지 생각보다 너무 단맛과 끝에 살짝 씁쓸한맛이 느껴져서 그 부분만 바뀌면 좋을거같아요!",여성,꽤 남았어요,적당해요,편리해요,Y
DP_140,덴프스 휘게엔자임액티브Soy 2개월/2BOX,https://smartstore.naver.com/main/products/10685905820,2024-09-10,5,소화가 안되서 소화제를 자주 먹는데 조금 더부룩한 느낌이 들때 먹으면 조금 있다가 속이 편안해 지네여~ 가격대가 비싼거 말고는 최고 입니다!!,여성,아주 넉넉해요,꼼꼼해요,편리해요,Y
DP_140,덴프스 휘게엔자임액티브Soy 2개월/2BOX,https://smartstore.naver.com/main/products/10685905820,2024-09-08,5,먹으니까 소화가 잘 되는 것 같아요 맛은 미숫가루 맛이에요,,아주 넉넉해요,꼼꼼해요,편리해요,Y
DP_140,덴프스 휘게엔자임액티브Soy 2개월/2BOX,https://smartstore.naver.com/main/products/10685905820,2024-09-07,4,먹어보고 좋아서 재구매함,,꽤 남았어요,적당해요,편리해요,Y
DP_140,덴프스 휘게엔자임액티브Soy 2개월/2BOX,https://smartstore.naver.com/main/products/10685905820,2024-09-07,5,기존에먹던것보다 효소수가 더많아서 바꿨의요.. 미숫가루맛어 살짝 단맛 추가,여성,꽤 남았어요,꼼꼼해요,편리해요,Y
DP_140,덴프스 휘게엔자임액티브Soy 2개월/2BOX,https://smartstore.naver.com/main/products/10685905820,2024-09-04,5,잘 먹을게요 감사해요.,,꽤 남았어요,적당해요,그냥그래요,Y
DP_140,덴프스 휘게엔자임액티브Soy 2개월/2BOX,https://smartstore.naver.com/main/products/10685905820,2024-09-04,5,아이가 좋아해서 구매했어요 그런데 가격이 너무 올라서 깜짝 놀랐네요ㅜㅜ,,아주 넉넉해요,꼼꼼해요,편리해요,Y
DP_140,덴프스 휘게엔자임액티브Soy 2개월/2BOX,https://smartstore.naver.com/main/products/10685905820,2024-08-30,4,"소화에 도움이 되어 계속 구입해요
개인적으로는 인절미맛이 더 좋아요",,아주 넉넉해요,꼼꼼해요,편리해요,Y
DP_140,덴프스 휘게엔자임액티브Soy 2개월/2BOX,https://smartstore.naver.com/main/products/10685905820,2024-08-30,5,소화가 잘되요. 꾸준히 복용하고 있어요,,아주 넉넉해요,꼼꼼해요,편리해요,Y
DP_140,덴프스 휘게엔자임액티브Soy 2개월/2BOX,https://smartstore.naver.com/main/products/10685905820,2024-08-29,5,"평소 소화력이 약한데다 한번 체할경우 심하게 체하는 경우도 더러 있어서 구매해봤습니다. 일단 먹기 간편하고 맛도 인절미(?) 미숫가루 같은 고소한 맛이라 다른 후기들과 같이 맛있었습니다. 효과는 개인차가 있겠지만 저에게는 잘 맞는듯해서 소진 시, 재구매 의사도 있습니다.",여성,아주 넉넉해요,적당해요,편리해요,Y
DP_140,덴프스 휘게엔자임액티브Soy 2개월/2BOX,https://smartstore.naver.com/main/products/10685905820,2024-08-24,5,효소인데 미숫가루 먹는줄 알았어요 맛있어서 자꾸 손이 가요,여성,꽤 남았어요,꼼꼼해요,편리해요,Y
DP_140,덴프스 휘게엔자임액티브Soy 2개월/2BOX,https://smartstore.naver.com/main/products/10685905820,2024-08-23,4,파인애플 맛 두 상자 먹어보고 괜찮은 거 같아서 이번엔 다른 맛으로 4상자 주문해봤어요. 그전에 먹었던 타회사 유산균보다 효소가 뭔가 더 나은듯 한 거 같기도 하고요. 일단 4상자 더 먹어보면 더 확실히 알 수 있을 것 같내요,,꽤 남았어요,적당해요,편리해요,Y
DP_140,덴프스 휘게엔자임액티브Soy 2개월/2BOX,https://smartstore.naver.com/main/products/10685905820,2024-08-22,5,매번 재구매하고 있습니다,,꽤 남았어요,적당해요,그냥그래요,Y
DP_140,덴프스 휘게엔자임액티브Soy 2개월/2BOX,https://smartstore.naver.com/main/products/10685905820,2024-08-21,5,배송도 빠르고 만족합니다,,아주 넉넉해요,꼼꼼해요,편리해요,Y
DP_140,덴프스 휘게엔자임액티브Soy 2개월/2BOX,https://smartstore.naver.com/main/products/10685905820,2024-08-21,5,정말 좋아요~^^good,,꽤 남았어요,적당해요,그냥그래요,Y
DP_140,덴프스 휘게엔자임액티브Soy 2개월/2BOX,https://smartstore.naver.com/main/products/10685905820,2024-08-20,5,우연히 속이 더부룩할때 먹고 증상이 사라진 것을 경험하고 그 뒤로 먹고 있어요. 특히 밀가루 음식 먹었을때 먹으면 부대낌이 싹 사라져요. 아이들 배아프다고 할때 주면 좋아지기도해서 온 식구가 먹어요 다른 효소도 먹어봤는데 휘게엔자임이 맛도 좋고 효과도 좋은거 같아요,여성,아주 넉넉해요,꼼꼼해요,편리해요,Y
