﻿상품코드,상품명,URL,날짜,별점,리뷰텍스트,구매자 성별,유통기한,포장,편리,판매여부
DP_201,"덴마크 유산균이야기 덴티 사과 30캡슐, 4개",https://smartstore.naver.com/main/products/11901300247,2025-10-05,5,"개당 수량: 30캡슐 / 수량: 1개
 먹기 편하고 살짝 시원한 느낌이에요 꾸준히 먹어보려구요!!",여성,아주 넉넉해요,꼼꼼해요,편리해요,Y
DP_201,"덴마크 유산균이야기 덴티 사과 30캡슐, 4개",https://smartstore.naver.com/main/products/11901300247,2025-10-05,5,"개당 수량: 30캡슐 / 수량: 1개
 너무너무 잘 사용합니다",,아주 넉넉해요,꼼꼼해요,편리해요,Y
DP_201,"덴마크 유산균이야기 덴티 사과 30캡슐, 4개",https://smartstore.naver.com/main/products/11901300247,2025-10-04,5,"개당 수량: 30캡슐 / 수량: 3개
건강관심사 장건강
 한달사용보관용기가 작고 튼튼하고 습기제거제가 따로 들어있는 것이 아니라 변 뚜껑에 장착되어 있어서 편리합니다.
사이즈가 검지 손톱만한 작은 캔디형 인데 살살 녹여 먹어도 사과맛이 나서 먹는데 불편하지도 않아요. +1",여성,아주 넉넉해요,꼼꼼해요,편리해요,Y
DP_201,"덴마크 유산균이야기 덴티 사과 30캡슐, 4개",https://smartstore.naver.com/main/products/11901300247,2025-10-01,5,"개당 수량: 30캡슐 / 수량: 3개
 맛도좋고~~먹기도편해서~~이것만주문해요^^",여성,아주 넉넉해요,꼼꼼해요,편리해요,Y
DP_201,"덴마크 유산균이야기 덴티 사과 30캡슐, 4개",https://smartstore.naver.com/main/products/11901300247,2025-09-30,5,"개당 수량: 30캡슐 / 수량: 1개
 꾸준히먹고있는데 잘 모르겠어요 맛은 맛있어요",여성,아주 넉넉해요,꼼꼼해요,편리해요,Y
DP_201,"덴마크 유산균이야기 덴티 사과 30캡슐, 4개",https://smartstore.naver.com/main/products/11901300247,2025-09-30,5,"개당 수량: 30캡슐 / 수량: 4개
구매자선택안함건강관심사 면역력장건강
 아기 때문애 샀어요 구강유산균을 늘 챙겨줬었는데 요번에 바꿔봤거든요 사과맛이라 더 좋아하는 것 같고 확실히 입 냄새는 줄어드는 것 같긴해요",,아주 넉넉해요,꼼꼼해요,편리해요,Y
DP_201,"덴마크 유산균이야기 덴티 사과 30캡슐, 4개",https://smartstore.naver.com/main/products/11901300247,2025-09-30,5,"개당 수량: 30캡슐 / 수량: 1개
건강관심사 장건강
 한달사용아들이 잘먹고 있어요",여성,아주 넉넉해요,꼼꼼해요,편리해요,Y
DP_201,"덴마크 유산균이야기 덴티 사과 30캡슐, 4개",https://smartstore.naver.com/main/products/11901300247,2025-09-29,5,"개당 수량: 30캡슐 / 수량: 3개
건강관심사 면역력피로회복
 구강 자이리톨 자기전 녹여먹고 자는데
입이 덜 텁텁해지는 것 같아서 만족해요!",여성,아주 넉넉해요,꼼꼼해요,편리해요,Y
DP_201,"덴마크 유산균이야기 덴티 사과 30캡슐, 4개",https://smartstore.naver.com/main/products/11901300247,2025-09-28,5,"개당 수량: 30캡슐 / 수량: 3개
 효과가 있는 것 같아요 거부감도 없고 정말 좋아요",,아주 넉넉해요,꼼꼼해요,편리해요,Y
DP_201,"덴마크 유산균이야기 덴티 사과 30캡슐, 4개",https://smartstore.naver.com/main/products/11901300247,2025-09-28,5,"개당 수량: 30캡슐 / 수량: 1개
 한통 먹는 중인데요 향과 상쾌한 느낌을 주어서 추가로 더 주문 했어요",,꽤 남았어요,적당해요,편리해요,Y
DP_201,"덴마크 유산균이야기 덴티 사과 30캡슐, 4개",https://smartstore.naver.com/main/products/11901300247,2025-09-28,5,"개당 수량: 30캡슐 / 수량: 1개
 한달사용고딩아들이 씹어먹기 편하데요~~",,아주 넉넉해요,꼼꼼해요,편리해요,Y
DP_201,"덴마크 유산균이야기 덴티 사과 30캡슐, 4개",https://smartstore.naver.com/main/products/11901300247,2025-09-27,5,"개당 수량: 30캡슐 / 수량: 1개
건강관심사 노화방지면역력피로회복
 두번째 구매입니다.
온가족이 다 먹고있는데
아이들도 잘먹고 임냄새도 덜나는것같아 좋아요",여성,아주 넉넉해요,꼼꼼해요,편리해요,Y
DP_201,"덴마크 유산균이야기 덴티 사과 30캡슐, 4개",https://smartstore.naver.com/main/products/11901300247,2025-09-27,5,"개당 수량: 30캡슐 / 수량: 3개
건강관심사 면역력
 구내여이 덜생기는것같아좋아요 만족합니다",남성,아주 넉넉해요,꼼꼼해요,편리해요,Y
DP_201,"덴마크 유산균이야기 덴티 사과 30캡슐, 4개",https://smartstore.naver.com/main/products/11901300247,2025-09-25,5,"개당 수량: 30캡슐 / 수량: 3개
 다음에 또 주문할게여~",,아주 넉넉해요,꼼꼼해요,편리해요,Y
DP_201,"덴마크 유산균이야기 덴티 사과 30캡슐, 4개",https://smartstore.naver.com/main/products/11901300247,2025-09-25,5,"개당 수량: 30캡슐 / 수량: 1개
 배송빠르고 잘 받았습니다
달지 않아서 좋고 먹기 편리해서
아침에 일어나면 입안이 단단해진 느낌 개운해서 기분 좋아요
다 먹고 재구매하러 올게요
감사합니다",,꽤 남았어요,적당해요,편리해요,Y
DP_201,"덴마크 유산균이야기 덴티 사과 30캡슐, 4개",https://smartstore.naver.com/main/products/11901300247,2025-09-24,5,"개당 수량: 30캡슐 / 수량: 3개
 한달사용씹어서 먹을수 있는 알약이라 먹기는 편리한데
아이가 맛이 없다고ㅜㅜ 잘 안먹으려고 해서 재구매는 생각해봐야 할것 같아요.",,아주 넉넉해요,꼼꼼해요,편리해요,Y
DP_201,"덴마크 유산균이야기 덴티 사과 30캡슐, 4개",https://smartstore.naver.com/main/products/11901300247,2025-09-23,5,"개당 수량: 30캡슐 / 수량: 1개
 씹어먹을수 있어요
휴대할수있습니다
사과향이 나서 먹기에 좋습니다",여성,아주 넉넉해요,꼼꼼해요,편리해요,Y
DP_201,"덴마크 유산균이야기 덴티 사과 30캡슐, 4개",https://smartstore.naver.com/main/products/11901300247,2025-09-22,4,"개당 수량: 30캡슐 / 수량: 3개
 한달사용양치후에 잠저기전 아이와 같이 잘 먹고 있어요. 유선균 똑 떨어트려 며칠 못 먹었더니 아침에 개운함이 훨씬 덜 해요. 확실히 유산균 도움을 받았네요.",,아주 넉넉해요,적당해요,편리해요,Y
DP_201,"덴마크 유산균이야기 덴티 사과 30캡슐, 4개",https://smartstore.naver.com/main/products/11901300247,2025-09-20,5,"개당 수량: 30캡슐 / 수량: 1개
 한달사용자기전에 입에 넣고 자면 다음날 아침에 효과좋음",,아주 넉넉해요,꼼꼼해요,편리해요,Y
DP_201,"덴마크 유산균이야기 덴티 사과 30캡슐, 4개",https://smartstore.naver.com/main/products/11901300247,2025-09-20,4,"개당 수량: 30캡슐 / 수량: 1개
 먹긴편해요.. 꾸준히 먹어볼께요",,꽤 남았어요,적당해요,편리해요,Y
DP_201,"덴마크 유산균이야기 덴티 사과 30캡슐, 4개",https://smartstore.naver.com/main/products/11901300247,2025-09-20,5,"개당 수량: 30캡슐 / 수량: 1개
 아직 효과는 못느끼지만 꾸준히먹어볼께요~",,아주 넉넉해요,꼼꼼해요,편리해요,Y
DP_201,"덴마크 유산균이야기 덴티 사과 30캡슐, 4개",https://smartstore.naver.com/main/products/11901300247,2025-09-17,5,"개당 수량: 30캡슐 / 수량: 1개
 한달사용맛있어요 아침에 입냄새도 덜나요",,아주 넉넉해요,꼼꼼해요,편리해요,Y
DP_201,"덴마크 유산균이야기 덴티 사과 30캡슐, 4개",https://smartstore.naver.com/main/products/11901300247,2025-09-17,5,"개당 수량: 30캡슐 / 수량: 1개
건강관심사 면역력장건강여성건강
 재구매먹기 편하고, 잇몸이 안좋았는데 효과 보고있어요~",여성,꽤 남았어요,꼼꼼해요,편리해요,Y
DP_201,"덴마크 유산균이야기 덴티 사과 30캡슐, 4개",https://smartstore.naver.com/main/products/11901300247,2025-09-17,5,"개당 수량: 30캡슐 / 수량: 3개
 자기전 양치하고 먹습니다.
약효과는 좀 더 먹어봐야겠지만 효과가 있을거라 생각하고 장복하려고 합니다. +1",,아주 넉넉해요,꼼꼼해요,편리해요,Y
DP_201,"덴마크 유산균이야기 덴티 사과 30캡슐, 4개",https://smartstore.naver.com/main/products/11901300247,2025-09-17,5,"개당 수량: 30캡슐 / 수량: 4개
 배송이 빠르고 간편합니다",,아주 넉넉해요,꼼꼼해요,편리해요,Y
DP_201,"덴마크 유산균이야기 덴티 사과 30캡슐, 4개",https://smartstore.naver.com/main/products/11901300247,2025-09-16,5,"개당 수량: 30캡슐 / 수량: 1개
 요새 피로해서 그런지 며칠동안 혓바늘이 돋아서 아팠는데 매일 꾸준히 먹었더니 확실히 좋아졌어요
의약품이 아니기 때문에 하루만에 좋아지는건 아니지만 서서히 좋아지는건 느껴져요
상큼한 사과 맛이라 거부감없이 먹을수 있어서 좋습니다!!",,꽤 남았어요,꼼꼼해요,편리해요,Y
DP_201,"덴마크 유산균이야기 덴티 사과 30캡슐, 4개",https://smartstore.naver.com/main/products/11901300247,2025-09-14,5,"개당 수량: 30캡슐 / 수량: 3개
 한달사용덴프스에서 나온 덴마크구강유산균이라서 더 믿을수 있는것 같아요 온가족 잘먹고 있어요",,아주 넉넉해요,꼼꼼해요,편리해요,Y
DP_201,"덴마크 유산균이야기 덴티 사과 30캡슐, 4개",https://smartstore.naver.com/main/products/11901300247,2025-09-11,5,"개당 수량: 30캡슐 / 수량: 1개
건강관심사 장건강
 아들 주려고 구매합니다 동영상컨텐츠",여성,아주 넉넉해요,꼼꼼해요,편리해요,Y
DP_201,"덴마크 유산균이야기 덴티 사과 30캡슐, 4개",https://smartstore.naver.com/main/products/11901300247,2025-09-11,5,"개당 수량: 30캡슐 / 수량: 3개
 한달사용입냄새 제거용!! 맛있고 먹기 간편해요",,아주 넉넉해요,꼼꼼해요,편리해요,Y
DP_201,"덴마크 유산균이야기 덴티 사과 30캡슐, 4개",https://smartstore.naver.com/main/products/11901300247,2025-09-11,5,"개당 수량: 30캡슐 / 수량: 3개
건강관심사 면역력장건강관절/뼈건강
 하나씩 오독오독 먹기 좋아요 민트가 더 낫지않앗을까 하는 생가도 들다가 사과맛이 궁금해서 했는데 나쁘지않습니다
치아건강 생각도하고 유산균도 챙기고 만족해요",여성,아주 넉넉해요,꼼꼼해요,편리해요,Y
DP_201,"덴마크 유산균이야기 덴티 사과 30캡슐, 4개",https://smartstore.naver.com/main/products/11901300247,2025-09-10,5,"개당 수량: 30캡슐 / 수량: 1개
 한달사용먹기 부담없고 입안에 수분감을 오래
지속시켜줘서 너무 만족스러워요",,아주 넉넉해요,꼼꼼해요,편리해요,Y
DP_201,"덴마크 유산균이야기 덴티 사과 30캡슐, 4개",https://smartstore.naver.com/main/products/11901300247,2025-09-09,5,"개당 수량: 30캡슐 / 수량: 1개
 한달사용입속건강을 위해 복용중입니다.",,아주 넉넉해요,꼼꼼해요,편리해요,Y
DP_201,"덴마크 유산균이야기 덴티 사과 30캡슐, 4개",https://smartstore.naver.com/main/products/11901300247,2025-09-08,5,"개당 수량: 30캡슐 / 수량: 3개
건강관심사 면역력장건강간건강
 구강 유산균?
5세 아이들 먹여볼까 싶어 구매해보았어요
특유의 약 맛이있어선지 싫어하네요
덕분에 제가 먹고있는데 아직 효과는 모르겠지망
규강내 유해균을 다 없애줄것 같아요",여성,아주 넉넉해요,꼼꼼해요,그냥그래요,Y
DP_201,"덴마크 유산균이야기 덴티 사과 30캡슐, 4개",https://smartstore.naver.com/main/products/11901300247,2025-09-07,4,"개당 수량: 30캡슐 / 수량: 3개
건강관심사 노화방지
 4개월은 먹어봐야 효과있다네요 한달조금넘었는데 계속먹어보고 리뷰올리겠습니다 먹기편하고 좋아요",여성,꽤 남았어요,꼼꼼해요,편리해요,Y
DP_201,"덴마크 유산균이야기 덴티 사과 30캡슐, 4개",https://smartstore.naver.com/main/products/11901300247,2025-09-05,5,"개당 수량: 30캡슐 / 수량: 1개
건강관심사 피로회복노화방지면역력
 먹은지 이틀 됐는데 입안에 텁텁함도 없고
꾸준히 먹어보고 또 구매할것 같아요",여성,아주 넉넉해요,꼼꼼해요,편리해요,Y
DP_201,"덴마크 유산균이야기 덴티 사과 30캡슐, 4개",https://smartstore.naver.com/main/products/11901300247,2025-09-05,5,"개당 수량: 30캡슐 / 수량: 3개
 배송 빨라서 좋아요. 상품은 먹어보고 추후에 리뷰 남겨보겠습니다.",,꽤 남았어요,꼼꼼해요,그냥그래요,Y
DP_201,"덴마크 유산균이야기 덴티 사과 30캡슐, 4개",https://smartstore.naver.com/main/products/11901300247,2025-09-05,5,"개당 수량: 30캡슐 / 수량: 3개
 재구매한달사용사과맛이 맛있고 편리합니다",,아주 넉넉해요,적당해요,편리해요,Y
DP_201,"덴마크 유산균이야기 덴티 사과 30캡슐, 4개",https://smartstore.naver.com/main/products/11901300247,2025-09-04,4,"개당 수량: 30캡슐 / 수량: 1개
 임안 염증이 심해서 구매했어요. 맛도 상큼해요. 효과는 좀 있는것 같기도해요",,아주 넉넉해요,꼼꼼해요,편리해요,Y
DP_201,"덴마크 유산균이야기 덴티 사과 30캡슐, 4개",https://smartstore.naver.com/main/products/11901300247,2025-09-04,5,"개당 수량: 30캡슐 / 수량: 3개
 캡슐유산균만 사서 먹었다가 이번에 구강유산균도 구매해봤어요. 알맹이가 크지 않고 씹거나 녹여먹는 형태라 먹기도 편하겠어요.",,아주 넉넉해요,꼼꼼해요,편리해요,Y
DP_201,"덴마크 유산균이야기 덴티 사과 30캡슐, 4개",https://smartstore.naver.com/main/products/11901300247,2025-09-04,5,"개당 수량: 30캡슐 / 수량: 1개
건강관심사 간건강근육/체력피로회복
 최근에 아침에 일어나면 구취가 심해서 스트레스였는데 신기하게 양치 후 자기전에 이거 한알먹고 자니까 다음날 안나요! 근데 또 안먹고 잔 날은 나요... 일단 더 열심히 먹어보겠습니다 ^^",여성,아주 넉넉해요,꼼꼼해요,편리해요,Y
DP_201,"덴마크 유산균이야기 덴티 사과 30캡슐, 4개",https://smartstore.naver.com/main/products/11901300247,2025-09-04,5,"개당 수량: 30캡슐 / 수량: 4개
 한달사용맛이 좋고 장도 좋아지는듯 합니다",,아주 넉넉해요,꼼꼼해요,편리해요,Y
DP_201,"덴마크 유산균이야기 덴티 사과 30캡슐, 4개",https://smartstore.naver.com/main/products/11901300247,2025-09-03,5,"개당 수량: 30캡슐 / 수량: 3개
 한달사용좋은거 같아요 확실히 입냄새가 줄었어요",,아주 넉넉해요,꼼꼼해요,편리해요,Y
DP_201,"덴마크 유산균이야기 덴티 사과 30캡슐, 4개",https://smartstore.naver.com/main/products/11901300247,2025-09-02,4,"개당 수량: 30캡슐 / 수량: 1개
 후기보고 주문했는데 효과 좋았으면 좋겠어요.",,꽤 남았어요,적당해요,편리해요,Y
DP_201,"덴마크 유산균이야기 덴티 사과 30캡슐, 4개",https://smartstore.naver.com/main/products/11901300247,2025-08-30,5,"개당 수량: 30캡슐 / 수량: 3개
 잘 먹겠습니다 좋아요",,아주 넉넉해요,꼼꼼해요,편리해요,Y
DP_201,"덴마크 유산균이야기 덴티 사과 30캡슐, 4개",https://smartstore.naver.com/main/products/11901300247,2025-08-29,5,"개당 수량: 30캡슐 / 수량: 2개
 한달사용구강염이있어서 주문해봤는데
맛이 좋아서 거부감도 없고 좋아요",,아주 넉넉해요,꼼꼼해요,편리해요,Y
DP_201,"덴마크 유산균이야기 덴티 사과 30캡슐, 4개",https://smartstore.naver.com/main/products/11901300247,2025-08-26,5,"개당 수량: 30캡슐 / 수량: 3개
 한달사용자기전에 하나씩 물고 자기 좋아요. 사과맛이라 맛도 맛있고, 확실히 입병났을 때 빨리 좋아지는 것 같아요.",,꽤 남았어요,적당해요,편리해요,Y
DP_201,"덴마크 유산균이야기 덴티 사과 30캡슐, 4개",https://smartstore.naver.com/main/products/11901300247,2025-08-26,5,"개당 수량: 30캡슐 / 수량: 1개
 빠른배송감사합니다~ 잘쓸게요",,아주 넉넉해요,꼼꼼해요,편리해요,Y
DP_201,"덴마크 유산균이야기 덴티 사과 30캡슐, 4개",https://smartstore.naver.com/main/products/11901300247,2025-08-26,5,"개당 수량: 30캡슐 / 수량: 1개
건강관심사 눈건강관절/뼈건강근육/체력
 배송빠르고 먹기편해요~^^",여성,아주 넉넉해요,꼼꼼해요,편리해요,Y
DP_201,"덴마크 유산균이야기 덴티 사과 30캡슐, 4개",https://smartstore.naver.com/main/products/11901300247,2025-08-25,5,"개당 수량: 30캡슐 / 수량: 1개
 하나씩 간단하게 챙겨먹기 좋아요",,아주 넉넉해요,꼼꼼해요,편리해요,Y
DP_201,"덴마크 유산균이야기 덴티 사과 30캡슐, 4개",https://smartstore.naver.com/main/products/11901300247,2025-08-24,5,"개당 수량: 30캡슐 / 수량: 4개
 좋다고 해서 한번 사봤습니다. 맛있네요",,꽤 남았어요,적당해요,그냥그래요,Y
DP_201,"덴마크 유산균이야기 덴티 사과 30캡슐, 4개",https://smartstore.naver.com/main/products/11901300247,2025-08-23,5,"개당 수량: 30캡슐 / 수량: 3개
 한달사용생각보다 맛도 괜찮고 먹기 편해요",,아주 넉넉해요,꼼꼼해요,편리해요,Y
DP_201,"덴마크 유산균이야기 덴티 사과 30캡슐, 4개",https://smartstore.naver.com/main/products/11901300247,2025-08-22,5,"개당 수량: 30캡슐 / 수량: 1개
 효과있기를 바라며 꾸준히 먹고있습니다.",,아주 넉넉해요,꼼꼼해요,편리해요,Y
DP_201,"덴마크 유산균이야기 덴티 사과 30캡슐, 4개",https://smartstore.naver.com/main/products/11901300247,2025-08-21,5,"개당 수량: 30캡슐 / 수량: 3개
 한달사용반갑슴다 향도좋슴다
치아건강에 좋은것같슴다
입냄새도 안나는것같아요
번창하세요 감사함다 ~^^",남성,아주 넉넉해요,꼼꼼해요,편리해요,Y
DP_201,"덴마크 유산균이야기 덴티 사과 30캡슐, 4개",https://smartstore.naver.com/main/products/11901300247,2025-08-21,5,"개당 수량: 30캡슐 / 수량: 3개
 교정중에 아무리 양치를 열심히해도 입냄새가 나는 것 같아서 찾아보다 구매했습니다. 사과맛이라기보다 자일리톨 맛이 강하긴 한데 효과만 좋으면 맛is뭔들..한달먹어보고 돌아오겠습니다",,아주 넉넉해요,꼼꼼해요,편리해요,Y
DP_201,"덴마크 유산균이야기 덴티 사과 30캡슐, 4개",https://smartstore.naver.com/main/products/11901300247,2025-08-20,5,"개당 수량: 30캡슐 / 수량: 3개
 유산균은 먹기 편해요
혈당케어 증정품도 넣어주셔서 먹어보고 혈당케어도 구매 예정입니다.",여성,아주 넉넉해요,꼼꼼해요,편리해요,Y
DP_201,"덴마크 유산균이야기 덴티 사과 30캡슐, 4개",https://smartstore.naver.com/main/products/11901300247,2025-08-19,3,"개당 수량: 30캡슐 / 수량: 3개
 좋아요좋아요좋아요 ㅎㅎ",남성,꽤 남았어요,적당해요,그냥그래요,Y
DP_201,"덴마크 유산균이야기 덴티 사과 30캡슐, 4개",https://smartstore.naver.com/main/products/11901300247,2025-08-18,5,"개당 수량: 30캡슐 / 수량: 1개
 요즘 구강 쪽으로 찾고 있어는데 모델 보고 바로바로 샀어요 ㅎㅎㅎ",,꽤 남았어요,꼼꼼해요,편리해요,Y
DP_201,"덴마크 유산균이야기 덴티 사과 30캡슐, 4개",https://smartstore.naver.com/main/products/11901300247,2025-08-18,5,"개당 수량: 30캡슐 / 수량: 1개
 입이 개운해지고 먹기 편하고 하루 1알 좋아요",,아주 넉넉해요,꼼꼼해요,편리해요,Y
DP_201,"덴마크 유산균이야기 덴티 사과 30캡슐, 4개",https://smartstore.naver.com/main/products/11901300247,2025-08-18,4,"개당 수량: 30캡슐 / 수량: 1개
 아직 얼마 먹지 않아서 더 먹어봐야 알겠지만, 좋은거 같아요
근데, 가격이 다른 제품들에 비해 좀 비싼거 같아요...",,꽤 남았어요,적당해요,편리해요,Y
DP_201,"덴마크 유산균이야기 덴티 사과 30캡슐, 4개",https://smartstore.naver.com/main/products/11901300247,2025-08-17,5,"개당 수량: 30캡슐 / 수량: 4개
건강관심사 노화방지눈건강장건강
 효과는 있는거 같습니다 꾸준히 먹어 보겠습니다",남성,아주 넉넉해요,꼼꼼해요,편리해요,Y
DP_201,"덴마크 유산균이야기 덴티 사과 30캡슐, 4개",https://smartstore.naver.com/main/products/11901300247,2025-08-17,5,"개당 수량: 30캡슐 / 수량: 3개
 비염있는 가족을 위해 주문했어요. 먹기 편하고, 하루먹어보니 바로 효과를 본듯하여, 추가주문합니다.",,아주 넉넉해요,꼼꼼해요,편리해요,Y
DP_201,"덴마크 유산균이야기 덴티 사과 30캡슐, 4개",https://smartstore.naver.com/main/products/11901300247,2025-08-16,5,"개당 수량: 30캡슐 / 수량: 3개
 한달사용간편하게 먹을수 있어 좋아요",,아주 넉넉해요,적당해요,편리해요,Y
DP_201,"덴마크 유산균이야기 덴티 사과 30캡슐, 4개",https://smartstore.naver.com/main/products/11901300247,2025-08-16,5,"개당 수량: 30캡슐 / 수량: 2개
건강관심사 면역력눈건강관절/뼈건강
 한달사용아침에 일어나면 확실히 입냄새가 안남",여성,꽤 남았어요,적당해요,편리해요,Y
DP_201,"덴마크 유산균이야기 덴티 사과 30캡슐, 4개",https://smartstore.naver.com/main/products/11901300247,2025-08-16,4,"개당 수량: 30캡슐 / 수량: 3개
건강관심사 여성건강
 맛있어요.입안이 상쾌해져요",여성,꽤 남았어요,적당해요,그냥그래요,Y
DP_201,"덴마크 유산균이야기 덴티 사과 30캡슐, 4개",https://smartstore.naver.com/main/products/11901300247,2025-08-15,5,"개당 수량: 30캡슐 / 수량: 2개
 써보니 좋아서 재구매 해씁니다",,아주 넉넉해요,꼼꼼해요,편리해요,Y
DP_201,"덴마크 유산균이야기 덴티 사과 30캡슐, 4개",https://smartstore.naver.com/main/products/11901300247,2025-08-14,5,"개당 수량: 30캡슐 / 수량: 1개
 자기전에 한알 먹고 잤는데 일어나니까 뭔가 상쾌해진 느낌이예요.",,아주 넉넉해요,꼼꼼해요,편리해요,Y
DP_201,"덴마크 유산균이야기 덴티 사과 30캡슐, 4개",https://smartstore.naver.com/main/products/11901300247,2025-08-14,5,"개당 수량: 30캡슐 / 수량: 1개
 아침에 입냄새가 덜나는것 같아요 좋아요",,아주 넉넉해요,꼼꼼해요,편리해요,Y
DP_201,"덴마크 유산균이야기 덴티 사과 30캡슐, 4개",https://smartstore.naver.com/main/products/11901300247,2025-08-14,5,"개당 수량: 30캡슐 / 수량: 1개
 배송이 빨라요
먹기 편해요",,아주 넉넉해요,꼼꼼해요,편리해요,Y
DP_201,"덴마크 유산균이야기 덴티 사과 30캡슐, 4개",https://smartstore.naver.com/main/products/11901300247,2025-08-14,5,"개당 수량: 30캡슐 / 수량: 1개
 맛있어요 하루에 하나만 먹어야ㅠ하는게 서운해요",,아주 넉넉해요,꼼꼼해요,편리해요,Y
DP_201,"덴마크 유산균이야기 덴티 사과 30캡슐, 4개",https://smartstore.naver.com/main/products/11901300247,2025-08-14,5,"개당 수량: 30캡슐 / 수량: 1개
 아이가 이전에 포도맛? 구매했을때 잘먹어서 사과맛 나왔길래 시켜봤어요 ^^ 다른 맛도 나왔으면 좋켔네요 ~~ 라이브 방송해서 싸게 구매했어요 ㅎㅎ",,아주 넉넉해요,꼼꼼해요,편리해요,Y
DP_201,"덴마크 유산균이야기 덴티 사과 30캡슐, 4개",https://smartstore.naver.com/main/products/11901300247,2025-08-13,5,"개당 수량: 30캡슐 / 수량: 3개
건강관심사 노화방지피로회복여성건강
 📣📣50대 예민 장트러블 남편과 50대 갱년기아내, 그리고, 사춘기 여중생 세식구의 아침루틴은 매일 미온수에 식전 유산균 챙겨먹는것 부터 시작합니다. ✔️만성췌장염과 신경성 대장증후군을 오랜기간 앓아온 남편은 사실 이것저것 안먹어본 유산균이 없을정도로 장이 무척 예민한 유산균유목민이예요. 덴마크유산균이야기를 정착한지는 벌써 1년이 넘었는데 속도 편하고~가스참,뒤틀림등이 정말 많이 좋아졌다고해요. ✔️폐경기에 접어든 50대인 제경우는 사실 평소에 유산균이나 건강보조식품에는 별관심이 없는 편인데~ 산부인과검진후 질유산균을 먹어보면 어떻겠냐는 말에 남편추천으로 우먼으로 챙겨먹고 있어요.
일단 알이 작아서 목넘김이 편하고~
확실히 안먹었을때보다 챙겨먹으니 건조한 느낌이 줄었다고 해야하나? 분비물냄새도 덜한 듯해서 만족스럽습니다^^ ✔️중학생 딸아이는 아직은 키즈유산균에서 성인유산균으로 넘어오는 과정이라 정착하지 못한 상태라 이것저것 먹여보고 있는데요.이전에는 다이어트유산균을 먹었어요.아무래도 외모에 관심이 많은 사춘기니까~~^^
다이어트 유산균은 알이 좀 커서~ 아이가 들쭉날쭉 먹길래 ㅜㅜ 이번에는 덴티사과를 구매해봤습니다.
치아도 많이 약한편이거든요.
게다가 씹어먹거나 녹여먹어도 되는 거라 거부감없이 잘 먹을것 같더라구요^^
아침에 미온수로 입헹구고 한알씩 씹어먹기 딱 좋네요. 📣이번 라이브 방송 보면서 알지못했던 제품들 정보도 많이 알게되고 금액별 사은품도 푸짐히 받을수 있어 너무 좋았어요♡
가족 유산균은 구매할때마다 기본적으로 3~40만원은 거뜬히 넘기게되어 부담스럽기는하지만, 몇달간은 장걱정없이 지낼수 있으니 외면할수가 없는것 같아요.
약상자에 차곡차곡 쟁여두니 이렇게 든든할수가^^
챙겨주신 사은품들도 잘 챙겨먹고 건강해지겠습니다♡ 더보기
+3
?
1",여성,아주 넉넉해요,꼼꼼해요,편리해요,Y
DP_201,"덴마크 유산균이야기 덴티 사과 30캡슐, 4개",https://smartstore.naver.com/main/products/11901300247,2025-08-13,5,"개당 수량: 30캡슐 / 수량: 1개
 다음날 아침에 확실히 안 텁텁해요",,아주 넉넉해요,꼼꼼해요,편리해요,Y
DP_201,"덴마크 유산균이야기 덴티 사과 30캡슐, 4개",https://smartstore.naver.com/main/products/11901300247,2025-08-10,5,"개당 수량: 30캡슐 / 수량: 3개
 입냄새 감소 및 구강 건강 위해 구매!",,아주 넉넉해요,꼼꼼해요,편리해요,Y
DP_201,"덴마크 유산균이야기 덴티 사과 30캡슐, 4개",https://smartstore.naver.com/main/products/11901300247,2025-08-10,5,"개당 수량: 30캡슐 / 수량: 1개
 남편이 잇몸이 안좋아서 구강유산균 알아보다 구입하게 됐어요.",,꽤 남았어요,꼼꼼해요,편리해요,Y
DP_201,"덴마크 유산균이야기 덴티 사과 30캡슐, 4개",https://smartstore.naver.com/main/products/11901300247,2025-08-10,5,"개당 수량: 30캡슐 / 수량: 1개
 츄어블타입이라 먹기 편해서 좋아요~
고딩아들 덴프스유산균 먹고있는데, 치아건강위해 주문해봤어요 ㅎ",,아주 넉넉해요,꼼꼼해요,편리해요,Y
DP_201,"덴마크 유산균이야기 덴티 사과 30캡슐, 4개",https://smartstore.naver.com/main/products/11901300247,2025-08-09,5,"개당 수량: 30캡슐 / 수량: 1개
 배송 정말 빠릅니다",,아주 넉넉해요,꼼꼼해요,편리해요,Y
DP_201,"덴마크 유산균이야기 덴티 사과 30캡슐, 4개",https://smartstore.naver.com/main/products/11901300247,2025-08-09,5,"개당 수량: 30캡슐 / 수량: 1개
 깔끔한 식감에 오랜시간동안 입이 건조하지 않아서 너무 마음에들었어요!",,아주 넉넉해요,꼼꼼해요,편리해요,Y
DP_201,"덴마크 유산균이야기 덴티 사과 30캡슐, 4개",https://smartstore.naver.com/main/products/11901300247,2025-08-09,4,"개당 수량: 30캡슐 / 수량: 1개
 배송빠릅니다 사과향이나고 효과있었으면좋겠습니다.",,아주 넉넉해요,꼼꼼해요,편리해요,Y
DP_201,"덴마크 유산균이야기 덴티 사과 30캡슐, 4개",https://smartstore.naver.com/main/products/11901300247,2025-08-08,5,"개당 수량: 30캡슐 / 수량: 3개
건강관심사 장건강면역력눈건강
 입안에 염증이 나서 어떻게해야하나 했는데 구강유산균이라는게 있더라고요. 찾아보니 덴프스가 있더라고요.덴프스는 장유산균을 꾸준히 시켜먹고있습니다.
그래서 구강유산균도 시켜봤더니 맛도 모양도 만족입니다. 구강유산균이 입안 염증 완화에 도움되길 기대하는중입니다.",여성,아주 넉넉해요,꼼꼼해요,편리해요,Y
DP_201,"덴마크 유산균이야기 덴티 사과 30캡슐, 4개",https://smartstore.naver.com/main/products/11901300247,2025-08-06,5,"개당 수량: 30캡슐 / 수량: 3개
 재구매배송이 빠르고 간편합니다",,아주 넉넉해요,꼼꼼해요,편리해요,Y
DP_201,"덴마크 유산균이야기 덴티 사과 30캡슐, 4개",https://smartstore.naver.com/main/products/11901300247,2025-08-06,5,"개당 수량: 30캡슐 / 수량: 1개
 배송진짜 엄청빠르고 크기도 좋아요 츄어블이라 추천",,아주 넉넉해요,꼼꼼해요,편리해요,Y
DP_201,"덴마크 유산균이야기 덴티 사과 30캡슐, 4개",https://smartstore.naver.com/main/products/11901300247,2025-08-06,5,"개당 수량: 30캡슐 / 수량: 1개
 남편이 구강이 되게 약해요. 잇몸에 피도 잘 나고 딱딱한것도 잘 못 씹고 해서 구강 관리가 어렵더라구요. 구취도 좀 있어서 여러 방법 다 써봤는데도 잘 안 나아져서 구강 유산균이 도움이 된다고해서 구매했어요! 한달 먹어보고 효과가 보이면 꾸준히 먹일려구요👍",,아주 넉넉해요,꼼꼼해요,편리해요,Y
DP_201,"덴마크 유산균이야기 덴티 사과 30캡슐, 4개",https://smartstore.naver.com/main/products/11901300247,2025-08-06,5,"개당 수량: 30캡슐 / 수량: 1개
건강관심사 장건강
 커피도 마시고 차도 많이 마셔서 꼭 필요한 유산균 이었습니다. 패키지가 편하게 되어 있어서 좋아요.
물없이 녹여 먹어서 간편 합니다. 
?
1",여성,아주 넉넉해요,꼼꼼해요,편리해요,Y
DP_201,"덴마크 유산균이야기 덴티 사과 30캡슐, 4개",https://smartstore.naver.com/main/products/11901300247,2025-08-05,5,"개당 수량: 30캡슐 / 수량: 4개
 한달사용꾸준히 복용 중입니다",,꽤 남았어요,적당해요,그냥그래요,Y
DP_201,"덴마크 유산균이야기 덴티 사과 30캡슐, 4개",https://smartstore.naver.com/main/products/11901300247,2025-08-04,5,"개당 수량: 30캡슐 / 수량: 1개
 입냄새에 효과있기를",,아주 넉넉해요,적당해요,그냥그래요,Y
DP_201,"덴마크 유산균이야기 덴티 사과 30캡슐, 4개",https://smartstore.naver.com/main/products/11901300247,2025-08-04,4,"개당 수량: 30캡슐 / 수량: 1개
 입이 텁텁할 때가 많은데 먹기편하고 상큼하네요",여성,꽤 남았어요,적당해요,편리해요,Y
DP_201,"덴마크 유산균이야기 덴티 사과 30캡슐, 4개",https://smartstore.naver.com/main/products/11901300247,2025-08-02,5,"개당 수량: 30캡슐 / 수량: 4개
 맛도좋고~먹기도편하고~완존좋아요~^^
앞으로는이것만ㅎ",여성,아주 넉넉해요,꼼꼼해요,편리해요,Y
DP_201,"덴마크 유산균이야기 덴티 사과 30캡슐, 4개",https://smartstore.naver.com/main/products/11901300247,2025-08-01,2,"개당 수량: 30캡슐 / 수량: 1개
건강관심사 면역력
 아직안먹엇는데 가격이 비싸네요",여성,꽤 남았어요,적당해요,편리해요,Y
DP_201,"덴마크 유산균이야기 덴티 사과 30캡슐, 4개",https://smartstore.naver.com/main/products/11901300247,2025-07-24,4,"개당 수량: 30캡슐 / 수량: 1개
 먹기편리해서좋습니다",여성,꽤 남았어요,적당해요,편리해요,Y
DP_201,"덴마크 유산균이야기 덴티 사과 30캡슐, 4개",https://smartstore.naver.com/main/products/11901300247,2025-07-21,5,"개당 수량: 30캡슐 / 수량: 4개
 입냄새에 좋다고 인터넷 기사가 많아 처음 복용하는데 맛도 좋고 크기도 과하지 않아 엄청 기대됩니다.
이틀 복용 결과 효과가 조금 있는거 같아요..
쭉 먹어 볼랍니다...",,아주 넉넉해요,꼼꼼해요,편리해요,Y
DP_201,"덴마크 유산균이야기 덴티 사과 30캡슐, 4개",https://smartstore.naver.com/main/products/11901300247,2025-07-20,5,"개당 수량: 30캡슐 / 수량: 4개
 주문한지 20시간만에 옴;;;
너무 빠르네요",여성,아주 넉넉해요,꼼꼼해요,편리해요,Y
DP_201,"덴마크 유산균이야기 덴티 사과 30캡슐, 4개",https://smartstore.naver.com/main/products/11901300247,2025-07-18,5,"개당 수량: 30캡슐 / 수량: 3개
 빠른배송 감사합니다.",여성,아주 넉넉해요,꼼꼼해요,편리해요,Y
DP_201,"덴마크 유산균이야기 덴티 사과 30캡슐, 4개",https://smartstore.naver.com/main/products/11901300247,2025-07-18,5,"개당 수량: 30캡슐 / 수량: 3개
 반갑슴다 좋슴다 번창하세요 감사함다 ~^^",남성,아주 넉넉해요,꼼꼼해요,편리해요,Y
DP_201,"덴마크 유산균이야기 덴티 사과 30캡슐, 4개",https://smartstore.naver.com/main/products/11901300247,2025-07-17,5,"개당 수량: 30캡슐 / 수량: 3개
 간편하고 맛도 즇아요",,아주 넉넉해요,적당해요,편리해요,Y
DP_201,"덴마크 유산균이야기 덴티 사과 30캡슐, 4개",https://smartstore.naver.com/main/products/11901300247,2025-07-17,5,"개당 수량: 30캡슐 / 수량: 4개
 맛이 안달고 은은한 사과맛 좋아여!!",,아주 넉넉해요,꼼꼼해요,편리해요,Y
DP_201,"덴마크 유산균이야기 덴티 사과 30캡슐, 4개",https://smartstore.naver.com/main/products/11901300247,2025-07-16,5,"개당 수량: 30캡슐 / 수량: 3개
 10살 아드님 덴프스 키즈 유산균 꾸준히 먹고 있는데 요제품이 새로 나왔길래 바꿔 볼려구 구매했어요. 츄어블 타입이라 아이들 먹기에 편할것 같아서요ㅎㅎ첫구매라 일단 3개월분만 구매했는데 잘먹으면 다시 재구매할 의사 있어요.",,아주 넉넉해요,꼼꼼해요,편리해요,Y
DP_201,"덴마크 유산균이야기 덴티 사과 30캡슐, 4개",https://smartstore.naver.com/main/products/11901300247,2025-07-14,5,"개당 수량: 30캡슐 / 수량: 1개
건강관심사 노화방지면역력장건강
 맛도 역하지 않고 상큼하네오",여성,아주 넉넉해요,꼼꼼해요,편리해요,Y
DP_201,"덴마크 유산균이야기 덴티 사과 30캡슐, 4개",https://smartstore.naver.com/main/products/11901300247,2025-07-12,5,"개당 수량: 30캡슐 / 수량: 1개
 일단 먹어보고 한달리뷰 다시 달께여",,꽤 남았어요,꼼꼼해요,편리해요,Y
DP_201,"덴마크 유산균이야기 덴티 사과 30캡슐, 4개",https://smartstore.naver.com/main/products/11901300247,2025-07-11,5,"개당 수량: 30캡슐 / 수량: 1개
 엄마가 덴마크 유산균을 드시는 중인데 구강유산균도 나왔길래 구매했어요",,아주 넉넉해요,꼼꼼해요,편리해요,Y
DP_201,"덴마크 유산균이야기 덴티 사과 30캡슐, 4개",https://smartstore.naver.com/main/products/11901300247,2025-07-11,5,"개당 수량: 30캡슐 / 수량: 2개
건강관심사 면역력눈건강관절/뼈건강
 사과맛 자기전에 먹는데 아침에 일어나면 입냄새도 안나고 입안 텁텁함이 없어 괜찮은것 같아요",여성,꽤 남았어요,적당해요,그냥그래요,Y
DP_201,"덴마크 유산균이야기 덴티 사과 30캡슐, 4개",https://smartstore.naver.com/main/products/11901300247,2025-07-11,5,"개당 수량: 30캡슐 / 수량: 3개
 입냄새 관리에 좋다고 해서 먹어보려고요",,아주 넉넉해요,꼼꼼해요,편리해요,Y
DP_201,"덴마크 유산균이야기 덴티 사과 30캡슐, 4개",https://smartstore.naver.com/main/products/11901300247,2025-07-11,5,"개당 수량: 30캡슐 / 수량: 2개
건강관심사 노화방지면역력
 배변활동을 원활하게 해즙니다
강추",여성,아주 넉넉해요,꼼꼼해요,편리해요,Y
DP_201,"덴마크 유산균이야기 덴티 사과 30캡슐, 4개",https://smartstore.naver.com/main/products/11901300247,2025-07-10,5,"개당 수량: 30캡슐 / 수량: 3개
 아침에 일어나면 입속이 텁텁한대 이거 진짜 대박이에요 아가들도 잘먹고 냄새도 안나고",,아주 넉넉해요,꼼꼼해요,편리해요,Y
DP_201,"덴마크 유산균이야기 덴티 사과 30캡슐, 4개",https://smartstore.naver.com/main/products/11901300247,2025-07-09,5,"개당 수량: 30캡슐 / 수량: 3개
 생각보다 맛이 괜찮아요 먹기 편해요",,꽤 남았어요,적당해요,편리해요,Y
DP_201,"덴마크 유산균이야기 덴티 사과 30캡슐, 4개",https://smartstore.naver.com/main/products/11901300247,2025-07-06,5,"개당 수량: 30캡슐 / 수량: 3개
건강관심사 노화방지면역력피로회복
 꾸준히먹고있어요 ㅎㅎ 효과가 있었으면 좋겠어요ㅠㅠ",여성,아주 넉넉해요,꼼꼼해요,편리해요,Y
DP_201,"덴마크 유산균이야기 덴티 사과 30캡슐, 4개",https://smartstore.naver.com/main/products/11901300247,2025-07-02,5,"개당 수량: 30캡슐 / 수량: 4개
 배송 빠르게 잘 받았습니다 저렴하게 잘 구매했습니다",,꽤 남았어요,적당해요,그냥그래요,Y
DP_201,"덴마크 유산균이야기 덴티 사과 30캡슐, 4개",https://smartstore.naver.com/main/products/11901300247,2025-07-01,5,"개당 수량: 30캡슐 / 수량: 3개
 구강암 수술 환자여서
구강쪽과 항염쪽은 항상 신경쓰고 챙기는게
많은데 유산균, 비타민 전부
덴프스 제품들로 선택하고 먹고있어서
이번에 구강유산균도 다른제품에서
덴프스로 갈아탔습니다~ 
?
1",여성,꽤 남았어요,적당해요,편리해요,Y
DP_201,"덴마크 유산균이야기 덴티 사과 30캡슐, 4개",https://smartstore.naver.com/main/products/11901300247,2025-06-29,5,"개당 수량: 30캡슐 / 수량: 3개
건강관심사 노화방지면역력여성건강
 빠른 배송과 라이브 구매에 따른 혜택",여성,아주 넉넉해요,꼼꼼해요,편리해요,Y
DP_201,"덴마크 유산균이야기 덴티 사과 30캡슐, 4개",https://smartstore.naver.com/main/products/11901300247,2025-06-27,5,"개당 수량: 30캡슐 / 수량: 3개
 새로 나온 자일리톨 사과맛으로주문했어요
아직 먹어보진 못했는데 기대되요
원래 기존 덴마크 유산균은 알약이 작아서 먹기 좋은데 이것도 크기는 같은것 같네요",여성,아주 넉넉해요,꼼꼼해요,편리해요,Y
DP_201,"덴마크 유산균이야기 덴티 사과 30캡슐, 4개",https://smartstore.naver.com/main/products/11901300247,2025-06-26,5,"개당 수량: 30캡슐 / 수량: 3개
 타사 구강유산균 먹다가 이번에 덴프스로 바꿔봤어요. 일단 사과맛이라 맛있어서 아이도 잘 먹네요. 츄어블이라 아이도 안심하고 줄 수 있어서 좋네요.",,아주 넉넉해요,적당해요,편리해요,Y
