﻿상품코드,상품명,URL,날짜,별점,리뷰텍스트,구매자 성별,유통기한,포장,편리,판매여부
DP_193,"휘게 비움라인 효소 30포, 3개",https://smartstore.naver.com/main/products/11520172168,2025-10-04,5,"개당 수량: 30포 / 수량: 1개
 만성변비에시달리고있는 탄수중독자입니다
휘게효소추천받아먹고 매일화장실갑니다 저에게는 딱이네요 추천합니다",,아주 넉넉해요,꼼꼼해요,편리해요,Y
DP_193,"휘게 비움라인 효소 30포, 3개",https://smartstore.naver.com/main/products/11520172168,2025-10-04,5,"개당 수량: 30포 / 수량: 3개
 맛도 있고 서비스를 종종 챙겨주셔서 너무 좋아요%
소화가 잘 되는 느낌",,꽤 남았어요,적당해요,편리해요,Y
DP_193,"휘게 비움라인 효소 30포, 3개",https://smartstore.naver.com/main/products/11520172168,2025-10-04,5,"개당 수량: 30포 / 수량: 4개
건강관심사 간건강피로회복
 전 매우 만족합니다. 항상 구매하고있어여.",여성,아주 넉넉해요,꼼꼼해요,편리해요,Y
DP_193,"휘게 비움라인 효소 30포, 3개",https://smartstore.naver.com/main/products/11520172168,2025-10-04,5,"개당 수량: 30포 / 수량: 2개
건강관심사 간건강피로회복
 한달사용전 매우 만족합니다. 항상 구매하고있어여.",여성,아주 넉넉해요,꼼꼼해요,편리해요,Y
DP_193,"휘게 비움라인 효소 30포, 3개",https://smartstore.naver.com/main/products/11520172168,2025-10-04,5,"개당 수량: 30포 / 수량: 3개
 꾸준히 먹어보려 주문합니다",,아주 넉넉해요,꼼꼼해요,편리해요,Y
DP_193,"휘게 비움라인 효소 30포, 3개",https://smartstore.naver.com/main/products/11520172168,2025-10-02,5,"개당 수량: 30포 / 수량: 1개
 재구매효과너무좋아서늘시킵니당",여성,아주 넉넉해요,꼼꼼해요,편리해요,Y
DP_193,"휘게 비움라인 효소 30포, 3개",https://smartstore.naver.com/main/products/11520172168,2025-09-29,4,"개당 수량: 30포 / 수량: 1개
건강관심사 눈건강
 휘게~~ 먹기 편하고 눈뜨자마자 먹고있어요.
몸이 가벼워지는 느낌이예요.
꾸준히 복용하고 있어요.",여성,아주 넉넉해요,적당해요,편리해요,Y
DP_193,"휘게 비움라인 효소 30포, 3개",https://smartstore.naver.com/main/products/11520172168,2025-09-28,5,"개당 수량: 30포 / 수량: 1개
 덴프스 유산균이랑 정말 궁합 좋은거 같아요.
만성변비인데 공복에 유산균 + 효소
같이먹으면 효과대박입니다ㅎㅎ",여성,아주 넉넉해요,꼼꼼해요,편리해요,Y
DP_193,"휘게 비움라인 효소 30포, 3개",https://smartstore.naver.com/main/products/11520172168,2025-09-25,5,"개당 수량: 30포 / 수량: 2개
 유산균 사은품으로 줘서 먹어보고 괜찮아서 구매했습니다
남편이 소화를 잘 못해서 도움될거 같아서 샀는데 같이 먹고 있네요",,아주 넉넉해요,꼼꼼해요,편리해요,Y
DP_193,"휘게 비움라인 효소 30포, 3개",https://smartstore.naver.com/main/products/11520172168,2025-09-23,5,"개당 수량: 30포 / 수량: 1개
건강관심사 면역력
 지금까지 먹어본 효소중 제일 맛있어요, 어떤건 입안에서도 목넘김도 너무 안좋아서 물 없이 못 먹는데 이건 잘 녹고 목넘김도 진짜 부드러워서 물 없이도 먹을 수 있어 정말 좋아요 드디어 정착 합니다 ^^",여성,아주 넉넉해요,꼼꼼해요,편리해요,Y
DP_193,"휘게 비움라인 효소 30포, 3개",https://smartstore.naver.com/main/products/11520172168,2025-09-23,5,"개당 수량: 30포 / 수량: 3개
 휘게 효소 먹으면 속이 편해져서 새로 나온 효소 구매했어요 먹어보고 괜찮으면 더 구매할게여",여성,아주 넉넉해요,꼼꼼해요,편리해요,Y
DP_193,"휘게 비움라인 효소 30포, 3개",https://smartstore.naver.com/main/products/11520172168,2025-09-16,5,"개당 수량: 30포 / 수량: 2개
 사은품으로 먹어보고 좋아서사요 다른 제품과 다르게 과립이 상당히 가늘어서 목넘김이 아주 편해요
물없이도 금세 녹아서 먹기가 좋습니다",여성,아주 넉넉해요,꼼꼼해요,편리해요,Y
DP_193,"휘게 비움라인 효소 30포, 3개",https://smartstore.naver.com/main/products/11520172168,2025-09-16,5,"개당 수량: 30포 / 수량: 1개
 한달사용먹기간편하고 좋아요~",,아주 넉넉해요,꼼꼼해요,편리해요,Y
DP_193,"휘게 비움라인 효소 30포, 3개",https://smartstore.naver.com/main/products/11520172168,2025-09-10,5,"개당 수량: 30포 / 수량: 3개
 한달사용맛이 구수해서 먹기좋아요! 꾸준히 먹고 있어요",,아주 넉넉해요,꼼꼼해요,편리해요,Y
DP_193,"휘게 비움라인 효소 30포, 3개",https://smartstore.naver.com/main/products/11520172168,2025-09-05,5,"개당 수량: 30포 / 수량: 3개
 효소먹고나서 소화가 잘되는것같아요",,꽤 남았어요,적당해요,편리해요,Y
DP_193,"휘게 비움라인 효소 30포, 3개",https://smartstore.naver.com/main/products/11520172168,2025-09-03,5,"개당 수량: 30포 / 수량: 3개
건강관심사 면역력장건강피로회복
 한달사용배송빠르고 좋아요☺️",여성,아주 넉넉해요,꼼꼼해요,편리해요,Y
DP_193,"휘게 비움라인 효소 30포, 3개",https://smartstore.naver.com/main/products/11520172168,2025-09-02,5,"개당 수량: 30포 / 수량: 1개
 한달사용늘빠르게배송되고늘잘먹어요",여성,아주 넉넉해요,꼼꼼해요,편리해요,Y
DP_193,"휘게 비움라인 효소 30포, 3개",https://smartstore.naver.com/main/products/11520172168,2025-09-02,5,"개당 수량: 30포 / 수량: 1개
 재구매늘빠르게배송되고늘잘먹어요",여성,아주 넉넉해요,꼼꼼해요,편리해요,Y
DP_193,"휘게 비움라인 효소 30포, 3개",https://smartstore.naver.com/main/products/11520172168,2025-08-31,5,"개당 수량: 30포 / 수량: 2개
 효소 좋아서 먹고있어요
재구매예정",,꽤 남았어요,적당해요,편리해요,Y
DP_193,"휘게 비움라인 효소 30포, 3개",https://smartstore.naver.com/main/products/11520172168,2025-08-31,5,"개당 수량: 30포 / 수량: 2개
 잘 빋있습니다~~~!",,아주 넉넉해요,꼼꼼해요,편리해요,Y
DP_193,"휘게 비움라인 효소 30포, 3개",https://smartstore.naver.com/main/products/11520172168,2025-08-30,5,"개당 수량: 30포 / 수량: 4개
건강관심사 노화방지면역력수면건강
 항상 포장도 꼼꼼하게 해서 보내주시고 빠른 배송 그리고 먹기에도 편하고 먹을때와 안 먹을때 차이가 있어서 항상 챙겨서 먹게 됩니다",여성,아주 넉넉해요,꼼꼼해요,편리해요,Y
DP_193,"휘게 비움라인 효소 30포, 3개",https://smartstore.naver.com/main/products/11520172168,2025-08-22,5,"개당 수량: 30포 / 수량: 2개
 agsgejrkdgsgshs",여성,아주 넉넉해요,꼼꼼해요,편리해요,Y
DP_193,"휘게 비움라인 효소 30포, 3개",https://smartstore.naver.com/main/products/11520172168,2025-08-19,5,"개당 수량: 30포 / 수량: 2개
 휘계 엔자임 액티브 먹고있었는데
이걸로 바꿔볼까 해서 구입했습니다 먹기전이라 효과는 아직..",남성,아주 넉넉해요,꼼꼼해요,편리해요,Y
DP_193,"휘게 비움라인 효소 30포, 3개",https://smartstore.naver.com/main/products/11520172168,2025-08-18,4,"개당 수량: 30포 / 수량: 2개
 한달사용탄수화물 마니 먹었을때 의식적으로 먹어봤어요~죄책감이 덜 느껴지는??^^",여성,꽤 남았어요,적당해요,편리해요,Y
DP_193,"휘게 비움라인 효소 30포, 3개",https://smartstore.naver.com/main/products/11520172168,2025-08-17,5,"개당 수량: 30포 / 수량: 1개
 처음구매해봤는데 꾸준히 먹어봐야 알수있을것같아요~",,아주 넉넉해요,꼼꼼해요,편리해요,Y
DP_193,"휘게 비움라인 효소 30포, 3개",https://smartstore.naver.com/main/products/11520172168,2025-08-17,5,"개당 수량: 30포 / 수량: 4개
 한달사용요번 처음 먹는데 잘 아직 모르겠음",,꽤 남았어요,적당해요,그냥그래요,Y
DP_193,"휘게 비움라인 효소 30포, 3개",https://smartstore.naver.com/main/products/11520172168,2025-08-16,5,"개당 수량: 30포 / 수량: 1개
 한달사용다른 효소 보다 훨씬 맛있어요",여성,아주 넉넉해요,꼼꼼해요,편리해요,Y
DP_193,"휘게 비움라인 효소 30포, 3개",https://smartstore.naver.com/main/products/11520172168,2025-08-15,5,"개당 수량: 30포 / 수량: 1개
 한달사용구수한 맛이나요 가루형태로 먹기 좋아요",,아주 넉넉해요,꼼꼼해요,편리해요,Y
DP_193,"휘게 비움라인 효소 30포, 3개",https://smartstore.naver.com/main/products/11520172168,2025-08-14,5,"개당 수량: 30포 / 수량: 2개
건강관심사 간건강피로회복
 꾸준히 주문해서 먹어요. 전 매우 만족합니다.",여성,아주 넉넉해요,꼼꼼해요,편리해요,Y
DP_193,"휘게 비움라인 효소 30포, 3개",https://smartstore.naver.com/main/products/11520172168,2025-08-13,5,"개당 수량: 30포 / 수량: 3개
 한달사용꾸즌히 먹어보려구요 좋아요",여성,아주 넉넉해요,꼼꼼해요,편리해요,Y
DP_193,"휘게 비움라인 효소 30포, 3개",https://smartstore.naver.com/main/products/11520172168,2025-08-06,5,"개당 수량: 30포 / 수량: 3개
 한달사용식후 속이 편해졌고 유산균과 함께 먹으니 화장실 가는게 더 편해진것같다",,아주 넉넉해요,꼼꼼해요,편리해요,Y
DP_193,"휘게 비움라인 효소 30포, 3개",https://smartstore.naver.com/main/products/11520172168,2025-08-05,5,"개당 수량: 30포 / 수량: 3개
 배송도 빠르고 좋아요 꾸준히 먹어보려구요",,아주 넉넉해요,꼼꼼해요,편리해요,Y
DP_193,"휘게 비움라인 효소 30포, 3개",https://smartstore.naver.com/main/products/11520172168,2025-08-02,5,"개당 수량: 30포 / 수량: 1개
 배송빠르고효과좋아요",여성,아주 넉넉해요,꼼꼼해요,편리해요,Y
DP_193,"휘게 비움라인 효소 30포, 3개",https://smartstore.naver.com/main/products/11520172168,2025-07-28,5,"개당 수량: 30포 / 수량: 1개
건강관심사 여성건강노화방지
 식사 후 먹으면 뭔가 안심이 되요 ㅎㅎ",여성,아주 넉넉해요,꼼꼼해요,편리해요,Y
DP_193,"휘게 비움라인 효소 30포, 3개",https://smartstore.naver.com/main/products/11520172168,2025-07-27,5,"개당 수량: 30포 / 수량: 3개
건강관심사 수면건강피로회복여성건강
 한달사용불편함 속에 도움이 많이 되네요",여성,아주 넉넉해요,꼼꼼해요,편리해요,Y
DP_193,"휘게 비움라인 효소 30포, 3개",https://smartstore.naver.com/main/products/11520172168,2025-07-26,5,"개당 수량: 30포 / 수량: 2개
 한달사용배송이 빨라서 좋아요",,아주 넉넉해요,꼼꼼해요,편리해요,Y
DP_193,"휘게 비움라인 효소 30포, 3개",https://smartstore.naver.com/main/products/11520172168,2025-07-21,4,"개당 수량: 30포 / 수량: 2개
 한달사용미숫가루 맛이라 먹기도 편해서 좋아요
효과는 일단 볼일을 보면 속이 편하긴 합니다",남성,아주 넉넉해요,꼼꼼해요,편리해요,Y
DP_193,"휘게 비움라인 효소 30포, 3개",https://smartstore.naver.com/main/products/11520172168,2025-07-13,5,"개당 수량: 30포 / 수량: 3개
 유산균이랑 종합 비타민 먹어보고 좋아서 효소도 한번 바꿔봤어요",여성,아주 넉넉해요,꼼꼼해요,편리해요,Y
DP_193,"휘게 비움라인 효소 30포, 3개",https://smartstore.naver.com/main/products/11520172168,2025-07-12,5,"개당 수량: 30포 / 수량: 3개
 먼던건데 라이브때 좋은가격으로 잘구매했어요 꾸준히 먹고있어요",,아주 넉넉해요,꼼꼼해요,편리해요,Y
DP_193,"휘게 비움라인 효소 30포, 3개",https://smartstore.naver.com/main/products/11520172168,2025-07-12,3,"개당 수량: 30포 / 수량: 4개
 난 탄수가 적이나 요저 처음구매해보는데 맛은 괜찮아요",,꽤 남았어요,적당해요,편리해요,Y
DP_193,"휘게 비움라인 효소 30포, 3개",https://smartstore.naver.com/main/products/11520172168,2025-07-11,5,"개당 수량: 30포 / 수량: 1개
건강관심사 장건강
 잘 먹고 있습니다. 벌써 3통째 입니다. 건강을 위해 꾸준히 먹으려 합니다.",남성,아주 넉넉해요,꼼꼼해요,편리해요,Y
DP_193,"휘게 비움라인 효소 30포, 3개",https://smartstore.naver.com/main/products/11520172168,2025-07-08,5,"개당 수량: 30포 / 수량: 3개
 한달사용먹는데 불편함 없고, 소화도 잘 되고 너무 좋아요! 진짜 강추",,꽤 남았어요,꼼꼼해요,편리해요,Y
DP_193,"휘게 비움라인 효소 30포, 3개",https://smartstore.naver.com/main/products/11520172168,2025-07-05,5,"개당 수량: 30포 / 수량: 3개
건강관심사 수면건강피로회복여성건강
 소화력이 약해서 복용 하고 있습니다 많이 도움이 됩니다",여성,아주 넉넉해요,꼼꼼해요,편리해요,Y
DP_193,"휘게 비움라인 효소 30포, 3개",https://smartstore.naver.com/main/products/11520172168,2025-07-04,5,"개당 수량: 30포 / 수량: 1개
 사십대 중반, 뭘 먹어도 소화가 잘 안돼요. 그렇다고 매번 샐러드만 먹을 수는 없으니, 휘게 효소 먹으면 맘도 편하고 속도 편하죠",,꽤 남았어요,적당해요,편리해요,Y
DP_193,"휘게 비움라인 효소 30포, 3개",https://smartstore.naver.com/main/products/11520172168,2025-07-03,5,"개당 수량: 30포 / 수량: 1개
 먹기 편하고 맛도 아주 좋습니다.",,아주 넉넉해요,꼼꼼해요,편리해요,Y
DP_193,"휘게 비움라인 효소 30포, 3개",https://smartstore.naver.com/main/products/11520172168,2025-07-02,5,"개당 수량: 30포 / 수량: 1개
 말이필요없이효과좋아요~",여성,아주 넉넉해요,꼼꼼해요,편리해요,Y
DP_193,"휘게 비움라인 효소 30포, 3개",https://smartstore.naver.com/main/products/11520172168,2025-06-30,5,"개당 수량: 30포 / 수량: 3개
건강관심사 근육/체력피로회복여성건강
 한달사용효소 찾다가 구매했는데 잘 먹고 있습니다! 좋아요~",여성,꽤 남았어요,적당해요,그냥그래요,Y
DP_193,"휘게 비움라인 효소 30포, 3개",https://smartstore.naver.com/main/products/11520172168,2025-06-29,5,"개당 수량: 30포 / 수량: 1개
 한달사용맛있어요ㅋㅋㅋ 고소해서 먹기가 좋습니다",,아주 넉넉해요,꼼꼼해요,편리해요,Y
DP_193,"휘게 비움라인 효소 30포, 3개",https://smartstore.naver.com/main/products/11520172168,2025-06-28,5,"개당 수량: 30포 / 수량: 1개
 한달사용먹기도 편하고 맛도 괜찮네요!!",,아주 넉넉해요,꼼꼼해요,편리해요,Y
DP_193,"휘게 비움라인 효소 30포, 3개",https://smartstore.naver.com/main/products/11520172168,2025-06-23,5,"개당 수량: 30포 / 수량: 1개
 미숫가루 맛이 나서 다른 효소보다 먹기 좋아요",여성,아주 넉넉해요,꼼꼼해요,편리해요,Y
DP_193,"휘게 비움라인 효소 30포, 3개",https://smartstore.naver.com/main/products/11520172168,2025-06-20,5,"개당 수량: 30포 / 수량: 2개
 배송이 빨라서 좋아요",,아주 넉넉해요,꼼꼼해요,편리해요,Y
DP_193,"휘게 비움라인 효소 30포, 3개",https://smartstore.naver.com/main/products/11520172168,2025-06-18,3,"개당 수량: 30포 / 수량: 2개
 최XX 추천으로 구입해봤어요. 효소라는 얘기가 너무 많이 들리는 요즈음 정말 효과가 좋았음 좋겠어요. 맛은 미숫가루 느낌이고 먹을만해요. ^^",여성,꽤 남았어요,적당해요,편리해요,Y
DP_193,"휘게 비움라인 효소 30포, 3개",https://smartstore.naver.com/main/products/11520172168,2025-06-13,5,"개당 수량: 30포 / 수량: 3개
 효소를 먹고 소화도 잘되는것 같아요. 추천합니다.",여성,아주 넉넉해요,적당해요,편리해요,Y
DP_193,"휘게 비움라인 효소 30포, 3개",https://smartstore.naver.com/main/products/11520172168,2025-06-11,5,"개당 수량: 30포 / 수량: 3개
건강관심사 면역력장건강피로회복
 소화기관이 약한 친구한테 하나 줬다가 너무
좋다고 해서 생일 선물로 사줬아요 남편도 여태까지 먹아본 효소 중에 가장 맛있고 좋다고 해서 꾸준히 재구매 하고 있어요~!👍🏻",여성,아주 넉넉해요,꼼꼼해요,편리해요,Y
DP_193,"휘게 비움라인 효소 30포, 3개",https://smartstore.naver.com/main/products/11520172168,2025-06-10,5,"개당 수량: 30포 / 수량: 3개
 샘플로 받아서 먹어봤는데 맛있고 효과도 좋아서 추가로 구매 했어요",,아주 넉넉해요,꼼꼼해요,편리해요,Y
DP_193,"휘게 비움라인 효소 30포, 3개",https://smartstore.naver.com/main/products/11520172168,2025-06-08,5,"개당 수량: 30포 / 수량: 3개
 먹기 너무 편하고 맛있어요!!",,꽤 남았어요,꼼꼼해요,편리해요,Y
DP_193,"휘게 비움라인 효소 30포, 3개",https://smartstore.naver.com/main/products/11520172168,2025-06-07,5,"개당 수량: 30포 / 수량: 2개
 맛이 고소하고 먹기편해요",,꽤 남았어요,꼼꼼해요,편리해요,Y
DP_193,"휘게 비움라인 효소 30포, 3개",https://smartstore.naver.com/main/products/11520172168,2025-06-06,5,"개당 수량: 30포 / 수량: 3개
 이 제품 추천해요!!",,아주 넉넉해요,꼼꼼해요,편리해요,Y
DP_193,"휘게 비움라인 효소 30포, 3개",https://smartstore.naver.com/main/products/11520172168,2025-06-04,5,"개당 수량: 30포 / 수량: 3개
건강관심사 노화방지면역력피로회복
 한달사용음식을 먹음 소화가 잘안되고 더부룩한데 효소 먹으니 속도 편하고 소화도 잘되네요",여성,아주 넉넉해요,꼼꼼해요,편리해요,Y
DP_193,"휘게 비움라인 효소 30포, 3개",https://smartstore.naver.com/main/products/11520172168,2025-05-28,5,"개당 수량: 30포 / 수량: 3개
건강관심사 면역력장건강피로회복
 한달사용부담스럽게먹은날 또 평상시 편치않을때 애용하고있어요.",여성,아주 넉넉해요,꼼꼼해요,편리해요,Y
DP_193,"휘게 비움라인 효소 30포, 3개",https://smartstore.naver.com/main/products/11520172168,2025-05-25,5,"개당 수량: 30포 / 수량: 3개
 한달사용배송이 엄청 빠릅니다",,아주 넉넉해요,꼼꼼해요,그냥그래요,Y
DP_193,"휘게 비움라인 효소 30포, 3개",https://smartstore.naver.com/main/products/11520172168,2025-05-24,5,"개당 수량: 30포 / 수량: 4개
 한달사용어머니가 식사후에 드시길래 사고잇는 중이에요",,아주 넉넉해요,꼼꼼해요,편리해요,Y
DP_193,"휘게 비움라인 효소 30포, 3개",https://smartstore.naver.com/main/products/11520172168,2025-05-24,5,"개당 수량: 30포 / 수량: 3개
 사은품으로 몇개 받아서 먹어봤는데 효과가 있는것 같아서 추가로 구매했습니다~! 기대해봅니다!!",,꽤 남았어요,적당해요,그냥그래요,Y
DP_193,"휘게 비움라인 효소 30포, 3개",https://smartstore.naver.com/main/products/11520172168,2025-05-11,5,"개당 수량: 30포 / 수량: 2개
 탄수화물이나 기름진 음식먹으면 속이 불편하고 소화가 안된다는 느낌이였어요 그럴때 한포먹음 속이 많이 편합니다 다먹고 재구매할께요",,아주 넉넉해요,꼼꼼해요,편리해요,Y
DP_193,"휘게 비움라인 효소 30포, 3개",https://smartstore.naver.com/main/products/11520172168,2025-05-10,5,"개당 수량: 30포 / 수량: 4개
 한달사용소화에 도움이 됩니다. 수험생의 더부룩한 속을 편안하게 해주니 아주 좋아요.",,아주 넉넉해요,적당해요,편리해요,Y
DP_193,"휘게 비움라인 효소 30포, 3개",https://smartstore.naver.com/main/products/11520172168,2025-05-08,5,"개당 수량: 30포 / 수량: 1개
 좋다는 얘기 많이 들었는데 꾸준히 먹기만 하면될거같아요~ 배송 빨라요👍",,아주 넉넉해요,꼼꼼해요,편리해요,Y
DP_193,"휘게 비움라인 효소 30포, 3개",https://smartstore.naver.com/main/products/11520172168,2025-05-08,5,"개당 수량: 30포 / 수량: 3개
 한달사용식사후 꾸준히 먹고 있어요…. 속이 편란합니다…",여성,아주 넉넉해요,꼼꼼해요,편리해요,Y
DP_193,"휘게 비움라인 효소 30포, 3개",https://smartstore.naver.com/main/products/11520172168,2025-05-07,5,"개당 수량: 30포 / 수량: 1개
 맛있어요! 유산균도 덴프스꺼 먹는데 효소도 좋았으면 좋겠네요",,꽤 남았어요,적당해요,편리해요,Y
DP_193,"휘게 비움라인 효소 30포, 3개",https://smartstore.naver.com/main/products/11520172168,2025-04-30,5,"개당 수량: 30포 / 수량: 3개
건강관심사 면역력피로회복수면건강
 고소한 미숫가루맛이예요~",여성,아주 넉넉해요,꼼꼼해요,편리해요,Y
DP_193,"휘게 비움라인 효소 30포, 3개",https://smartstore.naver.com/main/products/11520172168,2025-04-29,5,"개당 수량: 30포 / 수량: 4개
 한달사용고소하고 맛있습니다. 소화도 잘 되는 것 같습니다.",,아주 넉넉해요,꼼꼼해요,편리해요,Y
DP_193,"휘게 비움라인 효소 30포, 3개",https://smartstore.naver.com/main/products/11520172168,2025-04-28,5,"개당 수량: 30포 / 수량: 3개
건강관심사 면역력근육/체력피로회복
 음식을 먹으면 소화가 잘안되고 더부룩하고 몸이 붓는 느낌이였는데 휘게비움라인효소는 먹으니 소화도잘되고 더부룩한 느낌도없어요 좋아요",여성,아주 넉넉해요,꼼꼼해요,편리해요,Y
DP_193,"휘게 비움라인 효소 30포, 3개",https://smartstore.naver.com/main/products/11520172168,2025-04-22,5,"개당 수량: 30포 / 수량: 3개
 배송이 진짜 빨랐어요",,아주 넉넉해요,꼼꼼해요,편리해요,Y
DP_193,"휘게 비움라인 효소 30포, 3개",https://smartstore.naver.com/main/products/11520172168,2025-04-18,5,"개당 수량: 30포 / 수량: 3개
 집안에 영양제 건강 보조식품은 모두 덴프스에요~~~~ 믿고 먹습니다~~~~",여성,아주 넉넉해요,꼼꼼해요,편리해요,Y
DP_193,"휘게 비움라인 효소 30포, 3개",https://smartstore.naver.com/main/products/11520172168,2025-04-18,5,"개당 수량: 30포 / 수량: 3개
건강관심사 노화방지장건강
 1년전처음접한 효소였는데 가격이 좀 있어서 타사로 갔다가 다시 돌아왔습니다. 덴푸스효소가저랑 잘맞아요.편안하고 배변도좋고 가격을조금더 저렴히 해주시면 ㅋㅋ",여성,아주 넉넉해요,꼼꼼해요,편리해요,Y
DP_193,"휘게 비움라인 효소 30포, 3개",https://smartstore.naver.com/main/products/11520172168,2025-04-15,5,"개당 수량: 30포 / 수량: 3개
 부모님이 좋아하셔서 추가구매 했어여 먹기좋고 확실히 속이 편안해요",여성,아주 넉넉해요,꼼꼼해요,편리해요,Y
DP_193,"휘게 비움라인 효소 30포, 3개",https://smartstore.naver.com/main/products/11520172168,2025-03-19,5,"개당 수량: 30포 / 수량: 4개
 고등학생 땅아이가 자꾸 체하고 소화가 잘 안되서 구입했어요. 속이 편해지는듯 하다 해서 계속 먹여보려 합니다. 
?
1",,아주 넉넉해요,적당해요,편리해요,Y
DP_193,"휘게 비움라인 효소 30포, 3개",https://smartstore.naver.com/main/products/11520172168,2025-03-19,5,"개당 수량: 30포 / 수량: 4개
 일단 맛 있어요. 먹기 넘 좋아요. 효소 효소 해서 어디거 먹을까 고밈 하다 덴프스 선택. 성분 좋고 좋은거 같아요",,아주 넉넉해요,꼼꼼해요,편리해요,Y
DP_193,"휘게 비움라인 효소 30포, 3개",https://smartstore.naver.com/main/products/11520172168,2025-03-18,5,"개당 수량: 30포 / 수량: 4개
 유통기한이 27년 1월이네요. 빠른 배송 좋아요.",,아주 넉넉해요,꼼꼼해요,편리해요,Y
DP_193,"휘게 비움라인 효소 30포, 3개",https://smartstore.naver.com/main/products/11520172168,2025-03-18,5,"개당 수량: 30포 / 수량: 4개
 배송 빠르고 제품도 좋아요",,아주 넉넉해요,꼼꼼해요,편리해요,Y
DP_193,"휘게 비움라인 효소 30포, 3개",https://smartstore.naver.com/main/products/11520172168,2025-03-14,5,"개당 수량: 30포 / 수량: 4개
 엄마가 여기것만 드셔서 맨날 여기서 사요.
효소도 좋아하시는데 이번에 새로나왔길래 사봅니다!",여성,아주 넉넉해요,꼼꼼해요,편리해요,Y
