﻿상품코드,상품명,URL,날짜,별점,리뷰텍스트,구매자 성별,유통기한,포장,편리,판매여부
DP_233,덴프스 크랜베리 우먼 1개월/1BOX,https://smartstore.naver.com/main/products/8607205775,2024-10-18,5,"한달사용먹는게 편리.
꾸준히 먹고 있어요 :)",여성,아주 넉넉해요,꼼꼼해요,편리해요,Y
DP_233,덴프스 크랜베리 우먼 1개월/1BOX,https://smartstore.naver.com/main/products/8607205775,2024-10-01,5,한달사용어머니가 방광염이 와서 주문해보았어요. 잘 드시고 계십니다^^,여성,꽤 남았어요,적당해요,편리해요,Y
DP_233,덴프스 크랜베리 우먼 1개월/1BOX,https://smartstore.naver.com/main/products/8607205775,2024-09-26,5,방광염으로 고생하는 어머니 위해서 구매했어요. 효과가 있길 바라며…,여성,꽤 남았어요,적당해요,편리해요,Y
DP_233,덴프스 크랜베리 우먼 1개월/1BOX,https://smartstore.naver.com/main/products/8607205775,2024-09-18,5,한달사용일단 배송이 빨라 좋았구 상품도 괜찮아요,여성,아주 넉넉해요,꼼꼼해요,편리해요,Y
DP_233,덴프스 크랜베리 우먼 1개월/1BOX,https://smartstore.naver.com/main/products/8607205775,2024-08-30,5,물만 마시면 화장실 가야해서 너무 힘들었어요. 좀만 피곤하면 방광염 도지고 소변에서 약간 냄새도 나고요. 병원가면 낫긴하지만 금방 또 생기고;; 첨에 먹을때 영양제니까 병원에서 받아 먹는 효과를 바란건 아니였지만 증상이 완화 되면 그것만 해도 만족이였는데.. 한달 먹었을때 세달분 샀으니까 그냥 먹어보자 했는데 세통째 먹고나니 절박뇨도 좀 괜찮아지고 방광염도 덜 생겨서 이번에 다시 구매했어요. 이건 잘 챙겨먹으려고요ㅋ효과가 있는것 같아요!!ㅋ,여성,아주 넉넉해요,꼼꼼해요,편리해요,Y
DP_233,덴프스 크랜베리 우먼 1개월/1BOX,https://smartstore.naver.com/main/products/8607205775,2024-08-24,5,한달사용몸에 좋은거같아 늘 먹고있어요,,꽤 남았어요,적당해요,그냥그래요,Y
DP_233,덴프스 크랜베리 우먼 1개월/1BOX,https://smartstore.naver.com/main/products/8607205775,2024-08-23,4,방광염이 잦아서 구매했어요. 알이 약간 큰거같고 약간 특유향이 나는거 같아 좀 거북하긴 하네요. 먹고 효과가 있길 바랍니다.,여성,아주 넉넉해요,적당해요,그냥그래요,Y
DP_233,덴프스 크랜베리 우먼 1개월/1BOX,https://smartstore.naver.com/main/products/8607205775,2024-08-19,5,먹기 편리하고 구성이 너무 좋아요 :),여성,아주 넉넉해요,꼼꼼해요,편리해요,Y
DP_233,덴프스 크랜베리 우먼 1개월/1BOX,https://smartstore.naver.com/main/products/8607205775,2024-08-13,5,재구매한달사용정말 꾸준히 먹을정도로 좋아요,,아주 넉넉해요,꼼꼼해요,편리해요,Y
DP_233,덴프스 크랜베리 우먼 1개월/1BOX,https://smartstore.naver.com/main/products/8607205775,2024-08-10,5,덴프스 유산균 많이 먹어서 주문했는데 배송이 정말 최고! 당일 도착해서 깜놀! 담에 또 주문할께요,여성,아주 넉넉해요,꼼꼼해요,편리해요,Y
DP_233,덴프스 크랜베리 우먼 1개월/1BOX,https://smartstore.naver.com/main/products/8607205775,2024-08-08,3,처음복용해서 효과는 아직잘모르겠네요 효과가있으면 계속복용할려구요,여성,임박상품이에요,적당해요,편리해요,Y
DP_233,덴프스 크랜베리 우먼 1개월/1BOX,https://smartstore.naver.com/main/products/8607205775,2024-08-07,5,한달사용배송도좋았고 상품도 좋아요,,꽤 남았어요,적당해요,그냥그래요,Y
DP_233,덴프스 크랜베리 우먼 1개월/1BOX,https://smartstore.naver.com/main/products/8607205775,2024-08-06,5,"음....어디선가 크렌베리가 좋다는걸 봐서
구매한번 해봅니다.
효과가 있길 바래봅니다.",남성,아주 넉넉해요,적당해요,편리해요,Y
DP_233,덴프스 크랜베리 우먼 1개월/1BOX,https://smartstore.naver.com/main/products/8607205775,2024-07-19,5,아주 잘쓰고 있어요 잘사용할께요,,꽤 남았어요,적당해요,편리해요,Y
DP_233,덴프스 크랜베리 우먼 1개월/1BOX,https://smartstore.naver.com/main/products/8607205775,2024-07-02,5,선물용으로 아주 좋아요! 패키지도 좋고 목넘김도 편하다네요!,,아주 넉넉해요,꼼꼼해요,편리해요,Y
DP_233,덴프스 크랜베리 우먼 1개월/1BOX,https://smartstore.naver.com/main/products/8607205775,2024-06-13,5,"우연히 알게되어 구매해서 한번 먹었는데
기대되네요~",,아주 넉넉해요,꼼꼼해요,편리해요,Y
DP_233,덴프스 크랜베리 우먼 1개월/1BOX,https://smartstore.naver.com/main/products/8607205775,2024-05-19,5,"오래 앉아있으면서 화장실 가는 것도 잊어버릴 때가 있어서 예방차 먹고 있었습니다.
마침 컨디션이 안좋아진데다가 크랜베리도 소홀하게 먹으면서 방광염에 걸렸는데 크랜베리가 빨리 호전되는데 도움이 되었다고 생각합니다.
병원가기 전에도 크랜베리를 고용량 복용했을 때 악화된 증세가 조금 나아진 것을 개인적으로 체감했었거든요. 덴프스 크랜베리도 예전에 먹던 것 못지 않게 좋은 제품인 것 같습니다. 개별 포장 되어 있어서 휴대성이 좋은 것도 장점이라고 생각합니다.",,아주 넉넉해요,꼼꼼해요,편리해요,Y
DP_233,덴프스 크랜베리 우먼 1개월/1BOX,https://smartstore.naver.com/main/products/8607205775,2024-04-22,5,한달사용친구 선물로 사줬는데 좋대요,,꽤 남았어요,적당해요,그냥그래요,Y
DP_233,덴프스 크랜베리 우먼 1개월/1BOX,https://smartstore.naver.com/main/products/8607205775,2024-02-28,5,친구선물로 구입햇어요,,꽤 남았어요,적당해요,편리해요,Y
DP_233,덴프스 크랜베리 우먼 1개월/1BOX,https://smartstore.naver.com/main/products/8607205775,2024-02-18,5,질유산균먹어도 방광염때문에 고생인데 효과가있으면 좋겠어요,여성,아주 넉넉해요,꼼꼼해요,편리해요,Y
DP_233,덴프스 크랜베리 우먼 1개월/1BOX,https://smartstore.naver.com/main/products/8607205775,2024-02-01,5,늘 이용하는 제품입니다 항상 빠른배송 고맙습니다,,아주 넉넉해요,꼼꼼해요,편리해요,Y
DP_233,덴프스 크랜베리 우먼 1개월/1BOX,https://smartstore.naver.com/main/products/8607205775,2024-01-23,5,"밤에 소변때문에 몇번 깨는데 첫날 두알먹고 푹잤어요
화장실 소변을봐도 또 보고싶고한데
차츰 나아지는게 진짜 좋으네요",여성,아주 넉넉해요,꼼꼼해요,편리해요,Y
DP_233,덴프스 크랜베리 우먼 1개월/1BOX,https://smartstore.naver.com/main/products/8607205775,2024-01-12,5,"포장이 빠르고 안전하게 잘왓어요
찌그러진 부분없이 잘 받아보앗습니다.",,아주 넉넉해요,꼼꼼해요,편리해요,Y
DP_233,덴프스 크랜베리 우먼 1개월/1BOX,https://smartstore.naver.com/main/products/8607205775,2023-10-23,2,"구매자선택안함
 한달사용먹기전후의 차이를 별로 못느끼겠네요.",,아주 넉넉해요,꼼꼼해요,편리해요,Y
DP_233,덴프스 크랜베리 우먼 1개월/1BOX,https://smartstore.naver.com/main/products/8607205775,2023-10-19,5,한달사용가격대비최고예요 감사합니다,,아주 넉넉해요,꼼꼼해요,편리해요,Y
DP_233,덴프스 크랜베리 우먼 1개월/1BOX,https://smartstore.naver.com/main/products/8607205775,2023-10-08,5,화장실로 힘들어하는 분께 선물했어요. 유산균이랑 비타민 잘 먹었어서 포장이 깔끔하고 성분도 괜찮아보여서 여기껄로 골랐습니다~ 동영상컨텐츠,,꽤 남았어요,꼼꼼해요,편리해요,Y
DP_233,덴프스 크랜베리 우먼 1개월/1BOX,https://smartstore.naver.com/main/products/8607205775,2023-08-11,5,좋다고 해서 구매했는데...효과 있기를 기대합니다~,,아주 넉넉해요,꼼꼼해요,편리해요,Y
DP_233,덴프스 크랜베리 우먼 1개월/1BOX,https://smartstore.naver.com/main/products/8607205775,2023-08-05,5,가격대비최고예요 감사합니다,,아주 넉넉해요,꼼꼼해요,편리해요,Y
DP_233,덴프스 크랜베리 우먼 1개월/1BOX,https://smartstore.naver.com/main/products/8607205775,2023-07-23,5,한달사용꾸준히 복용하고 있어요!,,아주 넉넉해요,꼼꼼해요,편리해요,Y
DP_233,덴프스 크랜베리 우먼 1개월/1BOX,https://smartstore.naver.com/main/products/8607205775,2023-07-03,5,재구매한달 복용 후 재구매 했어요 괜찮네요,,아주 넉넉해요,적당해요,편리해요,Y
DP_233,덴프스 크랜베리 우먼 1개월/1BOX,https://smartstore.naver.com/main/products/8607205775,2023-06-30,5,화장실 자주 가는데 도움이 될 것 같아 구매해봤어요!,,아주 넉넉해요,꼼꼼해요,편리해요,Y
DP_233,덴프스 크랜베리 우먼 1개월/1BOX,https://smartstore.naver.com/main/products/8607205775,2023-06-02,5,꾸준히 먹고 효과 보았으면 좋겠어요,,아주 넉넉해요,적당해요,편리해요,Y
