﻿상품코드,상품명,URL,날짜,별점,리뷰텍스트,구매자 성별,유통기한,포장,편리,판매여부
DP_207,덴프스 혈당케어 슬림 3개월/1BOX,https://smartstore.naver.com/main/products/10508972506,2025-09-08,5,유명하다해서 시켜봤어요 기대해볼게요,,꽤 남았어요,꼼꼼해요,편리해요,Y
DP_207,덴프스 혈당케어 슬림 3개월/1BOX,https://smartstore.naver.com/main/products/10508972506,2025-09-06,5,한달사용꾸준히 먹고있습니다 효과 있는거 같아요,남성,아주 넉넉해요,꼼꼼해요,편리해요,Y
DP_207,덴프스 혈당케어 슬림 3개월/1BOX,https://smartstore.naver.com/main/products/10508972506,2025-09-05,5,"나이기 들어서 조금씩 혈당이 올라가서 할인할때 함 사봤어요~
열심히 먹어보고 혈당케어 해볼께요",,아주 넉넉해요,꼼꼼해요,편리해요,Y
DP_207,덴프스 혈당케어 슬림 3개월/1BOX,https://smartstore.naver.com/main/products/10508972506,2025-08-07,5,잘 받았습니다 배송 빠르고 굿,남성,아주 넉넉해요,꼼꼼해요,편리해요,Y
DP_207,덴프스 혈당케어 슬림 3개월/1BOX,https://smartstore.naver.com/main/products/10508972506,2025-02-02,5,"한달사용너무좋아요
자주구매할께요",,아주 넉넉해요,꼼꼼해요,편리해요,Y
DP_207,덴프스 혈당케어 슬림 3개월/1BOX,https://smartstore.naver.com/main/products/10508972506,2025-02-02,5,한달사용프로 쓰다가 슬림 할인하길래 구매해봤는데 저는 프로 돌아갔어요,,아주 넉넉해요,꼼꼼해요,편리해요,Y
DP_207,덴프스 혈당케어 슬림 3개월/1BOX,https://smartstore.naver.com/main/products/10508972506,2025-01-09,5,한달사용혈당관리 잘되는거 같아요,,아주 넉넉해요,꼼꼼해요,편리해요,Y
DP_207,덴프스 혈당케어 슬림 3개월/1BOX,https://smartstore.naver.com/main/products/10508972506,2025-01-05,5,한달사용효과가 나름 있는거같아요,여성,아주 넉넉해요,꼼꼼해요,편리해요,Y
DP_207,덴프스 혈당케어 슬림 3개월/1BOX,https://smartstore.naver.com/main/products/10508972506,2024-12-31,4,한달사용아직 효과는 모르겠어요.,여성,꽤 남았어요,꼼꼼해요,편리해요,Y
DP_207,덴프스 혈당케어 슬림 3개월/1BOX,https://smartstore.naver.com/main/products/10508972506,2024-12-27,5,한달사용다어어트중이라 혈당 관리로 구매했어요,,아주 넉넉해요,꼼꼼해요,편리해요,Y
DP_207,덴프스 혈당케어 슬림 3개월/1BOX,https://smartstore.naver.com/main/products/10508972506,2024-12-26,4,"한달사용점심먹고 복용하고 있어요. 한번에 3알을 먹어야 하지만 알 크기가 작아서 괜찮네요. 다만, 먹고 있는 종합영양제와 중복되는 성분이 있어서 좀 걱정되네요.",,아주 넉넉해요,꼼꼼해요,그냥그래요,Y
DP_207,덴프스 혈당케어 슬림 3개월/1BOX,https://smartstore.naver.com/main/products/10508972506,2024-12-26,5,한달사용평소 덴프스 혈당보조제를 먹습니다. 향은 처음에 입에 약을 넣으면 약냄새가 많이나 호불호가 있을수 있겠습니다. 참고로 저는 불호에요. 근데 주변에서도 많이 먹고 저도 덴프스 먹고 안먹고의 차이가 느껴져서 꾸준히 복용중입니다.,,아주 넉넉해요,꼼꼼해요,편리해요,Y
DP_207,덴프스 혈당케어 슬림 3개월/1BOX,https://smartstore.naver.com/main/products/10508972506,2024-12-24,5,한달사용꾸준히 먹어보고 있어용,,아주 넉넉해요,꼼꼼해요,편리해요,Y
DP_207,덴프스 혈당케어 슬림 3개월/1BOX,https://smartstore.naver.com/main/products/10508972506,2024-12-23,5,"한달사용이거 먹어서 그런지 가벼워 지고
제가 식습관도 안좋고 빵을 좋아해서 챙겨
먹고 있어요.",여성,아주 넉넉해요,꼼꼼해요,편리해요,Y
DP_207,덴프스 혈당케어 슬림 3개월/1BOX,https://smartstore.naver.com/main/products/10508972506,2024-12-16,5,한달사용제일 잘챙겨먹는제품이네요 떨어질라하몀 바로바로 주문함,여성,아주 넉넉해요,꼼꼼해요,편리해요,Y
DP_207,덴프스 혈당케어 슬림 3개월/1BOX,https://smartstore.naver.com/main/products/10508972506,2024-12-12,5,재구매한달사용먹기 간편해서 잘먹고 있습니더,,아주 넉넉해요,꼼꼼해요,편리해요,Y
DP_207,덴프스 혈당케어 슬림 3개월/1BOX,https://smartstore.naver.com/main/products/10508972506,2024-12-09,4,"한달사용반년 넘게
먹고 있는데 효과 있어요!???제가 궁금합니다
기분상 먹어요 느껴지지 않게 작용하겠죠???",,꽤 남았어요,적당해요,편리해요,Y
DP_207,덴프스 혈당케어 슬림 3개월/1BOX,https://smartstore.naver.com/main/products/10508972506,2024-12-09,5,한달사용빠른 배송 감사합니다.,,아주 넉넉해요,꼼꼼해요,편리해요,Y
DP_207,덴프스 혈당케어 슬림 3개월/1BOX,https://smartstore.naver.com/main/products/10508972506,2024-12-09,5,"한달사용꾸준히 챙겨 먹으니 효과를 보고 있어요..
먹기에도 편해서 꼬박꼬박 챙겨 먹고 있네요.
재구매 각입니닷",여성,꽤 남았어요,꼼꼼해요,편리해요,Y
DP_207,덴프스 혈당케어 슬림 3개월/1BOX,https://smartstore.naver.com/main/products/10508972506,2024-12-07,5,재구매한달사용혈당케어 해 보려고 먹고있어요~ 동영상컨텐츠,,아주 넉넉해요,꼼꼼해요,편리해요,Y
DP_207,덴프스 혈당케어 슬림 3개월/1BOX,https://smartstore.naver.com/main/products/10508972506,2024-12-07,5,한달사용혈당 다이어트에 관심이 많아 구입해 먹고 있어요~ 벌써 3통째인데 꾸준히 먹어보려구요~ 동영상컨텐츠,여성,아주 넉넉해요,꼼꼼해요,편리해요,Y
DP_207,덴프스 혈당케어 슬림 3개월/1BOX,https://smartstore.naver.com/main/products/10508972506,2024-12-06,5,한달사용꾸쥰히 먹고있눈데 좋아요,,꽤 남았어요,적당해요,편리해요,Y
DP_207,덴프스 혈당케어 슬림 3개월/1BOX,https://smartstore.naver.com/main/products/10508972506,2024-12-05,5,"약간의 다이어트 효과와 혈당 관리를 동시에 해주는 제품이라 구매하게 되었습니다 알약이 작아서 휴대성과 목넘김 모두 좋구요 근데 복용 방법이 자세히 없어서 일단 하루에 한꺼번에 세알 먹고 있어요 큰~ 다이어트 효과를 기대 하고있진않습니다 ㅎㅎ
가격대가 있어서 요건좀 부담되네요",,아주 넉넉해요,꼼꼼해요,편리해요,Y
DP_207,덴프스 혈당케어 슬림 3개월/1BOX,https://smartstore.naver.com/main/products/10508972506,2024-12-03,5,한달사용포장도 좋고 먹기 좋습니다.,,아주 넉넉해요,꼼꼼해요,편리해요,Y
DP_207,덴프스 혈당케어 슬림 3개월/1BOX,https://smartstore.naver.com/main/products/10508972506,2024-12-02,5,안먹는것 보다는 억는게 좋을꺼같아 기대갖고 주문합니다~,여성,아주 넉넉해요,꼼꼼해요,편리해요,Y
DP_207,덴프스 혈당케어 슬림 3개월/1BOX,https://smartstore.naver.com/main/products/10508972506,2024-12-02,5,한달사용좋은 가격에 잘 도착했어요,,꽤 남았어요,적당해요,그냥그래요,Y
DP_207,덴프스 혈당케어 슬림 3개월/1BOX,https://smartstore.naver.com/main/products/10508972506,2024-12-01,5,한달사용당이랑 혈압이 경계수치라고해서 예방차원으로 먹고있어요 좋은거같아요~,,아주 넉넉해요,꼼꼼해요,편리해요,Y
DP_207,덴프스 혈당케어 슬림 3개월/1BOX,https://smartstore.naver.com/main/products/10508972506,2024-11-30,5,한달사용꾸준히 몇개월째 챙겨먹고 있어요 살이 빠지진 않는디 찌진않고있습니다 ㅋㅋ 밤늦게 먹어도 안쪄서 만족하며 먹고있어요 식이조절 좀만 하면 효과볼거같아요 혈당은 검사해볼수가 없지만 도움이 되겠지 하고 앞으로도 꾸준히 먹으려구영,,아주 넉넉해요,꼼꼼해요,편리해요,Y
DP_207,덴프스 혈당케어 슬림 3개월/1BOX,https://smartstore.naver.com/main/products/10508972506,2024-11-26,5,당을 측정해보진 않았지만 효과 있을 거라 믿고 꾸준히 챙겨먹고 있습니다,,아주 넉넉해요,꼼꼼해요,편리해요,Y
DP_207,덴프스 혈당케어 슬림 3개월/1BOX,https://smartstore.naver.com/main/products/10508972506,2024-11-22,4,한달사용미리미리 혈당 관리 차원으로 구입해서 먹고 있어요.,여성,꽤 남았어요,적당해요,편리해요,Y
DP_207,덴프스 혈당케어 슬림 3개월/1BOX,https://smartstore.naver.com/main/products/10508972506,2024-11-20,5,한달사용덴프스는 믿고 먹어요!! 점점 영양제가 늘어 가네요~^^,여성,아주 넉넉해요,꼼꼼해요,편리해요,Y
DP_207,덴프스 혈당케어 슬림 3개월/1BOX,https://smartstore.naver.com/main/products/10508972506,2024-11-18,5,먹기가 편해요~~~,,아주 넉넉해요,꼼꼼해요,편리해요,Y
DP_207,덴프스 혈당케어 슬림 3개월/1BOX,https://smartstore.naver.com/main/products/10508972506,2024-11-16,5,"여러가지 사유로 최근 혈당이 오른 것 같아
예방차원에서 구매 했습니다.
기분탓인지 밥먹고 졸음오는 게 좀 줄어든것 같기도..",,아주 넉넉해요,꼼꼼해요,편리해요,Y
DP_207,덴프스 혈당케어 슬림 3개월/1BOX,https://smartstore.naver.com/main/products/10508972506,2024-11-15,5,"당뇨를 조심해야 되는 내력이 있어서
챙겨 먹으려고 구매했어요!
알이 작아서 편한 것 같아요~",여성,아주 넉넉해요,꼼꼼해요,편리해요,Y
DP_207,덴프스 혈당케어 슬림 3개월/1BOX,https://smartstore.naver.com/main/products/10508972506,2024-11-15,5,믿고 먹어요:) 효과 체감하기는 어려운 보조제기는 하니까 일단 꾸준히 먹어볼게요,,아주 넉넉해요,꼼꼼해요,편리해요,Y
DP_207,덴프스 혈당케어 슬림 3개월/1BOX,https://smartstore.naver.com/main/products/10508972506,2024-11-11,5,프로 먹어보다가 할인하길래 슬림 주문했어요!!,,아주 넉넉해요,꼼꼼해요,편리해요,Y
DP_207,덴프스 혈당케어 슬림 3개월/1BOX,https://smartstore.naver.com/main/products/10508972506,2024-11-11,4,꾸준히 먹어볼게요!,,꽤 남았어요,적당해요,그냥그래요,Y
DP_207,덴프스 혈당케어 슬림 3개월/1BOX,https://smartstore.naver.com/main/products/10508972506,2024-11-11,5,"포장엔 하루 1회 , 1회당 3정 이라고 표기되어있는데 판매처에선 하루 3번 나눠먹으라 하고...한번에 3정 먹어도 불편함 없어서 그렇게 먹고있어요 당은없지만 40대 중반이 되니 살짝 경계선이여서 먹어보려합니다",,아주 넉넉해요,꼼꼼해요,편리해요,Y
DP_207,덴프스 혈당케어 슬림 3개월/1BOX,https://smartstore.naver.com/main/products/10508972506,2024-11-10,5,알약이 작아서 먹기도 편하고 전에 먹고 아침에 몸이 좀 가벼워지는 것 같아요! 남편도 자꾸 뺏어먹길래…추가로 더 구매했어요~엄마가 당뇨가 있으셔서 당케어 프로도 사드렸어요! 우리 가족들 모두 건강해질것같습니다‘ㅜ,,아주 넉넉해요,꼼꼼해요,편리해요,Y
DP_207,덴프스 혈당케어 슬림 3개월/1BOX,https://smartstore.naver.com/main/products/10508972506,2024-11-09,5,유산균이 좋아서 믿음으로 다른제품도 먹어 볼려고요,여성,아주 넉넉해요,꼼꼼해요,편리해요,Y
DP_207,덴프스 혈당케어 슬림 3개월/1BOX,https://smartstore.naver.com/main/products/10508972506,2024-11-09,5,항상 먹는건데 이번에 라이브해서 많이 구매해봤어요 .추가로 선물도 많이 주고 너무 좋네요 유산균 말고도 많은 제품을 파는걸 처음알았네요,,아주 넉넉해요,꼼꼼해요,편리해요,Y
DP_207,덴프스 혈당케어 슬림 3개월/1BOX,https://smartstore.naver.com/main/products/10508972506,2024-11-08,5,혈당관리도 하고 살도 빼고.. 효과가 있었으면 좋겠어요,여성,아주 넉넉해요,꼼꼼해요,편리해요,Y
DP_207,덴프스 혈당케어 슬림 3개월/1BOX,https://smartstore.naver.com/main/products/10508972506,2024-11-08,5,바송 빠르고 효과는 모르겠는데 심리적인부분땜에 먹어요,,아주 넉넉해요,꼼꼼해요,편리해요,Y
DP_207,덴프스 혈당케어 슬림 3개월/1BOX,https://smartstore.naver.com/main/products/10508972506,2024-11-07,4,혈당관리가 필요해서 구매했는데 하루 세번 식후마다 복용해야해서 좀 신경쓰이네요.,,아주 넉넉해요,꼼꼼해요,그냥그래요,Y
DP_207,덴프스 혈당케어 슬림 3개월/1BOX,https://smartstore.naver.com/main/products/10508972506,2024-11-07,5,재구매라이브특가로 저렴하게 구매했어요 배송도 빠르게 왔구요,,아주 넉넉해요,꼼꼼해요,편리해요,Y
DP_207,덴프스 혈당케어 슬림 3개월/1BOX,https://smartstore.naver.com/main/products/10508972506,2024-11-07,4,"당화혈색소 걱정때문에 구입했어요.
복용후 효과있으면 꾸준히 복용 예정입니다.",여성,아주 넉넉해요,적당해요,편리해요,Y
DP_207,덴프스 혈당케어 슬림 3개월/1BOX,https://smartstore.naver.com/main/products/10508972506,2024-11-01,5,알약이 작아서 먹기편한거같아요 굿,,아주 넉넉해요,꼼꼼해요,편리해요,Y
DP_207,덴프스 혈당케어 슬림 3개월/1BOX,https://smartstore.naver.com/main/products/10508972506,2024-11-01,5,빠른 배송 감사합니다.,,아주 넉넉해요,꼼꼼해요,편리해요,Y
DP_207,덴프스 혈당케어 슬림 3개월/1BOX,https://smartstore.naver.com/main/products/10508972506,2024-10-31,5,"혈당관리차 주문했어요
기대됩니다",,꽤 남았어요,적당해요,그냥그래요,Y
DP_207,덴프스 혈당케어 슬림 3개월/1BOX,https://smartstore.naver.com/main/products/10508972506,2024-10-31,5,재구매 하고 있는 제품입니다,,아주 넉넉해요,꼼꼼해요,편리해요,Y
DP_207,덴프스 혈당케어 슬림 3개월/1BOX,https://smartstore.naver.com/main/products/10508972506,2024-10-31,5,공복혈당도 잡고 다이어트에도 좋다고해서 구매 했어요,,꽤 남았어요,꼼꼼해요,편리해요,Y
DP_207,덴프스 혈당케어 슬림 3개월/1BOX,https://smartstore.naver.com/main/products/10508972506,2024-10-30,5,2개월치 사서 먹고 다먹어서 세일하길래 3개월치 샀어요 솔직히 혈당은 검사해본적이.없어서 잘모르겠는데 남편이 콜레스테롤이 좀 높은데 좋다해서 같이 먹고 있어요 체지방은 아직 도움이 되는지 모르겠는데 꾸준히 먹어보려구요 먹기도 편하고 냄새같은거도 없어서 좋아요 식후에 잘 챙겨먹고 있습니다,,아주 넉넉해요,꼼꼼해요,편리해요,Y
DP_207,덴프스 혈당케어 슬림 3개월/1BOX,https://smartstore.naver.com/main/products/10508972506,2024-10-29,5,잘먹을께요 만족도 업업업,여성,아주 넉넉해요,꼼꼼해요,편리해요,Y
DP_207,덴프스 혈당케어 슬림 3개월/1BOX,https://smartstore.naver.com/main/products/10508972506,2024-10-17,5,덴프스는 비타민부터 유산균 등등 다 먹고 있어요!,여성,아주 넉넉해요,꼼꼼해요,편리해요,Y
DP_207,덴프스 혈당케어 슬림 3개월/1BOX,https://smartstore.naver.com/main/products/10508972506,2024-10-17,4,"몇번째 구매인지 모르겠어요..
꾸준히 먹었더니 효과도 있고..
먹기도 편해서 꾸준히 챙겨 먹게 되네요~",여성,꽤 남았어요,적당해요,편리해요,Y
DP_207,덴프스 혈당케어 슬림 3개월/1BOX,https://smartstore.naver.com/main/products/10508972506,2024-10-16,5,한달사용먹기 간편해서 잘먹고 있습니다,,아주 넉넉해요,꼼꼼해요,편리해요,Y
DP_207,덴프스 혈당케어 슬림 3개월/1BOX,https://smartstore.naver.com/main/products/10508972506,2024-10-16,4,이벤트할때 처음으로 주문했는데 꾸준히 먹어보려구요~,여성,꽤 남았어요,적당해요,편리해요,Y
DP_207,덴프스 혈당케어 슬림 3개월/1BOX,https://smartstore.naver.com/main/products/10508972506,2024-10-15,5,먹기 편리하고 간편합니다.,,아주 넉넉해요,꼼꼼해요,편리해요,Y
DP_207,덴프스 혈당케어 슬림 3개월/1BOX,https://smartstore.naver.com/main/products/10508972506,2024-10-06,5,당뇨 가족력잇는 집이라 혈당에대해 늘 관심을 가져요 .그와중에 체지방 감소까지 된다니 1석2조 안먹을 이유가 업죠.확실히 식후에 한번 먹는데 졸림현상이 덜해요.꾸준히좀 먹어봐야겟어요,여성,아주 넉넉해요,꼼꼼해요,편리해요,Y
DP_207,덴프스 혈당케어 슬림 3개월/1BOX,https://smartstore.naver.com/main/products/10508972506,2024-10-03,5,혈당케어하기 위해 구입했습니다,여성,아주 넉넉해요,꼼꼼해요,편리해요,Y
DP_207,덴프스 혈당케어 슬림 3개월/1BOX,https://smartstore.naver.com/main/products/10508972506,2024-09-16,5,"원래 먹던건데 식후혈당 관리라 주문해 봤어요
나이드니 이것저것 챙기게 되네요
꾸준히 먹어보려구요",,아주 넉넉해요,꼼꼼해요,편리해요,Y
DP_207,덴프스 혈당케어 슬림 3개월/1BOX,https://smartstore.naver.com/main/products/10508972506,2024-09-12,5,행사해서 할인받아 구매했습니다 프로먹다가 슬림으로 먹어보려규요,,아주 넉넉해요,꼼꼼해요,편리해요,Y
DP_207,덴프스 혈당케어 슬림 3개월/1BOX,https://smartstore.naver.com/main/products/10508972506,2024-09-09,5,"공복혈당이 위험수위라 검색해 주문했어요~
배송이 빨라 너무 좋았어요,
먹어보고 후기 더 남길게요~~ 동영상컨텐츠",여성,아주 넉넉해요,꼼꼼해요,편리해요,Y
