﻿상품코드,상품명,URL,날짜,별점,리뷰텍스트,구매자 성별,유통기한,포장,편리,판매여부
DP_200,"비타민C 바이탈 30포, 4개",https://smartstore.naver.com/main/products/11939019821,2025-08-31,5,"건강관심사 면역력여성건강
 매일 언니랑 같이 먹고 있어영 ㅎㅎ 넘 맛있고 비타민이라도 생각이 안들 정도로 ~~ 즐겨먹어요 ㅎㅎ 매번 떨어질 때마다 구매해서 먹고 있어영 ㅎㅎ",여성,아주 넉넉해요,꼼꼼해요,편리해요,Y
DP_200,"비타민C 바이탈 30포, 4개",https://smartstore.naver.com/main/products/11939019821,2025-08-18,5,건강해지는 느낌입니다. 꾸준하게 먹어보려구요!,,아주 넉넉해요,꼼꼼해요,편리해요,Y
DP_200,"비타민C 바이탈 30포, 4개",https://smartstore.naver.com/main/products/11939019821,2025-08-05,5,덴프스 여성 유산균 주문했을 때 같이 온 거 몇개 먹다가 반해서 네박스 주문했어요 맹물 먹는걸 싫어해서 콤부차 붓기차 이것저것 많이 먹어봤는데 이게 최고에요 일단 맛있어요 진짜로. 그래서 물도 더 많이 먹게돼서 그게 가장 좋은 점인듯요 딴 제품들은 물리고 질려서 한계가 있는데 이건 그냥 계속 먹고싶어요 1일 섭취량 정해져있는진 모르겠지만 걍 3개도 먹어요 얼음물에 이거 한 포 타서 먹어주면 더위랑 싸워서 무조건 이겨요 커피 없이 못사는데 커피 잊게해줄만큼 맛나요 진짜 저 믿고 한 번만 드셔보세요 니가 먼데 하시겠지만 저 원래 이런 리뷰도 잘 안씁니다 ㅜ 이제품 리뷰 얼마 없어서 슬퍼서 쓰는거에요 단종되면 안되니까… 그리고 피부가 놀랄만큼 좋아져요 제가 요즘 이너뷰티에 관심이 많아서 30마넌 하는 피부영양제 먹는데 그거 일주일 먹은거보다 이제품 일주일 먹었을 때가 더 피부 좋아진 것 같아요ㅋㅋㅋ 물을 많이 먹어서 그런건지 쨋든요 덴프스 유산균도 좋은데 전 이 제품에 반했어요 완전 더보기,여성,아주 넉넉해요,꼼꼼해요,편리해요,Y
DP_200,"비타민C 바이탈 30포, 4개",https://smartstore.naver.com/main/products/11939019821,2025-06-28,5,"BEST환경을 생각하는 포장이 회사에 믿음이 가게하네요.
종합비타민 주문했었는데,증정으로 주신 비타민C먹고 홀딱 반해서 주문하게 됐습니다.
음료처럼 상큼해서 얼음물에 타먹으니 맛있네요
포장도 스틱형으로 되어있어서 회사들고가기 편하네요",여성,아주 넉넉해요,꼼꼼해요,편리해요,Y
