﻿상품코드,상품명,URL,날짜,별점,리뷰텍스트,구매자 성별,유통기한,포장,편리,판매여부
DP_075,덴프스 비오틴 밸런스 4BOX/ 4개월분,https://smartstore.naver.com/main/products/7873064456,2025-09-28,5,"재구매한달사용물없이 마셔도되서 좋아요. 그리고 특유의 향이나 맛이 너무 인조적이지않고 깔끔하게 넘어가요. 먹으면 바로 힘이 솓아나요는 아니지만, 하루를 시작할때 피곤하지 않게 해주는건 맞는거같아요. 만족스러운 영양제예요.",여성,아주 넉넉해요,적당해요,편리해요,Y
DP_075,덴프스 비오틴 밸런스 4BOX/ 4개월분,https://smartstore.naver.com/main/products/7873064456,2025-09-27,5,한달사용먹기 좋아요. 꾸준히먹으려구요,,아주 넉넉해요,꼼꼼해요,편리해요,Y
DP_075,덴프스 비오틴 밸런스 4BOX/ 4개월분,https://smartstore.naver.com/main/products/7873064456,2025-09-20,5,아침에일어나 한포씩먹어주기🍑,,아주 넉넉해요,꼼꼼해요,편리해요,Y
DP_075,덴프스 비오틴 밸런스 4BOX/ 4개월분,https://smartstore.naver.com/main/products/7873064456,2025-09-18,5,"한달사용패키지 예쁘고 휴대성 좋은게 최고 장점이고
맛이 너무 달긴해요;;
약간 당이 확 오를거같은 기분입니당",,아주 넉넉해요,꼼꼼해요,편리해요,Y
DP_075,덴프스 비오틴 밸런스 4BOX/ 4개월분,https://smartstore.naver.com/main/products/7873064456,2025-09-16,5,"한달사용눈뜨면 가장먼저 먹는거 ㅎㅅㅎ
효과는 아직 눈에 띌정도로 달라진건 모르지만,
안먹을때랑 비교하면 피곤도나 이런건 덜해서 꾸준히 먹을 생각 ♥️",여성,아주 넉넉해요,꼼꼼해요,편리해요,Y
DP_075,덴프스 비오틴 밸런스 4BOX/ 4개월분,https://smartstore.naver.com/main/products/7873064456,2025-09-16,5,"구매자선택안함건강관심사 노화방지면역력피로회복
 한달사용그냥 먹는것보다 물에 타서 먹으니 좋아요",,아주 넉넉해요,꼼꼼해요,편리해요,Y
DP_075,덴프스 비오틴 밸런스 4BOX/ 4개월분,https://smartstore.naver.com/main/products/7873064456,2025-08-26,5,피곤이 좀 덜한거 같아요.,,아주 넉넉해요,꼼꼼해요,편리해요,Y
DP_075,덴프스 비오틴 밸런스 4BOX/ 4개월분,https://smartstore.naver.com/main/products/7873064456,2025-08-22,5,"구매자선택안함건강관심사 노화방지면역력피로회복
 물에 타먹으려고 일부러 가루타입으로 골랐는데 만족해요",,아주 넉넉해요,꼼꼼해요,편리해요,Y
DP_075,덴프스 비오틴 밸런스 4BOX/ 4개월분,https://smartstore.naver.com/main/products/7873064456,2025-08-21,5,재구매아침에 일어나자마자 먹는게 루틴 ㅎ,여성,아주 넉넉해요,적당해요,편리해요,Y
DP_075,덴프스 비오틴 밸런스 4BOX/ 4개월분,https://smartstore.naver.com/main/products/7873064456,2025-08-21,5,"늘 먹는 덴프스유산균, 최근엔 질유산균을 시켜봤는데 소포장 샘플을 먹어보고 구매했어요. 마침 대상포진을 앓고나서 피부도 뒤집어지고 머리카락도 손발톱고 푸석했는데 비오틴 꾸준히 먹고 개선되면 좋겠습니다. 늘 먹던 비오틴보다 함량은 좀 낮은데, 너무 많이 먹으면 또 부작용이 있다는 의견도 있어 덴프스 비오틴 밸런스 정도가 딱 좋은거 같아요. 무엇보다 가루로 된 비오틴 처음이에요!!! 맛도 있고 수분보충겸 타먹어도 좋아요. ㄷ추천추천",,꽤 남았어요,적당해요,편리해요,Y
DP_075,덴프스 비오틴 밸런스 4BOX/ 4개월분,https://smartstore.naver.com/main/products/7873064456,2025-08-19,4,"배송은 하루만에 왔고
양이나 맛은 섭취하기 좋아요
효과는 한달 먹어보고 남길께요!",,꽤 남았어요,적당해요,편리해요,Y
DP_075,덴프스 비오틴 밸런스 4BOX/ 4개월분,https://smartstore.naver.com/main/products/7873064456,2025-08-18,5,항상 잘 챙겨먹는 제품입니다 맛있어서 더 잘챙기는듯여 ㅎㅎ,여성,아주 넉넉해요,꼼꼼해요,편리해요,Y
DP_075,덴프스 비오틴 밸런스 4BOX/ 4개월분,https://smartstore.naver.com/main/products/7873064456,2025-08-13,5,한달사용효과는 잘 모르겠지만 확실히 피곤한은 덜한거 같아요. 아침에 일어나기 푠해졌어요,,아주 넉넉해요,꼼꼼해요,편리해요,Y
DP_075,덴프스 비오틴 밸런스 4BOX/ 4개월분,https://smartstore.naver.com/main/products/7873064456,2025-08-10,5,"한달사용열심히먹어보려구요
다먹고 후기쓸게여",,아주 넉넉해요,꼼꼼해요,편리해요,Y
DP_075,덴프스 비오틴 밸런스 4BOX/ 4개월분,https://smartstore.naver.com/main/products/7873064456,2025-08-08,5,한달사용한동안 안나왔다가 나와서 주문해서 먹고있어요,,꽤 남았어요,적당해요,그냥그래요,Y
DP_075,덴프스 비오틴 밸런스 4BOX/ 4개월분,https://smartstore.naver.com/main/products/7873064456,2025-08-07,5,"건강관심사 면역력피로회복여성건강
 배송 하루만에 도착했어요
비오틴 성분이 머리카락이랑 피부에 도움이 된다고 하더라구요~ 진작부터 멋었어야했는데..
덴프스에도 비오틴 있길래 시작해봅니다~
복숭아맛이라 맛있어요~^^",여성,아주 넉넉해요,꼼꼼해요,편리해요,Y
DP_075,덴프스 비오틴 밸런스 4BOX/ 4개월분,https://smartstore.naver.com/main/products/7873064456,2025-07-27,5,"유산균 구매하면서 플러스로 온 제품이였는데 먹고 그날 아침운동하는데 덜 피곤한 느낌?
비오틴 들어만 보고 정확하게 어떤 효과인지는 몰랐는데, 몸으로 먼저 느끼고 효과,효능 확인하니~ 아~ 하는! 이젠 눈뜨면 바로 한포 입에 털어넣고 하루시작! 저의 모닝루틴",여성,아주 넉넉해요,꼼꼼해요,편리해요,Y
DP_075,덴프스 비오틴 밸런스 4BOX/ 4개월분,https://smartstore.naver.com/main/products/7873064456,2025-07-25,5,"건강관심사 면역력관절/뼈건강피로회복
 먹은지 열흘정도 지났어요 미세하게 다른점이 손발이 조금 매끄러워진듯한 느낌이 있고 머리카락이 조금 덜 부스스한듯합니다 꾸준히 먹으면 더 좋아지겠죠 ^^",여성,아주 넉넉해요,꼼꼼해요,편리해요,Y
DP_075,덴프스 비오틴 밸런스 4BOX/ 4개월분,https://smartstore.naver.com/main/products/7873064456,2025-07-20,5,쉽게 물에타서 아침에 먹고 있어요. 꾸준하게 먹어보려합니다.,남성,아주 넉넉해요,꼼꼼해요,편리해요,Y
DP_075,덴프스 비오틴 밸런스 4BOX/ 4개월분,https://smartstore.naver.com/main/products/7873064456,2025-07-13,5,샘플먹어보고 시켰어요. 비오틴 시키니 또 먹고있는것들이 샘플로 왔네요. 좋습니다.,,아주 넉넉해요,꼼꼼해요,편리해요,Y
DP_075,덴프스 비오틴 밸런스 4BOX/ 4개월분,https://smartstore.naver.com/main/products/7873064456,2025-07-07,5,요새 안보이다가 다시 판매하는것 같아서 구매했어요,,꽤 남았어요,적당해요,그냥그래요,Y
DP_075,덴프스 비오틴 밸런스 4BOX/ 4개월분,https://smartstore.naver.com/main/products/7873064456,2025-05-27,5,"건강관심사 여성건강
 제품 포장도 세련되고 맛도 먹기 편하게 달콤합니다. 엄마, 여동생 한박스씩 나눠 먹었는데 평상시 덴프스에서 비타민 애용중이라 믿고 사는 브랜드 엄청 좋다고 하시네요.",여성,아주 넉넉해요,꼼꼼해요,편리해요,Y
DP_075,덴프스 비오틴 밸런스 4BOX/ 4개월분,https://smartstore.naver.com/main/products/7873064456,2025-02-24,4,한달사용탈모와 손톱건강때문에 꾸준히 먹고 있는것중의 하나의 영양제입니다^^ 꾸준히 1년이상 먹다보면 효과보겠죠!?👍👍👍,,꽤 남았어요,꼼꼼해요,편리해요,Y
DP_075,덴프스 비오틴 밸런스 4BOX/ 4개월분,https://smartstore.naver.com/main/products/7873064456,2024-12-12,5,"BEST꾸준히 먹고 있는것 중에 한가지입니다.
요즘엔 물에 타서 먹고 있는데, 물도 먹고, 비오틴도 같이 섭취하니 일석이조의 효과를 보고 있는셈이죠👍👍👍",여성,꽤 남았어요,적당해요,편리해요,Y
DP_075,덴프스 비오틴 밸런스 4BOX/ 4개월분,https://smartstore.naver.com/main/products/7873064456,2024-11-10,5,한달사용늘 주문해서 먹고있어요. 감사합니다,여성,아주 넉넉해요,꼼꼼해요,편리해요,Y
DP_075,덴프스 비오틴 밸런스 4BOX/ 4개월분,https://smartstore.naver.com/main/products/7873064456,2024-11-05,5,한달사용먹기 편해서 좋아요 가루로 되어 있는데 맛도 맛있어요 상큼한 복숭아맛 콜라겐이랑 같이 먹음 효과 좋다길래 일닼 먹어봐요,,아주 넉넉해요,꼼꼼해요,편리해요,Y
DP_075,덴프스 비오틴 밸런스 4BOX/ 4개월분,https://smartstore.naver.com/main/products/7873064456,2024-10-29,5,"한달사용꾸준하게 먹고 있는데, 좋은것 같아요!
나이들면 손톱이랑 머리카락이 약해지는데, 괜찮아 지는것 같아요!아주 좋아요맛도 맛있어요",여성,아주 넉넉해요,꼼꼼해요,편리해요,Y
DP_075,덴프스 비오틴 밸런스 4BOX/ 4개월분,https://smartstore.naver.com/main/products/7873064456,2024-09-24,5,한달사용좋아질걸 기대하면서 재구입했ㅇㆍㄱ요,,아주 넉넉해요,꼼꼼해요,편리해요,Y
DP_075,덴프스 비오틴 밸런스 4BOX/ 4개월분,https://smartstore.naver.com/main/products/7873064456,2024-09-21,5,"한달사용유통기한 내년 여름까지
상큼한 복숭아 맛으로 잘 먹고 있어요",여성,꽤 남았어요,적당해요,그냥그래요,Y
DP_075,덴프스 비오틴 밸런스 4BOX/ 4개월분,https://smartstore.naver.com/main/products/7873064456,2024-08-31,5,콜라겐이랑 같이 먹으면 효과 좋다길래 사봤어요 맛이 복숭아 맛이라 상큼하고 챙겨먹기 너무 편한 가루 타입이라 좋아요,,아주 넉넉해요,꼼꼼해요,편리해요,Y
DP_075,덴프스 비오틴 밸런스 4BOX/ 4개월분,https://smartstore.naver.com/main/products/7873064456,2024-08-28,5,"한달사용매번 구매하면서 느끼는 거지만 여기 배송이 정말 총알이네요~ㅋㅋ
이모가 꾸준히 드시는 제품이라서 다시 재구매했어요~",여성,아주 넉넉해요,꼼꼼해요,편리해요,Y
DP_075,덴프스 비오틴 밸런스 4BOX/ 4개월분,https://smartstore.naver.com/main/products/7873064456,2024-08-23,5,"저번 사은품으로 받아서 먹고
.조아서. 다시 주문합니다~~^^",여성,아주 넉넉해요,꼼꼼해요,편리해요,Y
DP_075,덴프스 비오틴 밸런스 4BOX/ 4개월분,https://smartstore.naver.com/main/products/7873064456,2024-08-22,5,행사 때 넉넉히 구매해두었습니다 ㅎㅎ,,꽤 남았어요,적당해요,편리해요,Y
DP_075,덴프스 비오틴 밸런스 4BOX/ 4개월분,https://smartstore.naver.com/main/products/7873064456,2024-08-17,5,한달사용효과가 있어서 꾸준히 복용하로 있습니도,,꽤 남았어요,적당해요,그냥그래요,Y
DP_075,덴프스 비오틴 밸런스 4BOX/ 4개월분,https://smartstore.naver.com/main/products/7873064456,2024-08-08,5,"저번에 사은품으로 받아서 먹어보고 괜찮아서
다시 주문했어요.
배송 빠르고 꼼꼼하게 잘 받았습니다.",여성,아주 넉넉해요,꼼꼼해요,편리해요,Y
DP_075,덴프스 비오틴 밸런스 4BOX/ 4개월분,https://smartstore.naver.com/main/products/7873064456,2024-08-05,4,기분탓인지 모르겠는데 속눈썹 숱이 많아지고 길어졌어요 ㅎㅎㅎ 그래서 재구매! 계속 먹어보고 싶어지네요,여성,아주 넉넉해요,꼼꼼해요,편리해요,Y
DP_075,덴프스 비오틴 밸런스 4BOX/ 4개월분,https://smartstore.naver.com/main/products/7873064456,2024-07-26,5,친구 선물로 주기 좋았어요.,여성,아주 넉넉해요,꼼꼼해요,편리해요,Y
DP_075,덴프스 비오틴 밸런스 4BOX/ 4개월분,https://smartstore.naver.com/main/products/7873064456,2024-07-11,4,"지난번보다 할인율은 작아졌어요
꾸준히 복용합니다",,꽤 남았어요,적당해요,그냥그래요,Y
DP_075,덴프스 비오틴 밸런스 4BOX/ 4개월분,https://smartstore.naver.com/main/products/7873064456,2024-07-08,5,좋은 가격으로 구매했어요~ 캡슐이 작아 좋아요,,아주 넉넉해요,꼼꼼해요,편리해요,Y
DP_075,덴프스 비오틴 밸런스 4BOX/ 4개월분,https://smartstore.naver.com/main/products/7873064456,2024-07-07,4,한달사용하루 분량 포장이라 먹기에 편하고 맛도 좋습니다.,여성,꽤 남았어요,적당해요,편리해요,Y
DP_075,덴프스 비오틴 밸런스 4BOX/ 4개월분,https://smartstore.naver.com/main/products/7873064456,2024-07-05,5,"재구매계속해서 먹는 중.
맛있기도 하고, 머리카락도 좀 덜 빠지는 느낌이라, 덜 피곤하기도 하고요.",,꽤 남았어요,적당해요,편리해요,Y
DP_075,덴프스 비오틴 밸런스 4BOX/ 4개월분,https://smartstore.naver.com/main/products/7873064456,2024-06-15,5,이거 먹고 효과가 있음 좋겠어요,,아주 넉넉해요,꼼꼼해요,편리해요,Y
DP_075,덴프스 비오틴 밸런스 4BOX/ 4개월분,https://smartstore.naver.com/main/products/7873064456,2024-05-19,5,기분인지는 모르겠으나 안먹을때보다 머리카락에 더 힘이 생기고 결도 좋아진것같아서 일년 가까이 먹고 있습니다.. 재구매하려고 기웃거리다가 할인하길래 언능 샀어요.. 안먹는것보다 나을꺼라는 믿음으로 꾸준히 복용중입니다..,,꽤 남았어요,적당해요,편리해요,Y
DP_075,덴프스 비오틴 밸런스 4BOX/ 4개월분,https://smartstore.naver.com/main/products/7873064456,2023-04-16,5,"한달사용이번에 처음 비오틴밸런스를 주문해서 먹어봤어요! 일단 먹기가 편하고 상큼한 맛도 좋네요~ 평상시 환절기때 피부가 엄청 건조하고 자꾸 터서 로션 없이는 지내기 힘들었는데, 요즘 피부가 별로 안트고 건강해진 것 같아요~ 앞으로도 꾸준히 먹으려구요~",,아주 넉넉해요,꼼꼼해요,편리해요,Y
DP_075,덴프스 비오틴 밸런스 4BOX/ 4개월분,https://smartstore.naver.com/main/products/7873064456,2023-03-17,5,"한달사용푸석하고 가는 머리카락인데 윤기가 나는 것 같아요.
꾸준히 먹어보려 합니다",여성,꽤 남았어요,적당해요,편리해요,Y
DP_075,덴프스 비오틴 밸런스 4BOX/ 4개월분,https://smartstore.naver.com/main/products/7873064456,2023-03-04,5,한달사용매일 아침마다 빼먹지 않고 먹고 있어요~입에 넣는 순간 상큼하고 잘 녹아 물 없이도 먹기 편해요?,,아주 넉넉해요,꼼꼼해요,편리해요,Y
DP_075,덴프스 비오틴 밸런스 4BOX/ 4개월분,https://smartstore.naver.com/main/products/7873064456,2023-02-12,5,"재구매맛있어서 약 먹는다는 느낌없어요~~💜
잘먹고있어요 매일 꾸준히 먹어보려규요",,아주 넉넉해요,꼼꼼해요,편리해요,Y
DP_075,덴프스 비오틴 밸런스 4BOX/ 4개월분,https://smartstore.naver.com/main/products/7873064456,2023-02-12,5,효과 좋아서 꾸준히 먹어보려규여,,아주 넉넉해요,꼼꼼해요,편리해요,Y
DP_075,덴프스 비오틴 밸런스 4BOX/ 4개월분,https://smartstore.naver.com/main/products/7873064456,2023-02-09,5,잘받았습니다 감사합니다 먹기편하네요,,아주 넉넉해요,꼼꼼해요,편리해요,Y
DP_075,덴프스 비오틴 밸런스 4BOX/ 4개월분,https://smartstore.naver.com/main/products/7873064456,2023-02-07,4,영양제 먹는게 많다보니 중복되는 성분이 많으면 먹기가 꺼려지는데 요건 필요한만큼 흡수하고 배출되는건만 있어서 안심하고 먹을려고 주문했어요.,,꽤 남았어요,꼼꼼해요,편리해요,Y
DP_075,덴프스 비오틴 밸런스 4BOX/ 4개월분,https://smartstore.naver.com/main/products/7873064456,2023-02-06,5,"어제 저녁에 시켰는데, 오전에 배송완료되었다고 문자오더라고요!!
진짜 빨리 왔어요☆ 머리가 너~무 빠져서 속상하던차에 비오틴이 탈모에도 좋고, 손톱굵기에도 영양이 있다는 얘길 듣고 바로 주문했어요!! 꾸준히 먹고, 머리카락많이 났으면 좋겠어요. ..ㅎ +1",,아주 넉넉해요,꼼꼼해요,편리해요,Y
DP_075,덴프스 비오틴 밸런스 4BOX/ 4개월분,https://smartstore.naver.com/main/products/7873064456,2023-02-05,5,빠른 배송 감사합니다.,,꽤 남았어요,적당해요,편리해요,Y
DP_075,덴프스 비오틴 밸런스 4BOX/ 4개월분,https://smartstore.naver.com/main/products/7873064456,2023-02-04,5,40대 후반도 훌쩍 넘어서면서 피부와 모발을 위해 뭔가 투자를 해야겠다는 생각이 들어서 찾아보다가 비오틴을 알게 됐네요! 덴프스 유산균과 오메가3를 몇년째 만족스럽게 복용중이라 덴프스 브랜드를 믿고 구매해봤어요~ 먹기 편한 것 같아요!,,아주 넉넉해요,적당해요,편리해요,Y
DP_075,덴프스 비오틴 밸런스 4BOX/ 4개월분,https://smartstore.naver.com/main/products/7873064456,2023-02-03,5,열시미 먹어보겟습니둥,,아주 넉넉해요,꼼꼼해요,편리해요,Y
DP_075,덴프스 비오틴 밸런스 4BOX/ 4개월분,https://smartstore.naver.com/main/products/7873064456,2023-01-31,5,일단 맛이 상큼해서 먹기가 좋아요. 건강을 위해 꾸준히 섭취해보겠습니다~,,아주 넉넉해요,꼼꼼해요,편리해요,Y
DP_075,덴프스 비오틴 밸런스 4BOX/ 4개월분,https://smartstore.naver.com/main/products/7873064456,2023-01-30,5,건강을 생각 할 나이가 된것 같아 한번 사보게 됐네요~꾸준히 잘 먹고 건강도 잘 관리해야 겠어요~,,아주 넉넉해요,꼼꼼해요,편리해요,Y
DP_075,덴프스 비오틴 밸런스 4BOX/ 4개월분,https://smartstore.naver.com/main/products/7873064456,2023-01-30,5,"배송이 매우 빨라요...
복숭아향이 나고 달달해서 먹기 편합니다.
효과를 기대해 봅니다",,아주 넉넉해요,꼼꼼해요,편리해요,Y
DP_075,덴프스 비오틴 밸런스 4BOX/ 4개월분,https://smartstore.naver.com/main/products/7873064456,2023-01-28,5,빠른배송감사합니다 ㅎㅎ 잘먹겠습니다,,꽤 남았어요,꼼꼼해요,편리해요,Y
