﻿상품코드,상품명,URL,날짜,별점,리뷰텍스트,구매자 성별,유통기한,포장,편리,판매여부
DP_156,덴프스 혈당케어 슬림 2개월/2BOX,https://smartstore.naver.com/main/products/9901493291,2025-09-15,5,"건강관심사 노화방지수면건강
 재구매한달사용혈당관리 때문에 항상 주문해서 먹고 있어요. 한 4-5번 정도 계속 주문한거 같네요. 앞으로도 계속 먹으려구요^^ 밖에서 식사하게 될때 항상 챙겨 다녀요.",여성,아주 넉넉해요,꼼꼼해요,편리해요,Y
DP_156,덴프스 혈당케어 슬림 2개월/2BOX,https://smartstore.naver.com/main/products/9901493291,2025-08-25,5,크기가작아서 먹기편해요,,아주 넉넉해요,꼼꼼해요,편리해요,Y
DP_156,덴프스 혈당케어 슬림 2개월/2BOX,https://smartstore.naver.com/main/products/9901493291,2025-08-20,5,남편먹이구 있어요 ^^혈당관리!,여성,아주 넉넉해요,꼼꼼해요,편리해요,Y
DP_156,덴프스 혈당케어 슬림 2개월/2BOX,https://smartstore.naver.com/main/products/9901493291,2025-08-06,5,"구매자선택안함건강관심사 노화방지면역력여성건강
 크기 적당한 상자에 완충처리로 손상없이 왔습니다.
1회 섭취량이 많긴한데 관리해야하니 참아야..",,아주 넉넉해요,꼼꼼해요,그냥그래요,Y
DP_156,덴프스 혈당케어 슬림 2개월/2BOX,https://smartstore.naver.com/main/products/9901493291,2025-06-24,5,한달사용처음엔 3알 먹는거라 부담스러운가 했는데 알약 크기가 작아서 먹기 편해요,,아주 넉넉해요,꼼꼼해요,편리해요,Y
DP_156,덴프스 혈당케어 슬림 2개월/2BOX,https://smartstore.naver.com/main/products/9901493291,2025-06-16,5,"건강관심사 노화방지근육/체력여성건강
 상하이 여행 가서 기름지고 매운 거 단거 엄청 먹었는데 혈당케어 슬림으로 보조해주니까 몸무게 거의 안쪘어요!! 효과 있는듯해요 :)",여성,아주 넉넉해요,꼼꼼해요,편리해요,Y
DP_156,덴프스 혈당케어 슬림 2개월/2BOX,https://smartstore.naver.com/main/products/9901493291,2025-06-14,5,"건강관심사 노화방지수면건강
 BEST재구매저랑 남편이랑 혈당 관리 엄청 열심히 하고 있어서 벌써 한 3-4번 정도 주문해서 계속 먹고 있어요. 일단 알약 크기가 작고 가지고 다니기 편하게 되있어서 저는 외식할 때에도 필요한만큼 잘라서 항상 가지고 다닙니다. 너무 편해요^^ 저는 난임병원 다니면서 주기적으로 당화혈색소를 체크하고 있는데요. 잘 관리되고 있어서 좋네요. 앞으로도 쭉 계속 먹을거 같습니다^^",여성,아주 넉넉해요,꼼꼼해요,편리해요,Y
DP_156,덴프스 혈당케어 슬림 2개월/2BOX,https://smartstore.naver.com/main/products/9901493291,2025-06-08,5,"건강관심사 장건강
 조금 과식했다 싶으면 꼭 챙겨먹어요 살이 덜 찌는 기분이에요",남성,아주 넉넉해요,꼼꼼해요,편리해요,Y
DP_156,덴프스 혈당케어 슬림 2개월/2BOX,https://smartstore.naver.com/main/products/9901493291,2025-06-07,5,한달사용혈당 괸리때문에 구매했습니다. 약의 크기가 작아서 만족스럽고 3알씩 묶여있는게 맘에 듭니다. 아직 뚜렷한 효과는 모르겠고 더 먹어봐야겠죠.,,꽤 남았어요,적당해요,편리해요,Y
DP_156,덴프스 혈당케어 슬림 2개월/2BOX,https://smartstore.naver.com/main/products/9901493291,2025-05-28,4,"건강관심사 눈건강
 혈당조절에 관심이 생겨서.
다른제품 먹다가 덴프스로 바꾸었어요.
먹기편해요. 꾸준히 섭취해야겠죠.",여성,아주 넉넉해요,적당해요,편리해요,Y
DP_156,덴프스 혈당케어 슬림 2개월/2BOX,https://smartstore.naver.com/main/products/9901493291,2025-05-21,5,한달사용혈당관리 해아할 것 같아서 구매했어요 ~~~,,아주 넉넉해요,꼼꼼해요,그냥그래요,Y
DP_156,덴프스 혈당케어 슬림 2개월/2BOX,https://smartstore.naver.com/main/products/9901493291,2025-05-18,5,재구매한달사용항상 먹는제품 너무간편하고좋아요,,아주 넉넉해요,꼼꼼해요,편리해요,Y
DP_156,덴프스 혈당케어 슬림 2개월/2BOX,https://smartstore.naver.com/main/products/9901493291,2025-05-17,5,한달사용사용하는제품 빠르게 잘 받았습니다,,아주 넉넉해요,꼼꼼해요,편리해요,Y
DP_156,덴프스 혈당케어 슬림 2개월/2BOX,https://smartstore.naver.com/main/products/9901493291,2025-05-15,5,알약 크기가 크지 않아서 복용하기 편해요. 포장도 깔끔하고 컴팩트해서 휴대하기도 좋네요,,아주 넉넉해요,꼼꼼해요,편리해요,Y
DP_156,덴프스 혈당케어 슬림 2개월/2BOX,https://smartstore.naver.com/main/products/9901493291,2025-05-12,3,한달사용한달먹어봤는데 아직은 잘....,남성,꽤 남았어요,적당해요,편리해요,Y
DP_156,덴프스 혈당케어 슬림 2개월/2BOX,https://smartstore.naver.com/main/products/9901493291,2025-05-12,5,"건강관심사 면역력피로회복수면건강
 한달사용알이 작으니까 간편해서 먹기 좋구 식사후 심적 안정이라고 해야할까요?ㅎㅎ 주기적으로 재구매 중입니다!",여성,아주 넉넉해요,꼼꼼해요,편리해요,Y
DP_156,덴프스 혈당케어 슬림 2개월/2BOX,https://smartstore.naver.com/main/products/9901493291,2025-05-10,5,오래전에 먹어보고 다먹고 잊고살다 좋았었던 기억이 있어서 다시 구매했어요^^ 배송빠르고 포장 꼼꼼하고 아주 맘에 들어요~ 혈당에 체지방 관리까지...믿고 먹습니다👍😍,,아주 넉넉해요,꼼꼼해요,편리해요,Y
DP_156,덴프스 혈당케어 슬림 2개월/2BOX,https://smartstore.naver.com/main/products/9901493291,2025-04-26,5,혹시나 하고 사봤습니다. 열심히 먹어봐야죠,,아주 넉넉해요,적당해요,편리해요,Y
DP_156,덴프스 혈당케어 슬림 2개월/2BOX,https://smartstore.naver.com/main/products/9901493291,2025-04-23,5,한달사용잘 먹규 있습니다 굿,,아주 넉넉해요,꼼꼼해요,편리해요,Y
DP_156,덴프스 혈당케어 슬림 2개월/2BOX,https://smartstore.naver.com/main/products/9901493291,2025-04-18,5,재구매항상 사용하는제품 빠르고 좋은가격에 구매했습니다,,아주 넉넉해요,꼼꼼해요,편리해요,Y
DP_156,덴프스 혈당케어 슬림 2개월/2BOX,https://smartstore.naver.com/main/products/9901493291,2025-04-17,5,"건강관심사 면역력
 혤당케어 제품 먹고 있는데 슬림으로 바꿔봤어요~~
체지방 관리가 되면 좋겠네요~~",여성,아주 넉넉해요,꼼꼼해요,편리해요,Y
DP_156,덴프스 혈당케어 슬림 2개월/2BOX,https://smartstore.naver.com/main/products/9901493291,2025-04-16,5,"하루에 3알이나 먹어야 하는게 좀 그렇지만 ㅋㅋㅋ
알이 작아서 괜찮고, 혈당관리에 콜레스테롤관리까지 되서 좋아요~~~",여성,꽤 남았어요,꼼꼼해요,그냥그래요,Y
DP_156,덴프스 혈당케어 슬림 2개월/2BOX,https://smartstore.naver.com/main/products/9901493291,2025-04-14,5,혈당도 관리하고 다이어트 도움도 받아볼까 해서 구매했어요.,,아주 넉넉해요,꼼꼼해요,편리해요,Y
DP_156,덴프스 혈당케어 슬림 2개월/2BOX,https://smartstore.naver.com/main/products/9901493291,2025-04-10,5,먹기편하고 좋습니다.,남성,꽤 남았어요,적당해요,편리해요,Y
DP_156,덴프스 혈당케어 슬림 2개월/2BOX,https://smartstore.naver.com/main/products/9901493291,2025-04-05,5,"건강관심사 노화방지수면건강
 재구매작년부터 혈당관리에 신경을 많이 쓰는데 아침식사는 안해서 점심, 저녁 먹고나서 한 알씩 먹어주고 있어요. 도움이 된다고 생각합니다. 앞으로도 꾸준히 먹으면서 혈당관리 하려구요^^",여성,아주 넉넉해요,꼼꼼해요,편리해요,Y
DP_156,덴프스 혈당케어 슬림 2개월/2BOX,https://smartstore.naver.com/main/products/9901493291,2025-04-04,5,매번사용하는 좋은상품 좋은가격에 빠르게 배송받았어요 너무좋아요,여성,아주 넉넉해요,꼼꼼해요,편리해요,Y
DP_156,덴프스 혈당케어 슬림 2개월/2BOX,https://smartstore.naver.com/main/products/9901493291,2025-04-01,5,한달사용유통기한길고 좋아요. 꾸준히 먹어볼게요. 감사합니다.,,아주 넉넉해요,꼼꼼해요,편리해요,Y
DP_156,덴프스 혈당케어 슬림 2개월/2BOX,https://smartstore.naver.com/main/products/9901493291,2025-03-31,5,"건강 좀 챙기려고 유산균, 비타민제 등 여러개 샀어요~",,꽤 남았어요,적당해요,편리해요,Y
DP_156,덴프스 혈당케어 슬림 2개월/2BOX,https://smartstore.naver.com/main/products/9901493291,2025-03-22,5,"먹기
편하고 좋으네오",여성,아주 넉넉해요,꼼꼼해요,편리해요,Y
DP_156,덴프스 혈당케어 슬림 2개월/2BOX,https://smartstore.naver.com/main/products/9901493291,2025-03-22,5,"건강관심사 수면건강면역력
 재구매한달사용아이 둘다 임당 이여서 조심해야 한다는 소리에 먹게 되었어요 피를 검사해 보지는 못 했지만 믿고 구매 합니다~~",여성,아주 넉넉해요,꼼꼼해요,편리해요,Y
DP_156,덴프스 혈당케어 슬림 2개월/2BOX,https://smartstore.naver.com/main/products/9901493291,2025-03-18,3,한달사용복용후속이답답해서복용중단했어요,,꽤 남았어요,적당해요,그냥그래요,Y
DP_156,덴프스 혈당케어 슬림 2개월/2BOX,https://smartstore.naver.com/main/products/9901493291,2025-03-17,5,"배송이 엄청빨라요
식후에 먹고있는대 아직은 느껴지는건 없지만 기분이 일단 좋아요",,아주 넉넉해요,꼼꼼해요,편리해요,Y
DP_156,덴프스 혈당케어 슬림 2개월/2BOX,https://smartstore.naver.com/main/products/9901493291,2025-03-13,5,한달사용당뇨전단계라고해서 먹고있는데 효과봤으면 좋겠어요,,아주 넉넉해요,꼼꼼해요,편리해요,Y
DP_156,덴프스 혈당케어 슬림 2개월/2BOX,https://smartstore.naver.com/main/products/9901493291,2025-03-10,5,한달사용좋네요 추천합니다 ㅎㅎ,,꽤 남았어요,적당해요,그냥그래요,Y
DP_156,덴프스 혈당케어 슬림 2개월/2BOX,https://smartstore.naver.com/main/products/9901493291,2025-03-05,5,한달사용식사후 필수로 먹을정도로 저는 너무 좋습니다~~,,아주 넉넉해요,꼼꼼해요,편리해요,Y
DP_156,덴프스 혈당케어 슬림 2개월/2BOX,https://smartstore.naver.com/main/products/9901493291,2025-02-25,4,한달사용엄마 몸에서 딱히 느껴지는거 없으시다는데 ㅋ효과있겠죠?,,꽤 남았어요,적당해요,편리해요,Y
DP_156,덴프스 혈당케어 슬림 2개월/2BOX,https://smartstore.naver.com/main/products/9901493291,2025-02-24,5,"알이 작아서 3알 동시에 먹기 편해요, 건강관리차원으로 먹기 시작해서 효과는 아직 잘 모르겠고 꾸준히 먹어볼려고요.",,아주 넉넉해요,꼼꼼해요,편리해요,Y
DP_156,덴프스 혈당케어 슬림 2개월/2BOX,https://smartstore.naver.com/main/products/9901493291,2025-02-23,5,한달사용혈당관리할려고샀는데 좋은거 같기도? 해요,남성,꽤 남았어요,적당해요,편리해요,Y
DP_156,덴프스 혈당케어 슬림 2개월/2BOX,https://smartstore.naver.com/main/products/9901493291,2025-02-14,5,재구매한달사용헐당 신경쓰여서 식사하고 염려될때 먹어요,,아주 넉넉해요,꼼꼼해요,편리해요,Y
DP_156,덴프스 혈당케어 슬림 2개월/2BOX,https://smartstore.naver.com/main/products/9901493291,2025-02-09,5,꼭 효과가 잇기를 바라며 열심히 챙겨먹고 있어요.,,아주 넉넉해요,꼼꼼해요,편리해요,Y
DP_156,덴프스 혈당케어 슬림 2개월/2BOX,https://smartstore.naver.com/main/products/9901493291,2025-02-06,5,한달사용식후 졸음이 있었는데 신기하게 먹고 난후부터 식후 졸음이 없네요,,아주 넉넉해요,꼼꼼해요,편리해요,Y
DP_156,덴프스 혈당케어 슬림 2개월/2BOX,https://smartstore.naver.com/main/products/9901493291,2025-02-04,5,한달사용재구매 해서 먹고 있어요,,아주 넉넉해요,꼼꼼해요,편리해요,Y
DP_156,덴프스 혈당케어 슬림 2개월/2BOX,https://smartstore.naver.com/main/products/9901493291,2025-02-04,5,재구매배송도 빠르고 제품 이상없이 잘받았습니다,,아주 넉넉해요,꼼꼼해요,편리해요,Y
DP_156,덴프스 혈당케어 슬림 2개월/2BOX,https://smartstore.naver.com/main/products/9901493291,2025-01-31,5,빠른배송 좋아요 ~~저는 효과만점입니다,,아주 넉넉해요,꼼꼼해요,편리해요,Y
DP_156,덴프스 혈당케어 슬림 2개월/2BOX,https://smartstore.naver.com/main/products/9901493291,2025-01-26,5,"건강관심사 노화방지수면건강
 혈당관리에 관심이 많아서 운동도 열심히 하고 식단도 관리하고 있는데요. 저녁 식후에 먹을 영양제가 있으면 좋겠다 생각이 들어서 주문해봤어요. 아직까진 효과를 크게 느끼지는 못하고 있지만 꾸준히 먹어볼 계획입니다.",여성,아주 넉넉해요,꼼꼼해요,편리해요,Y
DP_156,덴프스 혈당케어 슬림 2개월/2BOX,https://smartstore.naver.com/main/products/9901493291,2025-01-22,5,좋네요 추천합니다 ㅎㅎ,,아주 넉넉해요,꼼꼼해요,편리해요,Y
DP_156,덴프스 혈당케어 슬림 2개월/2BOX,https://smartstore.naver.com/main/products/9901493291,2025-01-19,4,재구매혈당 오르는거 방지 하려고 주문했어요,,아주 넉넉해요,꼼꼼해요,편리해요,Y
DP_156,덴프스 혈당케어 슬림 2개월/2BOX,https://smartstore.naver.com/main/products/9901493291,2025-01-17,4,배송도엄청빠르고 당뇨전단계인데 먹고효과봤음좋겠네요,여성,아주 넉넉해요,꼼꼼해요,편리해요,Y
DP_156,덴프스 혈당케어 슬림 2개월/2BOX,https://smartstore.naver.com/main/products/9901493291,2025-01-13,5,한달사용너무 좋아요 매일 먹어요,,아주 넉넉해요,꼼꼼해요,편리해요,Y
DP_156,덴프스 혈당케어 슬림 2개월/2BOX,https://smartstore.naver.com/main/products/9901493291,2025-01-09,5,한달사용미니미해서 혈당 관리를 간편하게 하는데 도움을 주는 것 같네요,,아주 넉넉해요,꼼꼼해요,편리해요,Y
DP_156,덴프스 혈당케어 슬림 2개월/2BOX,https://smartstore.naver.com/main/products/9901493291,2025-01-07,5,"배송도 빠르고 혈당과 체지방감소를 동시에 관리 할 수 있어서 넘 좋아요!
먹기 편한 사이즈라 목넘김도 편해요. 동영상컨텐츠",여성,아주 넉넉해요,꼼꼼해요,편리해요,Y
DP_156,덴프스 혈당케어 슬림 2개월/2BOX,https://smartstore.naver.com/main/products/9901493291,2025-01-02,5,재구매건강 관리를 위해 매일 챙겨먹고 있습니다.,남성,아주 넉넉해요,꼼꼼해요,편리해요,Y
DP_156,덴프스 혈당케어 슬림 2개월/2BOX,https://smartstore.naver.com/main/products/9901493291,2024-12-31,3,복용 후 소화가 잘 안되는 것 같아요 속이 거북하달까?,,아주 넉넉해요,꼼꼼해요,편리해요,Y
DP_156,덴프스 혈당케어 슬림 2개월/2BOX,https://smartstore.naver.com/main/products/9901493291,2024-12-30,5,"유통기한도
넉넉 좋은 약 잘구매했네요",남성,아주 넉넉해요,꼼꼼해요,편리해요,Y
DP_156,덴프스 혈당케어 슬림 2개월/2BOX,https://smartstore.naver.com/main/products/9901493291,2024-12-21,4,재구매헐당케어를 위해 먹고있어요,,아주 넉넉해요,적당해요,편리해요,Y
DP_156,덴프스 혈당케어 슬림 2개월/2BOX,https://smartstore.naver.com/main/products/9901493291,2024-12-16,5,두달째 복용중이에요. 나이가드니 혈행 혈당 관리가 필요해요!,여성,아주 넉넉해요,꼼꼼해요,편리해요,Y
DP_156,덴프스 혈당케어 슬림 2개월/2BOX,https://smartstore.naver.com/main/products/9901493291,2024-12-14,4,한달사용3주정도 복용결과 효과가 좀 있는것 같아서 더 먹어볼려고 합니다,,아주 넉넉해요,꼼꼼해요,편리해요,Y
DP_156,덴프스 혈당케어 슬림 2개월/2BOX,https://smartstore.naver.com/main/products/9901493291,2024-12-11,5,매일 챙겨 먹고 있어요~,여성,아주 넉넉해요,꼼꼼해요,편리해요,Y
DP_156,덴프스 혈당케어 슬림 2개월/2BOX,https://smartstore.naver.com/main/products/9901493291,2024-12-09,5,혈당케어 너무 좋아요,,아주 넉넉해요,꼼꼼해요,편리해요,Y
DP_156,덴프스 혈당케어 슬림 2개월/2BOX,https://smartstore.naver.com/main/products/9901493291,2024-12-06,5,혈당케어해 주는 제품이 있는지 처음알 았어요 앞으로 꾸준히 챙겨 먹으려고 합니다!,,아주 넉넉해요,꼼꼼해요,편리해요,Y
DP_156,덴프스 혈당케어 슬림 2개월/2BOX,https://smartstore.naver.com/main/products/9901493291,2024-12-03,5,한달사용사무실이랑 집에두고 꾸준히먹고있어용ㅋㅋ,여성,아주 넉넉해요,꼼꼼해요,편리해요,Y
DP_156,덴프스 혈당케어 슬림 2개월/2BOX,https://smartstore.naver.com/main/products/9901493291,2024-12-02,5,한달사용당 조절도 하면서 다이어트도 되는 제품을 확인했는데! 깔끔하게 포장되어있어서 효과를 보고 있는 것 같습니다.,여성,아주 넉넉해요,꼼꼼해요,편리해요,Y
DP_156,덴프스 혈당케어 슬림 2개월/2BOX,https://smartstore.naver.com/main/products/9901493291,2024-11-29,5,혈당관리에 도움이 될 것 같고 포장이 꼼꼼하게 왔어요,남성,아주 넉넉해요,꼼꼼해요,편리해요,Y
DP_156,덴프스 혈당케어 슬림 2개월/2BOX,https://smartstore.naver.com/main/products/9901493291,2024-11-25,5,한달사용혈당이 잘 컨트롤 되는거 같아요,,아주 넉넉해요,꼼꼼해요,편리해요,Y
DP_156,덴프스 혈당케어 슬림 2개월/2BOX,https://smartstore.naver.com/main/products/9901493291,2024-11-23,5,혈당관리에 체지방 관리까지 가능하다니 꼭 필요한 졔품이예요,여성,아주 넉넉해요,꼼꼼해요,편리해요,Y
DP_156,덴프스 혈당케어 슬림 2개월/2BOX,https://smartstore.naver.com/main/products/9901493291,2024-11-19,5,한달사용먹은 날에 약간 어지럽습니다.,,아주 넉넉해요,꼼꼼해요,편리해요,Y
DP_156,덴프스 혈당케어 슬림 2개월/2BOX,https://smartstore.naver.com/main/products/9901493291,2024-11-17,4,"ㅡ 포장 등은 넉넉하여 좋다.
ㅡ 1회 3알씩 먹어 조금 번거롭다.",,아주 넉넉해요,꼼꼼해요,그냥그래요,Y
DP_156,덴프스 혈당케어 슬림 2개월/2BOX,https://smartstore.naver.com/main/products/9901493291,2024-11-10,5,알약이 작아서 먹기도 편하고 전에 먹고 아침에 몸이 좀 가벼워지는 것 같아요! 남편도 자꾸 뺏어먹길래…추가로 더 구매했어요~엄마가 당뇨가 있으셔서 당케어 프로도 사드렸어요! 우리 가족들 모두 건강해질것같습니다‘ㅜ,,아주 넉넉해요,꼼꼼해요,편리해요,Y
DP_156,덴프스 혈당케어 슬림 2개월/2BOX,https://smartstore.naver.com/main/products/9901493291,2024-11-08,5,한달사용원래 먹던 녀석이었는데 할인할때 다시 쟁여놓네요 굿👍🏻,,꽤 남았어요,적당해요,편리해요,Y
DP_156,덴프스 혈당케어 슬림 2개월/2BOX,https://smartstore.naver.com/main/products/9901493291,2024-11-08,4,재구매감사합니다. ^^;,,아주 넉넉해요,꼼꼼해요,편리해요,Y
DP_156,덴프스 혈당케어 슬림 2개월/2BOX,https://smartstore.naver.com/main/products/9901493291,2024-11-04,3,한달사용효과는 혈당측정기가 없어서 잘 모르겠어요. 마음의 안정을 위해 먹는 ㅎㅎ,,아주 넉넉해요,적당해요,편리해요,Y
DP_156,덴프스 혈당케어 슬림 2개월/2BOX,https://smartstore.naver.com/main/products/9901493291,2024-11-02,5,하루에 3알씩 먹는거던뎅~~점심먹구 1알 저녁먹구 2알 이렇게 챙겨먹으려구용~~!,여성,아주 넉넉해요,꼼꼼해요,편리해요,Y
DP_156,덴프스 혈당케어 슬림 2개월/2BOX,https://smartstore.naver.com/main/products/9901493291,2024-10-31,5,BEST기분일수도 있지만 밥먹고 답답한 느낌이 많이 줄었어요. 졸음도 덜오구요. 암튼 계속 먹어보려합니다.,남성,꽤 남았어요,꼼꼼해요,편리해요,Y
DP_156,덴프스 혈당케어 슬림 2개월/2BOX,https://smartstore.naver.com/main/products/9901493291,2024-10-30,5,"잘 받았습니다! 딱 필요했는데 잘 산 것 같아용
라이브 혜택 최고🫶🏻",,아주 넉넉해요,꼼꼼해요,편리해요,Y
DP_156,덴프스 혈당케어 슬림 2개월/2BOX,https://smartstore.naver.com/main/products/9901493291,2024-10-30,4,처음 구매 해봤는데 효과가 있었으면 좋겠네요,,아주 넉넉해요,꼼꼼해요,편리해요,Y
DP_156,덴프스 혈당케어 슬림 2개월/2BOX,https://smartstore.naver.com/main/products/9901493291,2024-10-29,4,한달사용해외 직구만 했었는데 국내 판매가 있어서 편리합니다.,남성,꽤 남았어요,꼼꼼해요,편리해요,Y
DP_156,덴프스 혈당케어 슬림 2개월/2BOX,https://smartstore.naver.com/main/products/9901493291,2024-10-29,5,"건강검진에서 공복 혈당이 100이상으로 나와서 관리가 필요해서 샀어요. 저의 경우 식후에 산책을 30분 이상씩 해도 졸음이 심하게 오고 가짜 식욕 땜에 힘들었는데 덴프스 혈당케어 슬림을 먹어주니까 많이 좋아졌어요!
카테킨이 들어있어서 살도 빠지면 일석이조겠네요
알약도 작아서 목넘김도 좋고 먹기 편해서 꾸준히 먹어볼 생각입니다.",여성,아주 넉넉해요,꼼꼼해요,편리해요,Y
DP_156,덴프스 혈당케어 슬림 2개월/2BOX,https://smartstore.naver.com/main/products/9901493291,2024-10-27,5,한달사용알이 작아서 좋아요! 기존 제품의 업그레이드 버전인데 기존 버전이 더 나은 것 같기도 하고 그르네용,,아주 넉넉해요,꼼꼼해요,편리해요,Y
DP_156,덴프스 혈당케어 슬림 2개월/2BOX,https://smartstore.naver.com/main/products/9901493291,2024-10-26,5,한달사용꾸준히 먹고 있는 30대 중반입니다.,여성,아주 넉넉해요,꼼꼼해요,편리해요,Y
DP_156,덴프스 혈당케어 슬림 2개월/2BOX,https://smartstore.naver.com/main/products/9901493291,2024-10-17,5,"배송도 빠르고 일단 아직먹어보지는않았지만 콜레스테롤 을 낮쳐준다고하니 기대치가 높아요ㅋㅋㅋ
먹어보구 좋으면 재구매할께용^^",,아주 넉넉해요,꼼꼼해요,편리해요,Y
DP_156,덴프스 혈당케어 슬림 2개월/2BOX,https://smartstore.naver.com/main/products/9901493291,2024-10-16,5,한달사용칼로리 높은 음식 먹은날엔 이거 먹으면 살짝 안심이되요 ㅎㅎ 배변에 도움을 주는것도 같아요,,아주 넉넉해요,꼼꼼해요,편리해요,Y
DP_156,덴프스 혈당케어 슬림 2개월/2BOX,https://smartstore.naver.com/main/products/9901493291,2024-10-16,5,한달사용알약 작고 먹기 편해서 넘 좋아요!,여성,꽤 남았어요,꼼꼼해요,편리해요,Y
DP_156,덴프스 혈당케어 슬림 2개월/2BOX,https://smartstore.naver.com/main/products/9901493291,2024-10-16,5,한달사용혈당 관리용으로 잘 챙겨 먹고 있어요,,아주 넉넉해요,꼼꼼해요,편리해요,Y
DP_156,덴프스 혈당케어 슬림 2개월/2BOX,https://smartstore.naver.com/main/products/9901493291,2024-10-14,5,한달사용알 크키가 작아서 먹기 좋아요 운동이랑 같이 병행하는중,,아주 넉넉해요,꼼꼼해요,편리해요,Y
DP_156,덴프스 혈당케어 슬림 2개월/2BOX,https://smartstore.naver.com/main/products/9901493291,2024-10-13,5,한달사용혈당 관리하려고 매일 3알씩 챙겨먹어요 꾸준히 먹어보려구요,여성,아주 넉넉해요,꼼꼼해요,편리해요,Y
DP_156,덴프스 혈당케어 슬림 2개월/2BOX,https://smartstore.naver.com/main/products/9901493291,2024-10-11,5,한달사용나쁘지않아요 혈당 조정 해주는거 같구 추천합니다.,여성,꽤 남았어요,적당해요,그냥그래요,Y
DP_156,덴프스 혈당케어 슬림 2개월/2BOX,https://smartstore.naver.com/main/products/9901493291,2024-10-11,5,BEST한달사용밀가루나 탄수화물을 많이 먹는편이라 혈당에 도움을 준다고 하여 열심히 챙겨먹고 있습니다 먹는김에 슬림으로 체지방까지 관리하고싶어서 슬림으로 선택했어요 꾸준히 먹어볼께여,,아주 넉넉해요,꼼꼼해요,편리해요,Y
DP_156,덴프스 혈당케어 슬림 2개월/2BOX,https://smartstore.naver.com/main/products/9901493291,2024-10-11,5,슬림과 프로 같이 샀습니다. 공복혈당수치는 괜찮은데 식후 두 시간 혈당이 110-120정도라서 구매했습니다. 한 달 후기 남길 거. 내장지방에 도움이 되는지도 실험해볼 예정.,,아주 넉넉해요,꼼꼼해요,편리해요,Y
DP_156,덴프스 혈당케어 슬림 2개월/2BOX,https://smartstore.naver.com/main/products/9901493291,2024-10-10,5,한달사용효과는 엄청나게 드라마틱하지는 않지만 여느 영양제처럼 도움이 될 것이라고 생각하고 먹고 있습니다.,여성,아주 넉넉해요,꼼꼼해요,편리해요,Y
DP_156,덴프스 혈당케어 슬림 2개월/2BOX,https://smartstore.naver.com/main/products/9901493291,2024-10-09,5,한달사용기대하며 먹고 있습니다,,아주 넉넉해요,꼼꼼해요,편리해요,Y
DP_156,덴프스 혈당케어 슬림 2개월/2BOX,https://smartstore.naver.com/main/products/9901493291,2024-10-08,5,한달사용너무 좋아요 너무 좋아요~~~,여성,아주 넉넉해요,꼼꼼해요,편리해요,Y
DP_156,덴프스 혈당케어 슬림 2개월/2BOX,https://smartstore.naver.com/main/products/9901493291,2024-09-30,5,"갑자기 당이 높게 나와 조절하기 위해서 주문했습니다!
혈당 조절하면서 다이어트도 되면 좋겠네요^^
알약이 작아서 들고 다니기도 쉽고 편리하게 이용할 수 있서 좋으은 것 같아요! 효과 좋으면 다음에도 구입할께요~",,아주 넉넉해요,꼼꼼해요,편리해요,Y
DP_156,덴프스 혈당케어 슬림 2개월/2BOX,https://smartstore.naver.com/main/products/9901493291,2024-09-30,5,"한달사용두달분 다 먹고 추가 구매했어요. 살이 막 빠진다기보단 유지하면서 먹기 좋은 것 같아요! 혈당 관리도 돼고 안먹으면 허전한 느낌입니다. 
?
1",,아주 넉넉해요,꼼꼼해요,편리해요,Y
DP_156,덴프스 혈당케어 슬림 2개월/2BOX,https://smartstore.naver.com/main/products/9901493291,2024-09-27,5,한달사용점심먹고 매일 챙겨먹습니다,남성,아주 넉넉해요,꼼꼼해요,편리해요,Y
DP_156,덴프스 혈당케어 슬림 2개월/2BOX,https://smartstore.naver.com/main/products/9901493291,2024-09-26,5,"이 제품이 좋다길래
구매함",여성,아주 넉넉해요,꼼꼼해요,편리해요,Y
DP_156,덴프스 혈당케어 슬림 2개월/2BOX,https://smartstore.naver.com/main/products/9901493291,2024-09-25,5,한달사용회사에서 점심시간 이후 꾸준히 챙겨먹고 있어요 확실히 군것질이 땡기거나 졸리는것이 덜한 느낌이에요 !! 다이어트는......아직 유지단계네요 ㅎㅎ,여성,아주 넉넉해요,꼼꼼해요,편리해요,Y
DP_156,덴프스 혈당케어 슬림 2개월/2BOX,https://smartstore.naver.com/main/products/9901493291,2024-09-24,5,한달사용꾸준히한달먹어보고있는데 괜찮은거같아요,,꽤 남았어요,적당해요,편리해요,Y
DP_156,덴프스 혈당케어 슬림 2개월/2BOX,https://smartstore.naver.com/main/products/9901493291,2024-09-22,4,작은 효과라도 기대하면서 섭취중입니다.,남성,꽤 남았어요,적당해요,편리해요,Y
DP_156,덴프스 혈당케어 슬림 2개월/2BOX,https://smartstore.naver.com/main/products/9901493291,2024-09-21,5,한달사용배송도 빠르고 좋아요,여성,아주 넉넉해요,꼼꼼해요,편리해요,Y
DP_156,덴프스 혈당케어 슬림 2개월/2BOX,https://smartstore.naver.com/main/products/9901493291,2024-09-20,5,"배송도 빠르고 알약도 작아서 먹기 편리합니다!!
구성도 너무 좋네요ㅠㅠ이런 행사 자주 하면 좋을 것 같아요!",여성,아주 넉넉해요,꼼꼼해요,편리해요,Y
DP_156,덴프스 혈당케어 슬림 2개월/2BOX,https://smartstore.naver.com/main/products/9901493291,2024-09-20,5,한달사용빠른배송이고 알약이 작아서 먹기도 편해요,,아주 넉넉해요,꼼꼼해요,편리해요,Y
DP_156,덴프스 혈당케어 슬림 2개월/2BOX,https://smartstore.naver.com/main/products/9901493291,2024-09-18,5,한달사용외식하고 배달음식 먹은 날 꼭 챙겨 먹어요. 혈당에 효과 있길.. 기대해 봅니다,,아주 넉넉해요,꼼꼼해요,편리해요,Y
DP_156,덴프스 혈당케어 슬림 2개월/2BOX,https://smartstore.naver.com/main/products/9901493291,2024-09-16,5,한달사용사무실에 두고 매일 점심식사 끝나고 먹고 있습니다. 탄수화물 많이 먹은 날(떡볶이나 칼국수 등)엔 좀 식곤증이 여전히 몰려오지만 그 외 보통 식사 이후엔 식곤증이 많이 줄어든 느낌이에요.,여성,꽤 남았어요,적당해요,편리해요,Y
DP_156,덴프스 혈당케어 슬림 2개월/2BOX,https://smartstore.naver.com/main/products/9901493291,2024-09-15,3,한달사용약이 작어서 목넘김이 좋아요 1팩 다 먹었는데 효과는 잘 모르겠어요,,아주 넉넉해요,꼼꼼해요,편리해요,Y
DP_156,덴프스 혈당케어 슬림 2개월/2BOX,https://smartstore.naver.com/main/products/9901493291,2024-09-15,5,"한달사용다이어트의 핵심은 혈당!
꾸준히 먹으면 효과 좋아요",여성,아주 넉넉해요,적당해요,편리해요,Y
DP_156,덴프스 혈당케어 슬림 2개월/2BOX,https://smartstore.naver.com/main/products/9901493291,2024-09-13,5,"한달사용잘 먹고있어요
다 먹으면 또 사러올께요 :)",,꽤 남았어요,적당해요,편리해요,Y
DP_156,덴프스 혈당케어 슬림 2개월/2BOX,https://smartstore.naver.com/main/products/9901493291,2024-09-12,5,"최근 공복혈당이 높아져서 먹기 시작했습니다.
많은 효과를 봤으면 좋겠네요!",여성,아주 넉넉해요,꼼꼼해요,편리해요,Y
DP_156,덴프스 혈당케어 슬림 2개월/2BOX,https://smartstore.naver.com/main/products/9901493291,2024-09-11,5,과식을 대비해 미리 구매해보았어요,,아주 넉넉해요,꼼꼼해요,편리해요,Y
DP_156,덴프스 혈당케어 슬림 2개월/2BOX,https://smartstore.naver.com/main/products/9901493291,2024-09-11,5,덴프스 유산균은 항상챙겨먹고 있는데 요즘 혈당문제가 많이 이슈되고있는거 같아서 저도 탄수화물이랑 달달한걸 좋아해서 끊진못하니 도움받으려 한번 사봤어요 혈당을 따로 재거나 하진않아서 잘모르지만 도움이 될거라생각하고 꾸준히 한번 먹어보겠습니당 3알을 먹어야하지만 알이작아서 먹기 편하네요,,아주 넉넉해요,꼼꼼해요,편리해요,Y
DP_156,덴프스 혈당케어 슬림 2개월/2BOX,https://smartstore.naver.com/main/products/9901493291,2024-09-10,5,혈당관리에 도움이 되고싶어 매일 먹어보려고 주문해써요 더 먹어봐야 효과를 알듯해요,여성,아주 넉넉해요,꼼꼼해요,편리해요,Y
DP_156,덴프스 혈당케어 슬림 2개월/2BOX,https://smartstore.naver.com/main/products/9901493291,2024-09-09,5,약이 작아서 목넘김이 좋네여! 유통기한도 넉넉하고 좋습니당 계속 먹어보고 효과좋으면 재구매할거같아요!,여성,아주 넉넉해요,꼼꼼해요,편리해요,Y
DP_156,덴프스 혈당케어 슬림 2개월/2BOX,https://smartstore.naver.com/main/products/9901493291,2024-09-09,5,작아서 먹기 편한데 매 끼마다 먹기에 조금 귀찮기는 하네요,,아주 넉넉해요,꼼꼼해요,편리해요,Y
DP_156,덴프스 혈당케어 슬림 2개월/2BOX,https://smartstore.naver.com/main/products/9901493291,2024-09-08,5,"한달사용일단 효과가 있다니까 먹고있어요
혈당측정을 하는건 아니지만
그래도 밥먹구 졸리고 한건 줄었던것 같아요
지속적으로 먹을 의사 있습니다",,꽤 남았어요,적당해요,편리해요,Y
DP_156,덴프스 혈당케어 슬림 2개월/2BOX,https://smartstore.naver.com/main/products/9901493291,2024-09-08,5,잘 먹어볼게요 먹기는 편합니다ㅏ!,,아주 넉넉해요,꼼꼼해요,편리해요,Y
DP_156,덴프스 혈당케어 슬림 2개월/2BOX,https://smartstore.naver.com/main/products/9901493291,2024-09-06,5,한달사용혈당 스파크 잡아주는거 같아요,여성,아주 넉넉해요,꼼꼼해요,편리해요,Y
DP_156,덴프스 혈당케어 슬림 2개월/2BOX,https://smartstore.naver.com/main/products/9901493291,2024-09-06,5,"한달사용품질, 빠른 배송 모두 만족스러워요~",여성,아주 넉넉해요,꼼꼼해요,편리해요,Y
DP_156,덴프스 혈당케어 슬림 2개월/2BOX,https://smartstore.naver.com/main/products/9901493291,2024-09-06,5,열심히 먹어보겠습니다!,여성,아주 넉넉해요,꼼꼼해요,편리해요,Y
DP_156,덴프스 혈당케어 슬림 2개월/2BOX,https://smartstore.naver.com/main/products/9901493291,2024-09-02,5,한달사용빠른 배송 감사합니다.,,아주 넉넉해요,꼼꼼해요,그냥그래요,Y
DP_156,덴프스 혈당케어 슬림 2개월/2BOX,https://smartstore.naver.com/main/products/9901493291,2024-09-01,4,한달사용하루에 3번은 좀 번거로워서 재구매 예정은 없어요.,여성,꽤 남았어요,적당해요,그냥그래요,Y
DP_156,덴프스 혈당케어 슬림 2개월/2BOX,https://smartstore.naver.com/main/products/9901493291,2024-09-01,5,한달사용저녁 식후에 챙겨먹고있어요 체지방 케어까지 같이 하고 싶어서 슬림으로 구매했어요 재구매 할 것 같아요,,꽤 남았어요,적당해요,편리해요,Y
DP_156,덴프스 혈당케어 슬림 2개월/2BOX,https://smartstore.naver.com/main/products/9901493291,2024-08-29,4,일단 개별포장이라 좋네요. 효과는 한달후기로 다시...,,꽤 남았어요,꼼꼼해요,편리해요,Y
DP_156,덴프스 혈당케어 슬림 2개월/2BOX,https://smartstore.naver.com/main/products/9901493291,2024-08-29,5,너무 좋아요 너무 좋아요~~,여성,아주 넉넉해요,꼼꼼해요,편리해요,Y
DP_156,덴프스 혈당케어 슬림 2개월/2BOX,https://smartstore.naver.com/main/products/9901493291,2024-08-28,4,한달사용끼니때 마다 챙겨먹으려고 노력하고 있어요.,,꽤 남았어요,적당해요,편리해요,Y
DP_156,덴프스 혈당케어 슬림 2개월/2BOX,https://smartstore.naver.com/main/products/9901493291,2024-08-28,5,한달사용꾸준히 잘 먹고 있습니다.,,꽤 남았어요,꼼꼼해요,편리해요,Y
DP_156,덴프스 혈당케어 슬림 2개월/2BOX,https://smartstore.naver.com/main/products/9901493291,2024-08-28,5,남편건강때문에 주문했어요 알약 잘 못먹는데 약이 작아서 먹기 편하다고 하네요,여성,아주 넉넉해요,꼼꼼해요,편리해요,Y
DP_156,덴프스 혈당케어 슬림 2개월/2BOX,https://smartstore.naver.com/main/products/9901493291,2024-08-27,5,한달사용잘받았습니다 잘받았습니다,,아주 넉넉해요,꼼꼼해요,편리해요,Y
DP_156,덴프스 혈당케어 슬림 2개월/2BOX,https://smartstore.naver.com/main/products/9901493291,2024-08-27,4,"한달사용당관리 해야해서 열심히먹고있어요
재구매의사있음",여성,아주 넉넉해요,꼼꼼해요,편리해요,Y
DP_156,덴프스 혈당케어 슬림 2개월/2BOX,https://smartstore.naver.com/main/products/9901493291,2024-08-26,5,먹기 편한 작은 알약이네요. 효과 있길 기대합니다,,아주 넉넉해요,꼼꼼해요,편리해요,Y
DP_156,덴프스 혈당케어 슬림 2개월/2BOX,https://smartstore.naver.com/main/products/9901493291,2024-08-25,4,한달사용다이어트 효과는 없구요 혈당 조절위해 꾸준하게 먹고 있어요,여성,아주 넉넉해요,꼼꼼해요,편리해요,Y
DP_156,덴프스 혈당케어 슬림 2개월/2BOX,https://smartstore.naver.com/main/products/9901493291,2024-08-24,5,잘 먹고 있습니다 감사합니다 ~!~! 효과가 있기를 😭👍🏻,여성,꽤 남았어요,적당해요,그냥그래요,Y
DP_156,덴프스 혈당케어 슬림 2개월/2BOX,https://smartstore.naver.com/main/products/9901493291,2024-08-24,5,눈으로 효과를 확인할 수 있는 건 아니지만 ㅋ 마음의위안이 되서 계속해서 먹으려고요~ 식단에 신경쓰게 되고 좀 많이 먹었다 싶은 날 더부룩한 기분을 거둬줘서 좋아요,,아주 넉넉해요,꼼꼼해요,편리해요,Y
DP_156,덴프스 혈당케어 슬림 2개월/2BOX,https://smartstore.naver.com/main/products/9901493291,2024-08-24,5,한달사용당뇨 가족력이 있어서 항상 신경쓰고 있어요 덴프스 혈당케어 제품도 같이 챙겨먹으니 더 안심되는 것 같아요 잘 챙겨먹고 또 구입할거예요,여성,꽤 남았어요,적당해요,편리해요,Y
DP_156,덴프스 혈당케어 슬림 2개월/2BOX,https://smartstore.naver.com/main/products/9901493291,2024-08-23,5,"한달사용배송도 빠르고 몸에
도움이 될거 같아 주문했습니다 먹기 편하고 챙겨먹기엔 어렵지만 생각 할 때 마다 먹어요",여성,꽤 남았어요,적당해요,그냥그래요,Y
DP_156,덴프스 혈당케어 슬림 2개월/2BOX,https://smartstore.naver.com/main/products/9901493291,2024-08-23,5,혈당케어가 가능하다해서 샀고 약이 작아편합니다,,아주 넉넉해요,꼼꼼해요,편리해요,Y
DP_156,덴프스 혈당케어 슬림 2개월/2BOX,https://smartstore.naver.com/main/products/9901493291,2024-08-22,5,"어젯밤에 주문했는데 오늘 점심에 왔어요.
먹은지 몇달 됐는데 먹기편하고 가지고 다니기도 편해요.",여성,아주 넉넉해요,꼼꼼해요,편리해요,Y
DP_156,덴프스 혈당케어 슬림 2개월/2BOX,https://smartstore.naver.com/main/products/9901493291,2024-08-22,5,한달사용잘 먹고 있습니다 좋네요~,남성,아주 넉넉해요,꼼꼼해요,편리해요,Y
DP_156,덴프스 혈당케어 슬림 2개월/2BOX,https://smartstore.naver.com/main/products/9901493291,2024-08-20,5,좋다길래한번구매해봤어요,,아주 넉넉해요,꼼꼼해요,편리해요,Y
DP_156,덴프스 혈당케어 슬림 2개월/2BOX,https://smartstore.naver.com/main/products/9901493291,2024-08-20,4,식후 바로 먹어주니까 믿는 만큼 몸이 가벼워지는 느낌이에요,여성,꽤 남았어요,꼼꼼해요,편리해요,Y
DP_156,덴프스 혈당케어 슬림 2개월/2BOX,https://smartstore.naver.com/main/products/9901493291,2024-08-19,5,"살빠진다고해서 사봤어요
살빠졌으면 좋겠어용",,아주 넉넉해요,꼼꼼해요,편리해요,Y
DP_156,덴프스 혈당케어 슬림 2개월/2BOX,https://smartstore.naver.com/main/products/9901493291,2024-08-18,5,한달사용덴프스는 종합비타민을 먹게되면서 알게된 브랜드라 믿고 먹게 되네요. 혈당수치에도 나름의 변화도 있었어요. 물론 운동 병행 필수!,여성,꽤 남았어요,적당해요,편리해요,Y
DP_156,덴프스 혈당케어 슬림 2개월/2BOX,https://smartstore.naver.com/main/products/9901493291,2024-08-16,4,배송도 빠르고 알약이 작아서 목 넘기기도 좋아요,,아주 넉넉해요,꼼꼼해요,편리해요,Y
DP_156,덴프스 혈당케어 슬림 2개월/2BOX,https://smartstore.naver.com/main/products/9901493291,2024-08-13,5,친구 강추로 마그네슘과 혈당관리 영양제 먹어봅니다 꾸준히 먹어볼게요~,,꽤 남았어요,꼼꼼해요,편리해요,Y
DP_156,덴프스 혈당케어 슬림 2개월/2BOX,https://smartstore.naver.com/main/products/9901493291,2024-08-12,5,한달사용혈당에 관심 있어서 사서 먹는중인. 안먹는것보단 낫겠다라는 생각으로,여성,아주 넉넉해요,꼼꼼해요,편리해요,Y
DP_156,덴프스 혈당케어 슬림 2개월/2BOX,https://smartstore.naver.com/main/products/9901493291,2024-08-09,5,먹어보려고 구매했습니다,,아주 넉넉해요,꼼꼼해요,편리해요,Y
DP_156,덴프스 혈당케어 슬림 2개월/2BOX,https://smartstore.naver.com/main/products/9901493291,2024-08-05,5,배송 빨리왔고 알약이 작아서 먹기 편해요 효과는 더 먹어봐야 알겠지만 기분상?인지 먹어도 안 찔거 같은 기분이에요,여성,꽤 남았어요,적당해요,편리해요,Y
DP_156,덴프스 혈당케어 슬림 2개월/2BOX,https://smartstore.naver.com/main/products/9901493291,2024-08-05,5,배송도 빠르고 좋아요,여성,아주 넉넉해요,꼼꼼해요,편리해요,Y
DP_156,덴프스 혈당케어 슬림 2개월/2BOX,https://smartstore.naver.com/main/products/9901493291,2024-07-31,4,한달사용효과는 잘 모르겠어요..그냥 먹어요..안심은 됩니다,,아주 넉넉해요,꼼꼼해요,편리해요,Y
DP_156,덴프스 혈당케어 슬림 2개월/2BOX,https://smartstore.naver.com/main/products/9901493291,2024-07-30,5,한달사용혈당케어어 괜리도되니 꾸준히.먹으려고합니다,남성,꽤 남았어요,꼼꼼해요,편리해요,Y
DP_156,덴프스 혈당케어 슬림 2개월/2BOX,https://smartstore.naver.com/main/products/9901493291,2024-07-30,4,감사합니다. ^^;,,아주 넉넉해요,꼼꼼해요,편리해요,Y
DP_156,덴프스 혈당케어 슬림 2개월/2BOX,https://smartstore.naver.com/main/products/9901493291,2024-07-24,5,하루 한번 부담 없이 먹을 수 있어요. 아직 초기지만 음식 조절하고 운동도 하고 꾸준히 먹어볼까 합니다.,남성,아주 넉넉해요,꼼꼼해요,편리해요,Y
DP_156,덴프스 혈당케어 슬림 2개월/2BOX,https://smartstore.naver.com/main/products/9901493291,2024-07-24,5,"이거랑 애사비도 같이 먹으면서 다이어트 하고 있는데 건강하게 체중 감량까지 할 수 있어요!
효과 보는것 같습니다",여성,꽤 남았어요,꼼꼼해요,편리해요,Y
DP_156,덴프스 혈당케어 슬림 2개월/2BOX,https://smartstore.naver.com/main/products/9901493291,2024-07-22,4,배송도 빠르고 꾸준하게 먹으려고 하루 3번 챙겨먹기엔 조굼 번거롭지만 효과만 좋더면 재구매 예정이요,여성,꽤 남았어요,적당해요,그냥그래요,Y
DP_156,덴프스 혈당케어 슬림 2개월/2BOX,https://smartstore.naver.com/main/products/9901493291,2024-07-20,5,잘받았습니다 잘받았습니다,,아주 넉넉해요,꼼꼼해요,편리해요,Y
DP_156,덴프스 혈당케어 슬림 2개월/2BOX,https://smartstore.naver.com/main/products/9901493291,2024-07-19,5,상자 크기도 적당하고 복용하기도 좋아요,,꽤 남았어요,적당해요,편리해요,Y
DP_156,덴프스 혈당케어 슬림 2개월/2BOX,https://smartstore.naver.com/main/products/9901493291,2024-07-15,5,매일 꾸준히 먹고있습니다,남성,아주 넉넉해요,꼼꼼해요,편리해요,Y
DP_156,덴프스 혈당케어 슬림 2개월/2BOX,https://smartstore.naver.com/main/products/9901493291,2024-07-14,5,체지방감소에 효과가 있다고 하니 꾸준히 먹어볼게요 ! 식후 후 한알씩 먹으니 속이 좀 편안해지는 느낌적인 느낌이 들기도 합니다,,아주 넉넉해요,적당해요,편리해요,Y
DP_156,덴프스 혈당케어 슬림 2개월/2BOX,https://smartstore.naver.com/main/products/9901493291,2024-07-14,4,"평소 혈당이 경계선에 있어서 구매했어요
믿고 먹어봅니다",여성,아주 넉넉해요,꼼꼼해요,편리해요,Y
DP_156,덴프스 혈당케어 슬림 2개월/2BOX,https://smartstore.naver.com/main/products/9901493291,2024-07-13,5,저렴하게 잘샀네요. 덴프스는 종합비타민으로 먼저 알게돼서 이제는 믿고 먹는 브랜드에요. 혈당케어에 좋은 효과 있기를,남성,아주 넉넉해요,꼼꼼해요,편리해요,Y
DP_156,덴프스 혈당케어 슬림 2개월/2BOX,https://smartstore.naver.com/main/products/9901493291,2024-07-13,5,과식한날 항상 챙겨먹어서 체중감량에 도움받고 있습니다,남성,아주 넉넉해요,꼼꼼해요,편리해요,Y
DP_156,덴프스 혈당케어 슬림 2개월/2BOX,https://smartstore.naver.com/main/products/9901493291,2024-07-13,5,배송 빠르고 효과는 먹어봐야할거같아요!,,아주 넉넉해요,꼼꼼해요,편리해요,Y
DP_156,덴프스 혈당케어 슬림 2개월/2BOX,https://smartstore.naver.com/main/products/9901493291,2024-07-10,5,혈당수치 줄이는데 잘 쓰고 있습니다.,남성,아주 넉넉해요,꼼꼼해요,편리해요,Y
DP_156,덴프스 혈당케어 슬림 2개월/2BOX,https://smartstore.naver.com/main/products/9901493291,2024-07-08,5,알약 크기가 크지 않아서 목넘김에 문제없어요! 냄새도 안나서 먹기 너무 편하구요! 혈당 다이어트가 유행이라 구매해보았어요 거기에 카테킨 성분도 들어있다고 해서 다이어트겸 혈당 관리겸 주문해보았고 꾸준히 먹어봐야겠어요 :),,아주 넉넉해요,꼼꼼해요,편리해요,Y
DP_156,덴프스 혈당케어 슬림 2개월/2BOX,https://smartstore.naver.com/main/products/9901493291,2024-07-06,5,"한달사용눈으로 보이게 막 엄청 효과가 있는 건
아니지만 미미하게 효과가 있는 것 같아서
또 구매했어요~~!",,꽤 남았어요,적당해요,편리해요,Y
DP_156,덴프스 혈당케어 슬림 2개월/2BOX,https://smartstore.naver.com/main/products/9901493291,2024-07-03,4,빠른 배송 감사합니다.,,아주 넉넉해요,적당해요,그냥그래요,Y
DP_156,덴프스 혈당케어 슬림 2개월/2BOX,https://smartstore.naver.com/main/products/9901493291,2024-07-01,5,"한달사용덴프스 제품이라 믿고 구매했습니다. 가격도 비싸다는 생각이 들지 않고, 요즘 혈당 건강 추세에 맞춰 괜찮은 제품이라 생각돼요. 3알을 먹는 게 조금은 번거롭지만, 계속 구매할 의사가 커요.",여성,아주 넉넉해요,꼼꼼해요,편리해요,Y
DP_156,덴프스 혈당케어 슬림 2개월/2BOX,https://smartstore.naver.com/main/products/9901493291,2024-06-28,5,알약이 작아서 좋고 현당관리차원에서 막고 있어요 효과 가 나타나길 바랍니다♡,,아주 넉넉해요,꼼꼼해요,편리해요,Y
DP_156,덴프스 혈당케어 슬림 2개월/2BOX,https://smartstore.naver.com/main/products/9901493291,2024-06-28,5,빠르게 잘 받았습니다.,,아주 넉넉해요,꼼꼼해요,편리해요,Y
DP_156,덴프스 혈당케어 슬림 2개월/2BOX,https://smartstore.naver.com/main/products/9901493291,2024-06-27,5,식사후에 먹어요. 탄수화물 섭취가 걱정되서 구매했습니다.,,아주 넉넉해요,적당해요,편리해요,Y
DP_156,덴프스 혈당케어 슬림 2개월/2BOX,https://smartstore.naver.com/main/products/9901493291,2024-06-26,5,"헐당관리랑 다이어트에 관심있어 구매했어요
먹기 편하고 휴대도 편해요
좀 더 구매했어요 근데 하루 한번 3정인지, 하루 세번 1정인지 좀 명확했으면 좋겠어요",,아주 넉넉해요,적당해요,편리해요,Y
DP_156,덴프스 혈당케어 슬림 2개월/2BOX,https://smartstore.naver.com/main/products/9901493291,2024-06-25,5,혈당에 관심이 많아져서 시켰어요. 혈당기기가 없지만 후기가 좋은것같아서,여성,아주 넉넉해요,꼼꼼해요,편리해요,Y
DP_156,덴프스 혈당케어 슬림 2개월/2BOX,https://smartstore.naver.com/main/products/9901493291,2024-06-23,5,빠른배송에 감사드리며 좋은제품에만족합니다.,남성,아주 넉넉해요,꼼꼼해요,편리해요,Y
DP_156,덴프스 혈당케어 슬림 2개월/2BOX,https://smartstore.naver.com/main/products/9901493291,2024-06-23,5,혈당케어는 선물할려고 주문했고 마그네슈은 눈떨림있어서 주문했는데 먹어보고 좋으면 더 주문할려구요,여성,아주 넉넉해요,적당해요,편리해요,Y
DP_156,덴프스 혈당케어 슬림 2개월/2BOX,https://smartstore.naver.com/main/products/9901493291,2024-06-22,5,"요즘 혈당관리가 대세잖아요
다이어트 첫번째가 혈당조절이라는데
급찐살 빼보려구 주문했어요.
효과보길 기대해봅니당",여성,아주 넉넉해요,적당해요,편리해요,Y
DP_156,덴프스 혈당케어 슬림 2개월/2BOX,https://smartstore.naver.com/main/products/9901493291,2024-06-20,5,당뇨 전단계로 혈당도 떨어뜨리고 살도 빠지길 바라면서 주문해 봤어요. 1일 3번 번거롭긴하지만 효과가 있었으면 좋겠어요,,아주 넉넉해요,꼼꼼해요,그냥그래요,Y
DP_156,덴프스 혈당케어 슬림 2개월/2BOX,https://smartstore.naver.com/main/products/9901493291,2024-06-20,5,크기가 작아 먹기 편해요.혈당관리에 도움된다니 꾸준히 먹을까합니다,,아주 넉넉해요,꼼꼼해요,편리해요,Y
DP_156,덴프스 혈당케어 슬림 2개월/2BOX,https://smartstore.naver.com/main/products/9901493291,2024-06-18,5,"약이 작아서 먹기 편합니다~
효과는 먹어봐야 알거 같습니다",여성,꽤 남았어요,꼼꼼해요,편리해요,Y
DP_156,덴프스 혈당케어 슬림 2개월/2BOX,https://smartstore.naver.com/main/products/9901493291,2024-06-15,5,계속 구매하고 싶었는데 장기분? 6개월분만 있는것 같아서 구매 못했었는데 이번에 단기용량분도 생겨서 구매했어요,,꽤 남았어요,적당해요,그냥그래요,Y
DP_156,덴프스 혈당케어 슬림 2개월/2BOX,https://smartstore.naver.com/main/products/9901493291,2024-06-14,5,"알약크기도작아 먹기편해여
다먹어서 재구매합니다",남성,꽤 남았어요,적당해요,편리해요,Y
DP_156,덴프스 혈당케어 슬림 2개월/2BOX,https://smartstore.naver.com/main/products/9901493291,2024-06-12,5,한달사용먹기도 편하고 배송도 빨라서 잘먹거있습니다,,아주 넉넉해요,꼼꼼해요,편리해요,Y
DP_156,덴프스 혈당케어 슬림 2개월/2BOX,https://smartstore.naver.com/main/products/9901493291,2024-06-11,5,영양제 같은 제품이라 도움이 될거 같아요. 공복혈당이 좀 높고 식곤증이 심해서 효과봤으면 좋겠어요!,,꽤 남았어요,적당해요,편리해요,Y
DP_156,덴프스 혈당케어 슬림 2개월/2BOX,https://smartstore.naver.com/main/products/9901493291,2024-06-08,5,효과 좋다고 하니 두마리 토끼 잡으려 복용중,,아주 넉넉해요,꼼꼼해요,편리해요,Y
DP_156,덴프스 혈당케어 슬림 2개월/2BOX,https://smartstore.naver.com/main/products/9901493291,2024-06-05,5,아직 당이 있지는 않지만 친정엄마가 당이 심하신데 저도 요즘들어 식후 피곤함이 많아져 관리차원으로 먹으려고 주문해봤어요!,,아주 넉넉해요,적당해요,편리해요,Y
DP_156,덴프스 혈당케어 슬림 2개월/2BOX,https://smartstore.naver.com/main/products/9901493291,2024-06-05,5,건강관리차 먹어요 꾸준히 먹으면 효과있으리라 믿어요,여성,아주 넉넉해요,꼼꼼해요,편리해요,Y
DP_156,덴프스 혈당케어 슬림 2개월/2BOX,https://smartstore.naver.com/main/products/9901493291,2024-06-03,4,아직 한번밖에 안먹어서 효과는 잘 모르겠지만 유산균은 나름 좋았기때문에 믿고 한달동안 먹어볼게용 한달 뒤에 후기 남길게요ㅡ,,꽤 남았어요,꼼꼼해요,편리해요,Y
DP_156,덴프스 혈당케어 슬림 2개월/2BOX,https://smartstore.naver.com/main/products/9901493291,2024-05-30,5,믿고 먹는 덴프스 효과 기대 합니다,남성,아주 넉넉해요,꼼꼼해요,편리해요,Y
DP_156,덴프스 혈당케어 슬림 2개월/2BOX,https://smartstore.naver.com/main/products/9901493291,2024-05-30,5,가장 믿음직한 제품입니다.,여성,아주 넉넉해요,꼼꼼해요,편리해요,Y
DP_156,덴프스 혈당케어 슬림 2개월/2BOX,https://smartstore.naver.com/main/products/9901493291,2024-05-29,5,BEST예정 배송일 보다 하루 더 걸렸지만 잘 받았어요 당뇨 가족력이 있어서 혈당에 신경쓰는 편인데 덴프스에서 새로 나온 제품이라 구입해봤어요 다른 회사 제품 먹는 중인데 성분도 좋고 함량도 최대라 믿고 먹어보려합니다 먹어보고 재구매하겠습니다:),여성,아주 넉넉해요,꼼꼼해요,편리해요,Y
DP_156,덴프스 혈당케어 슬림 2개월/2BOX,https://smartstore.naver.com/main/products/9901493291,2024-05-24,5,한달사용눈에 띄는 효과는 아직 잘 모르겠지만 꾸준히 먹고 있어요.,,꽤 남았어요,적당해요,편리해요,Y
DP_156,덴프스 혈당케어 슬림 2개월/2BOX,https://smartstore.naver.com/main/products/9901493291,2024-05-20,5,혈당 케어 해볼려구 구매했어요~,여성,아주 넉넉해요,꼼꼼해요,편리해요,Y
DP_156,덴프스 혈당케어 슬림 2개월/2BOX,https://smartstore.naver.com/main/products/9901493291,2024-05-03,4,꾸준히 먹고 있어요.,,꽤 남았어요,별로예요,편리해요,Y
DP_156,덴프스 혈당케어 슬림 2개월/2BOX,https://smartstore.naver.com/main/products/9901493291,2024-04-20,5,슬림버전구매해 봤어요 혈당관리랑 같이 몸관리도 할수있어서 편하네요,여성,아주 넉넉해요,꼼꼼해요,편리해요,Y
DP_156,덴프스 혈당케어 슬림 2개월/2BOX,https://smartstore.naver.com/main/products/9901493291,2024-03-26,5,한달사용단걸 좋아하는데 건강챙기려고 처음 사봤습니다 효과는 모르겠지만 손발끝 저린게 덜하네요,남성,아주 넉넉해요,꼼꼼해요,편리해요,Y
DP_156,덴프스 혈당케어 슬림 2개월/2BOX,https://smartstore.naver.com/main/products/9901493291,2024-03-04,5,늘먹던제품이라효과좋아서늘시켜먹어요,,아주 넉넉해요,꼼꼼해요,편리해요,Y
DP_156,덴프스 혈당케어 슬림 2개월/2BOX,https://smartstore.naver.com/main/products/9901493291,2024-02-22,5,"복부에특히살이 많아서
관리차원에서 구매합니다
콜레스테롤수치도 높은데
다음달 피검사가 있는데
한달간 먹어보고 검사받으면
효과를더잘알수 있을것 같습니다",,꽤 남았어요,적당해요,편리해요,Y
DP_156,덴프스 혈당케어 슬림 2개월/2BOX,https://smartstore.naver.com/main/products/9901493291,2024-02-21,5,하루 한번 3알 잘챙겨먹을게요,남성,아주 넉넉해요,꼼꼼해요,편리해요,Y
DP_156,덴프스 혈당케어 슬림 2개월/2BOX,https://smartstore.naver.com/main/products/9901493291,2024-02-13,5,약이 작아서 삼키키도 편하고 휴대도 편하네요,,꽤 남았어요,적당해요,그냥그래요,Y
