﻿상품코드,상품명,URL,날짜,별점,리뷰텍스트,구매자 성별,유통기한,포장,편리,판매여부
DP_229,[특선물] [선물세트] 덴마크 유산균이야기 프로 3박스/6개월,https://smartstore.naver.com/main/products/12280130178,2025-10-04,5,"덴프스 유산균 먹은지 1년 넘네요
엄마랑 꾸준히 먹고 있어요
이번엔 프로 먹어보는데 효과가 더 좋았으면 해요",여성,아주 넉넉해요,꼼꼼해요,편리해요,Y
DP_229,[특선물] [선물세트] 덴마크 유산균이야기 프로 3박스/6개월,https://smartstore.naver.com/main/products/12280130178,2025-10-04,5,"운선 한달만 먹어보고 재구매 합니다.
화장실 가는게 전보다는 편해진 느낌이기는 해요
가격대가 좀 있기는 하지만ㅎ
주문하고 다음날 바로 받아서 좋았어요~!",,아주 넉넉해요,꼼꼼해요,편리해요,Y
DP_229,[특선물] [선물세트] 덴마크 유산균이야기 프로 3박스/6개월,https://smartstore.naver.com/main/products/12280130178,2025-10-04,5,"구매자건강관심사 면역력
 프로가 더 효과가 좋아서 구매했어요.
선물세트라서 사은품도 있고 포장이 꼼꼼하네요~",,아주 넉넉해요,꼼꼼해요,편리해요,Y
DP_229,[특선물] [선물세트] 덴마크 유산균이야기 프로 3박스/6개월,https://smartstore.naver.com/main/products/12280130178,2025-10-04,5,꾸준히 먹는 제품입니다~,,아주 넉넉해요,꼼꼼해요,편리해요,Y
DP_229,[특선물] [선물세트] 덴마크 유산균이야기 프로 3박스/6개월,https://smartstore.naver.com/main/products/12280130178,2025-10-03,5,"건강관심사 장건강
 덴프스 유산균 작은 캡슐이라 먹기 편하고 휴대성도 좋아서 아침마다 챙기기 부담이 없었어요. 처음엔 큰 기대 없었는데 일주일쯤 지나면서 화장실 가는 게 훨씬 규칙적이고 속이 가벼워지더라구요. 특히 변비로 고생했던 부분이 확실히 나아졌고, 장이 편해지니 피부 트러블도 조금 줄어든 느낌이에요. 맛이나 냄새가 거의 없어서 거부감이 전혀 없었고, 꾸준히 챙겨 먹으니 확실히 몸이 편안해진 걸 체감할 수 있었습니다. 가격은 조금 있는 편이지만 효과를 생각하면 충분히 만족스러운 제품이에요.
꾸준히 먹는 제품이라, 이번에 선물용으로 구매해봅니다. 유명한 제품이라 선물하기에도 딱 좋더라구요.",여성,아주 넉넉해요,꼼꼼해요,편리해요,Y
DP_229,[특선물] [선물세트] 덴마크 유산균이야기 프로 3박스/6개월,https://smartstore.naver.com/main/products/12280130178,2025-10-03,5,"포장도 꼼꼼하고 배송도 빠르고 좋아요
늘 먹는 유산균입니다",,아주 넉넉해요,꼼꼼해요,편리해요,Y
DP_229,[특선물] [선물세트] 덴마크 유산균이야기 프로 3박스/6개월,https://smartstore.naver.com/main/products/12280130178,2025-10-03,5,꾸준히 먹어 볼게요 :-),,꽤 남았어요,적당해요,편리해요,Y
DP_229,[특선물] [선물세트] 덴마크 유산균이야기 프로 3박스/6개월,https://smartstore.naver.com/main/products/12280130178,2025-10-03,5,잘 먹고 있어요. 항상 만족합니다,,아주 넉넉해요,꼼꼼해요,편리해요,Y
DP_229,[특선물] [선물세트] 덴마크 유산균이야기 프로 3박스/6개월,https://smartstore.naver.com/main/products/12280130178,2025-10-03,5,빠른배송과 정성스런포장,,꽤 남았어요,적당해요,편리해요,Y
DP_229,[특선물] [선물세트] 덴마크 유산균이야기 프로 3박스/6개월,https://smartstore.naver.com/main/products/12280130178,2025-10-03,5,"건강관심사 노화방지면역력눈건강
 가루로 된 유산균 먹다가 바뀠는데 훨씬 편하고 속도 더 편한 것 같아요. 꾸준히 먹어볼께요.",여성,꽤 남았어요,적당해요,편리해요,Y
DP_229,[특선물] [선물세트] 덴마크 유산균이야기 프로 3박스/6개월,https://smartstore.naver.com/main/products/12280130178,2025-10-03,5,부모님 선물로 샀습니다!,,아주 넉넉해요,꼼꼼해요,편리해요,Y
DP_229,[특선물] [선물세트] 덴마크 유산균이야기 프로 3박스/6개월,https://smartstore.naver.com/main/products/12280130178,2025-10-02,5,배송이 정말 빠르구요. 선물용으로 좋게 포장이 되어 있어서 좋아요.,,아주 넉넉해요,꼼꼼해요,편리해요,Y
DP_229,[특선물] [선물세트] 덴마크 유산균이야기 프로 3박스/6개월,https://smartstore.naver.com/main/products/12280130178,2025-10-02,5,두번째 구매입니다. 첫 구매시 괜찮아서 재구매 했습니다.,,꽤 남았어요,적당해요,그냥그래요,Y
DP_229,[특선물] [선물세트] 덴마크 유산균이야기 프로 3박스/6개월,https://smartstore.naver.com/main/products/12280130178,2025-10-01,5,배송도 빠르고 저렴하게 잘 구매했어요!,,아주 넉넉해요,꼼꼼해요,편리해요,Y
DP_229,[특선물] [선물세트] 덴마크 유산균이야기 프로 3박스/6개월,https://smartstore.naver.com/main/products/12280130178,2025-10-01,5,"구매자선택안함건강관심사 면역력장건강
 부모님 선물로 보내드렸는데 좋아하세요",,아주 넉넉해요,꼼꼼해요,편리해요,Y
DP_229,[특선물] [선물세트] 덴마크 유산균이야기 프로 3박스/6개월,https://smartstore.naver.com/main/products/12280130178,2025-10-01,5,"건강관심사 면역력관절/뼈건강
 먹던 유산균이 떨어져서 새로 구매 했습니다
캡슐이 작아서 먹기도 좋네요.",여성,아주 넉넉해요,꼼꼼해요,편리해요,Y
DP_229,[특선물] [선물세트] 덴마크 유산균이야기 프로 3박스/6개월,https://smartstore.naver.com/main/products/12280130178,2025-09-30,5,추석 맞이해서 양가 부모님들 선물을 고민하다가 아무래도 건강에 관련된 것이 좋겠다 싶어 제가 평소에 잘 먹는 유산균으로 선택했습니다. 부모님들은 프로로 구매해봤는데 잘 맞으셨으면 좋겠네요. 라이브 방송 혜택이 좋아서 사은품과 할인도 많이 받고 배송도 당일 배송으로 와서 정말 좋았습니다!,,아주 넉넉해요,꼼꼼해요,편리해요,Y
DP_229,[특선물] [선물세트] 덴마크 유산균이야기 프로 3박스/6개월,https://smartstore.naver.com/main/products/12280130178,2025-09-30,5,배송이 빠르도 포장이 마음에 들어요,,아주 넉넉해요,꼼꼼해요,편리해요,Y
DP_229,[특선물] [선물세트] 덴마크 유산균이야기 프로 3박스/6개월,https://smartstore.naver.com/main/products/12280130178,2025-09-30,5,"먹기 전인데 배송빠르네요
효과가 좋았음 좋겠습니다",,꽤 남았어요,꼼꼼해요,편리해요,Y
DP_229,[특선물] [선물세트] 덴마크 유산균이야기 프로 3박스/6개월,https://smartstore.naver.com/main/products/12280130178,2025-09-30,4,프로가 더 변비에 좋은지 딱히 잘 모르겠지만..조금더 먹어봐야알지 싶어 주문합니다.좋아지길..,,꽤 남았어요,적당해요,편리해요,Y
DP_229,[특선물] [선물세트] 덴마크 유산균이야기 프로 3박스/6개월,https://smartstore.naver.com/main/products/12280130178,2025-09-30,5,약이 작아서 먹기 너무 좋네요 배송도 진짜 빨라요!!!!,,아주 넉넉해요,꼼꼼해요,편리해요,Y
DP_229,[특선물] [선물세트] 덴마크 유산균이야기 프로 3박스/6개월,https://smartstore.naver.com/main/products/12280130178,2025-09-30,5,항상 사서먹고있어요,남성,아주 넉넉해요,꼼꼼해요,편리해요,Y
DP_229,[특선물] [선물세트] 덴마크 유산균이야기 프로 3박스/6개월,https://smartstore.naver.com/main/products/12280130178,2025-09-29,5,"배송 빨리 놀랐어요!
유산균 필수 인데 추석 선물 딱인듯^^",여성,아주 넉넉해요,꼼꼼해요,편리해요,Y
DP_229,[특선물] [선물세트] 덴마크 유산균이야기 프로 3박스/6개월,https://smartstore.naver.com/main/products/12280130178,2025-09-24,5,기대되요 안그래도 사려고 했는데 행사로 잘샀어요,,아주 넉넉해요,꼼꼼해요,편리해요,Y
DP_229,[특선물] [선물세트] 덴마크 유산균이야기 프로 3박스/6개월,https://smartstore.naver.com/main/products/12280130178,2025-09-20,5,"좋은 제품 구매하여 만족스럽고, 빠른 배송에 감사드려요.",,아주 넉넉해요,꼼꼼해요,편리해요,Y
