﻿상품코드,상품명,URL,날짜,별점,리뷰텍스트,구매자 성별,유통기한,포장,편리,판매여부
DP_116,덴프스 덴마크 유산균이야기 2박스/4개월분 + 식물성 rTG 오메가3 2박스/2개월,https://smartstore.naver.com/main/products/11035561362,2025-10-03,5,"건강관심사 장건강노화방지면역력
 덴마크 유산균 후기가 좋아서 구매해 보았어요~~~",여성,꽤 남았어요,적당해요,편리해요,Y
DP_116,덴프스 덴마크 유산균이야기 2박스/4개월분 + 식물성 rTG 오메가3 2박스/2개월,https://smartstore.naver.com/main/products/11035561362,2025-10-03,5,오메가 유통기간이 좀 짧아서 몇달안남앗네여,여성,꽤 남았어요,적당해요,그냥그래요,Y
DP_116,덴프스 덴마크 유산균이야기 2박스/4개월분 + 식물성 rTG 오메가3 2박스/2개월,https://smartstore.naver.com/main/products/11035561362,2025-10-02,5,좋아요 좋아요 좋아요 좋아요 좋아요 좋아요 좋아요 좋아요,,아주 넉넉해요,꼼꼼해요,편리해요,Y
DP_116,덴프스 덴마크 유산균이야기 2박스/4개월분 + 식물성 rTG 오메가3 2박스/2개월,https://smartstore.naver.com/main/products/11035561362,2025-09-28,5,한달사용약이 작아서 편합니다,,아주 넉넉해요,꼼꼼해요,편리해요,Y
DP_116,덴프스 덴마크 유산균이야기 2박스/4개월분 + 식물성 rTG 오메가3 2박스/2개월,https://smartstore.naver.com/main/products/11035561362,2025-09-24,5,"건강관심사 면역력
 한달사용계속 재구매해서 먹고 있어요. 장 건강을 위해 꾸준히 먹고 있습니다.",여성,아주 넉넉해요,꼼꼼해요,편리해요,Y
DP_116,덴프스 덴마크 유산균이야기 2박스/4개월분 + 식물성 rTG 오메가3 2박스/2개월,https://smartstore.naver.com/main/products/11035561362,2025-09-21,5,"건강관심사 면역력장건강피로회복
 덴프스 트루바이타민 챙겨먹다가 유산균과 오메가3도 먹고 싶어져서 덴프스로 구매해봤어요 !! 알고보니 덴프스 유산균도 유명하더라구요 !!? 통에 들어있어서 들고다니면서 공복 맞춰서 먹기도 수월해서 너무 좋아요 ~! 오메가 3도 예전에 한번 다른 브랜드꺼 먹고 비린맛이 너무 강해서 먹다 말았는데 덴프스 오메가는 하나도 안비려서 너무 좋네요 !! 역시 영양제는 덴프스 ~~~",여성,아주 넉넉해요,꼼꼼해요,편리해요,Y
DP_116,덴프스 덴마크 유산균이야기 2박스/4개월분 + 식물성 rTG 오메가3 2박스/2개월,https://smartstore.naver.com/main/products/11035561362,2025-09-21,5,내몸 내가 챙기려고 먹기 시작해서 오년은 넘은거같아요,,아주 넉넉해요,꼼꼼해요,편리해요,Y
DP_116,덴프스 덴마크 유산균이야기 2박스/4개월분 + 식물성 rTG 오메가3 2박스/2개월,https://smartstore.naver.com/main/products/11035561362,2025-09-16,5,"건강관심사 면역력수면건강피로회복
 나의 건강을 위해서 꾸준히 챙겨먹고 있어요",여성,아주 넉넉해요,꼼꼼해요,편리해요,Y
DP_116,덴프스 덴마크 유산균이야기 2박스/4개월분 + 식물성 rTG 오메가3 2박스/2개월,https://smartstore.naver.com/main/products/11035561362,2025-09-10,5,배송빠르고 아주만족합니다,남성,꽤 남았어요,적당해요,편리해요,Y
DP_116,덴프스 덴마크 유산균이야기 2박스/4개월분 + 식물성 rTG 오메가3 2박스/2개월,https://smartstore.naver.com/main/products/11035561362,2025-09-08,5,꾸준히 먹는 제품입니다. 좋은 가격에 구매했습니다.,여성,아주 넉넉해요,꼼꼼해요,그냥그래요,Y
DP_116,덴프스 덴마크 유산균이야기 2박스/4개월분 + 식물성 rTG 오메가3 2박스/2개월,https://smartstore.naver.com/main/products/11035561362,2025-09-06,4,항시 가족들 장건강 약으로 챙기세요~,,꽤 남았어요,꼼꼼해요,편리해요,Y
DP_116,덴프스 덴마크 유산균이야기 2박스/4개월분 + 식물성 rTG 오메가3 2박스/2개월,https://smartstore.naver.com/main/products/11035561362,2025-09-05,5,"라이브 세일할 때 왕창 구매했어요~
항상 애용합니다:)",,아주 넉넉해요,꼼꼼해요,편리해요,Y
DP_116,덴프스 덴마크 유산균이야기 2박스/4개월분 + 식물성 rTG 오메가3 2박스/2개월,https://smartstore.naver.com/main/products/11035561362,2025-09-04,5,한달사용항상 챙겨먹어요 모닝이 가볍고 즐거워요,,아주 넉넉해요,꼼꼼해요,편리해요,Y
DP_116,덴프스 덴마크 유산균이야기 2박스/4개월분 + 식물성 rTG 오메가3 2박스/2개월,https://smartstore.naver.com/main/products/11035561362,2025-09-03,5,"건강관심사 면역력
 한달사용영양제중에 가장 돈 안아까운 영양제입니다.
떨어질라치면 세일 안하나 초조해져요..
평소 과민성대장증후군이 있거나 뱃속에서 자꾸 소리나서 사무실에서 민망하신 분들 ... 꼭 먹어보세요. 저는 출근해서 커피마시면 뱃속에 브래맨음악대 온거처럼 소리나는데, 이거 먹고 광명찾았습니다. 전날밤 엽떡같이 해비한 음식먹었는데도 장 컨디션이 훨씬 낫다는걸 몸소 체험하게 해준 영양제입니다. (영양제 총 7개 먹는데 그중 매일같이 먹는 유일한 영양제..그만큼 의지하고 있단뜻 ㅠ) 일단 크기가 작아서 공복에 복용해도 힘든게 전혀 없고, 파우더는 입이 텁텁해지는데 캡슐이라 깔끔하게 복용이 가능합니다. 유산균 유목민들 꼭 한통 사서 드셔보세요",여성,아주 넉넉해요,꼼꼼해요,편리해요,Y
DP_116,덴프스 덴마크 유산균이야기 2박스/4개월분 + 식물성 rTG 오메가3 2박스/2개월,https://smartstore.naver.com/main/products/11035561362,2025-09-03,5,"건강관심사 노화방지면역력간건강
 한달사용매번먹어요
또구매할때 됬어요",남성,아주 넉넉해요,꼼꼼해요,편리해요,Y
DP_116,덴프스 덴마크 유산균이야기 2박스/4개월분 + 식물성 rTG 오메가3 2박스/2개월,https://smartstore.naver.com/main/products/11035561362,2025-09-03,5,항상 믿고 주문하는 덴프스. 이거 먹고 화장실도 잘 가고 질 유산균도 먹어요,,아주 넉넉해요,꼼꼼해요,편리해요,Y
DP_116,덴프스 덴마크 유산균이야기 2박스/4개월분 + 식물성 rTG 오메가3 2박스/2개월,https://smartstore.naver.com/main/products/11035561362,2025-09-02,5,"한달사용식물성 오메가라서 비린맛도 없고 좋아요
크기만 좀 작으면 좋겠어요",여성,아주 넉넉해요,꼼꼼해요,편리해요,Y
DP_116,덴프스 덴마크 유산균이야기 2박스/4개월분 + 식물성 rTG 오메가3 2박스/2개월,https://smartstore.naver.com/main/products/11035561362,2025-08-31,5,한달사용귀차니즘남편용으론 최고인거같아요,여성,아주 넉넉해요,꼼꼼해요,편리해요,Y
DP_116,덴프스 덴마크 유산균이야기 2박스/4개월분 + 식물성 rTG 오메가3 2박스/2개월,https://smartstore.naver.com/main/products/11035561362,2025-08-31,5,한달사용매번 주문해서 먹습니다. 먹기 편하고 가지고 다니기 좋습니다.,,아주 넉넉해요,꼼꼼해요,편리해요,Y
DP_116,덴프스 덴마크 유산균이야기 2박스/4개월분 + 식물성 rTG 오메가3 2박스/2개월,https://smartstore.naver.com/main/products/11035561362,2025-08-26,5,"건강관심사 면역력
 한달사용N년째 덴프스죠 너무 간편하고 좋아요 안먹을때랑 먹을때랑 너무 달라요 한번에 해결하는 덴프스!!! 빠른 배송 감사합니당!!!!!!!",여성,아주 넉넉해요,꼼꼼해요,편리해요,Y
DP_116,덴프스 덴마크 유산균이야기 2박스/4개월분 + 식물성 rTG 오메가3 2박스/2개월,https://smartstore.naver.com/main/products/11035561362,2025-08-21,5,덴프스 유산균 만족합니다,,아주 넉넉해요,꼼꼼해요,편리해요,Y
DP_116,덴프스 덴마크 유산균이야기 2박스/4개월분 + 식물성 rTG 오메가3 2박스/2개월,https://smartstore.naver.com/main/products/11035561362,2025-08-20,5,"건강관심사 면역력
 한달사용비싸긴 해도 잘 챙겨먹구있어요 특히 큰거 볼때 편해요",여성,아주 넉넉해요,꼼꼼해요,편리해요,Y
DP_116,덴프스 덴마크 유산균이야기 2박스/4개월분 + 식물성 rTG 오메가3 2박스/2개월,https://smartstore.naver.com/main/products/11035561362,2025-08-19,5,한달사용완전 좋아요-! 잘먹고 있습니다!,,아주 넉넉해요,꼼꼼해요,편리해요,Y
DP_116,덴프스 덴마크 유산균이야기 2박스/4개월분 + 식물성 rTG 오메가3 2박스/2개월,https://smartstore.naver.com/main/products/11035561362,2025-08-16,5,"건강관심사 면역력
 매번 재구매해서 먹고 있습니다. 2년 이상 된 것 같아요. 알이 작아서 먹기 편하고, 장건강이 제일 중요하다고 해서 덴프스를 믿고 먹고 있어요.",여성,아주 넉넉해요,꼼꼼해요,편리해요,Y
DP_116,덴프스 덴마크 유산균이야기 2박스/4개월분 + 식물성 rTG 오메가3 2박스/2개월,https://smartstore.naver.com/main/products/11035561362,2025-08-12,5,한달사용꾸준히 잘 챙겨먹고 있습니다.,,아주 넉넉해요,꼼꼼해요,편리해요,Y
DP_116,덴프스 덴마크 유산균이야기 2박스/4개월분 + 식물성 rTG 오메가3 2박스/2개월,https://smartstore.naver.com/main/products/11035561362,2025-08-03,5,한달사용작아서 삼키기 쉽고 용기도 컴팩트해서 좋아여~ 속도 많이 편해진 느낌입니다!,,아주 넉넉해요,꼼꼼해요,편리해요,Y
DP_116,덴프스 덴마크 유산균이야기 2박스/4개월분 + 식물성 rTG 오메가3 2박스/2개월,https://smartstore.naver.com/main/products/11035561362,2025-07-30,5,확실히 느껴지는 효과가 있어요 꾸준하게 먹으려고 이번에 주문 또 하려고 리뷰 작성해봅니다 상태가 좋아지는게 느껴지니 좋네요!,,아주 넉넉해요,꼼꼼해요,편리해요,Y
DP_116,덴프스 덴마크 유산균이야기 2박스/4개월분 + 식물성 rTG 오메가3 2박스/2개월,https://smartstore.naver.com/main/products/11035561362,2025-07-29,5,"건강관심사 면역력
 한달사용저는처음 이 유산균을 먹으면서 초기에는 방귀가 참 많이 배출되었었는데 지금은 많이 좋아졌습니다. 알이 작아서 먹기가 너무 편하고 좋아요",여성,아주 넉넉해요,꼼꼼해요,편리해요,Y
DP_116,덴프스 덴마크 유산균이야기 2박스/4개월분 + 식물성 rTG 오메가3 2박스/2개월,https://smartstore.naver.com/main/products/11035561362,2025-07-29,5,항상 먹고 있어요. 떨어져가서 또 주문합니다.,여성,아주 넉넉해요,꼼꼼해요,편리해요,Y
DP_116,덴프스 덴마크 유산균이야기 2박스/4개월분 + 식물성 rTG 오메가3 2박스/2개월,https://smartstore.naver.com/main/products/11035561362,2025-07-26,5,"건강관심사 면역력
 유산균 살때 사은품으로 온 오메가3먹어보고 좋아서 둘다 덴프스 먹게 되었는데 이런 세트가 있어서 너무 좋네요!",여성,아주 넉넉해요,꼼꼼해요,편리해요,Y
DP_116,덴프스 덴마크 유산균이야기 2박스/4개월분 + 식물성 rTG 오메가3 2박스/2개월,https://smartstore.naver.com/main/products/11035561362,2025-07-24,5,"건강관심사 면역력
 유산균과 오메가3는 꾸준히 챙기는것으로
감사합니다",여성,아주 넉넉해요,꼼꼼해요,편리해요,Y
DP_116,덴프스 덴마크 유산균이야기 2박스/4개월분 + 식물성 rTG 오메가3 2박스/2개월,https://smartstore.naver.com/main/products/11035561362,2025-07-22,5,늘 먹던 거에요 항상 만족 합니다,여성,아주 넉넉해요,꼼꼼해요,편리해요,Y
DP_116,덴프스 덴마크 유산균이야기 2박스/4개월분 + 식물성 rTG 오메가3 2박스/2개월,https://smartstore.naver.com/main/products/11035561362,2025-07-21,5,한달사용아침에 일어나서 따뜻한 물과 함께 한개 먹기 좋습니다,여성,아주 넉넉해요,적당해요,편리해요,Y
DP_116,덴프스 덴마크 유산균이야기 2박스/4개월분 + 식물성 rTG 오메가3 2박스/2개월,https://smartstore.naver.com/main/products/11035561362,2025-07-20,5,유산균 알이작고 효과도 좋다고 해서 샀어요.,,아주 넉넉해요,꼼꼼해요,편리해요,Y
DP_116,덴프스 덴마크 유산균이야기 2박스/4개월분 + 식물성 rTG 오메가3 2박스/2개월,https://smartstore.naver.com/main/products/11035561362,2025-07-20,5,"이떼까지 먹은 유산균 중에 효과가 제일 좋아요👍
꾸준히 먹고 있습니다😀",여성,아주 넉넉해요,꼼꼼해요,편리해요,Y
DP_116,덴프스 덴마크 유산균이야기 2박스/4개월분 + 식물성 rTG 오메가3 2박스/2개월,https://smartstore.naver.com/main/products/11035561362,2025-07-18,5,한달사용매일 먹는 유산균으로 목넘김이 편하고 효과가 너무 좋아요!!,남성,아주 넉넉해요,꼼꼼해요,편리해요,Y
DP_116,덴프스 덴마크 유산균이야기 2박스/4개월분 + 식물성 rTG 오메가3 2박스/2개월,https://smartstore.naver.com/main/products/11035561362,2025-07-16,4,한달사용좋네요 감사합니다 감사합니다,남성,꽤 남았어요,적당해요,그냥그래요,Y
DP_116,덴프스 덴마크 유산균이야기 2박스/4개월분 + 식물성 rTG 오메가3 2박스/2개월,https://smartstore.naver.com/main/products/11035561362,2025-07-14,5,"건강관심사 노화방지장건강여성건강
 한달사용유산균 정착템이라, 다 떨어지면 항상 재구매하고 있습니다. 매일 아침 공복에 섭취 중이고 변비가 심했었는데 이제는 1일1똥 하고 있습니다. 건강한 배변습관 길러진거 같아 상쾌합니다. 다먹고나면 또 구매할께요",여성,아주 넉넉해요,꼼꼼해요,편리해요,Y
DP_116,덴프스 덴마크 유산균이야기 2박스/4개월분 + 식물성 rTG 오메가3 2박스/2개월,https://smartstore.naver.com/main/products/11035561362,2025-07-12,5,한달사용믿고먹는우리가족영양제입니다,여성,아주 넉넉해요,꼼꼼해요,편리해요,Y
DP_116,덴프스 덴마크 유산균이야기 2박스/4개월분 + 식물성 rTG 오메가3 2박스/2개월,https://smartstore.naver.com/main/products/11035561362,2025-07-10,5,매일 아침 잘 먹고 있어요~!,,아주 넉넉해요,꼼꼼해요,편리해요,Y
DP_116,덴프스 덴마크 유산균이야기 2박스/4개월분 + 식물성 rTG 오메가3 2박스/2개월,https://smartstore.naver.com/main/products/11035561362,2025-07-08,5,남편먹이는 유산균 ! 작아서 목넘김이 좋대요,,아주 넉넉해요,꼼꼼해요,편리해요,Y
DP_116,덴프스 덴마크 유산균이야기 2박스/4개월분 + 식물성 rTG 오메가3 2박스/2개월,https://smartstore.naver.com/main/products/11035561362,2025-07-08,5,"건강관심사 노화방지면역력간건강
 좋아요
꾸준히 먹고 있어요",남성,아주 넉넉해요,꼼꼼해요,편리해요,Y
DP_116,덴프스 덴마크 유산균이야기 2박스/4개월분 + 식물성 rTG 오메가3 2박스/2개월,https://smartstore.naver.com/main/products/11035561362,2025-07-07,5,한달사용영양제통이 작아서 쟁여놔도 공간차지없어서 좋고 알이 작어 목넘김이 편해요,,아주 넉넉해요,꼼꼼해요,편리해요,Y
DP_116,덴프스 덴마크 유산균이야기 2박스/4개월분 + 식물성 rTG 오메가3 2박스/2개월,https://smartstore.naver.com/main/products/11035561362,2025-07-07,1,"믿고 샀다가 아쉬웠던 오메가3, 제품별 확인은 필수였어요 ‘덴프스’라는 브랜드에 대한 신뢰가 있었고, 최근에는 강세일 라방까지 진행되며 더 많은 주목을 받고 있어 기대감에 오메가3 제품을 구매하게 되었습니다. 평소에 덴프스의 비타민 제품은 잘 먹어왔기에 큰 고민 없이 선택했던 것 같아요. 하지만 막상 제품을 받아보니 순도가 66%라는 사실을 알게 되었고, 약사분들이 종종 강조하시는 기준에는 못 미친다는 걸 뒤늦게 알게 되었습니다. 특히 오메가3는 순도 70% 이상, 원료사 정보 제공, 비린 맛 최소화가 중요하다고들 하시잖아요. 그런데 이 제품은 씹어서 먹어보면 비린 맛이 꽤 강해서 복용이 불편했고, 원료사 정보도 명확히 확인되지 않아 아쉬움이 컸습니다. 게다가 ‘국기라이팅’처럼 선진국 제조라는 문구로 신뢰를 유도하는 마케팅도 오히려 경계해야 한다는 전문가 조언을 보고, 제가 충분히 알아보지 않고 브랜드 이름만 믿고 구매한 점이 반성되었습니다. 결론적으로, 덴프스라고 해서 모든 제품이 동일한 품질을 보장하는 건 아니고, 라인별, 제품별로 성분표, 제조정보, 복용감까지 꼼꼼히 따져봐야 한다는 교훈을 얻었습니다. 앞으로는 브랜드 인지도보다 제품의 실제 성분과 정보를 기준으로 구매 결정을 하려고 해요. 더보기
?
3",,꽤 남았어요,적당해요,불편해요,Y
DP_116,덴프스 덴마크 유산균이야기 2박스/4개월분 + 식물성 rTG 오메가3 2박스/2개월,https://smartstore.naver.com/main/products/11035561362,2025-07-04,5,한달사용항상먹던 유산균 구매하면서 세트로 구매했어요 ^^,여성,꽤 남았어요,적당해요,그냥그래요,Y
DP_116,덴프스 덴마크 유산균이야기 2박스/4개월분 + 식물성 rTG 오메가3 2박스/2개월,https://smartstore.naver.com/main/products/11035561362,2025-07-03,5,처음 구매해 보네요. 부디 효과있길!,,아주 넉넉해요,적당해요,편리해요,Y
DP_116,덴프스 덴마크 유산균이야기 2박스/4개월분 + 식물성 rTG 오메가3 2박스/2개월,https://smartstore.naver.com/main/products/11035561362,2025-07-03,4,한달사용가성비도 좋고 배송이 빨라서 조아요,,꽤 남았어요,적당해요,그냥그래요,Y
DP_116,덴프스 덴마크 유산균이야기 2박스/4개월분 + 식물성 rTG 오메가3 2박스/2개월,https://smartstore.naver.com/main/products/11035561362,2025-07-03,5,배송도 빠르고 먹기 편안합니다.,,아주 넉넉해요,꼼꼼해요,편리해요,Y
DP_116,덴프스 덴마크 유산균이야기 2박스/4개월분 + 식물성 rTG 오메가3 2박스/2개월,https://smartstore.naver.com/main/products/11035561362,2025-07-03,5,한달사용유산균은 이거만 먹은지 오래됐어요,여성,꽤 남았어요,꼼꼼해요,편리해요,Y
DP_116,덴프스 덴마크 유산균이야기 2박스/4개월분 + 식물성 rTG 오메가3 2박스/2개월,https://smartstore.naver.com/main/products/11035561362,2025-07-01,5,"건강관심사 장건강면역력
 믿고사는 덴프스입니다. 유산균은 처음 구매했는데 크기도 작아 복용하기 편하고 만족합니다. ^^",여성,아주 넉넉해요,꼼꼼해요,편리해요,Y
DP_116,덴프스 덴마크 유산균이야기 2박스/4개월분 + 식물성 rTG 오메가3 2박스/2개월,https://smartstore.naver.com/main/products/11035561362,2025-07-01,5,물건 받았을때 제품하나가 누락되어 문의드렸더니 잘 처리해 주셔서 오늘 잘 받았습니다. 덴프스제품 항상 신뢰할수 있어서 구매하게 되는것 같아요.,,꽤 남았어요,적당해요,편리해요,Y
DP_116,덴프스 덴마크 유산균이야기 2박스/4개월분 + 식물성 rTG 오메가3 2박스/2개월,https://smartstore.naver.com/main/products/11035561362,2025-07-01,5,"건강관심사 면역력
 배달이 빠르다는건 정말 만족해요! 부디 몸에 잘 맞기를 바라면서 먹어볼게요ㅠㅠ",여성,꽤 남았어요,적당해요,편리해요,Y
DP_116,덴프스 덴마크 유산균이야기 2박스/4개월분 + 식물성 rTG 오메가3 2박스/2개월,https://smartstore.naver.com/main/products/11035561362,2025-06-28,5,"건강관심사 장건강
 한달사용신랑과 꾸준히 먹는 제품입니다
만족해요",여성,아주 넉넉해요,꼼꼼해요,편리해요,Y
DP_116,덴프스 덴마크 유산균이야기 2박스/4개월분 + 식물성 rTG 오메가3 2박스/2개월,https://smartstore.naver.com/main/products/11035561362,2025-06-28,5,"타 브랜드에서 5년이상 먹다가, 궁금해서 시켜봤어요. 꾸준히 먹을만큼 좋았으면 좋겠네요.",여성,꽤 남았어요,적당해요,편리해요,Y
DP_116,덴프스 덴마크 유산균이야기 2박스/4개월분 + 식물성 rTG 오메가3 2박스/2개월,https://smartstore.naver.com/main/products/11035561362,2025-06-27,5,와이프가 같이먹자고 사서 집 정수기 위에 두고 아침에 눈뜨면 꼭 한알씩 먹습니다 유산균 캡슐은 첨인데 간단하게 먹기 좋습니다,남성,아주 넉넉해요,적당해요,그냥그래요,Y
DP_116,덴프스 덴마크 유산균이야기 2박스/4개월분 + 식물성 rTG 오메가3 2박스/2개월,https://smartstore.naver.com/main/products/11035561362,2025-06-27,5,"건강관심사 면역력
 우리집은 덴프스
기숙사생활하는 아이가 유산균 비타민을 먹고있는데이번에는 유산균과 오메가3를~
처음 덴프스유산균 알고난후로 여러가지 영양제를 구매하게 되네요
꼬박꼬박 잘 챙겨먹고있어요",여성,아주 넉넉해요,꼼꼼해요,편리해요,Y
DP_116,덴프스 덴마크 유산균이야기 2박스/4개월분 + 식물성 rTG 오메가3 2박스/2개월,https://smartstore.naver.com/main/products/11035561362,2025-06-25,5,한달사용알약이 작아서 목넘김이 편하고 뱃속도 편합니다. 효과좋습니다. 추천합니다,,아주 넉넉해요,적당해요,편리해요,Y
DP_116,덴프스 덴마크 유산균이야기 2박스/4개월분 + 식물성 rTG 오메가3 2박스/2개월,https://smartstore.naver.com/main/products/11035561362,2025-06-23,4,한달사용재구매입니다 항상 챙겨먹고 있어요,여성,꽤 남았어요,적당해요,편리해요,Y
DP_116,덴프스 덴마크 유산균이야기 2박스/4개월분 + 식물성 rTG 오메가3 2박스/2개월,https://smartstore.naver.com/main/products/11035561362,2025-06-20,5,"구매자선택안함
 한달사용꾸준히 복용하는 유산균 효과가 있어요",,아주 넉넉해요,꼼꼼해요,편리해요,Y
DP_116,덴프스 덴마크 유산균이야기 2박스/4개월분 + 식물성 rTG 오메가3 2박스/2개월,https://smartstore.naver.com/main/products/11035561362,2025-06-19,5,"건강관심사 면역력
 한달사용드**네 먹다가 균의 다양성을 위해 친구 추천으로 먹어보았어요 통이 작아 휴대성이 좋고 실온보관도 되어 여행시 복용이 편합니다 꾸준히 먹어보려구요 화장실은 잘 갑니다",여성,아주 넉넉해요,꼼꼼해요,편리해요,Y
DP_116,덴프스 덴마크 유산균이야기 2박스/4개월분 + 식물성 rTG 오메가3 2박스/2개월,https://smartstore.naver.com/main/products/11035561362,2025-06-17,5,"건강관심사 면역력수면건강피로회복
 한달사용잘 복용하고 있습니다~! 믿고 구매해요~^^",여성,아주 넉넉해요,꼼꼼해요,편리해요,Y
DP_116,덴프스 덴마크 유산균이야기 2박스/4개월분 + 식물성 rTG 오메가3 2박스/2개월,https://smartstore.naver.com/main/products/11035561362,2025-06-17,5,진짜 배송 넘나 빠르고 제발 건강좀 회복하쟈,여성,아주 넉넉해요,꼼꼼해요,편리해요,Y
DP_116,덴프스 덴마크 유산균이야기 2박스/4개월분 + 식물성 rTG 오메가3 2박스/2개월,https://smartstore.naver.com/main/products/11035561362,2025-06-16,5,"건강관심사 장건강
 캡슐이 작아서 섭취시 불편함이 없어요
요거트와 함께 먹습니다",여성,아주 넉넉해요,꼼꼼해요,편리해요,Y
DP_116,덴프스 덴마크 유산균이야기 2박스/4개월분 + 식물성 rTG 오메가3 2박스/2개월,https://smartstore.naver.com/main/products/11035561362,2025-06-16,5,좋네요 감사합니다 감사합니다,남성,꽤 남았어요,적당해요,그냥그래요,Y
DP_116,덴프스 덴마크 유산균이야기 2박스/4개월분 + 식물성 rTG 오메가3 2박스/2개월,https://smartstore.naver.com/main/products/11035561362,2025-06-13,5,평소에 먹던 제품인데 할인하길래 쟁여놨어요ㅎㅎ,,아주 넉넉해요,꼼꼼해요,편리해요,Y
DP_116,덴프스 덴마크 유산균이야기 2박스/4개월분 + 식물성 rTG 오메가3 2박스/2개월,https://smartstore.naver.com/main/products/11035561362,2025-06-11,5,믿고먹는 우리가족 영양제입니다,여성,아주 넉넉해요,적당해요,편리해요,Y
DP_116,덴프스 덴마크 유산균이야기 2박스/4개월분 + 식물성 rTG 오메가3 2박스/2개월,https://smartstore.naver.com/main/products/11035561362,2025-06-10,5,한달사용변비가 사라졌어요.,남성,아주 넉넉해요,꼼꼼해요,편리해요,Y
DP_116,덴프스 덴마크 유산균이야기 2박스/4개월분 + 식물성 rTG 오메가3 2박스/2개월,https://smartstore.naver.com/main/products/11035561362,2025-06-10,5,"만성 변비러 .. 어떤 유산균이든 효과를 본 적이 한번도 없어서 잘 안먹게 됐는데 꾸준히 먹는게 중요하다하니 덴마크로 몇달간 잘 챙겨먹어보겠습니다!
휴대하기도 좋고 먹기도 간편하니 정착해볼게용 :)",,꽤 남았어요,꼼꼼해요,편리해요,Y
DP_116,덴프스 덴마크 유산균이야기 2박스/4개월분 + 식물성 rTG 오메가3 2박스/2개월,https://smartstore.naver.com/main/products/11035561362,2025-06-07,5,"한달사용유산균은 꾸준히 먹고 있는제품인데
오메가 쓰리도 같이 먹을 수 있는 셋트 상품이라서 좋아요 오메가비린내 안나고 먹기 편합니다",,아주 넉넉해요,꼼꼼해요,편리해요,Y
DP_116,덴프스 덴마크 유산균이야기 2박스/4개월분 + 식물성 rTG 오메가3 2박스/2개월,https://smartstore.naver.com/main/products/11035561362,2025-06-05,5,덴프스 아닌 유산균은 이제 못먹어요,여성,꽤 남았어요,꼼꼼해요,그냥그래요,Y
DP_116,덴프스 덴마크 유산균이야기 2박스/4개월분 + 식물성 rTG 오메가3 2박스/2개월,https://smartstore.naver.com/main/products/11035561362,2025-06-05,5,한달사용효과는 사실 잘 모르겠지만 있다고 생각하면서 먹고있어요,,아주 넉넉해요,꼼꼼해요,편리해요,Y
DP_116,덴프스 덴마크 유산균이야기 2박스/4개월분 + 식물성 rTG 오메가3 2박스/2개월,https://smartstore.naver.com/main/products/11035561362,2025-06-04,5,유산균 아침에 따뜻한 물과 한잔~ 챙겨먹어요,여성,아주 넉넉해요,꼼꼼해요,편리해요,Y
DP_116,덴프스 덴마크 유산균이야기 2박스/4개월분 + 식물성 rTG 오메가3 2박스/2개월,https://smartstore.naver.com/main/products/11035561362,2025-06-01,5,"건강관심사 면역력
 믿고 먹는 제품이죠, 빠른 배송 감사합니다",여성,아주 넉넉해요,꼼꼼해요,편리해요,Y
DP_116,덴프스 덴마크 유산균이야기 2박스/4개월분 + 식물성 rTG 오메가3 2박스/2개월,https://smartstore.naver.com/main/products/11035561362,2025-06-01,5,덴프스는 알도 작아 먹기도 편하고 좋아요 믿고 먹는 덴프스 라이브 방송 보고 할인해서 잘 샀어요,,꽤 남았어요,꼼꼼해요,편리해요,Y
DP_116,덴프스 덴마크 유산균이야기 2박스/4개월분 + 식물성 rTG 오메가3 2박스/2개월,https://smartstore.naver.com/main/products/11035561362,2025-05-31,5,"재주문입니다..
아주 잘 복용하고 있어요~~~",남성,아주 넉넉해요,꼼꼼해요,편리해요,Y
DP_116,덴프스 덴마크 유산균이야기 2박스/4개월분 + 식물성 rTG 오메가3 2박스/2개월,https://smartstore.naver.com/main/products/11035561362,2025-05-31,5,한달사용매일 아침 공복에 챙겨먹고 있어요 보관도 편하고 알약 사이즈도 작아서 먹기 좋아요,,아주 넉넉해요,꼼꼼해요,편리해요,Y
DP_116,덴프스 덴마크 유산균이야기 2박스/4개월분 + 식물성 rTG 오메가3 2박스/2개월,https://smartstore.naver.com/main/products/11035561362,2025-05-30,4,가성비도 좋고 배송이 빨라서 조아요,,꽤 남았어요,적당해요,그냥그래요,Y
DP_116,덴프스 덴마크 유산균이야기 2박스/4개월분 + 식물성 rTG 오메가3 2박스/2개월,https://smartstore.naver.com/main/products/11035561362,2025-05-28,5,한달사용빠른배송 감사해요!!,,아주 넉넉해요,꼼꼼해요,편리해요,Y
DP_116,덴프스 덴마크 유산균이야기 2박스/4개월분 + 식물성 rTG 오메가3 2박스/2개월,https://smartstore.naver.com/main/products/11035561362,2025-05-28,5,한달사용역시 이름값하는 덴프스!! 계속 구매해서 먹고 있습니다~~^^,,아주 넉넉해요,꼼꼼해요,편리해요,Y
DP_116,덴프스 덴마크 유산균이야기 2박스/4개월분 + 식물성 rTG 오메가3 2박스/2개월,https://smartstore.naver.com/main/products/11035561362,2025-05-26,5,"꾸준히 먹는 제품입니다!
남편구매해서 줬는데 잘먹습니다~",,아주 넉넉해요,꼼꼼해요,편리해요,Y
DP_116,덴프스 덴마크 유산균이야기 2박스/4개월분 + 식물성 rTG 오메가3 2박스/2개월,https://smartstore.naver.com/main/products/11035561362,2025-05-24,5,"건강관심사 피로회복
 한달사용열심히 매일 아침 챙겨먹고 있습니다, 수 해 째 덴프스 만 먹어요, 함께 구매했던 오메가3는 어머니께 선물했어요, 물론 어머니도 꼬박꼬박 챙겨 드시며 예후가 좋다고 하시네오",여성,아주 넉넉해요,꼼꼼해요,편리해요,Y
DP_116,덴프스 덴마크 유산균이야기 2박스/4개월분 + 식물성 rTG 오메가3 2박스/2개월,https://smartstore.naver.com/main/products/11035561362,2025-05-22,4,항상 재구매입니다,여성,꽤 남았어요,적당해요,편리해요,Y
DP_116,덴프스 덴마크 유산균이야기 2박스/4개월분 + 식물성 rTG 오메가3 2박스/2개월,https://smartstore.naver.com/main/products/11035561362,2025-05-06,5,덴프스 유산균은 매일 챙겨먹는 유산균인데 꾸준히 먹으니까 효과가 있는거 같아요. 오메가 3는 처음 먹어보는데 목넘김이 편하고 비린 냄새가 나지 않아 좋은거 같아요!,남성,아주 넉넉해요,꼼꼼해요,편리해요,Y
DP_116,덴프스 덴마크 유산균이야기 2박스/4개월분 + 식물성 rTG 오메가3 2박스/2개월,https://smartstore.naver.com/main/products/11035561362,2025-05-05,5,"덴프스에서 오메가3는 처음 시켜보는데, 드디어 정착할 수 있을런지.. 기대되요..! 동영상컨텐츠",,꽤 남았어요,적당해요,편리해요,Y
DP_116,덴프스 덴마크 유산균이야기 2박스/4개월분 + 식물성 rTG 오메가3 2박스/2개월,https://smartstore.naver.com/main/products/11035561362,2025-05-05,5,부모님께도 사드렸어요,,꽤 남았어요,적당해요,편리해요,Y
DP_116,덴프스 덴마크 유산균이야기 2박스/4개월분 + 식물성 rTG 오메가3 2박스/2개월,https://smartstore.naver.com/main/products/11035561362,2025-05-05,5,"건강관심사 면역력수면건강피로회복
 오랜만에 다시 주문했어요~ 꾸준히 먹으려구요!",여성,아주 넉넉해요,꼼꼼해요,편리해요,Y
DP_116,덴프스 덴마크 유산균이야기 2박스/4개월분 + 식물성 rTG 오메가3 2박스/2개월,https://smartstore.naver.com/main/products/11035561362,2025-05-04,5,"1년 넘게 꾸준히 먹고있는 제품입니다. 반복되는
다이어트로 화장실을 잘 못가고 변비를 달고 살았었는데, 꾸준히 먹다보니 확실히 장이 튼튼해지는 것을 느끼고 있습니다. 매일 아침 공복에 미지근한 물에
복용하고 있구요, 여행갈때도 항상 들고 갑니다.
개별포장이 아니라서 통채로 다 들고 가긴하지만 냉장보관 안해도 되서 휴대하는데 문제없고 크기도 크지 않아서 보관하기 편하니다. 무엇보다도 합리적인 가격도 마음에 들어요~",여성,아주 넉넉해요,꼼꼼해요,편리해요,Y
DP_116,덴프스 덴마크 유산균이야기 2박스/4개월분 + 식물성 rTG 오메가3 2박스/2개월,https://smartstore.naver.com/main/products/11035561362,2025-05-04,5,"일단 포장이 깔끔하게 되어있어서 기분이 좋았어요 약은 먹고 난뒤에 다시 올리께요
믿으니깐 덴프스!",,꽤 남았어요,꼼꼼해요,편리해요,Y
DP_116,덴프스 덴마크 유산균이야기 2박스/4개월분 + 식물성 rTG 오메가3 2박스/2개월,https://smartstore.naver.com/main/products/11035561362,2025-05-02,5,"건강관심사 장건강
 간편하게 먹기 좋은 크기에요 다른 유산균 먹다가 갈아탔습니다 매일 아침 공복에 먹어주니까 너무 좋네요~ ㅎㅎ",여성,아주 넉넉해요,꼼꼼해요,편리해요,Y
DP_116,덴프스 덴마크 유산균이야기 2박스/4개월분 + 식물성 rTG 오메가3 2박스/2개월,https://smartstore.naver.com/main/products/11035561362,2025-05-02,5,유산균이랑 오메가 필요한 영양제를 한꺼번에 구매해서 좋아요 :),,아주 넉넉해요,꼼꼼해요,편리해요,Y
DP_116,덴프스 덴마크 유산균이야기 2박스/4개월분 + 식물성 rTG 오메가3 2박스/2개월,https://smartstore.naver.com/main/products/11035561362,2025-05-02,5,"늘먹던 유산균이라 또 주문했어요
오메가3는 처음인데 꾸준히 먹어볼게요",,아주 넉넉해요,꼼꼼해요,편리해요,Y
DP_116,덴프스 덴마크 유산균이야기 2박스/4개월분 + 식물성 rTG 오메가3 2박스/2개월,https://smartstore.naver.com/main/products/11035561362,2025-05-01,5,꾸준히 먹으면 효과가 있길 바랍니다.,남성,아주 넉넉해요,꼼꼼해요,편리해요,Y
DP_116,덴프스 덴마크 유산균이야기 2박스/4개월분 + 식물성 rTG 오메가3 2박스/2개월,https://smartstore.naver.com/main/products/11035561362,2025-04-29,5,"구매자선택안함
 배송이 엄청 빠르네요
식물성오메가3도 첨부해주고
열심히 복용해야겠내요",,아주 넉넉해요,꼼꼼해요,편리해요,Y
DP_116,덴프스 덴마크 유산균이야기 2박스/4개월분 + 식물성 rTG 오메가3 2박스/2개월,https://smartstore.naver.com/main/products/11035561362,2025-04-29,5,한달사용유산균이랑 오메가 둘다 덴프스꺼 먹는데 세트 구성으로 구매할 수 있어서 좋아요! 유산균이야 워낙 유명한거라 말할 것도 없고 오메가는 리뉴얼되기 전 버전부터 먹었는데 비린 냄새는 좀 났어도 눈 건조한거 개선되는건 리뉴얼 전이 더 효과가 좋았던 것 같기도 해요,,아주 넉넉해요,꼼꼼해요,편리해요,Y
DP_116,덴프스 덴마크 유산균이야기 2박스/4개월분 + 식물성 rTG 오메가3 2박스/2개월,https://smartstore.naver.com/main/products/11035561362,2025-04-28,5,유산균은 덴프스먹은지 오래됐는데 떨어져서 사는 김에 오메가 3도 같이 셋트로 파는 제품이 잇어서 사봣어요~~꾸준히 먹어볼게요~,,아주 넉넉해요,꼼꼼해요,편리해요,Y
DP_116,덴프스 덴마크 유산균이야기 2박스/4개월분 + 식물성 rTG 오메가3 2박스/2개월,https://smartstore.naver.com/main/products/11035561362,2025-04-27,5,드시모네 먹다가 바꿔봤어요 제 장에는 잘 맞는거같아요,,아주 넉넉해요,꼼꼼해요,편리해요,Y
DP_116,덴프스 덴마크 유산균이야기 2박스/4개월분 + 식물성 rTG 오메가3 2박스/2개월,https://smartstore.naver.com/main/products/11035561362,2025-04-27,5,역시 덴프스~ 동생 사주고 좋다고해서 저도 구매!,,아주 넉넉해요,꼼꼼해요,편리해요,Y
DP_116,덴프스 덴마크 유산균이야기 2박스/4개월분 + 식물성 rTG 오메가3 2박스/2개월,https://smartstore.naver.com/main/products/11035561362,2025-04-26,5,필요할때 라방해서 저렴하게 구매했어요,여성,꽤 남았어요,적당해요,그냥그래요,Y
DP_116,덴프스 덴마크 유산균이야기 2박스/4개월분 + 식물성 rTG 오메가3 2박스/2개월,https://smartstore.naver.com/main/products/11035561362,2025-04-26,5,유산균뿐 아니라 비타인도 너무좋아요. 알이 작아서 더 최애❤️,,아주 넉넉해요,꼼꼼해요,편리해요,Y
DP_116,덴프스 덴마크 유산균이야기 2박스/4개월분 + 식물성 rTG 오메가3 2박스/2개월,https://smartstore.naver.com/main/products/11035561362,2025-04-25,5,빠른배송 감사합니다,,아주 넉넉해요,꼼꼼해요,편리해요,Y
DP_116,덴프스 덴마크 유산균이야기 2박스/4개월분 + 식물성 rTG 오메가3 2박스/2개월,https://smartstore.naver.com/main/products/11035561362,2025-04-25,5,목넘김도 좋습니다 효과도 좋은것 같습니다,,아주 넉넉해요,꼼꼼해요,편리해요,Y
DP_116,덴프스 덴마크 유산균이야기 2박스/4개월분 + 식물성 rTG 오메가3 2박스/2개월,https://smartstore.naver.com/main/products/11035561362,2025-04-24,5,싸게잘샀어요 먹기편해요,,아주 넉넉해요,꼼꼼해요,편리해요,Y
DP_116,덴프스 덴마크 유산균이야기 2박스/4개월분 + 식물성 rTG 오메가3 2박스/2개월,https://smartstore.naver.com/main/products/11035561362,2025-04-24,5,BEST라이브에 혜택도 좋고 워낙 유명한 유산균이라 한번 먹어보려고 주문했습니다! 두달 꾸준히 먹어보고 리뷰 다시 써보겠습니다@,,아주 넉넉해요,꼼꼼해요,편리해요,Y
DP_116,덴프스 덴마크 유산균이야기 2박스/4개월분 + 식물성 rTG 오메가3 2박스/2개월,https://smartstore.naver.com/main/products/11035561362,2025-04-24,5,"건강관심사 피로회복
 유산균으로 이미 십 년 가까이 먹어온 브랜드라 신뢰는 여전했는데, 거기에 더해 나이가 드니 혈행개선이나 기타 건강을 생각하게 되더라고요, 특히나 혼자 살다보니 적당하고 충분한 생선을 챙겨먹기 힘들어 어떻게 나를 좀 더 챙겨줄 수 있을까 하다가 유산균괴 오매가3가 묶인 상품을 만났습니다, 유산균은 워낙 목넘김 좋기로 익히 느껴오고 있어 오메가3가 궁금했는데 걱정했던 것과 달리 크기가 적당하네요 넘어가는 동안에도 비린내가 느껴지지 않고 삼킨 뒤에도 속이 편안합니다, 식물성인 것도 그렇고 덴프스의 기술력을 믿기에 꼬박꼬박 매일 꾸준히 먹어볼 계획입니다",여성,아주 넉넉해요,꼼꼼해요,편리해요,Y
DP_116,덴프스 덴마크 유산균이야기 2박스/4개월분 + 식물성 rTG 오메가3 2박스/2개월,https://smartstore.naver.com/main/products/11035561362,2025-04-24,5,라이브세일할때 저렴하게 잘 샀어요~,,아주 넉넉해요,꼼꼼해요,편리해요,Y
DP_116,덴프스 덴마크 유산균이야기 2박스/4개월분 + 식물성 rTG 오메가3 2박스/2개월,https://smartstore.naver.com/main/products/11035561362,2025-04-18,5,BEST한달사용알약 크기가 작아서 먹기 수월해요 이거 먹고 매일 아침 화장실을 가네요 ㅎㅎ 가격대는 조금 있지만 효과가 좋아서 꾸준히 먹어볼 예정입니다!,,아주 넉넉해요,꼼꼼해요,편리해요,Y
DP_116,덴프스 덴마크 유산균이야기 2박스/4개월분 + 식물성 rTG 오메가3 2박스/2개월,https://smartstore.naver.com/main/products/11035561362,2025-04-12,5,"유: 유통기한 지난 내 장에
산: 산소호흡기를 달아준 너~ 유산균 이야기~
균: 균형 잡힌 jang~ 이제 예술이야~ dung이야 이: 이야기야~ 유산균 이야기야~
야: 야, 너, yo, 이거 끊으면 지옥문 열릴거야~
기: 기적 같은 우리들의 유산균 이야기... yeah... feat. 5000포인트, 이제 곧 넌 나의 주머니... 더보기",,아주 넉넉해요,꼼꼼해요,편리해요,Y
DP_116,덴프스 덴마크 유산균이야기 2박스/4개월분 + 식물성 rTG 오메가3 2박스/2개월,https://smartstore.naver.com/main/products/11035561362,2025-04-08,5,한달사용6개월째 꾸준히 먹고 있습니다,,아주 넉넉해요,꼼꼼해요,편리해요,Y
DP_116,덴프스 덴마크 유산균이야기 2박스/4개월분 + 식물성 rTG 오메가3 2박스/2개월,https://smartstore.naver.com/main/products/11035561362,2025-04-05,5,통도 컴팩트하고 좋아요,,아주 넉넉해요,꼼꼼해요,편리해요,Y
DP_116,덴프스 덴마크 유산균이야기 2박스/4개월분 + 식물성 rTG 오메가3 2박스/2개월,https://smartstore.naver.com/main/products/11035561362,2025-04-01,5,"감사합니다. 잘 먹고있습니다.
번창하십시요.",,꽤 남았어요,적당해요,그냥그래요,Y
DP_116,덴프스 덴마크 유산균이야기 2박스/4개월분 + 식물성 rTG 오메가3 2박스/2개월,https://smartstore.naver.com/main/products/11035561362,2025-03-31,5,평소 덴프스 유산균만 애용하다가. 이번 할인때 다른 제품도 구매해봤습니다. 유산균은 효과를 받았던터라 다른 제품의 효과도 좋길바랍니다.,,아주 넉넉해요,꼼꼼해요,편리해요,Y
DP_116,덴프스 덴마크 유산균이야기 2박스/4개월분 + 식물성 rTG 오메가3 2박스/2개월,https://smartstore.naver.com/main/products/11035561362,2025-03-24,4,잘받았습니다 감사합니다 좋아요,남성,꽤 남았어요,적당해요,편리해요,Y
DP_116,덴프스 덴마크 유산균이야기 2박스/4개월분 + 식물성 rTG 오메가3 2박스/2개월,https://smartstore.naver.com/main/products/11035561362,2025-03-23,5,목넘김 좋게 알아 작아서 좋아요 효과 있었음 좋겟네요,,아주 넉넉해요,꼼꼼해요,편리해요,Y
DP_116,덴프스 덴마크 유산균이야기 2박스/4개월분 + 식물성 rTG 오메가3 2박스/2개월,https://smartstore.naver.com/main/products/11035561362,2025-03-19,5,"유산균과 오메가3 한 번에 구입해서 편했고요, 오메가3는 식물성이라 비린내 안나고 좋았습니다. 크기가 좀 크긴 한데 연질캡슐이라 괜찮을 것 같습니다. 유산균은 늘 먹던 거고 크기가 작아 불편함이 없습니다. 건강에 도움이 되길 바랍니다.",,꽤 남았어요,적당해요,편리해요,Y
DP_116,덴프스 덴마크 유산균이야기 2박스/4개월분 + 식물성 rTG 오메가3 2박스/2개월,https://smartstore.naver.com/main/products/11035561362,2025-03-14,5,추천받아서 구매했는데 먹기도 편하고 너무 좋습니다. 건강해지는것만 남았네요.,,아주 넉넉해요,꼼꼼해요,편리해요,Y
DP_116,덴프스 덴마크 유산균이야기 2박스/4개월분 + 식물성 rTG 오메가3 2박스/2개월,https://smartstore.naver.com/main/products/11035561362,2025-03-12,5,"한달사용유산균 효과도 좋고, 매번 재구매 중입니다~",,꽤 남았어요,적당해요,그냥그래요,Y
DP_116,덴프스 덴마크 유산균이야기 2박스/4개월분 + 식물성 rTG 오메가3 2박스/2개월,https://smartstore.naver.com/main/products/11035561362,2025-03-03,5,한달사용임신 전에도 지금 임신 중에도 이 유산균이 제일 효과가 좋아요 알약 사이즈도 작아서 먹기도 편해요,,아주 넉넉해요,꼼꼼해요,편리해요,Y
DP_116,덴프스 덴마크 유산균이야기 2박스/4개월분 + 식물성 rTG 오메가3 2박스/2개월,https://smartstore.naver.com/main/products/11035561362,2025-02-22,5,한달사용알이 작아서 좋아요,,아주 넉넉해요,꼼꼼해요,편리해요,Y
DP_116,덴프스 덴마크 유산균이야기 2박스/4개월분 + 식물성 rTG 오메가3 2박스/2개월,https://smartstore.naver.com/main/products/11035561362,2025-02-21,5,한달사용플라스틱 포장용기가 날카로운 부분이 있어서 손이 까졌어요 포장용기 자체는 아니더라도 뚜껑부분은 개선되었으면 좋겠네요,,꽤 남았어요,적당해요,편리해요,Y
DP_116,덴프스 덴마크 유산균이야기 2박스/4개월분 + 식물성 rTG 오메가3 2박스/2개월,https://smartstore.naver.com/main/products/11035561362,2025-02-21,5,한달사용아침마다 한알씩 챙겨먹는데 좋은거 같아요. 꾸준히 먹을게요,,아주 넉넉해요,꼼꼼해요,편리해요,Y
DP_116,덴프스 덴마크 유산균이야기 2박스/4개월분 + 식물성 rTG 오메가3 2박스/2개월,https://smartstore.naver.com/main/products/11035561362,2025-02-21,5,영양제는 덴프스에서만 시켜요 잘먹고 있습니다.,,아주 넉넉해요,꼼꼼해요,편리해요,Y
DP_116,덴프스 덴마크 유산균이야기 2박스/4개월분 + 식물성 rTG 오메가3 2박스/2개월,https://smartstore.naver.com/main/products/11035561362,2025-02-16,5,"좋다고 소문난 제품이라 먹어보려고 구입
마침 먹던 오메가도 떨어져 함께 구입할 수 있어 좋네요",,아주 넉넉해요,꼼꼼해요,편리해요,Y
DP_116,덴프스 덴마크 유산균이야기 2박스/4개월분 + 식물성 rTG 오메가3 2박스/2개월,https://smartstore.naver.com/main/products/11035561362,2025-02-14,4,"한달사용워낙 유명한 제품이라 알고는 있었고 좋은 가격에 구매했습니디 하루 한 알 섭취,크기도 적당해서 목넘김도 편하넉요 꾸준히 챙겨먹으면서 장건강 챙기려고 합니다",,아주 넉넉해요,적당해요,편리해요,Y
DP_116,덴프스 덴마크 유산균이야기 2박스/4개월분 + 식물성 rTG 오메가3 2박스/2개월,https://smartstore.naver.com/main/products/11035561362,2025-02-10,5,믿고 먹는 덴프스~,,아주 넉넉해요,적당해요,편리해요,Y
DP_116,덴프스 덴마크 유산균이야기 2박스/4개월분 + 식물성 rTG 오메가3 2박스/2개월,https://smartstore.naver.com/main/products/11035561362,2025-02-08,5,"한달사용장이 안좋아 이번에 이제품으로 구매했어요
세일기간때 좀 더 세일 바래요",,꽤 남았어요,꼼꼼해요,편리해요,Y
DP_116,덴프스 덴마크 유산균이야기 2박스/4개월분 + 식물성 rTG 오메가3 2박스/2개월,https://smartstore.naver.com/main/products/11035561362,2025-01-27,5,한달사용배송도 빠르고 아주좋아요,,아주 넉넉해요,꼼꼼해요,편리해요,Y
DP_116,덴프스 덴마크 유산균이야기 2박스/4개월분 + 식물성 rTG 오메가3 2박스/2개월,https://smartstore.naver.com/main/products/11035561362,2025-01-23,5,한달사용꾸준히 멋는거에여ㅋㅋ,,아주 넉넉해요,꼼꼼해요,편리해요,Y
DP_116,덴프스 덴마크 유산균이야기 2박스/4개월분 + 식물성 rTG 오메가3 2박스/2개월,https://smartstore.naver.com/main/products/11035561362,2025-01-20,5,한달사용항상 구매하는 유산균 없으면 불안해요,,아주 넉넉해요,꼼꼼해요,편리해요,Y
DP_116,덴프스 덴마크 유산균이야기 2박스/4개월분 + 식물성 rTG 오메가3 2박스/2개월,https://smartstore.naver.com/main/products/11035561362,2025-01-18,4,한달사용먹어보려고 2가지 세트로 구매했네요,,꽤 남았어요,적당해요,편리해요,Y
DP_116,덴프스 덴마크 유산균이야기 2박스/4개월분 + 식물성 rTG 오메가3 2박스/2개월,https://smartstore.naver.com/main/products/11035561362,2025-01-16,5,한달사용매일먹는유산균 제몸에는 제일 좋은거 같아요~다른제품 다 먹어봤지만 제일꾸준히 찾는제품입니다,,아주 넉넉해요,꼼꼼해요,편리해요,Y
DP_116,덴프스 덴마크 유산균이야기 2박스/4개월분 + 식물성 rTG 오메가3 2박스/2개월,https://smartstore.naver.com/main/products/11035561362,2025-01-13,5,빠른배송 적정한가격,,아주 넉넉해요,꼼꼼해요,편리해요,Y
DP_116,덴프스 덴마크 유산균이야기 2박스/4개월분 + 식물성 rTG 오메가3 2박스/2개월,https://smartstore.naver.com/main/products/11035561362,2025-01-11,5,"가격은 비교해보면 다른몰보다 조금씩 더 높아요 그래도 유통기한 같은 것들이 신경쓰여서 덴프스몰에서 구매했어요. 오메가3도 같이 필요했는데 합쳐진 구성이라 좋아요~ 유산균은 바로바로 화장실가고 늘 먹던건데, 오메가3도 그래서 덴프스꺼 먹기 시작해보려구요.",,아주 넉넉해요,꼼꼼해요,편리해요,Y
DP_116,덴프스 덴마크 유산균이야기 2박스/4개월분 + 식물성 rTG 오메가3 2박스/2개월,https://smartstore.naver.com/main/products/11035561362,2025-01-09,5,한달사용항상먹던건데 저렴하게 잘샀네요,,아주 넉넉해요,꼼꼼해요,편리해요,Y
DP_116,덴프스 덴마크 유산균이야기 2박스/4개월분 + 식물성 rTG 오메가3 2박스/2개월,https://smartstore.naver.com/main/products/11035561362,2025-01-06,5,한달사용매일 먹기 편안해요. 특정 향도 없고 사이즈도 좋습니다.,,꽤 남았어요,꼼꼼해요,편리해요,Y
DP_116,덴프스 덴마크 유산균이야기 2박스/4개월분 + 식물성 rTG 오메가3 2박스/2개월,https://smartstore.naver.com/main/products/11035561362,2025-01-06,5,"한달사용복용하기 편리하고
목넘김도 좋아서 편리합니다",,아주 넉넉해요,꼼꼼해요,편리해요,Y
DP_116,덴프스 덴마크 유산균이야기 2박스/4개월분 + 식물성 rTG 오메가3 2박스/2개월,https://smartstore.naver.com/main/products/11035561362,2025-01-06,5,"구매자선택안함
 한달사용자주 애용하는 제품입니다. 먹기 편해요^^",,아주 넉넉해요,꼼꼼해요,편리해요,Y
DP_116,덴프스 덴마크 유산균이야기 2박스/4개월분 + 식물성 rTG 오메가3 2박스/2개월,https://smartstore.naver.com/main/products/11035561362,2025-01-06,5,한달사용잘 먹고 있어요 사이즈도 작아 회사에 가져다놓기 좋아요,,아주 넉넉해요,꼼꼼해요,편리해요,Y
DP_116,덴프스 덴마크 유산균이야기 2박스/4개월분 + 식물성 rTG 오메가3 2박스/2개월,https://smartstore.naver.com/main/products/11035561362,2025-01-05,3,한달사용보통 유산균 먹으면 화장실을 잘갔던거 같은데...이제품은 딱히 그런 느낌은 없네요...ㅜㅜ,,아주 넉넉해요,꼼꼼해요,편리해요,Y
DP_116,덴프스 덴마크 유산균이야기 2박스/4개월분 + 식물성 rTG 오메가3 2박스/2개월,https://smartstore.naver.com/main/products/11035561362,2025-01-01,5,한달사용매번 구입하는 유산균입니다. 프로모션을 통해서 저렴하게 구매했고 효과는 항상 믿음직합니다,남성,아주 넉넉해요,꼼꼼해요,편리해요,Y
DP_116,덴프스 덴마크 유산균이야기 2박스/4개월분 + 식물성 rTG 오메가3 2박스/2개월,https://smartstore.naver.com/main/products/11035561362,2024-12-30,5,한달사용한달 복용하고있는데 저는 좋은것같아요,남성,아주 넉넉해요,꼼꼼해요,편리해요,Y
DP_116,덴프스 덴마크 유산균이야기 2박스/4개월분 + 식물성 rTG 오메가3 2박스/2개월,https://smartstore.naver.com/main/products/11035561362,2024-12-30,5,한달사용몇년쨰 덴프스 유산균만 먹어요~~,,아주 넉넉해요,꼼꼼해요,편리해요,Y
DP_116,덴프스 덴마크 유산균이야기 2박스/4개월분 + 식물성 rTG 오메가3 2박스/2개월,https://smartstore.naver.com/main/products/11035561362,2024-12-30,5,"한달사용포장도 너무 잘 되있고
믿음이 갑니다
복용 후 불편한 점은 없었구요
효과는 좀 더 먹어봐야 알듯합니다",여성,아주 넉넉해요,꼼꼼해요,편리해요,Y
DP_116,덴프스 덴마크 유산균이야기 2박스/4개월분 + 식물성 rTG 오메가3 2박스/2개월,https://smartstore.naver.com/main/products/11035561362,2024-12-28,5,한달사용덴프스 유산균을 장기 복용 해 보니 속이 편한 것 같고 아주 좋아요.,남성,꽤 남았어요,적당해요,편리해요,Y
DP_116,덴프스 덴마크 유산균이야기 2박스/4개월분 + 식물성 rTG 오메가3 2박스/2개월,https://smartstore.naver.com/main/products/11035561362,2024-12-27,5,한달사용꼬박꼬박 잘 챙겨먹고있어요 먹기편하고 좋아유,여성,아주 넉넉해요,꼼꼼해요,편리해요,Y
DP_116,덴프스 덴마크 유산균이야기 2박스/4개월분 + 식물성 rTG 오메가3 2박스/2개월,https://smartstore.naver.com/main/products/11035561362,2024-12-24,5,한달사용먹기편하고 작고 화장실 잘갑니다~,여성,아주 넉넉해요,꼼꼼해요,편리해요,Y
DP_116,덴프스 덴마크 유산균이야기 2박스/4개월분 + 식물성 rTG 오메가3 2박스/2개월,https://smartstore.naver.com/main/products/11035561362,2024-12-24,5,한달사용매일 먹고있어요! 좋아요,여성,꽤 남았어요,적당해요,편리해요,Y
DP_116,덴프스 덴마크 유산균이야기 2박스/4개월분 + 식물성 rTG 오메가3 2박스/2개월,https://smartstore.naver.com/main/products/11035561362,2024-12-24,5,한달사용계속먹는유산균이에요장이편해진거같아요,,꽤 남았어요,적당해요,그냥그래요,Y
DP_116,덴프스 덴마크 유산균이야기 2박스/4개월분 + 식물성 rTG 오메가3 2박스/2개월,https://smartstore.naver.com/main/products/11035561362,2024-12-23,5,한달사용이제는 필수품이 되었습니다 꼭 필요합니다,,아주 넉넉해요,꼼꼼해요,편리해요,Y
DP_116,덴프스 덴마크 유산균이야기 2박스/4개월분 + 식물성 rTG 오메가3 2박스/2개월,https://smartstore.naver.com/main/products/11035561362,2024-12-22,5,한달사용제일 먹기편한 유산균이네여 역시 면역력을 위해 꾸준히 먹고 있어요 !!!,여성,아주 넉넉해요,꼼꼼해요,편리해요,Y
DP_116,덴프스 덴마크 유산균이야기 2박스/4개월분 + 식물성 rTG 오메가3 2박스/2개월,https://smartstore.naver.com/main/products/11035561362,2024-12-21,5,"한달사용비타민과 오메가3, 마그네슘에 아이들 비타민 유산균 까지 전부 다 덴마크유산균에서 주문했어요. 올겨울엔 건강하게 지나길 바라는 마음에~~",여성,아주 넉넉해요,꼼꼼해요,편리해요,Y
DP_116,덴프스 덴마크 유산균이야기 2박스/4개월분 + 식물성 rTG 오메가3 2박스/2개월,https://smartstore.naver.com/main/products/11035561362,2024-12-20,5,한달사용덴프스 유산균 유명햐서 구매햇어요 라이브로 저렴하게 구매했어요,여성,아주 넉넉해요,꼼꼼해요,편리해요,Y
DP_116,덴프스 덴마크 유산균이야기 2박스/4개월분 + 식물성 rTG 오메가3 2박스/2개월,https://smartstore.naver.com/main/products/11035561362,2024-12-20,5,한달사용유산균이랑 오메가3 항상 먹고 있어요,,아주 넉넉해요,꼼꼼해요,편리해요,Y
DP_116,덴프스 덴마크 유산균이야기 2박스/4개월분 + 식물성 rTG 오메가3 2박스/2개월,https://smartstore.naver.com/main/products/11035561362,2024-12-19,5,여기 유산균 진짜 치고,여성,아주 넉넉해요,꼼꼼해요,편리해요,Y
DP_116,덴프스 덴마크 유산균이야기 2박스/4개월분 + 식물성 rTG 오메가3 2박스/2개월,https://smartstore.naver.com/main/products/11035561362,2024-12-18,4,"유산균 은 바꿔가면서 먹어야한다고...
오메가3 는 먹어보고 재주문 하려구요",,꽤 남았어요,적당해요,편리해요,Y
DP_116,덴프스 덴마크 유산균이야기 2박스/4개월분 + 식물성 rTG 오메가3 2박스/2개월,https://smartstore.naver.com/main/products/11035561362,2024-12-18,5,"유산균 먹고 재주문합니다
아직 좋은지는 모르지만 꾸준히 먹어볼라궁마침 오메가랑 같이 구매할수 있어서 주문해봅니다",,꽤 남았어요,적당해요,편리해요,Y
DP_116,덴프스 덴마크 유산균이야기 2박스/4개월분 + 식물성 rTG 오메가3 2박스/2개월,https://smartstore.naver.com/main/products/11035561362,2024-12-18,5,"한달사용매번 애용하던 유산균과 오메가3 제품이 저렴해서 구매했어요. 유산균은 워낙 좋아서 기존에도 먹던거고, 오메가3 이번에 처음 주문해본건데 확실히 복용후 활력이 조금 생겼달까? 우울함도 좀 덜해지는거 같고요. 뭣보다 비린맛 걱정이었는데 트름 올라오면 약하게 고등어 냄새? 정도 라서 나쁘지 않아요. 다먹고나서 또 주문할거 같습니다.",남성,아주 넉넉해요,꼼꼼해요,편리해요,Y
DP_116,덴프스 덴마크 유산균이야기 2박스/4개월분 + 식물성 rTG 오메가3 2박스/2개월,https://smartstore.naver.com/main/products/11035561362,2024-12-17,5,좋아요..좋아요..근데 오메가는 먹고나서 계속 생선냄새가 올라와요,,아주 넉넉해요,꼼꼼해요,편리해요,Y
DP_116,덴프스 덴마크 유산균이야기 2박스/4개월분 + 식물성 rTG 오메가3 2박스/2개월,https://smartstore.naver.com/main/products/11035561362,2024-12-13,5,"덴프스 유명한데, 고민하다가 구입했어요~ 먹어보고 괜찮으면 계속 주문할게요~",,아주 넉넉해요,꼼꼼해요,편리해요,Y
DP_116,덴프스 덴마크 유산균이야기 2박스/4개월분 + 식물성 rTG 오메가3 2박스/2개월,https://smartstore.naver.com/main/products/11035561362,2024-12-13,5,"BEST유산균은 한번씩 바꿔줘야한대서 구입해본 덴프스인데, 괜찮은 것 같아요! 알약 먹기가 좀 힘든 편인데, 덴프스 유산균은 알이 작아서 약 잘 못먹는 분들도 편하게 먹을 수 있고, 화장실도 하루 한번은 꼭 가고 있어요! 오메가3도 알이 타사 제품들보다는 작은편이에요.",,아주 넉넉해요,꼼꼼해요,편리해요,Y
DP_116,덴프스 덴마크 유산균이야기 2박스/4개월분 + 식물성 rTG 오메가3 2박스/2개월,https://smartstore.naver.com/main/products/11035561362,2024-12-12,5,한달사용유산균 이거ㅜ먹고 편안하고 화장실도 잘가고 좋네요 다른사람한테도 전파했어요,여성,아주 넉넉해요,꼼꼼해요,편리해요,Y
DP_116,덴프스 덴마크 유산균이야기 2박스/4개월분 + 식물성 rTG 오메가3 2박스/2개월,https://smartstore.naver.com/main/products/11035561362,2024-12-11,5,"덴마크 유산균이야기 매번 사먹었는데, 오메가 혼합구성이 있길래 오메가3도 먹어보기 위해서 사봤습니다! 유산균이야 말할 것도 없고, 다른 오메가3 냄새나는 경우가 많은데 냄새가 안나서 역한 느낌 없이 잘 먹고 있습니다!",남성,아주 넉넉해요,꼼꼼해요,편리해요,Y
DP_116,덴프스 덴마크 유산균이야기 2박스/4개월분 + 식물성 rTG 오메가3 2박스/2개월,https://smartstore.naver.com/main/products/11035561362,2024-12-11,5,"지인의 추천으로 구매하게 되엇습니다
오늘 아침에 받자마자 한알 먹엇는데
알이작아서 목넘김이 좋앗어요
통도 작아서 가지고 다니기 너무 편할거 같아요
신랑 한통 저 한통
효과를 기대합니다~~^^",,아주 넉넉해요,꼼꼼해요,편리해요,Y
DP_116,덴프스 덴마크 유산균이야기 2박스/4개월분 + 식물성 rTG 오메가3 2박스/2개월,https://smartstore.naver.com/main/products/11035561362,2024-12-10,5,너무 좋아요 먹기 편해서 까먹지도 않아요,남성,아주 넉넉해요,꼼꼼해요,편리해요,Y
DP_116,덴프스 덴마크 유산균이야기 2박스/4개월분 + 식물성 rTG 오메가3 2박스/2개월,https://smartstore.naver.com/main/products/11035561362,2024-12-10,5,유산균 잘 챙겨먹지 못하는 편인데 휴대도 용이하고 좋아요! 꾸준히 먹으니 그 전보다 몸이 좋아진 것 같아요 !!,,아주 넉넉해요,꼼꼼해요,편리해요,Y
DP_116,덴프스 덴마크 유산균이야기 2박스/4개월분 + 식물성 rTG 오메가3 2박스/2개월,https://smartstore.naver.com/main/products/11035561362,2024-12-08,5,배송이 총알이에요 효과있길,,아주 넉넉해요,꼼꼼해요,편리해요,Y
DP_116,덴프스 덴마크 유산균이야기 2박스/4개월분 + 식물성 rTG 오메가3 2박스/2개월,https://smartstore.naver.com/main/products/11035561362,2024-12-07,5,"크기가 작아서 목넘김이 좋아요 화장실도 잘가는거 같아서 만족스럽습니다. 
?
1",,꽤 남았어요,적당해요,그냥그래요,Y
DP_116,덴프스 덴마크 유산균이야기 2박스/4개월분 + 식물성 rTG 오메가3 2박스/2개월,https://smartstore.naver.com/main/products/11035561362,2024-12-07,5,"덴프스 유산균 꾸준히 먹고있는데, 오메가도 떨어져서 함께 주문해봤어요 유산균은 좋은거같고 오메가도 먹어보고 괜찮으면 정착해야겟어요",여성,아주 넉넉해요,꼼꼼해요,편리해요,Y
DP_116,덴프스 덴마크 유산균이야기 2박스/4개월분 + 식물성 rTG 오메가3 2박스/2개월,https://smartstore.naver.com/main/products/11035561362,2024-12-06,5,유산균은 말할거 없고 오메가3도 시켜봤는데 냄새 안나고 먹기 좋아요,,아주 넉넉해요,꼼꼼해요,편리해요,Y
DP_116,덴프스 덴마크 유산균이야기 2박스/4개월분 + 식물성 rTG 오메가3 2박스/2개월,https://smartstore.naver.com/main/products/11035561362,2024-12-06,5,유산균이 너무 맛있어요,,아주 넉넉해요,꼼꼼해요,편리해요,Y
DP_116,덴프스 덴마크 유산균이야기 2박스/4개월분 + 식물성 rTG 오메가3 2박스/2개월,https://smartstore.naver.com/main/products/11035561362,2024-12-04,5,"유산균이 떨어져서 믿고 먹는 덴프스로 재구매했습니다.
일단 상온보관에 알약크기가 작아서 좋아요
먹고 안먹고 차이는 확실히 있습니다 오메가3도 마침 필요해서 세트구성으로 구매했어요",,아주 넉넉해요,꼼꼼해요,편리해요,Y
DP_116,덴프스 덴마크 유산균이야기 2박스/4개월분 + 식물성 rTG 오메가3 2박스/2개월,https://smartstore.naver.com/main/products/11035561362,2024-12-01,5,"할인기간에 싸게 잘산거 같아요.
딱 유산균하고 오메가3가 필요했는데 그렇게 세트로 묶어서 파는게 맘에 드네요.",남성,아주 넉넉해요,꼼꼼해요,편리해요,Y
DP_116,덴프스 덴마크 유산균이야기 2박스/4개월분 + 식물성 rTG 오메가3 2박스/2개월,https://smartstore.naver.com/main/products/11035561362,2024-11-30,5,재구매해서 먹고 있는제품인데 좋은거 같아요,,아주 넉넉해요,꼼꼼해요,편리해요,Y
DP_116,덴프스 덴마크 유산균이야기 2박스/4개월분 + 식물성 rTG 오메가3 2박스/2개월,https://smartstore.naver.com/main/products/11035561362,2024-11-29,5,회사에서 먹으려고 샀어요. 간편하게 먹기 좋고 패키지가 작아서 맘에듭니다. 싸게 구매해서 좋아요!,,아주 넉넉해요,꼼꼼해요,편리해요,Y
DP_116,덴프스 덴마크 유산균이야기 2박스/4개월분 + 식물성 rTG 오메가3 2박스/2개월,https://smartstore.naver.com/main/products/11035561362,2024-11-29,5,"구매자선택안함
 부모님 유산균 필요하다 하셔서 구매했어요. 오메가3랑 같이 세트로 있길래 좋았어요. 유산균 균주 잘 보고 구매하는데 추천 받아 구매해요. 공유님도 한몫 ㅋㅋ",,아주 넉넉해요,꼼꼼해요,편리해요,Y
DP_116,덴프스 덴마크 유산균이야기 2박스/4개월분 + 식물성 rTG 오메가3 2박스/2개월,https://smartstore.naver.com/main/products/11035561362,2024-11-29,5,"소화가 잘 안되고 장에 가스가 차는게 느껴졌어요~ 그런상태가 2주가 지속되어 지인의 추천으로 사게됐어요~ 1주일정도 지나니 속이 편안해지고 가스 차는것도 없게되었습니다. 매일 아침 빈 속에 바로 먹어줬더니 효과가있는거 같아요!!
사이즈가 작아서 삼키기 좋아요~ 보관용기가 공기를 최소한으로 접촉할 수 있게 잘 구성됐어요",,아주 넉넉해요,꼼꼼해요,편리해요,Y
DP_116,덴프스 덴마크 유산균이야기 2박스/4개월분 + 식물성 rTG 오메가3 2박스/2개월,https://smartstore.naver.com/main/products/11035561362,2024-11-28,5,알약이 매우 작아요 일반 캡슐대비 70프로?사이즈 같아요. 그리고 케이스 실온보관 가능한점이 매우 맘에 들어요. 어디든 들고 갈 수 있잖아요. 다른 브랜드 유사케이스들 냉장보관이거든요.... 쿠팡엔 1개월치 작은통도 팔아서 좋은데 라방에서 2개월치 샀네요. 같이 구성된 오메가3도 샀는데 원래 식물성 오메가3 다른데꺼 먹다가 이번에 첨으로 갈아타요. 유산균이랑 트루바이타민에 대한 신뢰가 있어서 바꿀 수 있었어요. 효과 좋길!,여성,아주 넉넉해요,꼼꼼해요,편리해요,Y
DP_116,덴프스 덴마크 유산균이야기 2박스/4개월분 + 식물성 rTG 오메가3 2박스/2개월,https://smartstore.naver.com/main/products/11035561362,2024-11-28,5,빠르고 안전하게 포장되어 왔습니다,,아주 넉넉해요,꼼꼼해요,편리해요,Y
DP_116,덴프스 덴마크 유산균이야기 2박스/4개월분 + 식물성 rTG 오메가3 2박스/2개월,https://smartstore.naver.com/main/products/11035561362,2024-11-28,5,"덴프스 평소 사고 싶어 비싸지만 구입했는데
넘 기대해 봅니다!",,아주 넉넉해요,꼼꼼해요,편리해요,Y
DP_116,덴프스 덴마크 유산균이야기 2박스/4개월분 + 식물성 rTG 오메가3 2박스/2개월,https://smartstore.naver.com/main/products/11035561362,2024-11-28,5,다른제품 먹다 다시 구매했습니다. 제품이좋아요!,여성,아주 넉넉해요,꼼꼼해요,편리해요,Y
DP_116,덴프스 덴마크 유산균이야기 2박스/4개월분 + 식물성 rTG 오메가3 2박스/2개월,https://smartstore.naver.com/main/products/11035561362,2024-11-28,4,유산균 구매는 처음인데 워낙 유명한 제품인데다 좋은 가격조건이어서 기대하고 구매했습니다 오전에 주문했는데 밤에 총알배송 됐네요 오메가3구성까지 있어서 딱이네요 잘 복용하겠습니다,여성,아주 넉넉해요,적당해요,편리해요,Y
DP_116,덴프스 덴마크 유산균이야기 2박스/4개월분 + 식물성 rTG 오메가3 2박스/2개월,https://smartstore.naver.com/main/products/11035561362,2024-11-25,5,"유산균 알약 크기가 작아 오메가 알약이 커보이는데 보통 일반 오메가3 알약크기와 비슷해요
중금속 걱정되어서 성분 따져서 구매하려 하는데 품질검증 받았다는 설명에 믿고 구매합니다",,아주 넉넉해요,꼼꼼해요,편리해요,Y
DP_116,덴프스 덴마크 유산균이야기 2박스/4개월분 + 식물성 rTG 오메가3 2박스/2개월,https://smartstore.naver.com/main/products/11035561362,2024-11-25,4,알약 크기가 먹기 편하고 제품력 믿고 구매했어요. 다만 기념 최저가라고 급하게 구매했는데 라이브할때마다 점점 더 싸져서 ㅠㅠ 별한개 빼요.,,꽤 남았어요,꼼꼼해요,편리해요,Y
DP_116,덴프스 덴마크 유산균이야기 2박스/4개월분 + 식물성 rTG 오메가3 2박스/2개월,https://smartstore.naver.com/main/products/11035561362,2024-11-25,5,먹기편하고 든든합니다. 강추합니다,남성,아주 넉넉해요,꼼꼼해요,편리해요,Y
DP_116,덴프스 덴마크 유산균이야기 2박스/4개월분 + 식물성 rTG 오메가3 2박스/2개월,https://smartstore.naver.com/main/products/11035561362,2024-11-22,5,유산균은 항상 먹고있었는데 이번에 오메가3도 팔고 있어서 함께 구매했습니다. 포장도 좋고 건강해 지는 일만 남았네요!,남성,아주 넉넉해요,꼼꼼해요,편리해요,Y
DP_116,덴프스 덴마크 유산균이야기 2박스/4개월분 + 식물성 rTG 오메가3 2박스/2개월,https://smartstore.naver.com/main/products/11035561362,2024-11-20,5,유산균이랑 오메가3를 사야했는데 딱 필요한 구성이라 좋네요. 유산균은 덴프스로 정착한 지 오래됐어요. 가루형도 먹어보고 젤리형도 먹어보고 다양한 유산균이 많지만 덴프스가 제일 보관도 편하고 먹기도 편합니다. 유산균은 매일 먹어야하는데 다른 제품은 불편해서 안 먹게 되더라구요. 덴프스는 그냥 상온에 보관해도 되고 크기도 작아서 목넘김이 너무 편해요. 오메가3도 이것저것 다 검색해봤었는데 결론은 식물성 rtg로 사야한다였어요. 가격이 좀 저렴하다 싶어서 보면 동물성이고 조건을 다 충족한다 싶음 너무 비싼 경우가 많더라구요. 덴프스는 가격도 좋고 성분도 좋고 효과도 좋아요. 이제 오메가3도 덴프스로 정착입니다. ^^,여성,아주 넉넉해요,꼼꼼해요,편리해요,Y
DP_116,덴프스 덴마크 유산균이야기 2박스/4개월분 + 식물성 rTG 오메가3 2박스/2개월,https://smartstore.naver.com/main/products/11035561362,2024-11-20,5,"덴프스 덴마크 유산균이야기 2박스를 재구매하여 계속 복용하고 있으며 + 식물성 rTG 오메가3를 이번에 처음 구매해서 복용 함니다만, 아직은 좋은지 모르겠으나,
차후 복용 한다음 구매 예정 임.",남성,아주 넉넉해요,꼼꼼해요,편리해요,Y
DP_116,덴프스 덴마크 유산균이야기 2박스/4개월분 + 식물성 rTG 오메가3 2박스/2개월,https://smartstore.naver.com/main/products/11035561362,2024-11-19,5,원래 먹던 유산균인데 오메가3가 때마침 떨어졌었거든요 그래서 두개 합쳐서 되게 저렴하게 샀네요,,아주 넉넉해요,적당해요,편리해요,Y
DP_116,덴프스 덴마크 유산균이야기 2박스/4개월분 + 식물성 rTG 오메가3 2박스/2개월,https://smartstore.naver.com/main/products/11035561362,2024-11-18,5,"유산균은 계속 먹고 있는 거라 재구매했고, 나이가 드니 오메가3의 필요성이 느껴져서 구매하게 되었어요. 과거에 오메가 3를 생선재료로 만든 걸 먹었었는데, 먹고 난 후, 비린내가 올라오는 것 같아 너무 싫었었거든요. 이 제품은 식물성이라고 해서 구매했는데, 먹기 편하고, 냄새 안나서 너무 좋아요. 잘 산거 같아요.",여성,아주 넉넉해요,꼼꼼해요,편리해요,Y
DP_116,덴프스 덴마크 유산균이야기 2박스/4개월분 + 식물성 rTG 오메가3 2박스/2개월,https://smartstore.naver.com/main/products/11035561362,2024-11-18,5,늘 애용하는 제품입니다. 오메가3도 같이 먹어보려구요,남성,아주 넉넉해요,꼼꼼해요,편리해요,Y
DP_116,덴프스 덴마크 유산균이야기 2박스/4개월분 + 식물성 rTG 오메가3 2박스/2개월,https://smartstore.naver.com/main/products/11035561362,2024-11-18,5,주문해서먹었던 상품중에 제일 효과가많았던제품이라 재구매했어요,,아주 넉넉해요,꼼꼼해요,편리해요,Y
DP_116,덴프스 덴마크 유산균이야기 2박스/4개월분 + 식물성 rTG 오메가3 2박스/2개월,https://smartstore.naver.com/main/products/11035561362,2024-11-17,5,"처음 시켜보는데 기대됩니다. 유산균은 알약크기가 되게 작아서 알약 못먹는 분들도 쉽게 먹을수 있을것 같은데, 오메가3는 크기가 커요😅😅 믿고 먹어봅니다~",여성,아주 넉넉해요,꼼꼼해요,편리해요,Y
DP_116,덴프스 덴마크 유산균이야기 2박스/4개월분 + 식물성 rTG 오메가3 2박스/2개월,https://smartstore.naver.com/main/products/11035561362,2024-11-16,5,기대되네요 먹던유산균보다 좋은효과있길바랍니다,,아주 넉넉해요,적당해요,편리해요,Y
DP_116,덴프스 덴마크 유산균이야기 2박스/4개월분 + 식물성 rTG 오메가3 2박스/2개월,https://smartstore.naver.com/main/products/11035561362,2024-11-15,5,"몇 년 동안 먹었던 유산균 다 먹고 다른 제품 먹어볼까 하고 찾아보는데 마침 라이브 하길래 할인 많이 받아서 샀어요~ 후기가 너무 좋길래 첫구매인데 일년치 넘게 사버렸어요 ㅎㅎ
라이브 구매인증 당첨도 되고 너무 좋네영",여성,아주 넉넉해요,꼼꼼해요,편리해요,Y
DP_116,덴프스 덴마크 유산균이야기 2박스/4개월분 + 식물성 rTG 오메가3 2박스/2개월,https://smartstore.naver.com/main/products/11035561362,2024-11-15,5,올 겨울 가족 건강을 위해 모두 준비했습니다! 너무 든든하네요,여성,아주 넉넉해요,꼼꼼해요,편리해요,Y
DP_116,덴프스 덴마크 유산균이야기 2박스/4개월분 + 식물성 rTG 오메가3 2박스/2개월,https://smartstore.naver.com/main/products/11035561362,2024-11-15,5,덴프스 오메가3로 바꾸고 두번째 주문입니다. 믿고 먹어요.,남성,아주 넉넉해요,적당해요,편리해요,Y
DP_116,덴프스 덴마크 유산균이야기 2박스/4개월분 + 식물성 rTG 오메가3 2박스/2개월,https://smartstore.naver.com/main/products/11035561362,2024-11-15,5,"유산균은 늘 먹었던거라 꾸준히 먹고 있어요!
오메가는 첨 구매했어요 먹기 편합니다~^^",여성,아주 넉넉해요,꼼꼼해요,편리해요,Y
DP_116,덴프스 덴마크 유산균이야기 2박스/4개월분 + 식물성 rTG 오메가3 2박스/2개월,https://smartstore.naver.com/main/products/11035561362,2024-11-13,5,몇년째 덴프스만 종류별로 돌아가며 먹고있어요 일단 실온에 알약이라 입에 안붙어서 너무 좋아요! 가루약 먹을때 고달팠거든요 오메가 쓰리세트로 나와서 기대하고 먹어봅니다 ㅎ,여성,꽤 남았어요,꼼꼼해요,편리해요,Y
DP_116,덴프스 덴마크 유산균이야기 2박스/4개월분 + 식물성 rTG 오메가3 2박스/2개월,https://smartstore.naver.com/main/products/11035561362,2024-11-12,5,"작아서
목 넘기기 편해요
유통기한이 기네요
먹지 않을때랑 먹을때랑 차이가 나요",,아주 넉넉해요,꼼꼼해요,편리해요,Y
DP_116,덴프스 덴마크 유산균이야기 2박스/4개월분 + 식물성 rTG 오메가3 2박스/2개월,https://smartstore.naver.com/main/products/11035561362,2024-11-12,5,"올영에서 구매해서 처음 접해보는 유산균인데 저는 개인적으로 효과를 봐서 인터넷에 따로 구매핬습니다 앞으로 유산균은 이것만 먹으려구요
트름했을때 역한 특유한 약맛도 전혀없구여
목넘김도 너무 쉽고 부드럽습니다아 제 유산균 찾아서 다행이네여",,아주 넉넉해요,꼼꼼해요,편리해요,Y
DP_116,덴프스 덴마크 유산균이야기 2박스/4개월분 + 식물성 rTG 오메가3 2박스/2개월,https://smartstore.naver.com/main/products/11035561362,2024-11-12,5,쭉먹던유산균이라서시키면서오메가3도필요했는데좋은혜택에구매해서좋내요,,꽤 남았어요,적당해요,편리해요,Y
