﻿상품코드,상품명,URL,날짜,별점,리뷰텍스트,구매자 성별,유통기한,포장,편리,판매여부
DP_154,덴프스 프리바이오틱스 이뮨 2개월/2BOX,https://smartstore.naver.com/main/products/4352381544,2025-10-02,5,"재구매한달사용일어나자 마자 젤로먼저 먹어요
이것때문에 아침이 편해요",여성,아주 넉넉해요,꼼꼼해요,편리해요,Y
DP_154,덴프스 프리바이오틱스 이뮨 2개월/2BOX,https://smartstore.naver.com/main/products/4352381544,2025-10-02,5,"건강관심사 눈건강수면건강피로회복
 한달사용이뮨에 도움된다고하여 구입했는데 만족스러워요~~~",남성,꽤 남았어요,적당해요,편리해요,Y
DP_154,덴프스 프리바이오틱스 이뮨 2개월/2BOX,https://smartstore.naver.com/main/products/4352381544,2025-09-26,5,꾸준히 사먹는 유산균 입니다! 연휴 앞두고 저렴하게 또 구매해서 쟁여놓았답니다~~ 저희 부모님도 이제 덴마크 유산균과 이뮨 제품 안먹으면 하루가 뭔가 찝찝하다고 하네요! 효과 잘 본 상품이라 꾸준히 먹고 있어요,,아주 넉넉해요,꼼꼼해요,편리해요,Y
DP_154,덴프스 프리바이오틱스 이뮨 2개월/2BOX,https://smartstore.naver.com/main/products/4352381544,2025-09-26,5,좋아요.좋아요.좋아요,여성,아주 넉넉해요,꼼꼼해요,편리해요,Y
DP_154,덴프스 프리바이오틱스 이뮨 2개월/2BOX,https://smartstore.naver.com/main/products/4352381544,2025-09-24,5,"구매자선택안함
 원래는 덴프스 유산균만 먹다가 이 제품이 눈에 띄어서 구매해봐요!! 좋은 시너지 효과가 있길 바라며 잘 챙겨 먹어볼게요",,아주 넉넉해요,꼼꼼해요,편리해요,Y
DP_154,덴프스 프리바이오틱스 이뮨 2개월/2BOX,https://smartstore.naver.com/main/products/4352381544,2025-09-23,5,배송이쿠팡보다빨라요 잘 받았습니다:-),여성,아주 넉넉해요,꼼꼼해요,편리해요,Y
DP_154,덴프스 프리바이오틱스 이뮨 2개월/2BOX,https://smartstore.naver.com/main/products/4352381544,2025-09-18,5,유산균 바꿔보려고 보다보다 한번 구매해서 먹어보려구요 바꾼만큼 기대를해봅니다.,,아주 넉넉해요,꼼꼼해요,편리해요,Y
DP_154,덴프스 프리바이오틱스 이뮨 2개월/2BOX,https://smartstore.naver.com/main/products/4352381544,2025-09-17,5,한달사용비타민과 오메가 같이 섭취하려고 구매합니다.,,아주 넉넉해요,꼼꼼해요,편리해요,Y
DP_154,덴프스 프리바이오틱스 이뮨 2개월/2BOX,https://smartstore.naver.com/main/products/4352381544,2025-09-11,5,한달사용유산균이랑 같이 먹고 있습니다 유산균만 먹는거 보단 더 좋은거 같아요 꾸준히 먹어볼께요,,아주 넉넉해요,꼼꼼해요,편리해요,Y
DP_154,덴프스 프리바이오틱스 이뮨 2개월/2BOX,https://smartstore.naver.com/main/products/4352381544,2025-08-30,5,"재구매재구매햇구요
아침이 편안합니다ㅋ",여성,아주 넉넉해요,꼼꼼해요,편리해요,Y
DP_154,덴프스 프리바이오틱스 이뮨 2개월/2BOX,https://smartstore.naver.com/main/products/4352381544,2025-08-27,4,한달사용덴프스 프리바이오틱스 이뮨 만족합니다.,,아주 넉넉해요,적당해요,편리해요,Y
DP_154,덴프스 프리바이오틱스 이뮨 2개월/2BOX,https://smartstore.naver.com/main/products/4352381544,2025-08-21,4,"건강관심사 눈건강수면건강피로회복
 먹기쉽고 면역이 좋아진다고해서 구매했어요",남성,꽤 남았어요,적당해요,편리해요,Y
DP_154,덴프스 프리바이오틱스 이뮨 2개월/2BOX,https://smartstore.naver.com/main/products/4352381544,2025-08-16,5,한달사용이거랑 유산균 같이 먹어주면 뭔가 효과있는 기분..,,꽤 남았어요,적당해요,그냥그래요,Y
DP_154,덴프스 프리바이오틱스 이뮨 2개월/2BOX,https://smartstore.naver.com/main/products/4352381544,2025-08-11,5,유산균이야기를 먹으면서 효과증대를 위해 구입했어요. 꾸준히 먹어보려고해요.,,아주 넉넉해요,꼼꼼해요,편리해요,Y
DP_154,덴프스 프리바이오틱스 이뮨 2개월/2BOX,https://smartstore.naver.com/main/products/4352381544,2025-08-10,5,"한달사용덴프스 유산균은 믿고 구매하니깐
아침이 편해요",여성,아주 넉넉해요,꼼꼼해요,편리해요,Y
DP_154,덴프스 프리바이오틱스 이뮨 2개월/2BOX,https://smartstore.naver.com/main/products/4352381544,2025-07-27,4,덴프스 프리바이오틱스 이뮨 만족합니다.,,아주 넉넉해요,적당해요,편리해요,Y
DP_154,덴프스 프리바이오틱스 이뮨 2개월/2BOX,https://smartstore.naver.com/main/products/4352381544,2025-07-20,5,"건강관심사 면역력피로회복
 재구매목넘기이 편하고
꾸준히 섭취하니 배변활동에도 도움이 되는 것 같아요",여성,꽤 남았어요,꼼꼼해요,편리해요,Y
DP_154,덴프스 프리바이오틱스 이뮨 2개월/2BOX,https://smartstore.naver.com/main/products/4352381544,2025-07-10,5,한달사용아이가 먹는데 유산균하고 꼭 같이 먹여요,여성,아주 넉넉해요,꼼꼼해요,편리해요,Y
DP_154,덴프스 프리바이오틱스 이뮨 2개월/2BOX,https://smartstore.naver.com/main/products/4352381544,2025-06-16,5,먹기편하고 포장이 깔끔해요 가격도 합리적이에요,,아주 넉넉해요,꼼꼼해요,편리해요,Y
DP_154,덴프스 프리바이오틱스 이뮨 2개월/2BOX,https://smartstore.naver.com/main/products/4352381544,2025-06-10,5,"두개 같이 먹은지 3일차
아직 화장실은 못갔어요..🥹
변비 탈출하는 그 날까지 화이팅",,아주 넉넉해요,꼼꼼해요,편리해요,Y
DP_154,덴프스 프리바이오틱스 이뮨 2개월/2BOX,https://smartstore.naver.com/main/products/4352381544,2025-06-04,5,이번에 처음 구매 했는데 맛은 좋아요,여성,아주 넉넉해요,꼼꼼해요,편리해요,Y
DP_154,덴프스 프리바이오틱스 이뮨 2개월/2BOX,https://smartstore.naver.com/main/products/4352381544,2025-05-30,1,한달사용먹기가 버거워요. 여기서 이런 얘기 하면 안 되는 거 아는데요… 제가 입 하고 좀 많이 까다로운데요. 냄새 맡자마자 버리거나 먹다가 뱉을 뻔했습니다. 냄새 하고 맛이 좀약 이 나서요 60대 이상 드신분들께서 드셔야 합니다. 저 지인이 그렇게 얘기 했습니다.,,아주 넉넉해요,꼼꼼해요,불편해요,Y
DP_154,덴프스 프리바이오틱스 이뮨 2개월/2BOX,https://smartstore.naver.com/main/products/4352381544,2025-04-13,5,한달사용속이 편해요 소화가 잘되는 것 같아요,,아주 넉넉해요,꼼꼼해요,편리해요,Y
DP_154,덴프스 프리바이오틱스 이뮨 2개월/2BOX,https://smartstore.naver.com/main/products/4352381544,2025-03-10,1,"구매자선택안함
 먹기가 버거워요. 여기서 이런 얘기 하면 안 되는 거 아는데요… 제가 입 하고 좀 많이 까다로운데요. 냄새 맡자마자 버리거나 먹다가 뱉을 뻔했습니다. 냄새 하고 맛이 좀약 이 나서요",,아주 넉넉해요,꼼꼼해요,불편해요,Y
DP_154,덴프스 프리바이오틱스 이뮨 2개월/2BOX,https://smartstore.naver.com/main/products/4352381544,2025-03-05,5,한달사용잘받았습니다 잘받았습니다,,아주 넉넉해요,꼼꼼해요,편리해요,Y
DP_154,덴프스 프리바이오틱스 이뮨 2개월/2BOX,https://smartstore.naver.com/main/products/4352381544,2025-02-19,5,유산균과 함께 구매해봤어요! 유산균이 좋다고 유명한데 이것까지 먹으면 더욱 더 좋지않을까 싶어서요ㅎㅎ 배송도 다음날에 바로 왔고 포장도 꼼꼼하게 종이로 싸여져 왔어요 굿! 효과가 아주 기대됩니다! 할인 및 이벤트 자주 자주 해주세요🤍,,아주 넉넉해요,꼼꼼해요,편리해요,Y
DP_154,덴프스 프리바이오틱스 이뮨 2개월/2BOX,https://smartstore.naver.com/main/products/4352381544,2025-02-03,5,잘받았습니다 잘받았습니다,,아주 넉넉해요,꼼꼼해요,편리해요,Y
DP_154,덴프스 프리바이오틱스 이뮨 2개월/2BOX,https://smartstore.naver.com/main/products/4352381544,2025-01-25,5,한달사용가루라서 먹는게 썩 좋딘 않디만 같이먹으니까 효과가 2배인거 같아요,,아주 넉넉해요,꼼꼼해요,그냥그래요,Y
DP_154,덴프스 프리바이오틱스 이뮨 2개월/2BOX,https://smartstore.naver.com/main/products/4352381544,2025-01-21,4,한달사용늘 구매하고 있는 제품입니다.,,꽤 남았어요,적당해요,편리해요,Y
DP_154,덴프스 프리바이오틱스 이뮨 2개월/2BOX,https://smartstore.naver.com/main/products/4352381544,2025-01-07,5,재구매이거랑 같이 유산균을 먹어주면 기분 탓이더라도 화장실도 더 잘가게 되고 유산균 효과가 부스트업 되는 거 같습니다,,꽤 남았어요,적당해요,그냥그래요,Y
DP_154,덴프스 프리바이오틱스 이뮨 2개월/2BOX,https://smartstore.naver.com/main/products/4352381544,2025-01-07,5,한달사용계속 유산균이랑 같이 먹고 있습니다,,꽤 남았어요,적당해요,편리해요,Y
DP_154,덴프스 프리바이오틱스 이뮨 2개월/2BOX,https://smartstore.naver.com/main/products/4352381544,2024-12-27,5,한달사용유산균이랑 먹으려고 샀어요 역하지않아서 잘 먹고 있네요!!,,아주 넉넉해요,꼼꼼해요,편리해요,Y
DP_154,덴프스 프리바이오틱스 이뮨 2개월/2BOX,https://smartstore.naver.com/main/products/4352381544,2024-12-21,4,배송 발 받았습니다.,,꽤 남았어요,적당해요,그냥그래요,Y
DP_154,덴프스 프리바이오틱스 이뮨 2개월/2BOX,https://smartstore.naver.com/main/products/4352381544,2024-12-11,5,한달사용맛도 괜찮고 하루 한포라 좋은디.... 그냥 손으로 뜯으려니까 너무 잘 안 뜯어져요 ㅠㅠ 속상.. 뭐 집에서 가위로 뜯어서 먹죠 뭥 ㅎㅎ 이지컷으로 리뉴얼 되면 더 좋을 것 같아요!,,아주 넉넉해요,꼼꼼해요,편리해요,Y
DP_154,덴프스 프리바이오틱스 이뮨 2개월/2BOX,https://smartstore.naver.com/main/products/4352381544,2024-12-10,5,한달사용유산균과 함께 잘 먹고있어요 효과 좋아요,여성,아주 넉넉해요,꼼꼼해요,편리해요,Y
DP_154,덴프스 프리바이오틱스 이뮨 2개월/2BOX,https://smartstore.naver.com/main/products/4352381544,2024-11-26,5,"프로바이오틱스랑 같이먹으려고 샀어요
더 효과가좋기를",여성,아주 넉넉해요,꼼꼼해요,편리해요,Y
DP_154,덴프스 프리바이오틱스 이뮨 2개월/2BOX,https://smartstore.naver.com/main/products/4352381544,2024-11-22,5,유산균과 함께 챙겨먹고 있습니다!! 2개월치만 샀는데 더 사야겠어요.,,아주 넉넉해요,꼼꼼해요,편리해요,Y
DP_154,덴프스 프리바이오틱스 이뮨 2개월/2BOX,https://smartstore.naver.com/main/products/4352381544,2024-11-21,5,"유산균 작은용량 먹이다가 이벤트 하길래 샀는데 오전에 주문햇는데 저녁에 당일배송됐어요^^ 애들 초5,중딩이랑 오자마자 먹었는데 첫맛은 달콤,끝맛은 아연 들어서그런지 살짝 철분맛이 나드라구요..가루용량이 살짝 많은데 바로 스르륵 녹긴하는데 물한모금은 먹어야될듯해요...",,꽤 남았어요,꼼꼼해요,편리해요,Y
DP_154,덴프스 프리바이오틱스 이뮨 2개월/2BOX,https://smartstore.naver.com/main/products/4352381544,2024-11-21,5,"구매자선택안함
 자가면역질환때문에 젤리형태의 이뮨을 챙겨먹고있었는데 유산균이랑 같이 챙길 수 있는 제품이라 구입했어요~",,아주 넉넉해요,꼼꼼해요,편리해요,Y
DP_154,덴프스 프리바이오틱스 이뮨 2개월/2BOX,https://smartstore.naver.com/main/products/4352381544,2024-11-21,5,몸에좋다고 하니 챙겨먹구 있어요,,꽤 남았어요,꼼꼼해요,그냥그래요,Y
DP_154,덴프스 프리바이오틱스 이뮨 2개월/2BOX,https://smartstore.naver.com/main/products/4352381544,2024-11-18,5,이번이 두번짜 주문인데 효과가 넘 좋아요!! 무엇보다 프로바이오틱스만 먹을게 아니라 프리바이오틱스도 반드시 먹어야 해요...!!!,남성,아주 넉넉해요,꼼꼼해요,편리해요,Y
DP_154,덴프스 프리바이오틱스 이뮨 2개월/2BOX,https://smartstore.naver.com/main/products/4352381544,2024-11-08,5,원래 먹던 녀석이었는데 할인할때 다시 쟁여놓네요 굿👍🏻,,꽤 남았어요,적당해요,편리해요,Y
DP_154,덴프스 프리바이오틱스 이뮨 2개월/2BOX,https://smartstore.naver.com/main/products/4352381544,2024-11-05,5,유산균이랑 같이 먹으니 배변활동이 더 원할한 느낌,,아주 넉넉해요,꼼꼼해요,편리해요,Y
DP_154,덴프스 프리바이오틱스 이뮨 2개월/2BOX,https://smartstore.naver.com/main/products/4352381544,2024-11-03,5,고3 여자아이 수능 준비로 스트레스로인해 급격하게 면역력저하가 와서 피부 두드러기까지 올라와서 찾아보니 이뮨이 좋다하기에 효과가 있길 바라며 주문했습니다 복용후 추후 후기 더 올려보겠습니다,,아주 넉넉해요,꼼꼼해요,편리해요,Y
DP_154,덴프스 프리바이오틱스 이뮨 2개월/2BOX,https://smartstore.naver.com/main/products/4352381544,2024-11-01,5,유산균먹고 있는데 다른 영양제도 먹어보려고 주문했어요,,꽤 남았어요,적당해요,편리해요,Y
DP_154,덴프스 프리바이오틱스 이뮨 2개월/2BOX,https://smartstore.naver.com/main/products/4352381544,2024-10-31,5,먹기 부담 없어서 항상 자기 전에 한포씩 먹고 자요,남성,아주 넉넉해요,꼼꼼해요,편리해요,Y
DP_154,덴프스 프리바이오틱스 이뮨 2개월/2BOX,https://smartstore.naver.com/main/products/4352381544,2024-10-30,5,"잘 받았습니다! 딱 필요했는데 잘 산 것 같아용
라이브 혜택 최고🫶🏻 저 원래 가루 형식은 물로 마셔도 잘 못 먹는데 이건 잘 넘어가요",,아주 넉넉해요,꼼꼼해요,편리해요,Y
DP_154,덴프스 프리바이오틱스 이뮨 2개월/2BOX,https://smartstore.naver.com/main/products/4352381544,2024-10-27,5,한달사용유산균만 먹을때보다 같이 섭취하니까 효과가 더 좋은것 같아서 늘 구매해요!,,꽤 남았어요,꼼꼼해요,편리해요,Y
DP_154,덴프스 프리바이오틱스 이뮨 2개월/2BOX,https://smartstore.naver.com/main/products/4352381544,2024-10-20,5,한달사용물이랑 같이 섭취하는 거라 먹기 편해요 맛도 괜찮고요,여성,아주 넉넉해요,꼼꼼해요,편리해요,Y
DP_154,덴프스 프리바이오틱스 이뮨 2개월/2BOX,https://smartstore.naver.com/main/products/4352381544,2024-09-27,5,한달사용실수로 주문했는데 취소가 번거로워서 그냥 먹네요,,꽤 남았어요,적당해요,그냥그래요,Y
DP_154,덴프스 프리바이오틱스 이뮨 2개월/2BOX,https://smartstore.naver.com/main/products/4352381544,2024-09-23,4,한달사용기한도 길고 몸에 좋은것도 알겠는데 생각보다 먹기 편하진 않아요. 불편한건 아니고 그냥 먹으면 되긴 하지만 가루 탁 털어넣으면 녹는 그런 제형은 아니라서 조금 불편합니다. 맛도 그닥.,,아주 넉넉해요,꼼꼼해요,그냥그래요,Y
DP_154,덴프스 프리바이오틱스 이뮨 2개월/2BOX,https://smartstore.naver.com/main/products/4352381544,2024-09-14,5,한달사용맛있고 먹기 편리해요 가스가 조금 차는것 같아서 이틀에 한번 먹고있어요,여성,아주 넉넉해요,꼼꼼해요,편리해요,Y
DP_154,덴프스 프리바이오틱스 이뮨 2개월/2BOX,https://smartstore.naver.com/main/products/4352381544,2024-09-14,5,재구매한달사용효과있을 때까지 먹으려고 구매했어요 효과있을 때까진 계속 먹으려구요,여성,아주 넉넉해요,꼼꼼해요,편리해요,Y
DP_154,덴프스 프리바이오틱스 이뮨 2개월/2BOX,https://smartstore.naver.com/main/products/4352381544,2024-09-14,5,한달사용공복에는 안먹고 자기전에 꾸준히 먹고있어요,여성,아주 넉넉해요,꼼꼼해요,편리해요,Y
DP_154,덴프스 프리바이오틱스 이뮨 2개월/2BOX,https://smartstore.naver.com/main/products/4352381544,2024-09-12,5,"한달사용간단하게 먹을수있어 조아요
꾸준히 먹어야겠네요",,아주 넉넉해요,꼼꼼해요,편리해요,Y
DP_154,덴프스 프리바이오틱스 이뮨 2개월/2BOX,https://smartstore.naver.com/main/products/4352381544,2024-09-09,5,한달사용유산균이야기랑 같이 복용중인데 효과 좋아요,,아주 넉넉해요,꼼꼼해요,편리해요,Y
DP_154,덴프스 프리바이오틱스 이뮨 2개월/2BOX,https://smartstore.naver.com/main/products/4352381544,2024-08-28,5,저는 26년 3월 20일 기한 제품 받았어요. 기한은 적당히 있네요. 유익균 증식에 도움된대서 사봤어요.,,아주 넉넉해요,꼼꼼해요,그냥그래요,Y
DP_154,덴프스 프리바이오틱스 이뮨 2개월/2BOX,https://smartstore.naver.com/main/products/4352381544,2024-08-27,5,재구매구매한지 한달도 안돼 서 다 먹었어요,여성,아주 넉넉해요,꼼꼼해요,편리해요,Y
DP_154,덴프스 프리바이오틱스 이뮨 2개월/2BOX,https://smartstore.naver.com/main/products/4352381544,2024-08-16,5,한달사용안먹을때보다 장 활동에 도움이 되는 것 같아요,,아주 넉넉해요,꼼꼼해요,편리해요,Y
DP_154,덴프스 프리바이오틱스 이뮨 2개월/2BOX,https://smartstore.naver.com/main/products/4352381544,2024-08-15,5,대장내시경 후 장이 불편해서 열심히 챙겨 먹으려고 주문했어요,여성,아주 넉넉해요,꼼꼼해요,편리해요,Y
DP_154,덴프스 프리바이오틱스 이뮨 2개월/2BOX,https://smartstore.naver.com/main/products/4352381544,2024-08-12,5,"유산균만 먹기에는 허전함이 있어 같이 구입했어요.
먹기도 편하고 유산균과의 시너지를 기대해보겠습니다.",,아주 넉넉해요,꼼꼼해요,편리해요,Y
DP_154,덴프스 프리바이오틱스 이뮨 2개월/2BOX,https://smartstore.naver.com/main/products/4352381544,2024-08-10,5,장건강 면역 여러가지로 좋을거같아요,,아주 넉넉해요,꼼꼼해요,그냥그래요,Y
DP_154,덴프스 프리바이오틱스 이뮨 2개월/2BOX,https://smartstore.naver.com/main/products/4352381544,2024-08-09,5,전에 증정품으로 받아서 먹었는데 괜찮아서 재구매해봐요,여성,아주 넉넉해요,꼼꼼해요,편리해요,Y
DP_154,덴프스 프리바이오틱스 이뮨 2개월/2BOX,https://smartstore.naver.com/main/products/4352381544,2024-08-09,5,유산균이랑 먹으려고 구입했는데 간편하고 맛도 좋아요,,아주 넉넉해요,꼼꼼해요,편리해요,Y
DP_154,덴프스 프리바이오틱스 이뮨 2개월/2BOX,https://smartstore.naver.com/main/products/4352381544,2024-08-03,5,한달사용믿고 먹는 우리가족 영양제입니다,여성,아주 넉넉해요,꼼꼼해요,편리해요,Y
DP_154,덴프스 프리바이오틱스 이뮨 2개월/2BOX,https://smartstore.naver.com/main/products/4352381544,2024-07-21,5,유산균이랑 같이 섭취하면 더 좋을 것 같아서 구매했습니다. 양이 생각보다 많네요~,여성,아주 넉넉해요,꼼꼼해요,편리해요,Y
DP_154,덴프스 프리바이오틱스 이뮨 2개월/2BOX,https://smartstore.naver.com/main/products/4352381544,2024-07-16,5,단맛이 있네요~ 유산균이랑 시너지가 있기를 바래봅니다,,아주 넉넉해요,꼼꼼해요,편리해요,Y
DP_154,덴프스 프리바이오틱스 이뮨 2개월/2BOX,https://smartstore.naver.com/main/products/4352381544,2024-07-07,5,맛은 약간 소다맛?이 나네요ㅎㅎ 복용후 장 활동이 좋아진 것 같아요,,아주 넉넉해요,꼼꼼해요,편리해요,Y
DP_154,덴프스 프리바이오틱스 이뮨 2개월/2BOX,https://smartstore.naver.com/main/products/4352381544,2024-07-06,5,요즘 장건강이 안좋아져서 주문했어요 배송 빨라서 좋아요,,아주 넉넉해요,꼼꼼해요,편리해요,Y
DP_154,덴프스 프리바이오틱스 이뮨 2개월/2BOX,https://smartstore.naver.com/main/products/4352381544,2024-07-04,5,믿고먹는 우리가족 영양제입니다,여성,아주 넉넉해요,꼼꼼해요,편리해요,Y
DP_154,덴프스 프리바이오틱스 이뮨 2개월/2BOX,https://smartstore.naver.com/main/products/4352381544,2024-06-18,4,항생제 오래복용해서 변비가 심했는데 효과 있으면 좋겠습니다,여성,아주 넉넉해요,꼼꼼해요,편리해요,Y
DP_154,덴프스 프리바이오틱스 이뮨 2개월/2BOX,https://smartstore.naver.com/main/products/4352381544,2024-03-24,5,"한달사용우유맛 나고 맛있어요 유산균인 줄 알고 샀는데 유산균은 아니고
유익균을 증식시키는 것을 돕는 영양제인가 보네요 
?
1",여성,아주 넉넉해요,꼼꼼해요,편리해요,Y
DP_154,덴프스 프리바이오틱스 이뮨 2개월/2BOX,https://smartstore.naver.com/main/products/4352381544,2024-02-28,5,"맛있어요 ㅎㅎ
그런데 포가 손으로 잘 안뜯어져서 가위로잘라야해요
먹기 불편해요",여성,아주 넉넉해요,꼼꼼해요,그냥그래요,Y
DP_154,덴프스 프리바이오틱스 이뮨 2개월/2BOX,https://smartstore.naver.com/main/products/4352381544,2024-01-30,3,무난하게 먹고있습니다,,꽤 남았어요,적당해요,편리해요,Y
DP_154,덴프스 프리바이오틱스 이뮨 2개월/2BOX,https://smartstore.naver.com/main/products/4352381544,2024-01-30,5,한달사용이제는 없으면 불안한 프리바이어틱스 이뮨,,아주 넉넉해요,꼼꼼해요,편리해요,Y
DP_154,덴프스 프리바이오틱스 이뮨 2개월/2BOX,https://smartstore.naver.com/main/products/4352381544,2024-01-25,5,항상먹던거라 잘먹고있습니다 다만 커트부분이 조금찔겨서 가위로 자르고있어요 쉽게 자를수있음 좋겠습니다,,꽤 남았어요,꼼꼼해요,그냥그래요,Y
DP_154,덴프스 프리바이오틱스 이뮨 2개월/2BOX,https://smartstore.naver.com/main/products/4352381544,2023-12-30,5,"구매자선택안함
 재구매한달사용장이 편해진듯 해서 쭉~~ 먹습니다",,아주 넉넉해요,꼼꼼해요,편리해요,Y
DP_154,덴프스 프리바이오틱스 이뮨 2개월/2BOX,https://smartstore.naver.com/main/products/4352381544,2023-12-13,5,"만성 변비라서 여러 방법을 다 써봤는데 큰 효과를 못봤어요, 근데 덴프스에서 판매하는 유산균과 이뮨 조합으로 아침에 먹으면 화장실을 너무 잘 가서 좋아요!",,아주 넉넉해요,꼼꼼해요,편리해요,Y
DP_154,덴프스 프리바이오틱스 이뮨 2개월/2BOX,https://smartstore.naver.com/main/products/4352381544,2023-12-11,3,한달사용먹을때 목넘김이 조금더 좋았으면 좋을거 같아요~~,남성,아주 넉넉해요,적당해요,편리해요,Y
DP_154,덴프스 프리바이오틱스 이뮨 2개월/2BOX,https://smartstore.naver.com/main/products/4352381544,2023-11-22,5,분말이 달달하니 좋네요,,아주 넉넉해요,꼼꼼해요,편리해요,Y
DP_154,덴프스 프리바이오틱스 이뮨 2개월/2BOX,https://smartstore.naver.com/main/products/4352381544,2023-11-10,5,"좋아요.
아침마다 볼일을 잘 보고있습니다.",,아주 넉넉해요,꼼꼼해요,편리해요,Y
DP_154,덴프스 프리바이오틱스 이뮨 2개월/2BOX,https://smartstore.naver.com/main/products/4352381544,2023-11-02,5,유산균이랑 같이먹으려고 샀어요. 즉각적인 효과는 모르겠지만 분유맛 비슷한 맛이면서도 묘하게 상큼한맛도 나고 아무튼 맛있습니다ㅎ,,아주 넉넉해요,적당해요,편리해요,Y
DP_154,덴프스 프리바이오틱스 이뮨 2개월/2BOX,https://smartstore.naver.com/main/products/4352381544,2023-10-27,5,"이번에 처음 접하는 건데, 프로바이오틱스의 먹이이기 때문에, 좋은 균들의 성장을 위해 먹으면 좋다고 해서 구입합니다. 아직 1일차이긴 하지만, 너무 기대되요
빠른 배송감사드립니다.",남성,아주 넉넉해요,꼼꼼해요,편리해요,Y
DP_154,덴프스 프리바이오틱스 이뮨 2개월/2BOX,https://smartstore.naver.com/main/products/4352381544,2023-10-19,5,와이프 선물로 줬는데 좋아합니다 ㅎㅎ,남성,아주 넉넉해요,꼼꼼해요,편리해요,Y
DP_154,덴프스 프리바이오틱스 이뮨 2개월/2BOX,https://smartstore.naver.com/main/products/4352381544,2023-10-11,5,"구매자선택안함
 재구매유산균만 먹을 때보다 프리바이오틱스랑 같이 복용하니 훨씬 만족스럽네요. 재구매입니다.",,아주 넉넉해요,적당해요,편리해요,Y
DP_154,덴프스 프리바이오틱스 이뮨 2개월/2BOX,https://smartstore.naver.com/main/products/4352381544,2023-10-10,5,"배송 엄청 빨라요
포장 잘되어왔고, 스틱형이라 먹기 편해요.
요구르트 맛나서 부담 없어요~",,아주 넉넉해요,꼼꼼해요,편리해요,Y
DP_154,덴프스 프리바이오틱스 이뮨 2개월/2BOX,https://smartstore.naver.com/main/products/4352381544,2023-10-06,5,한달사용맛도 괜찮고 유산균이 같이 먹으니 효과도 배로 좋아진듯합니다,,아주 넉넉해요,꼼꼼해요,편리해요,Y
DP_154,덴프스 프리바이오틱스 이뮨 2개월/2BOX,https://smartstore.naver.com/main/products/4352381544,2023-10-02,5,한달사용맛도 괜찮고 재주문할께요,,아주 넉넉해요,꼼꼼해요,편리해요,Y
DP_154,덴프스 프리바이오틱스 이뮨 2개월/2BOX,https://smartstore.naver.com/main/products/4352381544,2023-09-28,5,한달사용잘 챙겨먹고있어요~~~,,아주 넉넉해요,꼼꼼해요,편리해요,Y
DP_154,덴프스 프리바이오틱스 이뮨 2개월/2BOX,https://smartstore.naver.com/main/products/4352381544,2023-09-26,3,"한달사용꾸준히 먹으면 9/10일에 다 먹는 양이었는데 처음 먹었을때부터 속이 울렁거려서 손이 안가서 많이 남았어요,, 우연인지는 모르겠지만 먹을수록 소화불량도 심해져서 멈췄어용,, 두통 샀는데 한통은 아직 열지도 못했네요ㅜㅜ 증상이 유산균 때문인지 아닌지 확실하지 않지만 먹기 망설여져요,,,,",,아주 넉넉해요,꼼꼼해요,편리해요,Y
DP_154,덴프스 프리바이오틱스 이뮨 2개월/2BOX,https://smartstore.naver.com/main/products/4352381544,2023-09-08,5,먹고나면 조금 미슥거려요. 그래도 유산균이랑 같이 먹으니 효과가 좋네요.,,꽤 남았어요,적당해요,그냥그래요,Y
DP_154,덴프스 프리바이오틱스 이뮨 2개월/2BOX,https://smartstore.naver.com/main/products/4352381544,2023-08-28,5,효소먹고 좋아서 시켰어요,,아주 넉넉해요,꼼꼼해요,편리해요,Y
DP_154,덴프스 프리바이오틱스 이뮨 2개월/2BOX,https://smartstore.naver.com/main/products/4352381544,2023-08-25,5,"유산균이랑 같이 먹으면 유익균이 많이 생긴다고 본겁같아요.
꾸준히 먹어보려고 해요.",여성,아주 넉넉해요,꼼꼼해요,편리해요,Y
DP_154,덴프스 프리바이오틱스 이뮨 2개월/2BOX,https://smartstore.naver.com/main/products/4352381544,2023-08-19,4,"구매자선택안함
 유산균이랑 같이 복용하면 좋다길래 구입해봤습니다. 몸이 좋아하길 기대해봅니다",,아주 넉넉해요,꼼꼼해요,편리해요,Y
DP_154,덴프스 프리바이오틱스 이뮨 2개월/2BOX,https://smartstore.naver.com/main/products/4352381544,2023-08-18,4,물을 함께 많이 복용해야해요 안그러면 서로 덩어리져서 삼키기 불편해요 냄내는 물약냄새나는데 공복에 복용하면 속이 약간 메슥거려요 그래도 꾸준히 먹어볼만해요,,아주 넉넉해요,꼼꼼해요,그냥그래요,Y
DP_154,덴프스 프리바이오틱스 이뮨 2개월/2BOX,https://smartstore.naver.com/main/products/4352381544,2023-06-23,5,맛이 좋내요 잘 먹을 수 있을 거 같아요,,아주 넉넉해요,꼼꼼해요,편리해요,Y
DP_154,덴프스 프리바이오틱스 이뮨 2개월/2BOX,https://smartstore.naver.com/main/products/4352381544,2023-06-23,5,깔끔하게 먹기좋아요,,아주 넉넉해요,꼼꼼해요,편리해요,Y
DP_154,덴프스 프리바이오틱스 이뮨 2개월/2BOX,https://smartstore.naver.com/main/products/4352381544,2023-06-21,4,"재구매입니다.
70대 부모님께서 드시는데
엄마는 잘 모르시겠다 하시고
아빠는 효과가 좋다고하셔서 재구매 했어요.
언니에게 추천받고 구매했습니다.
저희가족은 대체로 잘 맞는편인거 같아요 ^^",,아주 넉넉해요,꼼꼼해요,편리해요,Y
DP_154,덴프스 프리바이오틱스 이뮨 2개월/2BOX,https://smartstore.naver.com/main/products/4352381544,2023-06-15,5,한달사용먹기 편하고 매일 공복 아침에 먹어요,,아주 넉넉해요,꼼꼼해요,편리해요,Y
DP_154,덴프스 프리바이오틱스 이뮨 2개월/2BOX,https://smartstore.naver.com/main/products/4352381544,2023-06-15,5,가루형태라 먹기편하고 유산균먹을때 항상같이챙겨먹어요 속불편함없어지고 계속 꾸준히먹는제품이예요,,아주 넉넉해요,꼼꼼해요,편리해요,Y
DP_154,덴프스 프리바이오틱스 이뮨 2개월/2BOX,https://smartstore.naver.com/main/products/4352381544,2023-06-06,5,한달사용덴프스 유산균이랑 매일 복용하고 있습니다. 역겨움도 없고 특유의 유제품 맛이나 냄새도 적어 후각이 민감한 제게 딱인 제품입니다. 동영상컨텐츠,여성,아주 넉넉해요,꼼꼼해요,편리해요,Y
DP_154,덴프스 프리바이오틱스 이뮨 2개월/2BOX,https://smartstore.naver.com/main/products/4352381544,2023-06-02,5,덴프스 유산균과 함께 아침공복에 복용하고 있습니다. 효과 정말 좋아요. 배변도 원활해지고 장상태도 편안해지네요.,여성,아주 넉넉해요,꼼꼼해요,편리해요,Y
DP_154,덴프스 프리바이오틱스 이뮨 2개월/2BOX,https://smartstore.naver.com/main/products/4352381544,2023-05-22,5,"변비에 좋아서 또 재구매했네요
맛도 괞찮아요",,아주 넉넉해요,적당해요,편리해요,Y
DP_154,덴프스 프리바이오틱스 이뮨 2개월/2BOX,https://smartstore.naver.com/main/products/4352381544,2023-05-10,5,유산균이랑 같이 먹을려고 주문했는데.. 더 좋을거라고 믿어요 ㅎㅎ,,아주 넉넉해요,꼼꼼해요,편리해요,Y
DP_154,덴프스 프리바이오틱스 이뮨 2개월/2BOX,https://smartstore.naver.com/main/products/4352381544,2023-05-02,5,한달사용속이 편해지는 느낌입니다. 꾸준하게 주문할 생각이에요,남성,아주 넉넉해요,꼼꼼해요,편리해요,Y
DP_154,덴프스 프리바이오틱스 이뮨 2개월/2BOX,https://smartstore.naver.com/main/products/4352381544,2023-05-01,5,유산균 여러개 고민하다 프리바이오틱스 이뮨으로 초이스했네요ㅎㅎ굿굿,,아주 넉넉해요,꼼꼼해요,편리해요,Y
DP_154,덴프스 프리바이오틱스 이뮨 2개월/2BOX,https://smartstore.naver.com/main/products/4352381544,2023-04-21,5,한달사용저한테 잘 맞아서 잘 챙겨 먹고 있어여!!,,아주 넉넉해요,꼼꼼해요,편리해요,Y
DP_154,덴프스 프리바이오틱스 이뮨 2개월/2BOX,https://smartstore.naver.com/main/products/4352381544,2023-04-14,5,다른 유산균에 비해 뻑뻑해서 꼭 물이랑 같이 먹어야해요 그만큼 균주 활성화가 좋은건가? 하면서 먹고 있습니다 좋긴 한데 제가격에 주고 사면 다소 비싸다 느껴서 안 샀을거 같네여 세일할때 잘 샀어요,여성,꽤 남았어요,적당해요,그냥그래요,Y
DP_154,덴프스 프리바이오틱스 이뮨 2개월/2BOX,https://smartstore.naver.com/main/products/4352381544,2023-04-11,5,"배송이 정말 빠릅니다
저녁에 주문햇는데 다음날 오후에 도착해요
이전에도 먹었던 거라서 추가 주문햇습니다
화장실 필요하신 분은 꼭 챙겨드세요",여성,아주 넉넉해요,꼼꼼해요,편리해요,Y
DP_154,덴프스 프리바이오틱스 이뮨 2개월/2BOX,https://smartstore.naver.com/main/products/4352381544,2023-04-11,5,한달사용유산균의 먹이라고 해서 구매해서 먹고 있습니다. 효과가 바로 뛰어나냐 라고 물으시면 솔직히 그건 아닌것 같아요. 이전보다 속이 편안하고 가스가 잘 차지 않은 정도입니다. 맛은 희미한 야구르트맛이에요.,여성,꽤 남았어요,적당해요,그냥그래요,Y
DP_154,덴프스 프리바이오틱스 이뮨 2개월/2BOX,https://smartstore.naver.com/main/products/4352381544,2023-03-26,5,배송이 매우 빠릅니다.,남성,아주 넉넉해요,꼼꼼해요,편리해요,Y
DP_154,덴프스 프리바이오틱스 이뮨 2개월/2BOX,https://smartstore.naver.com/main/products/4352381544,2023-03-19,5,"한달사용다 먹어가요 하루 한퍼씩 꺼내먹기 좋아요 
?
1",여성,아주 넉넉해요,꼼꼼해요,편리해요,Y
DP_154,덴프스 프리바이오틱스 이뮨 2개월/2BOX,https://smartstore.naver.com/main/products/4352381544,2023-03-18,4,처음먹어보는데 효과좋았으면좋겠네요,여성,꽤 남았어요,적당해요,편리해요,Y
DP_154,덴프스 프리바이오틱스 이뮨 2개월/2BOX,https://smartstore.naver.com/main/products/4352381544,2023-03-15,5,한달사용꾸준히 계속 먹는제품,,아주 넉넉해요,꼼꼼해요,편리해요,Y
DP_154,덴프스 프리바이오틱스 이뮨 2개월/2BOX,https://smartstore.naver.com/main/products/4352381544,2023-03-11,5,유산균의 먹이라길래 한번 구매해봤습니다. 크게 달지 않은 요구르트를 먹는 느낌이에요. 효과가 좋길 바라요.,여성,꽤 남았어요,적당해요,편리해요,Y
DP_154,덴프스 프리바이오틱스 이뮨 2개월/2BOX,https://smartstore.naver.com/main/products/4352381544,2023-03-11,5,한달사용맛은잘모르겟어요ㅜ 효과는 여느 유산균이랑 비슷,,아주 넉넉해요,꼼꼼해요,편리해요,Y
DP_154,덴프스 프리바이오틱스 이뮨 2개월/2BOX,https://smartstore.naver.com/main/products/4352381544,2023-03-08,5,"한달사용단기간에 효과를 바라보는건 안되겠어요
꾸준히 복용해야 나타나는 효과라 꾸준히 먹어봐야겟네요",,꽤 남았어요,적당해요,그냥그래요,Y
DP_154,덴프스 프리바이오틱스 이뮨 2개월/2BOX,https://smartstore.naver.com/main/products/4352381544,2023-02-19,5,"잘 먹고 있어요 가방에 넣어 다니기  사이즈라 휴대성 좋아요 
?
1",,,,한,Y
DP_154,덴프스 프리바이오틱스 이뮨 2개월/2BOX,https://smartstore.naver.com/main/products/4352381544,2023-02-17,4,이전보다 음 효과 좋은지 모르겠어요ㅠ 계속 섭취해보고 있는데 효과는 추후에 다시 리뷰남길게요~~,,,,,Y
DP_154,덴프스 프리바이오틱스 이뮨 2개월/2BOX,https://smartstore.naver.com/main/products/4352381544,2023-02-14,5,한달사용효과 좋아요. 꼭 프리바이오틱스랑 같이 먹어야 돼요.,,,,,Y
DP_154,덴프스 프리바이오틱스 이뮨 2개월/2BOX,https://smartstore.naver.com/main/products/4352381544,2023-02-12,5,한달사용효과도 좋고 잘 먹고있어요 만족합니다,,,,,Y
DP_154,덴프스 프리바이오틱스 이뮨 2개월/2BOX,https://smartstore.naver.com/main/products/4352381544,2023-02-10,5,"유산균이랑 같이 먹으려 주문했는데, 아이가 거부감없이 잘 먹습니다.",,,,,Y
DP_154,덴프스 프리바이오틱스 이뮨 2개월/2BOX,https://smartstore.naver.com/main/products/4352381544,2023-02-04,5,한달사용변비가 심해진 엄마에게 선물 해드렸어요. 이거 아침 직전에 드시고 나서 변비가 정말 많이 좋아지셨다고 만족해 하십니다.,,,,,Y
DP_154,덴프스 프리바이오틱스 이뮨 2개월/2BOX,https://smartstore.naver.com/main/products/4352381544,2023-02-02,5,먹던 제품이 몇개 남아서 아직 먹어보진 않았는데 기대되요 :),,,,,Y
DP_154,덴프스 프리바이오틱스 이뮨 2개월/2BOX,https://smartstore.naver.com/main/products/4352381544,2023-02-01,5,먹기편하고 맛도 좋아요! 꾸준히 먹어보고 효과있으면 재구매할게요,,,,,Y
DP_154,덴프스 프리바이오틱스 이뮨 2개월/2BOX,https://smartstore.naver.com/main/products/4352381544,2023-01-28,5,신속하고 부담감없이 먹을수 있죠,,,,,Y
DP_154,덴프스 프리바이오틱스 이뮨 2개월/2BOX,https://smartstore.naver.com/main/products/4352381544,2023-01-24,5,"한달사용꾸준히 먹고있는데 맛도 좋고, 무엇보다 효과가 정말 좋아서 재구매 의사 100프로 입니다!",,,,,Y
DP_154,덴프스 프리바이오틱스 이뮨 2개월/2BOX,https://smartstore.naver.com/main/products/4352381544,2023-01-24,5,저렴한 가격에 유산균 잘 구매했어요 만족합니다,,,,,Y
DP_154,덴프스 프리바이오틱스 이뮨 2개월/2BOX,https://smartstore.naver.com/main/products/4352381544,2023-01-14,5,배송이 지-인ㅁ자 빨라서 좋아요 ♡ 효과도 좋았으면,,,,,Y
DP_154,덴프스 프리바이오틱스 이뮨 2개월/2BOX,https://smartstore.naver.com/main/products/4352381544,2023-01-13,5,잘 먹어보겠습니다. 효과 있기를...,,,,,Y
DP_154,덴프스 프리바이오틱스 이뮨 2개월/2BOX,https://smartstore.naver.com/main/products/4352381544,2023-01-08,4,먹는데 불편한거 없구요.. 단맛느낌? 끝맛이.... 암튼 잘 먹어볼게요,,,,,Y
DP_154,덴프스 프리바이오틱스 이뮨 2개월/2BOX,https://smartstore.naver.com/main/products/4352381544,2023-01-03,5,한달사용벌싸 다먹었어요~ 다시 재주문 하려구요,,,,,Y
DP_154,덴프스 프리바이오틱스 이뮨 2개월/2BOX,https://smartstore.naver.com/main/products/4352381544,2023-01-03,5,너무 좋아서 만족합니다.,,,,,Y
DP_154,덴프스 프리바이오틱스 이뮨 2개월/2BOX,https://smartstore.naver.com/main/products/4352381544,2023-01-01,5,다름거 먹다가 바꿔봤는데 만족스럽습니다,,,,,Y
DP_154,덴프스 프리바이오틱스 이뮨 2개월/2BOX,https://smartstore.naver.com/main/products/4352381544,2022-12-29,5,"철분제복용중이라서..고생중이라서 덴마크유산균에먹이가없다고 해서 구매했구.
후기에 변비에도움됐다구해서요~^^
아연까지들어있어서 짱좋아요",,,,,Y
DP_154,덴프스 프리바이오틱스 이뮨 2개월/2BOX,https://smartstore.naver.com/main/products/4352381544,2022-12-23,4,한달사용꾸준히 먹으면 좋을 것 같아요,,,,,Y
DP_154,덴프스 프리바이오틱스 이뮨 2개월/2BOX,https://smartstore.naver.com/main/products/4352381544,2022-12-23,5,설명 읽어보니 종종 배 아픈 증상도 개선될것같아서 구매해봤습니다! 효과가 좋길바래요 ㅎㅎ,,,,,Y
DP_154,덴프스 프리바이오틱스 이뮨 2개월/2BOX,https://smartstore.naver.com/main/products/4352381544,2022-12-19,5,유산균 이야기 먹고있는데 추가로 먹으려고 샀어요 효과좋길 기대해봅니다.,,,,,Y
DP_154,덴프스 프리바이오틱스 이뮨 2개월/2BOX,https://smartstore.naver.com/main/products/4352381544,2022-12-17,4,원래 덴프스 유산균 먹고 있는데 프리바이오틱스랑 같이 먹으면 좋다길래 구매했습니다,,,,,Y
DP_154,덴프스 프리바이오틱스 이뮨 2개월/2BOX,https://smartstore.naver.com/main/products/4352381544,2022-12-11,5,"유산균만 먹다가 프로바이오틱스랑 같이 파는 세트가 있길래 한 통 사서 먹어봤었는데요, 먹을 때는 차이를 모르겠다가 프로바이오틱스를 다 먹고 유산균만 먹게 되니까 배변에 차이를 느끼게 되서 ㅎㅎ 결국 프로비이오틱스도 꾸준히 먹으려고 따로 재구매했어요",,,,,Y
DP_154,덴프스 프리바이오틱스 이뮨 2개월/2BOX,https://smartstore.naver.com/main/products/4352381544,2022-12-09,4,알약 구매하면서 함께 먹으면 좋다고 해서 샀는데 음...먹기가 좋지는 않은 것 같아요. 향도 그렇고 입자가 부드럽지 않아서 다시 먹기는 힘들듯...,,,,,Y
DP_154,덴프스 프리바이오틱스 이뮨 2개월/2BOX,https://smartstore.naver.com/main/products/4352381544,2022-12-08,5,"한달사용유산균과 같이 복용하니
화장실가는게 더 편해졌어요
뱃살도 들어가는 느낌입니다",,,,,Y
DP_154,덴프스 프리바이오틱스 이뮨 2개월/2BOX,https://smartstore.naver.com/main/products/4352381544,2022-11-30,5,"감사히ㅡ잘먹겠습니다.
장이 자주 좋아진것같아서 프로바이오틱스와 프리바이오틱스 이뮨 같이 주문해서 먹고 있어요.
좋은것같아요. 배송도 다음날 바로 되어 좋습니다. 빠름빠름~",,,,,Y
DP_154,덴프스 프리바이오틱스 이뮨 2개월/2BOX,https://smartstore.naver.com/main/products/4352381544,2022-11-28,5,한달사용확실히 위가 쓰리다거나 그런건없내오 유산균먹으면 속스렸는디 그부분이 제일 맘에 듭니다,,,,,Y
DP_154,덴프스 프리바이오틱스 이뮨 2개월/2BOX,https://smartstore.naver.com/main/products/4352381544,2022-11-28,5,한달사용먹던거예요 좋아요 . .,,,,,Y
DP_154,덴프스 프리바이오틱스 이뮨 2개월/2BOX,https://smartstore.naver.com/main/products/4352381544,2022-11-18,5,"좋아요
유산균과 같이 먹으니 아침이 상쾌해 져요
뱃살도 줄어드는 느낌입니다",,,,,Y
DP_154,덴프스 프리바이오틱스 이뮨 2개월/2BOX,https://smartstore.naver.com/main/products/4352381544,2022-11-14,5,재구매한달사용트로바이오틱스 맛도 좋고 효과도 넘 좋네요,,,,,Y
DP_154,덴프스 프리바이오틱스 이뮨 2개월/2BOX,https://smartstore.naver.com/main/products/4352381544,2022-11-12,5,1달 먹어보겠습니다!,,,,,Y
DP_154,덴프스 프리바이오틱스 이뮨 2개월/2BOX,https://smartstore.naver.com/main/products/4352381544,2022-11-07,5,"한달사용덴마크유산균 이야기하고 같이 먹고 있어용 ㅋㅋ
양 되게 많고요 ㅋㅋ 텁텁하긴한데 물이랑 같이 먹으면 잘 넘어가용
맛있어용",,,,,Y
DP_154,덴프스 프리바이오틱스 이뮨 2개월/2BOX,https://smartstore.naver.com/main/products/4352381544,2022-11-05,5,부피도 작은데 알차게 들어있고 전에 먹었던 유산균운 커서 먹기 불편했는데 이건 작아서 목 넘김이 너무 좊네요,,,,,Y
DP_154,덴프스 프리바이오틱스 이뮨 2개월/2BOX,https://smartstore.naver.com/main/products/4352381544,2022-11-02,5,선물용으로 구매했어요,,,,,Y
DP_154,덴프스 프리바이오틱스 이뮨 2개월/2BOX,https://smartstore.naver.com/main/products/4352381544,2022-11-02,5,"덴마크 먹다가 이거 가끔씩 먹었는데 제몸엔 이게 더 효과를 많이 본것갘아요~ 그래서 이번에 샀어요!!
유산균은 역시 덴프스가 젤 좋은듯❤️",,,,,Y
DP_154,덴프스 프리바이오틱스 이뮨 2개월/2BOX,https://smartstore.naver.com/main/products/4352381544,2022-10-31,5,"유산균이랑 같이 먹고있는데, 빵구냄시가 확실히 좀 줄어든거같아요. 빵구냄시 심하신 분들은 프리바이오틱스 고려해보세요.",,,,,Y
DP_154,덴프스 프리바이오틱스 이뮨 2개월/2BOX,https://smartstore.naver.com/main/products/4352381544,2022-10-28,5,음~ 맛은 좋네요 잘 맞길 기대합니다,,,,,Y
DP_154,덴프스 프리바이오틱스 이뮨 2개월/2BOX,https://smartstore.naver.com/main/products/4352381544,2022-10-28,5,유산균이라우같이먹으니 효과가 더 좋아요!,,,,,Y
DP_154,덴프스 프리바이오틱스 이뮨 2개월/2BOX,https://smartstore.naver.com/main/products/4352381544,2022-10-27,5,한달사용신랑이 너무 좋데요!! 재구입예정,,,,,Y
DP_154,덴프스 프리바이오틱스 이뮨 2개월/2BOX,https://smartstore.naver.com/main/products/4352381544,2022-10-25,5,배송이 엄청 빨랐어요 꾸준히 먹어야 좋은거라서 꾸준히 먹어보려고 구매했어요 너무 비싼건 꾸준히 먹기 어려울것같아 가격적인 부분도 생각해서 구매하게됐어요,,,,,Y
DP_154,덴프스 프리바이오틱스 이뮨 2개월/2BOX,https://smartstore.naver.com/main/products/4352381544,2022-10-21,5,"리뷰보니 다들 만족하시는것같아서 구입했어요
요구르트맛 맞네요^^",,,,,Y
DP_154,덴프스 프리바이오틱스 이뮨 2개월/2BOX,https://smartstore.naver.com/main/products/4352381544,2022-10-19,5,덴마크 유산균이랑 같이 먹으면 좋다고해서 구입했어요!!,,,,,Y
DP_154,덴프스 프리바이오틱스 이뮨 2개월/2BOX,https://smartstore.naver.com/main/products/4352381544,2022-10-13,5,먹던거예요또주문했어요,,,,,Y
DP_154,덴프스 프리바이오틱스 이뮨 2개월/2BOX,https://smartstore.naver.com/main/products/4352381544,2022-10-13,5,"재구매먹다가 안먹으니까 허전해서 주문했어요.
안먹는것보단 낫겠지하긴 하는데 효과가 있고 그런 건 아직 잘 모르겠어요.",,,,,Y
DP_154,덴프스 프리바이오틱스 이뮨 2개월/2BOX,https://smartstore.naver.com/main/products/4352381544,2022-10-07,5,재구매사은품도 받고 배송도 빠르네요,,,,,Y
DP_154,덴프스 프리바이오틱스 이뮨 2개월/2BOX,https://smartstore.naver.com/main/products/4352381544,2022-10-06,5,한달사용캡슐로 복용하다 가루로 바꿨는데 괜찮아요,,,,,Y
DP_154,덴프스 프리바이오틱스 이뮨 2개월/2BOX,https://smartstore.naver.com/main/products/4352381544,2022-10-02,5,배속이 편안해지는 느낌이예요.,,,,,Y
DP_154,덴프스 프리바이오틱스 이뮨 2개월/2BOX,https://smartstore.naver.com/main/products/4352381544,2022-09-27,5,꾸준히먹는겁니다.최고,,,,,Y
DP_154,덴프스 프리바이오틱스 이뮨 2개월/2BOX,https://smartstore.naver.com/main/products/4352381544,2022-09-27,5,몇일 먹어보니 좋다고 하네요~,,,,,Y
DP_154,덴프스 프리바이오틱스 이뮨 2개월/2BOX,https://smartstore.naver.com/main/products/4352381544,2022-09-26,4,한달사용유산균과같이먹는데 너무좋아요,,,,,Y
DP_154,덴프스 프리바이오틱스 이뮨 2개월/2BOX,https://smartstore.naver.com/main/products/4352381544,2022-09-26,5,"주말에 주문 해서 월요일에 받았어요
프로만 먹었는데 프리더 함께 먹어 보려고주문 해 봤어요 
?
1",,,,,Y
DP_154,덴프스 프리바이오틱스 이뮨 2개월/2BOX,https://smartstore.naver.com/main/products/4352381544,2022-09-24,5,"같이먹으면 좋다고 하길래 사봤어용
유통기한 아주 넉넉하구
맛있어용!! 꾸준이 같이 잘 먹어볼 생각입니다!",,,,,Y
DP_154,덴프스 프리바이오틱스 이뮨 2개월/2BOX,https://smartstore.naver.com/main/products/4352381544,2022-09-19,5,식사후 배가 아프던게 많이 좋아졌어요,,,,,Y
DP_154,덴프스 프리바이오틱스 이뮨 2개월/2BOX,https://smartstore.naver.com/main/products/4352381544,2022-09-16,5,한달사용먹고 난 뒤로 속이 편하고 좋아요,,,,,Y
DP_154,덴프스 프리바이오틱스 이뮨 2개월/2BOX,https://smartstore.naver.com/main/products/4352381544,2022-09-14,5,"한달사용유산균과 함께 구입해서 먹는데, 넘 만족해요:) 곧 재구매예정입니다:)",,,,,Y
DP_154,덴프스 프리바이오틱스 이뮨 2개월/2BOX,https://smartstore.naver.com/main/products/4352381544,2022-09-08,5,한달사용엄청 잘먹고 있습니다 굿굿,,,,,Y
DP_154,덴프스 프리바이오틱스 이뮨 2개월/2BOX,https://smartstore.naver.com/main/products/4352381544,2022-08-27,5,"포장 맘에들어요. 이 앞전에 캡슐형 먹고 만족도가 높아서
구매 했어요!!",,,,,Y
DP_154,덴프스 프리바이오틱스 이뮨 2개월/2BOX,https://smartstore.naver.com/main/products/4352381544,2022-08-24,5,재구매한달사용대장안좋으신 엄마가 좋아지셨다고 하세요,,,,,Y
DP_154,덴프스 프리바이오틱스 이뮨 2개월/2BOX,https://smartstore.naver.com/main/products/4352381544,2022-08-20,5,한달사용먹기 간편하고 확실히 먹고 안먹고 차이가 있어요 꾸준히 먹으면 좋을것같아요,,,,,Y
DP_154,덴프스 프리바이오틱스 이뮨 2개월/2BOX,https://smartstore.naver.com/main/products/4352381544,2022-08-20,5,배아파서 먹기 시작합니다,,,,,Y
DP_154,덴프스 프리바이오틱스 이뮨 2개월/2BOX,https://smartstore.naver.com/main/products/4352381544,2022-08-19,5,재구매한달사용좋아요 ㅎ 좋아요 ㅎ,,,,,Y
DP_154,덴프스 프리바이오틱스 이뮨 2개월/2BOX,https://smartstore.naver.com/main/products/4352381544,2022-08-09,5,한달사용이지컷인데 잘 안 찢어짐 이점만 빼면 만족해요,,,,,Y
DP_154,덴프스 프리바이오틱스 이뮨 2개월/2BOX,https://smartstore.naver.com/main/products/4352381544,2022-08-03,5,"포장깔끔히왔어요
한달열심히먹고또리뷰쓸께요♡♡♡",,,,,Y
DP_154,덴프스 프리바이오틱스 이뮨 2개월/2BOX,https://smartstore.naver.com/main/products/4352381544,2022-08-03,5,"평보고좋아서시켰어요~~
좋을거같아요~~",,,,,Y
DP_154,덴프스 프리바이오틱스 이뮨 2개월/2BOX,https://smartstore.naver.com/main/products/4352381544,2022-08-01,5,유산균이랑 같이 먹으면 더 좋을거 같아서 샀습니다,,,,,Y
DP_154,덴프스 프리바이오틱스 이뮨 2개월/2BOX,https://smartstore.naver.com/main/products/4352381544,2022-07-29,5,유산균이랑 먹으면 좋다고 해서 샀어요 맛도 있고 먹기 좋아요 효과 기대해 봅니당,,,,,Y
DP_154,덴프스 프리바이오틱스 이뮨 2개월/2BOX,https://smartstore.naver.com/main/products/4352381544,2022-07-28,5,한달사용대장안좋으신 엄마가 좋다고하세요,,,,,Y
DP_154,덴프스 프리바이오틱스 이뮨 2개월/2BOX,https://smartstore.naver.com/main/products/4352381544,2022-07-21,5,아주 좋습니다.......,,,,,Y
DP_154,덴프스 프리바이오틱스 이뮨 2개월/2BOX,https://smartstore.naver.com/main/products/4352381544,2022-07-18,5,한달사용먹구 속이 너무 편안해요! 그래서 추가 구매합니다! 처음에는 적응기간이라 화장실을 갔지만 2~3일 지나니깐 확실히 장이 좋아진게 느껴져요~ 고민 적당히 하시고 얼른 구매하세요,,,,,Y
DP_154,덴프스 프리바이오틱스 이뮨 2개월/2BOX,https://smartstore.naver.com/main/products/4352381544,2022-07-16,5,재구매엄마가 좋으시다고 해서 재구매했어요,,,,,Y
DP_154,덴프스 프리바이오틱스 이뮨 2개월/2BOX,https://smartstore.naver.com/main/products/4352381544,2022-07-15,5,마음에 듭니다 많이파세요,,,,,Y
DP_154,덴프스 프리바이오틱스 이뮨 2개월/2BOX,https://smartstore.naver.com/main/products/4352381544,2022-07-15,4,한달사용장에 좋다길래 챙겨먹고 있어요,,,,,Y
DP_154,덴프스 프리바이오틱스 이뮨 2개월/2BOX,https://smartstore.naver.com/main/products/4352381544,2022-07-14,5,후기들이좋아 기대가됩니다:) 꾸준히 잘 먹어볼게요! 이렇게 빠른 배송은 첨봣어요:)감사합니다♡,,,,,Y
DP_154,덴프스 프리바이오틱스 이뮨 2개월/2BOX,https://smartstore.naver.com/main/products/4352381544,2022-07-13,5,배송도 빠르고 먹기 편해용,,,,,Y
DP_154,덴프스 프리바이오틱스 이뮨 2개월/2BOX,https://smartstore.naver.com/main/products/4352381544,2022-07-12,5,배송받자마자 아침마다 먹고 있어요. 효과좋았음 좋겠어요.,,,,,Y
DP_154,덴프스 프리바이오틱스 이뮨 2개월/2BOX,https://smartstore.naver.com/main/products/4352381544,2022-07-09,5,남편이 배변활동이 과민해서 유산균과 함께 사서 먹고 있는데 효과가 있는듯 해요 좋아요,,,,,Y
DP_154,덴프스 프리바이오틱스 이뮨 2개월/2BOX,https://smartstore.naver.com/main/products/4352381544,2022-07-08,5,여기 유산균이 저에게 맞아서 구매해요ㅎㅎ 좋은 제품이니 고민말고 주문하세요,,,,,Y
DP_154,덴프스 프리바이오틱스 이뮨 2개월/2BOX,https://smartstore.naver.com/main/products/4352381544,2022-07-06,5,한달사용2개월치 구매해서 꾸준히 먹었습니다. 저는 변비보단 설사를 자주해서 시켰는데 유산균과 궁합이 잘 맞는지 확실히 그냥 유산균만 먹었을 때 보다 효과가 좋습니다.,,,,,Y
DP_154,덴프스 프리바이오틱스 이뮨 2개월/2BOX,https://smartstore.naver.com/main/products/4352381544,2022-07-01,5,재구매좋아요 ㅎ 좋아요 ㅎ,,,,,Y
DP_154,덴프스 프리바이오틱스 이뮨 2개월/2BOX,https://smartstore.naver.com/main/products/4352381544,2022-06-30,5,재구매유산균과 같이 주문해서 먹어요 좋아요,,,,,Y
DP_154,덴프스 프리바이오틱스 이뮨 2개월/2BOX,https://smartstore.naver.com/main/products/4352381544,2022-06-28,5,배송이 빨라서 좋아요.,,,,,Y
DP_154,덴프스 프리바이오틱스 이뮨 2개월/2BOX,https://smartstore.naver.com/main/products/4352381544,2022-06-21,5,한달사용너무 맛있어서 거부감이 없어요!,,,,,Y
DP_154,덴프스 프리바이오틱스 이뮨 2개월/2BOX,https://smartstore.naver.com/main/products/4352381544,2022-06-15,5,맛 거부감 없고 조은거거가타요,,,,,Y
DP_154,덴프스 프리바이오틱스 이뮨 2개월/2BOX,https://smartstore.naver.com/main/products/4352381544,2022-06-14,5,배송빠르고..좋아요,,,,,Y
DP_154,덴프스 프리바이오틱스 이뮨 2개월/2BOX,https://smartstore.naver.com/main/products/4352381544,2022-06-14,5,일단 배송이 미쳤어요!! 엄청 빨라요! 아직 먹지는 못해서 효과는 모르지만 빠른 배송만큼 효과가 있기를 바랍니다,,,,,Y
DP_154,덴프스 프리바이오틱스 이뮨 2개월/2BOX,https://smartstore.naver.com/main/products/4352381544,2022-06-13,5,엄마보내드렸는데 좋다고하시네요,,,,,Y
DP_154,덴프스 프리바이오틱스 이뮨 2개월/2BOX,https://smartstore.naver.com/main/products/4352381544,2022-06-12,5,한달사용남편이 먹었는데 효과는 아직 잘 모르겠어요,,,,,Y
DP_154,덴프스 프리바이오틱스 이뮨 2개월/2BOX,https://smartstore.naver.com/main/products/4352381544,2022-06-09,4,배송 빠르고 안전하게 받았습니다,,,,,Y
DP_154,덴프스 프리바이오틱스 이뮨 2개월/2BOX,https://smartstore.naver.com/main/products/4352381544,2022-05-29,5,재구매한달사용프리바이오틱스와 덴마크유산균돠 병행해서 드셔보세요 정말 효과가 말도 못합니다!!!!,,,,,Y
DP_154,덴프스 프리바이오틱스 이뮨 2개월/2BOX,https://smartstore.naver.com/main/products/4352381544,2022-05-20,5,재구매가성비 좋은 제품입니다,,,,,Y
DP_154,덴프스 프리바이오틱스 이뮨 2개월/2BOX,https://smartstore.naver.com/main/products/4352381544,2022-05-10,5,한달사용효과가 좋은거 같아요 ㅎ,,,,,Y
DP_154,덴프스 프리바이오틱스 이뮨 2개월/2BOX,https://smartstore.naver.com/main/products/4352381544,2022-05-04,5,lgg 유산균 먹고있는데 프리바이오틱스도 같이먹음 좋다길래 꾸준히먹어보게요,,,,,Y
DP_154,덴프스 프리바이오틱스 이뮨 2개월/2BOX,https://smartstore.naver.com/main/products/4352381544,2022-05-03,4,"꾸준히먹다가 다른제품 갈아타봣는데 요게 젤잘맞아영 가격착하면 좋겟어여ㅜ
근데 초반에 배가 아퍼여ㅜㅜ",,,,,Y
DP_154,덴프스 프리바이오틱스 이뮨 2개월/2BOX,https://smartstore.naver.com/main/products/4352381544,2022-05-03,5,한달사용먹기편하고 효과 좋은듯합니다,,,,,Y
DP_154,덴프스 프리바이오틱스 이뮨 2개월/2BOX,https://smartstore.naver.com/main/products/4352381544,2022-04-22,5,처음 먹어보는데 기대되요,,,,,Y
DP_154,덴프스 프리바이오틱스 이뮨 2개월/2BOX,https://smartstore.naver.com/main/products/4352381544,2022-04-20,5,포로 된거 주문해 봣어여,,,,,Y
DP_154,덴프스 프리바이오틱스 이뮨 2개월/2BOX,https://smartstore.naver.com/main/products/4352381544,2022-04-16,5,한달사용한달 먹었는데 확실히 좋다는게 느껴지네요~,,,,,Y
DP_154,덴프스 프리바이오틱스 이뮨 2개월/2BOX,https://smartstore.naver.com/main/products/4352381544,2022-04-14,4,약간 쓴맛도 있긴한데 기대해봅니다 ㅋ,,,,,Y
DP_154,덴프스 프리바이오틱스 이뮨 2개월/2BOX,https://smartstore.naver.com/main/products/4352381544,2022-04-12,4,2틀동안 배가 좀 아팠는데 ... 이것때문인지는...2틀지나고는 괜찬아요,,,,,Y
DP_154,덴프스 프리바이오틱스 이뮨 2개월/2BOX,https://smartstore.naver.com/main/products/4352381544,2022-04-11,5,두번째 구매! 이전보다 화장실도 편하게 가고있어요 아침에 눈뜨면 물과 함께 한포씩 하고있습니다,,,,,Y
DP_154,덴프스 프리바이오틱스 이뮨 2개월/2BOX,https://smartstore.naver.com/main/products/4352381544,2022-04-06,5,충알배송에 상품,,,도 안전하게왓어요 리뷰가 도움이 되었나요,,Y
DP_154,덴프스 프리바이오틱스 이뮨 2개월/2BOX,https://smartstore.naver.com/main/products/4352381544,2022-04-05,5,가족모두 잘 먹고 있습니다. 부모님이 만저 찾으세요^^,,,,,Y
DP_154,덴프스 프리바이오틱스 이뮨 2개월/2BOX,https://smartstore.naver.com/main/products/4352381544,2022-03-24,5,한달사용먹기 편해요 지금 한달정도 먹는데 속이 편하고 꾸준히 먹을거에요,,,,,Y
DP_154,덴프스 프리바이오틱스 이뮨 2개월/2BOX,https://smartstore.naver.com/main/products/4352381544,2022-03-23,5,배송 빠릅니다~유산균과 함께 먹어보려구요~,,,,,Y
DP_154,덴프스 프리바이오틱스 이뮨 2개월/2BOX,https://smartstore.naver.com/main/products/4352381544,2022-03-23,5,재구매그냥 유산균만 먹는것보다 같이먹으면 훨씬좋아요,,,,,Y
DP_154,덴프스 프리바이오틱스 이뮨 2개월/2BOX,https://smartstore.naver.com/main/products/4352381544,2022-03-22,5,"한달사용그냥
유산균 먹는거보다 가끔 같이 먹어주는ㄱ좋을거 같아서 먹고잇는데
괜찮아요!!",,,,,Y
DP_154,덴프스 프리바이오틱스 이뮨 2개월/2BOX,https://smartstore.naver.com/main/products/4352381544,2022-03-18,5,한달사용장이 편해지고 피부도 좋아진 느낌이에요,,,,,Y
DP_154,덴프스 프리바이오틱스 이뮨 2개월/2BOX,https://smartstore.naver.com/main/products/4352381544,2022-03-18,3,"일단은 좋다해서 샀는데 먹어보고 후기남길께요 +1
동영상컨텐츠",,,,,Y
DP_154,덴프스 프리바이오틱스 이뮨 2개월/2BOX,https://smartstore.naver.com/main/products/4352381544,2022-03-17,4,한달사용한달먹고 효과가 잘모르겠어요 더 먹어봐야겠어요,,,,,Y
DP_154,덴프스 프리바이오틱스 이뮨 2개월/2BOX,https://smartstore.naver.com/main/products/4352381544,2022-03-17,5,재구매빠른배송,,,도 꼼꼼하게 너무 좋았어요 리뷰가 도움이 되었나요,,Y
DP_154,덴프스 프리바이오틱스 이뮨 2개월/2BOX,https://smartstore.naver.com/main/products/4352381544,2022-03-16,5,장이 안좋아 변비와 여러 피부 트러블도 있고 속도 항상 더부룩한데 먹고 개선 되었으면 좋겠어요~,,,,,Y
DP_154,덴프스 프리바이오틱스 이뮨 2개월/2BOX,https://smartstore.naver.com/main/products/4352381544,2022-03-15,5,유산균이랑 같이 먹을려고 구매했어용 가격도 갠찬코 배송도 빠르네요,,,,,Y
DP_154,덴프스 프리바이오틱스 이뮨 2개월/2BOX,https://smartstore.naver.com/main/products/4352381544,2022-03-14,5,한달사용좋아요 ! 유산균과 함께먹기 좋네요,,,,,Y
DP_154,덴프스 프리바이오틱스 이뮨 2개월/2BOX,https://smartstore.naver.com/main/products/4352381544,2022-03-12,5,조아요 조아요 ㄹ ㅎ,,,,,Y
DP_154,덴프스 프리바이오틱스 이뮨 2개월/2BOX,https://smartstore.naver.com/main/products/4352381544,2022-03-10,5,한달사용유산균 구매하면서 프리바이오틱스도 함께 구매했어요~! 전 이 맛이 좀 적응이 안되지만..ㅜ 그래도 효과는 있은것 같습니다.,,,,,Y
DP_154,덴프스 프리바이오틱스 이뮨 2개월/2BOX,https://smartstore.naver.com/main/products/4352381544,2022-03-09,5,한달사용양도 넉넉하고 살짝 고소한 맛도 나도~ 세트로 먹고 있어요,,,,,Y
DP_154,덴프스 프리바이오틱스 이뮨 2개월/2BOX,https://smartstore.naver.com/main/products/4352381544,2022-03-08,5,재구매좋아요~~~~~~^^,,,,,Y
DP_154,덴프스 프리바이오틱스 이뮨 2개월/2BOX,https://smartstore.naver.com/main/products/4352381544,2022-03-07,5,"장이 안좋아 구매했어요
먹고 좋아지기를",,,,,Y
DP_154,덴프스 프리바이오틱스 이뮨 2개월/2BOX,https://smartstore.naver.com/main/products/4352381544,2022-03-01,5,배송이엄청 빨랐어요,,,,,Y
DP_154,덴프스 프리바이오틱스 이뮨 2개월/2BOX,https://smartstore.naver.com/main/products/4352381544,2022-02-27,5,항상 프로바이오틱스만 먹어보다 주문했는데 좋은것같아요~맛은 약간 감기약맛이네용,,,,,Y
DP_154,덴프스 프리바이오틱스 이뮨 2개월/2BOX,https://smartstore.naver.com/main/products/4352381544,2022-02-23,5,가루타입이라 먹기 힘들줄알았는데 물이랑 같이먹으니까 좋아요,,,,,Y
DP_154,덴프스 프리바이오틱스 이뮨 2개월/2BOX,https://smartstore.naver.com/main/products/4352381544,2022-02-23,5,한달사용유산균이랑 같이 먹은 날은 화장실 가기가 더 수월한거 같아요~~,,,,,Y
DP_154,덴프스 프리바이오틱스 이뮨 2개월/2BOX,https://smartstore.naver.com/main/products/4352381544,2022-02-18,5,한달사용좋아요 유산균먹이라 유산균과 같이 먹어요,,,,,Y
DP_154,덴프스 프리바이오틱스 이뮨 2개월/2BOX,https://smartstore.naver.com/main/products/4352381544,2022-02-15,5,"감사합니다
잘 받았습니다",,,,,Y
DP_154,덴프스 프리바이오틱스 이뮨 2개월/2BOX,https://smartstore.naver.com/main/products/4352381544,2022-02-12,5,"지방인데도 배송하루만에 오네요👍👍
빨리 먹어보고 싶었는데 좋아염
맛도 맛있고^^ 꾸준히 먹어볼렵니당",,,,,Y
DP_154,덴프스 프리바이오틱스 이뮨 2개월/2BOX,https://smartstore.naver.com/main/products/4352381544,2022-02-11,5,어제 밤에 주문했는데 지금 받았어요 배송 빠르고 처음 주문해보는데 효과가 좋았으면 좋겠어요,,,,,Y
DP_154,덴프스 프리바이오틱스 이뮨 2개월/2BOX,https://smartstore.naver.com/main/products/4352381544,2022-02-11,5,구성 너무 좋고 기대됩니당 세트도 있어 편하고요,,,,,Y
DP_154,덴프스 프리바이오틱스 이뮨 2개월/2BOX,https://smartstore.naver.com/main/products/4352381544,2022-02-11,5,배송빠르고 유산균 주문 매번했는데 이번에는 같이 주문했어요 ! 가격도 괜찮고 같이 먹어보고 효과가 좋았음 하네요,,,,,Y
DP_154,덴프스 프리바이오틱스 이뮨 2개월/2BOX,https://smartstore.naver.com/main/products/4352381544,2022-02-09,5,"전에 먹엇는데 다시 먹을라고 구입이요
꾸준히 먹어야 하는데 자꾸 놓치네요",,,,,Y
DP_154,덴프스 프리바이오틱스 이뮨 2개월/2BOX,https://smartstore.naver.com/main/products/4352381544,2022-02-08,5,요건 첨 먹어보는건데 기대 되네요,,,,,Y
DP_154,덴프스 프리바이오틱스 이뮨 2개월/2BOX,https://smartstore.naver.com/main/products/4352381544,2022-02-07,5,유산균이랑 함께 구매했어요! 매번 유산균 사놓고 까먹고 못먹는데 이번엔 아침에 꼭 챙겨먹어보려구요. 효과 좋으면 계속 구매할거에요.,,,,,Y
DP_154,덴프스 프리바이오틱스 이뮨 2개월/2BOX,https://smartstore.naver.com/main/products/4352381544,2022-02-05,5,저렴하게 좋은 제품 구매했어요,,,,,Y
DP_154,덴프스 프리바이오틱스 이뮨 2개월/2BOX,https://smartstore.naver.com/main/products/4352381544,2022-01-28,5,택배파업으로 배송은 많이 늦었지만 상품을 드디어 받으니 좋네요ㅋ 캡슐이 먹기 편하게 아담한 사이즈로 되어 있어 마음에 들어요,,,,,Y
DP_154,덴프스 프리바이오틱스 이뮨 2개월/2BOX,https://smartstore.naver.com/main/products/4352381544,2022-01-27,5,"재구매먹다 안먹으니 확실히 차이가 나네요
다시 주문해서 꾸준히 먹어봐야겠어요~",,,,,Y
DP_154,덴프스 프리바이오틱스 이뮨 2개월/2BOX,https://smartstore.naver.com/main/products/4352381544,2022-01-22,5,"처음으로 구매하는 유산균 프리
우선 2박스 구매.. 양이 엄청 많은듯하고 맛도 그럭저럭.. 먹을만해요라이브 방송에서 사니까… 밀크씨슬 2박스도 같이 물론 10만원이상 사고 구매인증을 했더니 한가득 박스에 왔네요~",,,,,Y
DP_154,덴프스 프리바이오틱스 이뮨 2개월/2BOX,https://smartstore.naver.com/main/products/4352381544,2022-01-17,4,부모님께서 덴프스유산균을 드시고 계셔서 같이 사드렸습니다. 효과는 아직 잘모르겠다하시네요.,,,,,Y
DP_154,덴프스 프리바이오틱스 이뮨 2개월/2BOX,https://smartstore.naver.com/main/products/4352381544,2022-01-16,5,종합비타민먹고 좋아서 유산균 타사제품먹고새로구매할때되서 덴프스꺼구매해봤어요. 효과좋음좋겠어요~~~,,,,,Y
DP_154,덴프스 프리바이오틱스 이뮨 2개월/2BOX,https://smartstore.naver.com/main/products/4352381544,2022-01-16,5,"한달사용프리바이오틱스도 먹으면 좋다고 해서 유산균 살 때 같이 구입해서 먹고 있어요. 약간 달콤한 맛이 나서 가루여도 먹기 불편하지 않아요 
?
1",,,,,Y
DP_154,덴프스 프리바이오틱스 이뮨 2개월/2BOX,https://smartstore.naver.com/main/products/4352381544,2022-01-15,5,먹기가 간편합니다.유산균과같이 먹어요,,,,,Y
DP_154,덴프스 프리바이오틱스 이뮨 2개월/2BOX,https://smartstore.naver.com/main/products/4352381544,2022-01-12,5,한달사용지금도 꾸준하게 잘 먹고 있어요~! 이제 별로 안남아서 조만간 주문해야될거 같아요~! 장이 편안해요~!,,,,,Y
DP_154,덴프스 프리바이오틱스 이뮨 2개월/2BOX,https://smartstore.naver.com/main/products/4352381544,2022-01-12,5,한달사용역하지 않고 잘 넘어가서 꾸준히 먹고 있는데 효과 좋은거 같아요,,,,,Y
DP_154,덴프스 프리바이오틱스 이뮨 2개월/2BOX,https://smartstore.naver.com/main/products/4352381544,2022-01-09,5,먹기 편하고 저랑 잘 맞아서 좋아요,,,,,Y
DP_154,덴프스 프리바이오틱스 이뮨 2개월/2BOX,https://smartstore.naver.com/main/products/4352381544,2022-01-06,3,한달사용열심히 먹고는 있는데 효과는 잘 모르겠어요,,,,,Y
DP_154,덴프스 프리바이오틱스 이뮨 2개월/2BOX,https://smartstore.naver.com/main/products/4352381544,2022-01-03,4,일단 열심히먹어보는 중,,,,,Y
DP_154,덴프스 프리바이오틱스 이뮨 2개월/2BOX,https://smartstore.naver.com/main/products/4352381544,2021-12-23,5,"속이 아침마다 불편하고
가스가 많이 찼는데 좋아지고 있습니다
약간 분유맛인데 먹기 편안합니다",,,,,Y
DP_154,덴프스 프리바이오틱스 이뮨 2개월/2BOX,https://smartstore.naver.com/main/products/4352381544,2021-12-16,5,유산균과 함께 섭취하고 있어요. 감사랍니다,,,,,Y
DP_154,덴프스 프리바이오틱스 이뮨 2개월/2BOX,https://smartstore.naver.com/main/products/4352381544,2021-12-15,5,잘 먹고 있어요! 효과도 좋은거 같아요!,,,,,Y
DP_154,덴프스 프리바이오틱스 이뮨 2개월/2BOX,https://smartstore.naver.com/main/products/4352381544,2021-12-15,3,아직 효과는 잘 모르겠아요,,,,,Y
DP_154,덴프스 프리바이오틱스 이뮨 2개월/2BOX,https://smartstore.naver.com/main/products/4352381544,2021-12-11,5,"배송도 빠르고 유통기한도 넉넉했어요.
분말이지만 먹기에 불편하지 않아요.",,,,,Y
DP_154,덴프스 프리바이오틱스 이뮨 2개월/2BOX,https://smartstore.naver.com/main/products/4352381544,2021-12-06,5,"한달사용유산균과 함께 먹고있는데, 제가 항상 유산균먹으면 설사를하는데 이제품은 아주완벽하게 황금변을 보고있습니다!!! 정말 좋은제품이에요 ㅋ 다 떨어지게되면 또이용할 생각입니다 감사히 잘 먹겠습니다!",,,,,Y
DP_154,덴프스 프리바이오틱스 이뮨 2개월/2BOX,https://smartstore.naver.com/main/products/4352381544,2021-12-01,5,가루는 좀 역해서 알약으로 먹는데 요건 맛도 있고 물 없이 먹기도 괜찮네요,,,,,Y
DP_154,덴프스 프리바이오틱스 이뮨 2개월/2BOX,https://smartstore.naver.com/main/products/4352381544,2021-11-17,5,"항상 챙겨먹는데 맛도,효과도 좋아요!",,,,,Y
DP_154,덴프스 프리바이오틱스 이뮨 2개월/2BOX,https://smartstore.naver.com/main/products/4352381544,2021-11-10,5,조아요~~~~~~~,,,,,Y
DP_154,덴프스 프리바이오틱스 이뮨 2개월/2BOX,https://smartstore.naver.com/main/products/4352381544,2021-11-05,5,배송도 빠르고 물건도 좋네요. 감사합니다~,,,,,Y
DP_154,덴프스 프리바이오틱스 이뮨 2개월/2BOX,https://smartstore.naver.com/main/products/4352381544,2021-11-01,5,한달사용두 개 같이 먹으니 좋아요,,,,,Y
DP_154,덴프스 프리바이오틱스 이뮨 2개월/2BOX,https://smartstore.naver.com/main/products/4352381544,2021-10-31,5,한달사용가격대비 좋아요 .,,,,,Y
DP_154,덴프스 프리바이오틱스 이뮨 2개월/2BOX,https://smartstore.naver.com/main/products/4352381544,2021-10-29,5,효과 본 사람만이 구매 하는듯요..좋아요,,,,,Y
DP_154,덴프스 프리바이오틱스 이뮨 2개월/2BOX,https://smartstore.naver.com/main/products/4352381544,2021-10-16,5,배송 빨라서 좋아요,,,,,Y
DP_154,덴프스 프리바이오틱스 이뮨 2개월/2BOX,https://smartstore.naver.com/main/products/4352381544,2021-10-07,5,"아주아주아주아주아주아주아주 만족합니다 다른유산균은 계속설사했었는데
이유산균은 황금변을 놓게 해주는 아주 귀한템인거같아요! 저 이거만먹으렵니다 예민성 강추합니다",,,,,Y
DP_154,덴프스 프리바이오틱스 이뮨 2개월/2BOX,https://smartstore.naver.com/main/products/4352381544,2021-10-03,5,프로바이오틱스 먹고 있어서 추가구매해요 효과가 있길…,,,,,Y
DP_154,덴프스 프리바이오틱스 이뮨 2개월/2BOX,https://smartstore.naver.com/main/products/4352381544,2021-10-02,5,잘 먹어 보겠습니다 ㅋㅋ,,,,,Y
DP_154,덴프스 프리바이오틱스 이뮨 2개월/2BOX,https://smartstore.naver.com/main/products/4352381544,2021-10-01,5,프로랑 같이 먹으려고 샀습니다,,,,,Y
DP_154,덴프스 프리바이오틱스 이뮨 2개월/2BOX,https://smartstore.naver.com/main/products/4352381544,2021-09-23,5,한달사용먹기편하고 부담없이 아연을 섭취할수있어요.,,,,,Y
DP_154,덴프스 프리바이오틱스 이뮨 2개월/2BOX,https://smartstore.naver.com/main/products/4352381544,2021-09-21,5,빠른 배송 감사합니다,,,,,Y
DP_154,덴프스 프리바이오틱스 이뮨 2개월/2BOX,https://smartstore.naver.com/main/products/4352381544,2021-09-20,4,먹기편해요 좋아졋으면 합니다,,,,,Y
DP_154,덴프스 프리바이오틱스 이뮨 2개월/2BOX,https://smartstore.naver.com/main/products/4352381544,2021-09-15,5,"꾸준히 복용중이에요.
먹기도 간편하고 좋아요",,,,,Y
DP_154,덴프스 프리바이오틱스 이뮨 2개월/2BOX,https://smartstore.naver.com/main/products/4352381544,2021-08-17,5,"황금변 ㅎ ㅎ
꾸준히 먹고 있어요
좋아요. . .",,,,,Y
DP_154,덴프스 프리바이오틱스 이뮨 2개월/2BOX,https://smartstore.naver.com/main/products/4352381544,2021-08-16,5,잘받았습니다 감사합니다,,,,,Y
DP_154,덴프스 프리바이오틱스 이뮨 2개월/2BOX,https://smartstore.naver.com/main/products/4352381544,2021-08-13,5,확실히 다르네요 재구매예정입니다,,,,,Y
DP_154,덴프스 프리바이오틱스 이뮨 2개월/2BOX,https://smartstore.naver.com/main/products/4352381544,2021-08-12,5,"다 먹고 또 재구매 합니다
유신균과 함께 같이 먹고 있어요
가루로 되어서 불편할줄 알았는데 물과함께 가루가 입안에서 모여서 섭취후 넘기기 좋아요~^^",,,,,Y
DP_154,덴프스 프리바이오틱스 이뮨 2개월/2BOX,https://smartstore.naver.com/main/products/4352381544,2021-08-10,5,좋아요 매일아침마다 먹어요,,,,,Y
DP_154,덴프스 프리바이오틱스 이뮨 2개월/2BOX,https://smartstore.naver.com/main/products/4352381544,2021-08-09,5,유산균이랑 같이 구매햇어요!!,,,,,Y
DP_154,덴프스 프리바이오틱스 이뮨 2개월/2BOX,https://smartstore.naver.com/main/products/4352381544,2021-08-08,5,먹기 편해서 좋네요~~~,,,,,Y
DP_154,덴프스 프리바이오틱스 이뮨 2개월/2BOX,https://smartstore.naver.com/main/products/4352381544,2021-08-06,5,항상 먹던 유산균인데 라이브특가로 구매해서 좋네요~,,,,,Y
DP_154,덴프스 프리바이오틱스 이뮨 2개월/2BOX,https://smartstore.naver.com/main/products/4352381544,2021-08-06,5,넘 좋아요! 좋은 가격에 구매합니다~,,,,,Y
DP_154,덴프스 프리바이오틱스 이뮨 2개월/2BOX,https://smartstore.naver.com/main/products/4352381544,2021-08-04,5,효과 좋다는얘기듣구 유산균이랑 같이먹으려고 샀어요~,,,,,Y
DP_154,덴프스 프리바이오틱스 이뮨 2개월/2BOX,https://smartstore.naver.com/main/products/4352381544,2021-08-01,5,한달사용좋아요 맛도 맛있어요 속도편해요,,,,,Y
DP_154,덴프스 프리바이오틱스 이뮨 2개월/2BOX,https://smartstore.naver.com/main/products/4352381544,2021-07-30,2,한달사용먹고 속 울렁거려서 한포먹고 안먹는중 아까우라 ㅠㅠㅠ,,,,,Y
DP_154,덴프스 프리바이오틱스 이뮨 2개월/2BOX,https://smartstore.naver.com/main/products/4352381544,2021-07-26,5,평이 좋아서 구매했어요,,,,,Y
DP_154,덴프스 프리바이오틱스 이뮨 2개월/2BOX,https://smartstore.naver.com/main/products/4352381544,2021-06-05,5,좋아요 맛도 맛있어요 좋아요,,,,,Y
DP_154,덴프스 프리바이오틱스 이뮨 2개월/2BOX,https://smartstore.naver.com/main/products/4352381544,2021-04-26,5,"한달사용믿고 먹습니다~~~
솜사탕 녹여 먹는 맛이에요",,,,,Y
DP_154,덴프스 프리바이오틱스 이뮨 2개월/2BOX,https://smartstore.naver.com/main/products/4352381544,2021-04-13,4,"덴마크 유산균사면서.
같이 먹어 효과 보려고 샀습니다.
꾸준히 먹어보려고 해요.",,,,,Y
DP_154,덴프스 프리바이오틱스 이뮨 2개월/2BOX,https://smartstore.naver.com/main/products/4352381544,2021-04-09,5,원래먹던거라 믿고 먹어요,,,,,Y
DP_154,덴프스 프리바이오틱스 이뮨 2개월/2BOX,https://smartstore.naver.com/main/products/4352381544,2021-03-26,5,한달사용변비에 효과가 있기를 기대하는데 아직 효과는....,,,,,Y
DP_154,덴프스 프리바이오틱스 이뮨 2개월/2BOX,https://smartstore.naver.com/main/products/4352381544,2021-03-20,5,감사합니다.잘쓰겠습니다,,,,,Y
DP_154,덴프스 프리바이오틱스 이뮨 2개월/2BOX,https://smartstore.naver.com/main/products/4352381544,2021-03-17,5,진짜 진짜 좋아요!유산균만 먹을때와 확연히 좋네요,,,,,Y
DP_154,덴프스 프리바이오틱스 이뮨 2개월/2BOX,https://smartstore.naver.com/main/products/4352381544,2020-12-24,2,어머니가 구해매달라고 하셔서 구매했는데 잘모르겠네요,,,,,Y
DP_154,덴프스 프리바이오틱스 이뮨 2개월/2BOX,https://smartstore.naver.com/main/products/4352381544,2020-12-20,5,한달사용덴마크유산균과 함께 복용하고 있어요. 건강해지는 기분이에요,,,,,Y
DP_154,덴프스 프리바이오틱스 이뮨 2개월/2BOX,https://smartstore.naver.com/main/products/4352381544,2020-12-10,5,배송빠르고 좋은가격에 구매했습니다~!,,,,,Y
DP_154,덴프스 프리바이오틱스 이뮨 2개월/2BOX,https://smartstore.naver.com/main/products/4352381544,2020-11-10,5,선물용으로 추가구매했어요 제품도 만족합니다,,,,,Y
DP_154,덴프스 프리바이오틱스 이뮨 2개월/2BOX,https://smartstore.naver.com/main/products/4352381544,2020-11-10,5,배송빠르고 제품도 만족합니다,,,,,Y
DP_154,덴프스 프리바이오틱스 이뮨 2개월/2BOX,https://smartstore.naver.com/main/products/4352381544,2020-11-08,5,트루바이타민과 같이 먹고 있습니다. 뱃속이 편안하고 복부지방이 줄어든것 같은 느낌적인 느낌^^. 암튼 한동안 장복할 계획입니다.,,,,,Y
DP_154,덴프스 프리바이오틱스 이뮨 2개월/2BOX,https://smartstore.naver.com/main/products/4352381544,2020-10-18,5,"하나씩 가지고 다니면서 먹기 편한데 가위로 잘라야하는게 번거로워요..
손으로 뜯을수 있으면 좋을거 같아요.",,,,,Y
DP_154,덴프스 프리바이오틱스 이뮨 2개월/2BOX,https://smartstore.naver.com/main/products/4352381544,2020-10-13,5,배송 빠르고 좋아오ㅡ,,,,,Y
DP_154,덴프스 프리바이오틱스 이뮨 2개월/2BOX,https://smartstore.naver.com/main/products/4352381544,2020-10-07,5,"효과있기를 바라며 열심히 먹어볼려구요.
효과있으면 다시 올릴게요.",,,,,Y
DP_154,덴프스 프리바이오틱스 이뮨 2개월/2BOX,https://smartstore.naver.com/main/products/4352381544,2020-10-01,5,"근데 진짜 맛있어요 ㅋㅋ 뭔가 음 ,, 와우 풍선껌 같은 맛 ㅎㅎ̑̈.... 너무 맛있어ㅠㅠㅠ",,,,,Y
DP_154,덴프스 프리바이오틱스 이뮨 2개월/2BOX,https://smartstore.naver.com/main/products/4352381544,2020-09-07,5,배송이 엄청빠르네요!ㅎㅎ 감사해요,,,,,Y
DP_154,덴프스 프리바이오틱스 이뮨 2개월/2BOX,https://smartstore.naver.com/main/products/4352381544,2020-09-04,5,잘먹고 있어요. 평소엔 남편은 비타민 같은거 귀찮아 안먹는데 잘먹어요.,,,,,Y
DP_154,덴프스 프리바이오틱스 이뮨 2개월/2BOX,https://smartstore.naver.com/main/products/4352381544,2020-08-29,5,먹던건데 싸게 잘 삿어요,,,,,Y
DP_154,덴프스 프리바이오틱스 이뮨 2개월/2BOX,https://smartstore.naver.com/main/products/4352381544,2020-08-19,5,재구매배송도 빨라서 좋고 속도 편햐서 재재구매입니다,,,,,Y
DP_154,덴프스 프리바이오틱스 이뮨 2개월/2BOX,https://smartstore.naver.com/main/products/4352381544,2020-08-05,5,먹기도편하고 아이들도 잘먹네요,,,,,Y
DP_154,덴프스 프리바이오틱스 이뮨 2개월/2BOX,https://smartstore.naver.com/main/products/4352381544,2020-06-27,5,감사합니다 잘먹겠습니다.,,,,,Y
DP_154,덴프스 프리바이오틱스 이뮨 2개월/2BOX,https://smartstore.naver.com/main/products/4352381544,2020-06-16,4,다른거 먹고 다시 돌아온 덴프스! 잘먹어볼게여,,,,,Y
DP_154,덴프스 프리바이오틱스 이뮨 2개월/2BOX,https://smartstore.naver.com/main/products/4352381544,2020-05-14,5,맛있고 간편해요.단 좀 뜯기는부분이 질겨서 잘안뜯기지만..그래도 만족이요ㅎ,,,,,Y
DP_154,덴프스 프리바이오틱스 이뮨 2개월/2BOX,https://smartstore.naver.com/main/products/4352381544,2020-05-12,4,"세번만에 찾은 딱맞는 유산균
효과도 좋아요.계속먹을거예요
다만 세일안하면서 세일하는거처럼 인스타광고하고 비싸게 판매하는건 좀 그래요
그래서 별하나 뺏어요
저렴한가격에 사랑받는 국민유산균되시길~~",,,,,Y
DP_154,덴프스 프리바이오틱스 이뮨 2개월/2BOX,https://smartstore.naver.com/main/products/4352381544,2020-04-07,5,프리랑 프로랑 같이 먹으면 좋대서 우선 2개월치 엄마 사드렸어요 불편한거 없으면 다먹고 추가로 구매하신대요,,,,,Y
DP_154,덴프스 프리바이오틱스 이뮨 2개월/2BOX,https://smartstore.naver.com/main/products/4352381544,2020-04-07,5,한달사용먹으면서 좋은건 잘 모르겠는데 안먹으면 배가 불편한 느낌이라서 꼬박꼬박 챙겨먹고있어요!!,,,,,Y
DP_154,덴프스 프리바이오틱스 이뮨 2개월/2BOX,https://smartstore.naver.com/main/products/4352381544,2020-04-04,5,다른거에 비해 이거는 맛있어서 거부감없구 좋아영ㅎㅎㅎ,,,,,Y
DP_154,덴프스 프리바이오틱스 이뮨 2개월/2BOX,https://smartstore.naver.com/main/products/4352381544,2020-03-31,4,유산균을 먹기 시작해서 프리바이오틱스도 같이 구입해서 먹는 중인데 좋은거 같습니다~~,,,,,Y
DP_154,덴프스 프리바이오틱스 이뮨 2개월/2BOX,https://smartstore.naver.com/main/products/4352381544,2020-03-29,5,한달사용먹기는 좋은데 각 봉지 뜯는 부분이 그렇게까지 편하게 잘 잘리지는 않아요,,,,,Y
DP_154,덴프스 프리바이오틱스 이뮨 2개월/2BOX,https://smartstore.naver.com/main/products/4352381544,2020-03-11,5,아이가 잘 먹어요 좋아요,,,,,Y
DP_154,덴프스 프리바이오틱스 이뮨 2개월/2BOX,https://smartstore.naver.com/main/products/4352381544,2020-03-05,4,한달사용맛이 좀 달아서 컨디션에 따라 먹기 불편한날도 있더라고요,,,,,Y
DP_154,덴프스 프리바이오틱스 이뮨 2개월/2BOX,https://smartstore.naver.com/main/products/4352381544,2020-03-03,5,먹은지 이제 4일째인데 3일먹고난 다음부터 효과가 조금씩 나오는지 바나나변에 속도 좀 편하고 죠아용! 배송상태도 좋구요!,,,,,Y
DP_154,덴프스 프리바이오틱스 이뮨 2개월/2BOX,https://smartstore.naver.com/main/products/4352381544,2020-02-28,5,"재구매덴프스에 빠졌어요
프로 , 프리 모두 덴프스~
신뢰있는 광고 모델이 한 몫 하는거 같네요~~",,,,,Y
DP_154,덴프스 프리바이오틱스 이뮨 2개월/2BOX,https://smartstore.naver.com/main/products/4352381544,2020-02-13,5,좋다해서 먹어보려고 구매해요,,,,,Y
DP_154,덴프스 프리바이오틱스 이뮨 2개월/2BOX,https://smartstore.naver.com/main/products/4352381544,2020-02-09,5,"예전에 먹던거는 목막힘이 조금 있었는데
이건 없는거 같아요 모델이 믿음직스럽고 상품평이 좋아 구입했습니다
효과는 아직 잘 모르겠어요~~ㅎ",,,,,Y
DP_154,덴프스 프리바이오틱스 이뮨 2개월/2BOX,https://smartstore.naver.com/main/products/4352381544,2020-02-06,4,"재구매빠른배송 좋고, 제품도 여기만한곳이 없네요. 두개 같이 먹는게 좋다해서 구입했습니다 잘먹을께요. 꾸준히 섭취중입니다.",,,,,Y
DP_154,덴프스 프리바이오틱스 이뮨 2개월/2BOX,https://smartstore.naver.com/main/products/4352381544,2020-02-04,5,분말 형태인데 맛도 좋고 먹고 난 후 편안하고 좋아요,,,,,Y
DP_154,덴프스 프리바이오틱스 이뮨 2개월/2BOX,https://smartstore.naver.com/main/products/4352381544,2020-01-14,5,"빠른배송해주셔서 감사합니다. 오픈했는데, 다니엘헨리가잇어서 뭔가 기분 좋네요 :)",,,,,Y
DP_154,덴프스 프리바이오틱스 이뮨 2개월/2BOX,https://smartstore.naver.com/main/products/4352381544,2019-12-31,5,배송빠르고 만족합니다,,,,,Y
DP_154,덴프스 프리바이오틱스 이뮨 2개월/2BOX,https://smartstore.naver.com/main/products/4352381544,2019-12-28,5,"먹 어 보 니 좋 네 요 …,",,,,,Y
DP_154,덴프스 프리바이오틱스 이뮨 2개월/2BOX,https://smartstore.naver.com/main/products/4352381544,2019-10-25,5,빠른 배송 감사합니다 건강을 기대합니다,,,,,Y
DP_154,덴프스 프리바이오틱스 이뮨 2개월/2BOX,https://smartstore.naver.com/main/products/4352381544,2019-09-11,5,재구매한달사용ㅈㆍㄷ아요수고하세요,,,,,Y
