﻿상품코드,상품명,URL,날짜,별점,리뷰텍스트,구매자 성별,유통기한,포장,편리,판매여부
DP_205,덴프스 혈당케어 프로 4박스/8개월분,https://smartstore.naver.com/main/products/8816204188,2025-10-05,5,"건강관심사 노화방지면역력눈건강
 한달사용당 경계 지점이라 구매 했어요 잘 먹을께요",남성,아주 넉넉해요,꼼꼼해요,편리해요,Y
DP_205,덴프스 혈당케어 프로 4박스/8개월분,https://smartstore.naver.com/main/products/8816204188,2025-10-04,5,"구매자선택안함
 빠른 배송 감사합니다",,꽤 남았어요,적당해요,그냥그래요,Y
DP_205,덴프스 혈당케어 프로 4박스/8개월분,https://smartstore.naver.com/main/products/8816204188,2025-10-03,4,"건강관심사 눈건강면역력간건강
 10개를 하나로 포장해서 휴대하기 편리하고 정제형이라 섭취하기도 좋아요.",남성,아주 넉넉해요,적당해요,편리해요,Y
DP_205,덴프스 혈당케어 프로 4박스/8개월분,https://smartstore.naver.com/main/products/8816204188,2025-10-02,5,"건강관심사 노화방지면역력간건강
 알약이 작아 먹기 편해서 좋아요. 복용 후 혈당이 낮아져서 믿고 사는 제품이에요. 다음에도 재구매의사 있습니다.",여성,아주 넉넉해요,꼼꼼해요,편리해요,Y
DP_205,덴프스 혈당케어 프로 4박스/8개월분,https://smartstore.naver.com/main/products/8816204188,2025-10-02,5,한달사용꾸준히 먹고 있습니다. 좋은거 같네요,남성,아주 넉넉해요,꼼꼼해요,편리해요,Y
DP_205,덴프스 혈당케어 프로 4박스/8개월분,https://smartstore.naver.com/main/products/8816204188,2025-10-01,5,항상 먹고있습니다.,,꽤 남았어요,적당해요,편리해요,Y
DP_205,덴프스 혈당케어 프로 4박스/8개월분,https://smartstore.naver.com/main/products/8816204188,2025-10-01,5,한달사용꾸준히 먹으면 좋을거 같습니다~,,아주 넉넉해요,꼼꼼해요,편리해요,Y
DP_205,덴프스 혈당케어 프로 4박스/8개월분,https://smartstore.naver.com/main/products/8816204188,2025-09-30,5,한달사용혈당관리 때문에 구입해서 구준히 먹고 있는중이에요,,꽤 남았어요,적당해요,그냥그래요,Y
DP_205,덴프스 혈당케어 프로 4박스/8개월분,https://smartstore.naver.com/main/products/8816204188,2025-09-30,4,"건강관심사 면역력장건강
 한달사용혈당 조절이 잘되고 있는것 같아요",남성,아주 넉넉해요,꼼꼼해요,편리해요,Y
DP_205,덴프스 혈당케어 프로 4박스/8개월분,https://smartstore.naver.com/main/products/8816204188,2025-09-29,5,당뇨전단계라 복용해 보려합니다,여성,아주 넉넉해요,꼼꼼해요,편리해요,Y
DP_205,덴프스 혈당케어 프로 4박스/8개월분,https://smartstore.naver.com/main/products/8816204188,2025-09-27,4,"건강관심사 노화방지장건강피로회복
 한달사용처음 주문했는데 열심히 먹어보려고요",여성,아주 넉넉해요,꼼꼼해요,편리해요,Y
DP_205,덴프스 혈당케어 프로 4박스/8개월분,https://smartstore.naver.com/main/products/8816204188,2025-09-27,5,가격 대비 괜찮은거 같아요 잘 먹을께요,,아주 넉넉해요,꼼꼼해요,편리해요,Y
DP_205,덴프스 혈당케어 프로 4박스/8개월분,https://smartstore.naver.com/main/products/8816204188,2025-09-27,5,"포장 꼼꼼하게 잘 배송되었네요. 매일 먹는데 싸게. 잘 샀어요.
감사합니다!",,아주 넉넉해요,꼼꼼해요,편리해요,Y
DP_205,덴프스 혈당케어 프로 4박스/8개월분,https://smartstore.naver.com/main/products/8816204188,2025-09-26,1,"건강관심사 면역력눈건강간건강
 한달사용혈당을 잡아준다고 해서 꾸준히 먹었는데 식후에 여전히 졸린 건 어쩔 수가 없네요",여성,아주 넉넉해요,꼼꼼해요,편리해요,Y
DP_205,덴프스 혈당케어 프로 4박스/8개월분,https://smartstore.naver.com/main/products/8816204188,2025-09-25,5,당뇨이신 부모님을 위해 구입하고 있습니다. 벌써 2번째입니다. 꾸준히 관리하실 수 있도록 챙겨드리고 있는데 가격도 착하고 좋아요~,남성,꽤 남았어요,적당해요,편리해요,Y
DP_205,덴프스 혈당케어 프로 4박스/8개월분,https://smartstore.naver.com/main/products/8816204188,2025-09-24,5,"건강관심사 노화방지
 먹기편하게 포장되어 여행시에도 좋습니다.",남성,아주 넉넉해요,꼼꼼해요,편리해요,Y
DP_205,덴프스 혈당케어 프로 4박스/8개월분,https://smartstore.naver.com/main/products/8816204188,2025-09-24,5,"건강관심사 면역력
 한달사용3통째 먹고 있는데 우선 하루 한알이고 알약 크기도 작아서 먹기 편하고 효과는 몸으로 확실히 느낄수 없지만 그래도 안 먹는것 보다는 나을것 같고 무엇보다 덴프스는 믿음이지라 잘 먹고 있습니다~",여성,아주 넉넉해요,꼼꼼해요,편리해요,Y
DP_205,덴프스 혈당케어 프로 4박스/8개월분,https://smartstore.naver.com/main/products/8816204188,2025-09-24,5,"건강관심사 노화방지장건강여성건강
 지속적으로 덴프스 혈당관리먹고있어요 부모님께도사드렸어요! 먹기편해서좋아요",여성,아주 넉넉해요,꼼꼼해요,편리해요,Y
DP_205,덴프스 혈당케어 프로 4박스/8개월분,https://smartstore.naver.com/main/products/8816204188,2025-09-23,4,한달사용아직 한달동안 효과를 보았다 할 정도의 달라짐은 없지만 다 제맘 편하자고 먹는거니까요 ㅎㅎㅎ 더 길게 먹다보면 안먹는것보다 더 좋지않을까요,,꽤 남았어요,꼼꼼해요,편리해요,Y
DP_205,덴프스 혈당케어 프로 4박스/8개월분,https://smartstore.naver.com/main/products/8816204188,2025-09-22,5,한달사용상품평이 좋아서 구매해서 잘먹고있어요,,아주 넉넉해요,꼼꼼해요,편리해요,Y
DP_205,덴프스 혈당케어 프로 4박스/8개월분,https://smartstore.naver.com/main/products/8816204188,2025-09-22,5,"건강관심사 근육/체력눈건강피로회복
 아직 효과에 대해서는 체감을 못느끼고 있으나, 아무튼 배송도 엄청 빠르고 좋습니다. 이제 혈당 걱정에서 좀 자유로워지고 싶네요…",여성,아주 넉넉해요,적당해요,편리해요,Y
DP_205,덴프스 혈당케어 프로 4박스/8개월분,https://smartstore.naver.com/main/products/8816204188,2025-09-21,5,"건강관심사 노화방지관절/뼈건강피로회복
 혈당관리를 하기위해구입헜는데 일단 저렴하고 효과가 있을것 같군요",남성,아주 넉넉해요,꼼꼼해요,편리해요,Y
DP_205,덴프스 혈당케어 프로 4박스/8개월분,https://smartstore.naver.com/main/products/8816204188,2025-09-21,5,한달사용항상 사용하는 제품입니다.,,아주 넉넉해요,꼼꼼해요,편리해요,Y
DP_205,덴프스 혈당케어 프로 4박스/8개월분,https://smartstore.naver.com/main/products/8816204188,2025-09-21,5,재구매효과 보아서 꾸준히 먹고 있어요,,꽤 남았어요,꼼꼼해요,편리해요,Y
DP_205,덴프스 혈당케어 프로 4박스/8개월분,https://smartstore.naver.com/main/products/8816204188,2025-09-20,4,한달사용생각보다 저렴하고 좋네요,남성,아주 넉넉해요,적당해요,그냥그래요,Y
DP_205,덴프스 혈당케어 프로 4박스/8개월분,https://smartstore.naver.com/main/products/8816204188,2025-09-19,4,한달사용혈당 조절을 위해 구입하고 10일 가량 잘 먹고 있었는데요 혹시나 내과 방문하여 진단 받으니 혈당 섹소가 기준치 보다 조금 높아 당뇨 약을 처방 받고 더 이상 복용하지 않습니다 아쉽지만 정식 약으로 갑니다~,남성,꽤 남았어요,적당해요,편리해요,Y
DP_205,덴프스 혈당케어 프로 4박스/8개월분,https://smartstore.naver.com/main/products/8816204188,2025-09-19,4,"재구매한달사용잘 먹고 있어요.
아직 혈당 체크전이라 결과는 모르겠어요",남성,꽤 남았어요,적당해요,그냥그래요,Y
DP_205,덴프스 혈당케어 프로 4박스/8개월분,https://smartstore.naver.com/main/products/8816204188,2025-09-19,5,먹기편해요 좋아요~~,,아주 넉넉해요,꼼꼼해요,편리해요,Y
DP_205,덴프스 혈당케어 프로 4박스/8개월분,https://smartstore.naver.com/main/products/8816204188,2025-09-17,5,"건강관심사 근육/체력
 재구매 입니다 이제는 남편 도 같이 먹어요 면이나 과하게 먹을때 왠지 안심이돼요~~~^^",여성,아주 넉넉해요,꼼꼼해요,편리해요,Y
DP_205,덴프스 혈당케어 프로 4박스/8개월분,https://smartstore.naver.com/main/products/8816204188,2025-09-17,5,좋은 원료에 좋은 제품 받았습니다,,아주 넉넉해요,꼼꼼해요,편리해요,Y
DP_205,덴프스 혈당케어 프로 4박스/8개월분,https://smartstore.naver.com/main/products/8816204188,2025-09-17,5,일단 배송이 빨라서 좋아요..,,아주 넉넉해요,꼼꼼해요,편리해요,Y
DP_205,덴프스 혈당케어 프로 4박스/8개월분,https://smartstore.naver.com/main/products/8816204188,2025-09-17,5,잘받았습니다 배송굳입니다 포장도 꼼꼼합니다,남성,아주 넉넉해요,꼼꼼해요,편리해요,Y
DP_205,덴프스 혈당케어 프로 4박스/8개월분,https://smartstore.naver.com/main/products/8816204188,2025-09-17,5,한달사용당관리하는 남편에게 사줬습니다. 좋은제품인듯요,여성,아주 넉넉해요,꼼꼼해요,편리해요,Y
DP_205,덴프스 혈당케어 프로 4박스/8개월분,https://smartstore.naver.com/main/products/8816204188,2025-09-16,5,혈당관리 잘해서 당뇨 안걸릴거임,,꽤 남았어요,적당해요,그냥그래요,Y
DP_205,덴프스 혈당케어 프로 4박스/8개월분,https://smartstore.naver.com/main/products/8816204188,2025-09-16,5,배송 빠르고 알약 형상이라 휴대 편리합니다..,,아주 넉넉해요,꼼꼼해요,편리해요,Y
DP_205,덴프스 혈당케어 프로 4박스/8개월분,https://smartstore.naver.com/main/products/8816204188,2025-09-16,5,한달사용잘 먹고 있습니다 ~ 재구매 했어요,,아주 넉넉해요,꼼꼼해요,편리해요,Y
DP_205,덴프스 혈당케어 프로 4박스/8개월분,https://smartstore.naver.com/main/products/8816204188,2025-09-16,5,"건강관심사 면역력장건강피로회복
 당뇨악 복용하며 연속 혈당 측정부착 후 전후 상태 보며 혈당케어프로 복용해보고 그래프를 봤는데 당 스파이크가 눈에 띄게 줄어드는게 보여서 내과 의사와 상담 후 복용 시작해 봅니다",여성,아주 넉넉해요,꼼꼼해요,편리해요,Y
DP_205,덴프스 혈당케어 프로 4박스/8개월분,https://smartstore.naver.com/main/products/8816204188,2025-09-14,4,"건강관심사 면역력관절/뼈건강근육/체력
 한달사용이직 효과는 잘모르겠어요 효과있으면 재구매할게요",남성,아주 넉넉해요,꼼꼼해요,편리해요,Y
DP_205,덴프스 혈당케어 프로 4박스/8개월분,https://smartstore.naver.com/main/products/8816204188,2025-09-14,5,"건강관심사 면역력간건강관절/뼈건강
 혈당스파이크가 있는거 같아서 다른약 먹어보다가
검색하다 발견해서 평이 괜찮아서 구매했봅니다
좋아지길 믿고 복용해볼게요",남성,아주 넉넉해요,적당해요,편리해요,Y
DP_205,덴프스 혈당케어 프로 4박스/8개월분,https://smartstore.naver.com/main/products/8816204188,2025-09-13,5,잘관리해서 먹을께요~~~~~~~~,,아주 넉넉해요,꼼꼼해요,편리해요,Y
DP_205,덴프스 혈당케어 프로 4박스/8개월분,https://smartstore.naver.com/main/products/8816204188,2025-09-12,5,혈당관리 위해 처음 구매해 봅니다 아직 섭취전이지만 꾸준히 먹어보려구합니다,,아주 넉넉해요,꼼꼼해요,편리해요,Y
DP_205,덴프스 혈당케어 프로 4박스/8개월분,https://smartstore.naver.com/main/products/8816204188,2025-09-12,5,한달사용너무좋아요잘먹을게요,,아주 넉넉해요,꼼꼼해요,편리해요,Y
DP_205,덴프스 혈당케어 프로 4박스/8개월분,https://smartstore.naver.com/main/products/8816204188,2025-09-11,5,한달사용알이 작아서 먹기 편해요. 저녁먹고 졸음때문에 너무 힘들었는데 요즘은 그런 경우가 많이 줄었어요. 계속 꾸준히 먹어보려구요.,,아주 넉넉해요,꼼꼼해요,편리해요,Y
DP_205,덴프스 혈당케어 프로 4박스/8개월분,https://smartstore.naver.com/main/products/8816204188,2025-09-10,5,"건강관심사 면역력수면건강피로회복
 한달사용알크기도 적당해서 먹 넘김도 편하고 캡슐로 포장 된거라 가지고 다니면서 먹기 편함",여성,꽤 남았어요,적당해요,그냥그래요,Y
DP_205,덴프스 혈당케어 프로 4박스/8개월분,https://smartstore.naver.com/main/products/8816204188,2025-09-10,5,"건강관심사 면역력근육/체력피로회복
 한달사용떨어질만하면 구매하고 있는 상품 중 하나입니다. 임신 중 임당에 걸려 고생한 적이 있어 혈당에 관심이 많은데 알약도 작아 먹기 편하고 효과도 있는 것 같아 이번에 먹고 또 떨어지면 재구매하려고 합니다.",여성,꽤 남았어요,적당해요,편리해요,Y
DP_205,덴프스 혈당케어 프로 4박스/8개월분,https://smartstore.naver.com/main/products/8816204188,2025-09-09,5,"2년째 열심히 잘 챙겨 먹고 있는
1인 입니다
공복혈당때문에",여성,아주 넉넉해요,꼼꼼해요,편리해요,Y
DP_205,덴프스 혈당케어 프로 4박스/8개월분,https://smartstore.naver.com/main/products/8816204188,2025-09-08,4,공복 혈당 125로 결과가 나와서 약먹기 애매한 수치라고 의사쌤이 얘기했는데.이거 먹고 당스파이크 증상이 좀 줄어든거 같어요 카테킨에 민감한 편인데 이제품먹고 부작용은 없었어요. 주변 지인이 추천해 줘서 먹기 시작했는데 다음 검사 결과 기대되네요.,여성,꽤 남았어요,꼼꼼해요,편리해요,Y
DP_205,덴프스 혈당케어 프로 4박스/8개월분,https://smartstore.naver.com/main/products/8816204188,2025-09-06,5,한달사용아직 잘 모르겠지만 혈당관리에 도움되는 느낌입니다,,아주 넉넉해요,꼼꼼해요,편리해요,Y
DP_205,덴프스 혈당케어 프로 4박스/8개월분,https://smartstore.naver.com/main/products/8816204188,2025-09-05,5,"배송 가격 다 맘에 들어요!
혈당에 도움되길 기대해봅니다",,아주 넉넉해요,꼼꼼해요,편리해요,Y
DP_205,덴프스 혈당케어 프로 4박스/8개월분,https://smartstore.naver.com/main/products/8816204188,2025-09-04,5,"건강관심사 피로회복
 이거 먹고 좋아진걸 느껴요",여성,아주 넉넉해요,꼼꼼해요,편리해요,Y
DP_205,덴프스 혈당케어 프로 4박스/8개월분,https://smartstore.naver.com/main/products/8816204188,2025-09-03,5,"건강관심사 면역력눈건강여성건강
 배송도빠르고 먹기편하고 좋아요",여성,아주 넉넉해요,꼼꼼해요,편리해요,Y
DP_205,덴프스 혈당케어 프로 4박스/8개월분,https://smartstore.naver.com/main/products/8816204188,2025-09-01,5,"건강관심사 노화방지여성건강
 한달사용아침먹구 한알씩 먹구잇어여",여성,아주 넉넉해요,꼼꼼해요,편리해요,Y
DP_205,덴프스 혈당케어 프로 4박스/8개월분,https://smartstore.naver.com/main/products/8816204188,2025-09-01,5,한달사용어머니 드시고 혈당 조절잘되서 재구매한거라 믿고 샀습니다.,남성,아주 넉넉해요,꼼꼼해요,편리해요,Y
DP_205,덴프스 혈당케어 프로 4박스/8개월분,https://smartstore.naver.com/main/products/8816204188,2025-09-01,5,혈당효과있었으면 좋겠어요! 알크기 작아서 좋아요 ㅎㅎ,여성,아주 넉넉해요,꼼꼼해요,편리해요,Y
DP_205,덴프스 혈당케어 프로 4박스/8개월분,https://smartstore.naver.com/main/products/8816204188,2025-09-01,5,한달사용잘 먹고있네요 감사합니다,남성,아주 넉넉해요,꼼꼼해요,편리해요,Y
DP_205,덴프스 혈당케어 프로 4박스/8개월분,https://smartstore.naver.com/main/products/8816204188,2025-08-31,5,"건강관심사 노화방지
 당뇨전단계라 관리차원에서 먹고있어요 이제품 때문인지는 모르겠는데 수치는 유지하고 있습니다",남성,아주 넉넉해요,꼼꼼해요,편리해요,Y
DP_205,덴프스 혈당케어 프로 4박스/8개월분,https://smartstore.naver.com/main/products/8816204188,2025-08-30,5,"건강관심사 여성건강
 한달사용영양제 크기도 작아서 먹기 편해요
간단하게 식사전 한알 먹고 식사하면 좋아요~ 
?
1",여성,아주 넉넉해요,꼼꼼해요,편리해요,Y
DP_205,덴프스 혈당케어 프로 4박스/8개월분,https://smartstore.naver.com/main/products/8816204188,2025-08-30,5,한달사용약알이 작아서 목넘김이 쉽구요...당조절에 도움이 되는것 같아요...,여성,아주 넉넉해요,꼼꼼해요,편리해요,Y
DP_205,덴프스 혈당케어 프로 4박스/8개월분,https://smartstore.naver.com/main/products/8816204188,2025-08-29,5,"건강관심사 노화방지관절/뼈건강근육/체력
 당관라가 아주 잘 되는거 같아요. 어머니가 좋아하시네요",여성,아주 넉넉해요,꼼꼼해요,편리해요,Y
DP_205,덴프스 혈당케어 프로 4박스/8개월분,https://smartstore.naver.com/main/products/8816204188,2025-08-28,5,"건강관심사 노화방지면역력눈건강
 크기도 작아 먹기도 편하고 배송도 빨라요
효과도 좋은지 먹어봐야죠",남성,아주 넉넉해요,꼼꼼해요,편리해요,Y
DP_205,덴프스 혈당케어 프로 4박스/8개월분,https://smartstore.naver.com/main/products/8816204188,2025-08-27,5,한달사용아주 만족 합니다.,남성,아주 넉넉해요,꼼꼼해요,편리해요,Y
DP_205,덴프스 혈당케어 프로 4박스/8개월분,https://smartstore.naver.com/main/products/8816204188,2025-08-27,5,재구매한달사용아주 만족 합니다.,남성,아주 넉넉해요,꼼꼼해요,편리해요,Y
DP_205,덴프스 혈당케어 프로 4박스/8개월분,https://smartstore.naver.com/main/products/8816204188,2025-08-26,5,한달 먹어봐야 자세히 알수 있을꺼 같아요,,꽤 남았어요,적당해요,그냥그래요,Y
DP_205,덴프스 혈당케어 프로 4박스/8개월분,https://smartstore.naver.com/main/products/8816204188,2025-08-25,4,"건강관심사 면역력눈건강간건강
 주문해서 먹기 시작한지 5일쯤 됐어요
식후에 너무 졸리고 피곤해서 먹기시작했는데 아직 뚜렷하게 좋은점은 모르겠어요 4개월분 주문했으니 다 먹고 후기 남기겠습니다. 알약이 작아서 먹기 편해요",여성,아주 넉넉해요,꼼꼼해요,편리해요,Y
DP_205,덴프스 혈당케어 프로 4박스/8개월분,https://smartstore.naver.com/main/products/8816204188,2025-08-25,5,먹기편하 가격대비용람도 괜찮은것같습니다.,,아주 넉넉해요,꼼꼼해요,편리해요,Y
DP_205,덴프스 혈당케어 프로 4박스/8개월분,https://smartstore.naver.com/main/products/8816204188,2025-08-25,4,"건강관심사 노화방지면역력수면건강
 아직 잘 모르겠는데 꾸준히 먹어볼께요",여성,꽤 남았어요,꼼꼼해요,편리해요,Y
DP_205,덴프스 혈당케어 프로 4박스/8개월분,https://smartstore.naver.com/main/products/8816204188,2025-08-24,5,한달사용혈당관리 위해 꾸준히 먹어요,여성,아주 넉넉해요,꼼꼼해요,편리해요,Y
DP_205,덴프스 혈당케어 프로 4박스/8개월분,https://smartstore.naver.com/main/products/8816204188,2025-08-23,5,한달사용매일 점심식사 전에 먹고 있는데 식사후 졸리지않고 하루 일과를 마쳐요. 만족한 구매입니다.,남성,아주 넉넉해요,꼼꼼해요,편리해요,Y
DP_205,덴프스 혈당케어 프로 4박스/8개월분,https://smartstore.naver.com/main/products/8816204188,2025-08-22,5,한달사용먹기 너무 편리하고 혈당관리에 도움되서 좋아요‘,,아주 넉넉해요,꼼꼼해요,편리해요,Y
DP_205,덴프스 혈당케어 프로 4박스/8개월분,https://smartstore.naver.com/main/products/8816204188,2025-08-21,5,신랑이 당뇨전단계가 의심되어 구매해 봅니다,,꽤 남았어요,적당해요,그냥그래요,Y
DP_205,덴프스 혈당케어 프로 4박스/8개월분,https://smartstore.naver.com/main/products/8816204188,2025-08-21,5,건강관리 및 다이어트 겸 주문했습니다. 한 2주 먹었는데 간식이 많이 안땡기고 좋네요.,여성,아주 넉넉해요,꼼꼼해요,편리해요,Y
DP_205,덴프스 혈당케어 프로 4박스/8개월분,https://smartstore.naver.com/main/products/8816204188,2025-08-20,4,재구매빠흔배송과 넉넉한 유통기한,남성,꽤 남았어요,적당해요,그냥그래요,Y
DP_205,덴프스 혈당케어 프로 4박스/8개월분,https://smartstore.naver.com/main/products/8816204188,2025-08-20,5,식후 혈당관리가 되는거 같습니다.,,아주 넉넉해요,꼼꼼해요,편리해요,Y
DP_205,덴프스 혈당케어 프로 4박스/8개월분,https://smartstore.naver.com/main/products/8816204188,2025-08-20,5,"건강관심사 면역력눈건강관절/뼈건강
 1년 넘게 꾸준히 당관리하는 60대 여성입니다 당관리 하면서 원치않게 살이 빠져서한동안 관리를 멈췄다가 다시 작하려고 주문했어요 알이 작아서 목넘김 부드럽고 좋아요",여성,아주 넉넉해요,꼼꼼해요,편리해요,Y
DP_205,덴프스 혈당케어 프로 4박스/8개월분,https://smartstore.naver.com/main/products/8816204188,2025-08-20,5,음... 40후반에 당뇨에 대한 수치가 너무 높게 나와 고민하던중 우연히 지인의 추천으로 구매하게 되었네요 이거 먹고 수치가 좀 낮아 졌으면 좋겠어요 가족력도 있어 조심했어야 했는데 늦었지만 효과가 있길 기대 합니다,남성,아주 넉넉해요,꼼꼼해요,편리해요,Y
DP_205,덴프스 혈당케어 프로 4박스/8개월분,https://smartstore.naver.com/main/products/8816204188,2025-08-19,4,한박스 먹어보고 혈당 조절은 모르겠지만 알약이 지름 1cm 미만이라 목넘김이 편해서 추가구매했습니다.,,아주 넉넉해요,적당해요,편리해요,Y
DP_205,덴프스 혈당케어 프로 4박스/8개월분,https://smartstore.naver.com/main/products/8816204188,2025-08-19,4,"건강관심사 면역력장건강
 빠른 배송으로 잘 받았습니다",남성,아주 넉넉해요,꼼꼼해요,편리해요,Y
DP_205,덴프스 혈당케어 프로 4박스/8개월분,https://smartstore.naver.com/main/products/8816204188,2025-08-18,5,후기가 좋아서 구매했습니다.운동하면서 꾸준히 먹으면 효과있을거라 믿습니다.,,아주 넉넉해요,꼼꼼해요,편리해요,Y
DP_205,덴프스 혈당케어 프로 4박스/8개월분,https://smartstore.naver.com/main/products/8816204188,2025-08-16,5,"건강관심사 면역력장건강간건강
 꼼꼼한 포장과 간편히 먹을수 있어요",남성,아주 넉넉해요,꼼꼼해요,편리해요,Y
DP_205,덴프스 혈당케어 프로 4박스/8개월분,https://smartstore.naver.com/main/products/8816204188,2025-08-16,4,생각보다 저렴하고 좋네요,남성,꽤 남았어요,적당해요,그냥그래요,Y
DP_205,덴프스 혈당케어 프로 4박스/8개월분,https://smartstore.naver.com/main/products/8816204188,2025-08-15,4,"알이 작아 먹기편해요 이번엔 슬림아닌 혈당조잘로 사봤는데 갑자기 한알만 먹으려니 좀 이상..ㅋㅋ
잘먹을게요",,아주 넉넉해요,꼼꼼해요,편리해요,Y
DP_205,덴프스 혈당케어 프로 4박스/8개월분,https://smartstore.naver.com/main/products/8816204188,2025-08-14,5,한달사용매일 꾸준히 먹어요,,꽤 남았어요,적당해요,그냥그래요,Y
DP_205,덴프스 혈당케어 프로 4박스/8개월분,https://smartstore.naver.com/main/products/8816204188,2025-08-13,4,"건강관심사 면역력관절/뼈건강근육/체력
 효과가 있으면 좋겠습니다 배송도 빠르고 좋아요",남성,꽤 남았어요,꼼꼼해요,편리해요,Y
DP_205,덴프스 혈당케어 프로 4박스/8개월분,https://smartstore.naver.com/main/products/8816204188,2025-08-13,5,먹기 편한 사이즈입니다. 밥먹으면 그렇게 졸렸는데 덕분인지 그런 증상이 좀 사라진거 같아 만족합니다.,,아주 넉넉해요,꼼꼼해요,편리해요,Y
DP_205,덴프스 혈당케어 프로 4박스/8개월분,https://smartstore.naver.com/main/products/8816204188,2025-08-13,5,한달사용.목넘김이 편하고 향이 강하지 않아서 좋아요,,아주 넉넉해요,꼼꼼해요,편리해요,Y
DP_205,덴프스 혈당케어 프로 4박스/8개월분,https://smartstore.naver.com/main/products/8816204188,2025-08-12,5,"건강관심사 관절/뼈건강
 혈당관리에 효과가 있는것 같아서 꾸준히 먹고 있습니다.",남성,아주 넉넉해요,꼼꼼해요,편리해요,Y
DP_205,덴프스 혈당케어 프로 4박스/8개월분,https://smartstore.naver.com/main/products/8816204188,2025-08-12,5,혈당관리를위해 샀어요. 효과는 있을지 모르겠지만 일단 가격도 착하도 양도 많아서 마음에 들어요. 알약이작아서 목넘김도 좋습니다. 꾸준히 먹어볼게요,,아주 넉넉해요,적당해요,편리해요,Y
DP_205,덴프스 혈당케어 프로 4박스/8개월분,https://smartstore.naver.com/main/products/8816204188,2025-08-11,5,"배송이 빠르고 알약 사이즈도 작아서 먹기 편합니다.
혈당스파이크 때문에 힘들었는데 도움이 많이 되었음 좋겠네요",,아주 넉넉해요,꼼꼼해요,편리해요,Y
DP_205,덴프스 혈당케어 프로 4박스/8개월분,https://smartstore.naver.com/main/products/8816204188,2025-08-11,5,"건강관심사 면역력장건강피로회복
 한달사용계속 장복 하고 있어요. 당이 안올라가길 기대합니다.",여성,아주 넉넉해요,꼼꼼해요,편리해요,Y
DP_205,덴프스 혈당케어 프로 4박스/8개월분,https://smartstore.naver.com/main/products/8816204188,2025-08-10,5,"건강관심사 면역력수면건강피로회복
 알크기도 작고 ~~ 가지고 다니면서 챙겨 먹기 넘 좋아용 ^^
꾸준히 먹어보고 좋았으면 좋겠어요",여성,아주 넉넉해요,적당해요,편리해요,Y
DP_205,덴프스 혈당케어 프로 4박스/8개월분,https://smartstore.naver.com/main/products/8816204188,2025-08-09,5,혈당케어 슬림으로 꾸준히 먹다가 엄마도 사드리려고 프로로 주문했어요 슬림은 혈당케어랑 체지방관리도된다는데 잘은 모르겠지만 열씨미먹고있어요 꾸준히먹다보면 효과가있겠죠,,아주 넉넉해요,꼼꼼해요,편리해요,Y
DP_205,덴프스 혈당케어 프로 4박스/8개월분,https://smartstore.naver.com/main/products/8816204188,2025-08-09,5,"건강관심사 면역력장건강수면건강
 한달사용아빠가 드시고 계시는데 좋다고 하십니다.",여성,아주 넉넉해요,꼼꼼해요,편리해요,Y
DP_205,덴프스 혈당케어 프로 4박스/8개월분,https://smartstore.naver.com/main/products/8816204188,2025-08-08,4,"크기가
작아서 좋아요",,아주 넉넉해요,꼼꼼해요,편리해요,Y
DP_205,덴프스 혈당케어 프로 4박스/8개월분,https://smartstore.naver.com/main/products/8816204188,2025-08-08,5,"한달사용항상 잘먹고 있습니다~~
만족합니다^^",,아주 넉넉해요,꼼꼼해요,편리해요,Y
DP_205,덴프스 혈당케어 프로 4박스/8개월분,https://smartstore.naver.com/main/products/8816204188,2025-08-07,5,"혈당관리위해서구매합니다
배송빠르고좋아요",,아주 넉넉해요,꼼꼼해요,편리해요,Y
DP_205,덴프스 혈당케어 프로 4박스/8개월분,https://smartstore.naver.com/main/products/8816204188,2025-08-06,4,"건강관심사 장건강피로회복
 혈당스파이크가 와서 구매 꾸준히 먹어야 할듯",여성,아주 넉넉해요,꼼꼼해요,편리해요,Y
DP_205,덴프스 혈당케어 프로 4박스/8개월분,https://smartstore.naver.com/main/products/8816204188,2025-08-06,5,잘 받았어요.....,,아주 넉넉해요,꼼꼼해요,편리해요,Y
DP_205,덴프스 혈당케어 프로 4박스/8개월분,https://smartstore.naver.com/main/products/8816204188,2025-08-06,5,배송도 빠르고 좋아요 만족합니다,남성,아주 넉넉해요,꼼꼼해요,편리해요,Y
DP_205,덴프스 혈당케어 프로 4박스/8개월분,https://smartstore.naver.com/main/products/8816204188,2025-08-06,5,혈당관리가 필요한 남편에게 사줬어요. 좋아질거라 믿고 잘 먹고 있습니다.,,꽤 남았어요,꼼꼼해요,편리해요,Y
DP_205,덴프스 혈당케어 프로 4박스/8개월분,https://smartstore.naver.com/main/products/8816204188,2025-08-06,5,부모님도 저희집도 항상 빼먹지않고먹어요♡,여성,아주 넉넉해요,꼼꼼해요,편리해요,Y
DP_205,덴프스 혈당케어 프로 4박스/8개월분,https://smartstore.naver.com/main/products/8816204188,2025-08-04,5,앞으로 꾸준하게 먹어보겠습니다,남성,아주 넉넉해요,꼼꼼해요,편리해요,Y
DP_205,덴프스 혈당케어 프로 4박스/8개월분,https://smartstore.naver.com/main/products/8816204188,2025-08-02,5,어머니 당뇨병으로 보조제로 구매했습니다.,남성,아주 넉넉해요,꼼꼼해요,편리해요,Y
DP_205,덴프스 혈당케어 프로 4박스/8개월분,https://smartstore.naver.com/main/products/8816204188,2025-08-02,5,알이 작고 하루 한알만 먹으면 되니 좋아요,,아주 넉넉해요,꼼꼼해요,편리해요,Y
DP_205,덴프스 혈당케어 프로 4박스/8개월분,https://smartstore.naver.com/main/products/8816204188,2025-07-30,5,한달사용배송빨랐고 효과있길바랍니다!,,아주 넉넉해요,꼼꼼해요,편리해요,Y
DP_205,덴프스 혈당케어 프로 4박스/8개월분,https://smartstore.naver.com/main/products/8816204188,2025-07-30,5,알약이 작아 먹기 편하네요...,여성,아주 넉넉해요,꼼꼼해요,편리해요,Y
DP_205,덴프스 혈당케어 프로 4박스/8개월분,https://smartstore.naver.com/main/products/8816204188,2025-07-30,5,"처음 나왔을때부터 꾸준히 먹고있는
제품입니다",,아주 넉넉해요,꼼꼼해요,편리해요,Y
DP_205,덴프스 혈당케어 프로 4박스/8개월분,https://smartstore.naver.com/main/products/8816204188,2025-07-30,5,혈당 관리를 위해 구매했어요,여성,아주 넉넉해요,꼼꼼해요,편리해요,Y
DP_205,덴프스 혈당케어 프로 4박스/8개월분,https://smartstore.naver.com/main/products/8816204188,2025-07-27,5,"건강관심사 면역력장건강
 좋습니다~~~~~!!!!!",여성,아주 넉넉해요,꼼꼼해요,편리해요,Y
DP_205,덴프스 혈당케어 프로 4박스/8개월분,https://smartstore.naver.com/main/products/8816204188,2025-07-26,5,"건강관심사 면역력근육/체력피로회복
 나이가 드니 혈당이 걱정되어 저도 모르게 관련 약들을 잘 챙겨먹게 되네요. 떨어져서 주문했는데 다음에 또 떨어지면 재주문할게요~^^",여성,꽤 남았어요,적당해요,편리해요,Y
DP_205,덴프스 혈당케어 프로 4박스/8개월분,https://smartstore.naver.com/main/products/8816204188,2025-07-25,5,한달사용공복혈당이 높아서 구입했어요. 꾸준히 먹고 나아지길 기대합니다.,,꽤 남았어요,꼼꼼해요,편리해요,Y
DP_205,덴프스 혈당케어 프로 4박스/8개월분,https://smartstore.naver.com/main/products/8816204188,2025-07-24,4,"건강관심사 장건강피로회복면역력
 혈당이 높아져 걱정했는데 텐프스 룰 복용후에
조금씩 좋아지는것 같아요~",남성,아주 넉넉해요,적당해요,편리해요,Y
DP_205,덴프스 혈당케어 프로 4박스/8개월분,https://smartstore.naver.com/main/products/8816204188,2025-07-24,5,가격이 착하고 당관리하기 좋아요,,아주 넉넉해요,꼼꼼해요,편리해요,Y
DP_205,덴프스 혈당케어 프로 4박스/8개월분,https://smartstore.naver.com/main/products/8816204188,2025-07-21,5,"건강관심사 눈건강관절/뼈건강
 한달사용먹기 편리하고 혈당도 잘 잡아주네요",남성,아주 넉넉해요,꼼꼼해요,편리해요,Y
DP_205,덴프스 혈당케어 프로 4박스/8개월분,https://smartstore.naver.com/main/products/8816204188,2025-07-19,5,아버지가 당뇨도 있으시고 저도 단걸 좋아해서 당뇨 조심해야할거같아서 덴프스 혈당케어를 구매해봤어요! 식습관도 조심해서 먹어야겠지만 보조적으로 영양제도 먹으면 좋을거같아서 구매해봤어요 ㅎㅎ 효과가 있길!!,,아주 넉넉해요,꼼꼼해요,편리해요,Y
DP_205,덴프스 혈당케어 프로 4박스/8개월분,https://smartstore.naver.com/main/products/8816204188,2025-07-19,4,한달사용건강해지는 느낌입니다,남성,꽤 남았어요,적당해요,그냥그래요,Y
DP_205,덴프스 혈당케어 프로 4박스/8개월분,https://smartstore.naver.com/main/products/8816204188,2025-07-18,4,"엄마께서 당뇨가 있어 도움 될까 복용중임.
배송 빠름.",남성,꽤 남았어요,적당해요,편리해요,Y
DP_205,덴프스 혈당케어 프로 4박스/8개월분,https://smartstore.naver.com/main/products/8816204188,2025-07-18,5,마음에들어요잘쓸게요!!,,아주 넉넉해요,꼼꼼해요,편리해요,Y
DP_205,덴프스 혈당케어 프로 4박스/8개월분,https://smartstore.naver.com/main/products/8816204188,2025-07-17,5,"건강관심사 노화방지면역력장건강
 혈당관리해보려고 구매했어요~",여성,아주 넉넉해요,꼼꼼해요,편리해요,Y
DP_205,덴프스 혈당케어 프로 4박스/8개월분,https://smartstore.naver.com/main/products/8816204188,2025-07-17,5,당뇨전단계인 남편한테 먹으라고 구매했습니다. 관리 잘됐으면 좋겠네요,여성,아주 넉넉해요,꼼꼼해요,편리해요,Y
DP_205,덴프스 혈당케어 프로 4박스/8개월분,https://smartstore.naver.com/main/products/8816204188,2025-07-17,5,식욛 폭발하는 이 시점에 .. 좋은 영양제 꾸준히 복용해 보려고 주문했어요 ~,여성,아주 넉넉해요,꼼꼼해요,편리해요,Y
DP_205,덴프스 혈당케어 프로 4박스/8개월분,https://smartstore.naver.com/main/products/8816204188,2025-07-16,5,"건강관심사 여성건강
 하루한알 먹기도 변하고 할인받아서
싸게 구입했어요~",여성,아주 넉넉해요,꼼꼼해요,편리해요,Y
DP_205,덴프스 혈당케어 프로 4박스/8개월분,https://smartstore.naver.com/main/products/8816204188,2025-07-15,5,리뷰가 좋아서 사봅니다 효과가있기를 바래요!!,,아주 넉넉해요,꼼꼼해요,편리해요,Y
DP_205,덴프스 혈당케어 프로 4박스/8개월분,https://smartstore.naver.com/main/products/8816204188,2025-07-14,5,"건강관심사 면역력
 혈당케어 프로 먹고 효과 보고있어요",남성,꽤 남았어요,적당해요,편리해요,Y
DP_205,덴프스 혈당케어 프로 4박스/8개월분,https://smartstore.naver.com/main/products/8816204188,2025-07-14,5,"요즘 혈당관리에 관심이 많아져서 구매해봤어요!
효과있으면 좋겠네요",여성,아주 넉넉해요,꼼꼼해요,편리해요,Y
DP_205,덴프스 혈당케어 프로 4박스/8개월분,https://smartstore.naver.com/main/products/8816204188,2025-07-14,2,아직두번째먹는중입니다,,아주 넉넉해요,꼼꼼해요,편리해요,Y
DP_205,덴프스 혈당케어 프로 4박스/8개월분,https://smartstore.naver.com/main/products/8816204188,2025-07-13,5,"한달사용한달정도 복용하고 있습니다
다음번 혈액검사때 변화가 있는지
궁금하네요",남성,아주 넉넉해요,꼼꼼해요,편리해요,Y
DP_205,덴프스 혈당케어 프로 4박스/8개월분,https://smartstore.naver.com/main/products/8816204188,2025-07-12,5,"잘 받았습니다!!!
어머니 드릴려고 샀는데 알이 작아서 먹기 편하다고 하시네요👍",,아주 넉넉해요,꼼꼼해요,편리해요,Y
DP_205,덴프스 혈당케어 프로 4박스/8개월분,https://smartstore.naver.com/main/products/8816204188,2025-07-10,5,"건강관심사 노화방지
 한달사용한달후기 남깁니다.
식단을 함께하고있어서 살이 많이 빠졌는데,
보조제 역할로 좋은거같아요!",남성,아주 넉넉해요,꼼꼼해요,편리해요,Y
DP_205,덴프스 혈당케어 프로 4박스/8개월분,https://smartstore.naver.com/main/products/8816204188,2025-07-10,5,아주 만족 합니다.,남성,아주 넉넉해요,꼼꼼해요,편리해요,Y
DP_205,덴프스 혈당케어 프로 4박스/8개월분,https://smartstore.naver.com/main/products/8816204188,2025-07-10,5,재구매아주 만족 합니다.,,아주 넉넉해요,꼼꼼해요,편리해요,Y
DP_205,덴프스 혈당케어 프로 4박스/8개월분,https://smartstore.naver.com/main/products/8816204188,2025-07-09,5,배송도 빠르고 좋은제품 감사합니다,,아주 넉넉해요,꼼꼼해요,편리해요,Y
DP_205,덴프스 혈당케어 프로 4박스/8개월분,https://smartstore.naver.com/main/products/8816204188,2025-07-08,5,나이가 드니 조절해도 공복혈당장애가 생겨서 효과가 있을까 싶어 구매했어요. 효과보길바랍니다,,아주 넉넉해요,적당해요,편리해요,Y
DP_205,덴프스 혈당케어 프로 4박스/8개월분,https://smartstore.naver.com/main/products/8816204188,2025-07-08,5,알약도 작고 먹기 편해요! 유산균이랑 함께 꾸준하게 챙겨먹고 있어요,,아주 넉넉해요,꼼꼼해요,편리해요,Y
DP_205,덴프스 혈당케어 프로 4박스/8개월분,https://smartstore.naver.com/main/products/8816204188,2025-07-04,5,한달사용먹고 있는데 좋습니다,여성,아주 넉넉해요,꼼꼼해요,편리해요,Y
DP_205,덴프스 혈당케어 프로 4박스/8개월분,https://smartstore.naver.com/main/products/8816204188,2025-07-02,5,혈당에 좋아요 ~ 몸이 좋아져요 함번씩 드셔보세여,,아주 넉넉해요,꼼꼼해요,편리해요,Y
DP_205,덴프스 혈당케어 프로 4박스/8개월분,https://smartstore.naver.com/main/products/8816204188,2025-06-30,5,"건강관심사 수면건강
 복용하던 제품 입니다",여성,아주 넉넉해요,꼼꼼해요,편리해요,Y
DP_205,덴프스 혈당케어 프로 4박스/8개월분,https://smartstore.naver.com/main/products/8816204188,2025-06-30,5,"건강관심사 피로회복
 빠른배송과 잘된포장, 먹기편한 크기",남성,아주 넉넉해요,꼼꼼해요,편리해요,Y
DP_205,덴프스 혈당케어 프로 4박스/8개월분,https://smartstore.naver.com/main/products/8816204188,2025-06-26,5,남편과 함께 꾸준히 먹던거라 재주문했습니다,,아주 넉넉해요,꼼꼼해요,편리해요,Y
DP_205,덴프스 혈당케어 프로 4박스/8개월분,https://smartstore.naver.com/main/products/8816204188,2025-06-26,5,"건강관심사 노화방지여성건강
 당에 좋대서 먹구잇어여 ㅎㅎ",여성,아주 넉넉해요,꼼꼼해요,편리해요,Y
DP_205,덴프스 혈당케어 프로 4박스/8개월분,https://smartstore.naver.com/main/products/8816204188,2025-06-25,5,꾸준히 먹으려고 많이 샀어요. 덴프스 유산균 먹는데 제품이 좋아서 혈당케어도 믿고 사봅니다. 덴프스 말해뭐해.,남성,아주 넉넉해요,꼼꼼해요,편리해요,Y
DP_205,덴프스 혈당케어 프로 4박스/8개월분,https://smartstore.naver.com/main/products/8816204188,2025-06-24,5,꾸준히 주문해서 먹고있어요 당뇨는 없지만 미리 관리 차원에서 먹고있어요~ 저렴한 가격에 앞으로도 쭉 먹어보겠습니다~~,여성,아주 넉넉해요,꼼꼼해요,편리해요,Y
DP_205,덴프스 혈당케어 프로 4박스/8개월분,https://smartstore.naver.com/main/products/8816204188,2025-06-21,5,"지인추천으로 먹고있는데 공복혈당이 10이상은 줄어드는거같네요 재주문입니다 
?
1",,아주 넉넉해요,적당해요,편리해요,Y
DP_205,덴프스 혈당케어 프로 4박스/8개월분,https://smartstore.naver.com/main/products/8816204188,2025-06-19,5,남편혈당관리하려구 샀어요~~! 잘먹어볼게요,,아주 넉넉해요,꼼꼼해요,편리해요,Y
DP_205,덴프스 혈당케어 프로 4박스/8개월분,https://smartstore.naver.com/main/products/8816204188,2025-06-19,5,효과가 있길 기대합니다,남성,아주 넉넉해요,꼼꼼해요,편리해요,Y
DP_205,덴프스 혈당케어 프로 4박스/8개월분,https://smartstore.naver.com/main/products/8816204188,2025-06-18,5,한달사용엄청작아요! 먹기 편하구 꾸준히 먹으려구여,,아주 넉넉해요,꼼꼼해요,편리해요,Y
DP_205,덴프스 혈당케어 프로 4박스/8개월분,https://smartstore.naver.com/main/products/8816204188,2025-06-16,4,"빠른 배송.
한달 정도 먹어보고 효과 공유할래요",남성,꽤 남았어요,적당해요,그냥그래요,Y
DP_205,덴프스 혈당케어 프로 4박스/8개월분,https://smartstore.naver.com/main/products/8816204188,2025-06-14,5,"건강관심사 노화방지
 아버지가 당뇨 전단계 판정을 받으셔서 최소 10kg을 식이요법과 운동으로 빼야 한다는 소견을 들었습니다. 이 약 챙겨 먹으면서 한달에 4.5kg이 빠졌네요",남성,아주 넉넉해요,꼼꼼해요,편리해요,Y
DP_205,덴프스 혈당케어 프로 4박스/8개월분,https://smartstore.naver.com/main/products/8816204188,2025-06-12,5,"건강관심사 면역력장건강피로회복
 당화혈색소 수치가 좀 올라가서 꾸준히 먹고있어요. 먹고 많이 안올라가는것같아 잘 먹고있습니다.",여성,아주 넉넉해요,꼼꼼해요,편리해요,Y
DP_205,덴프스 혈당케어 프로 4박스/8개월분,https://smartstore.naver.com/main/products/8816204188,2025-06-10,4,"지난번 먹고 재주문해서 먹고있어요
당걱정에 먹고있는데 나쁘진 않은것같아요",,아주 넉넉해요,꼼꼼해요,편리해요,Y
DP_205,덴프스 혈당케어 프로 4박스/8개월분,https://smartstore.naver.com/main/products/8816204188,2025-06-06,5,"먹기편하고 특유의냄새가 안나서 좋아요
효과도 있기를..",,아주 넉넉해요,꼼꼼해요,편리해요,Y
DP_205,덴프스 혈당케어 프로 4박스/8개월분,https://smartstore.naver.com/main/products/8816204188,2025-06-04,5,한달사용지인 추천받고 혈당스파이크 걱정되서 사봤어요. 식후에 엄청난 졸음이 몰려왔었는데 먹으면 좀 효과 있는 느낌이에요,,꽤 남았어요,적당해요,편리해요,Y
DP_205,덴프스 혈당케어 프로 4박스/8개월분,https://smartstore.naver.com/main/products/8816204188,2025-06-04,5,혈당케어 관리로 주문했습니다,여성,아주 넉넉해요,꼼꼼해요,편리해요,Y
DP_205,덴프스 혈당케어 프로 4박스/8개월분,https://smartstore.naver.com/main/products/8816204188,2025-06-03,5,한달사용매번 사용하는데 좋아요~,,아주 넉넉해요,꼼꼼해요,편리해요,Y
DP_205,덴프스 혈당케어 프로 4박스/8개월분,https://smartstore.naver.com/main/products/8816204188,2025-06-02,5,아빠가 꾸준히 드시고 계시는 제품입니다.,여성,아주 넉넉해요,꼼꼼해요,편리해요,Y
DP_205,덴프스 혈당케어 프로 4박스/8개월분,https://smartstore.naver.com/main/products/8816204188,2025-05-29,5,"올해 혈당수치가 좀 높아져서
관리차원에서 주문했습니다
제품꼼꼼이 읽어보고 주문했는데
기대하며 꾸준히 복용해보렵니다",남성,아주 넉넉해요,꼼꼼해요,편리해요,Y
DP_205,덴프스 혈당케어 프로 4박스/8개월분,https://smartstore.naver.com/main/products/8816204188,2025-05-26,5,한달사용먹기편하고 효과도 있는것 깉아요.,,꽤 남았어요,적당해요,편리해요,Y
DP_205,덴프스 혈당케어 프로 4박스/8개월분,https://smartstore.naver.com/main/products/8816204188,2025-05-22,5,한달사용먹기 편해서 밥 먹기 전에 먹고 있어요 괜찮습니다,,꽤 남았어요,꼼꼼해요,편리해요,Y
DP_205,덴프스 혈당케어 프로 4박스/8개월분,https://smartstore.naver.com/main/products/8816204188,2025-05-03,5,한달사용남편과 함께 전당뇨 관리중인데 효과 보는 것 같아요. 눈에 보이는 결과로는 우선 가려움 증세가 줄었어요. 수치상 아직 검사전이지만 확실히 몸에 도움되는 느낌이에요.식사전에 먹음 좋다는데 설명서엔 하루 한 알 복용이라고만 돼있어서 저녁식사후 먹었는데 알고보니 식전이나 식중에 복용이 좋다네요. 사이즈도 정말 작아서 삼키는거 힘든 저로서는 그 점도 너무 좋아요. 효과 보여서 계속 복용해보려고 합니다.유통기한도 27년까지라 넉넉합니다. 동영상컨텐츠,,꽤 남았어요,꼼꼼해요,편리해요,Y
DP_205,덴프스 혈당케어 프로 4박스/8개월분,https://smartstore.naver.com/main/products/8816204188,2025-05-02,5,"한달사용혈당이 높아서 먹고 구입했는데...
아직 잘 모르겠습니다.",,아주 넉넉해요,꼼꼼해요,편리해요,Y
DP_205,덴프스 혈당케어 프로 4박스/8개월분,https://smartstore.naver.com/main/products/8816204188,2025-04-29,5,"건강관심사 장건강간건강면역력
 한달사용혈당관리 보조제로 복용중이에요
일단 먹기 편한 사이즈이고
출장시 휴대도 간편합니다",남성,아주 넉넉해요,꼼꼼해요,편리해요,Y
DP_205,덴프스 혈당케어 프로 4박스/8개월분,https://smartstore.naver.com/main/products/8816204188,2025-04-26,4,한달사용좋아요 맘에들어요 좋아요,,꽤 남았어요,적당해요,편리해요,Y
DP_205,덴프스 혈당케어 프로 4박스/8개월분,https://smartstore.naver.com/main/products/8816204188,2025-04-21,5,"임신 당이 있어서 먹으려 했더니 임산부는 못먹는다고 하네요, ㅜㅠ 아기 낳고 나서 관리 차 먹어야 겠어요",,아주 넉넉해요,꼼꼼해요,편리해요,Y
DP_205,덴프스 혈당케어 프로 4박스/8개월분,https://smartstore.naver.com/main/products/8816204188,2025-04-21,5,한달사용품질과 가격에 정말 만족합니다.,여성,아주 넉넉해요,꼼꼼해요,편리해요,Y
DP_205,덴프스 혈당케어 프로 4박스/8개월분,https://smartstore.naver.com/main/products/8816204188,2025-04-19,5,크기도 작고 언제나 먹기편해요. 효과가 있었으면 바랍니다.,여성,아주 넉넉해요,꼼꼼해요,편리해요,Y
DP_205,덴프스 혈당케어 프로 4박스/8개월분,https://smartstore.naver.com/main/products/8816204188,2025-04-13,5,"한달사용꾸준히 섭취해보려고 구매했습니다.
지금 먹는 약 때문에 잠시 복용을 중단했지만 영양제이니 조금 도움이 되면 좋겠습니다.",여성,아주 넉넉해요,꼼꼼해요,편리해요,Y
DP_205,덴프스 혈당케어 프로 4박스/8개월분,https://smartstore.naver.com/main/products/8816204188,2025-04-02,5,약 사이즈도 작아서 넘기기 좋네요.효과보길 바라며 구매해봅니다. 한달 후 다시 적을게요.,여성,꽤 남았어요,꼼꼼해요,편리해요,Y
DP_205,덴프스 혈당케어 프로 4박스/8개월분,https://smartstore.naver.com/main/products/8816204188,2025-04-01,5,혈당 관리하려고 사봤습니다 효과 있으면 좋겠네요,,아주 넉넉해요,꼼꼼해요,편리해요,Y
DP_205,덴프스 혈당케어 프로 4박스/8개월분,https://smartstore.naver.com/main/products/8816204188,2025-03-31,5,"먹기편하고
포자도 깔끙하고
제가 당이 높아서 기대가 됩니다.",,아주 넉넉해요,꼼꼼해요,편리해요,Y
DP_205,덴프스 혈당케어 프로 4박스/8개월분,https://smartstore.naver.com/main/products/8816204188,2025-03-30,5,"건강관심사 노화방지수면건강피로회복
 빠른 배송, 적절한 포장이 좋아요. 가격도 합리적이에요.
일단 먹어보고 효과 있으면 지속 구매하려구요.",남성,아주 넉넉해요,꼼꼼해요,편리해요,Y
DP_205,덴프스 혈당케어 프로 4박스/8개월분,https://smartstore.naver.com/main/products/8816204188,2025-03-28,5,"좋은 상품, 좋은 가격 최고입니다.",여성,아주 넉넉해요,꼼꼼해요,편리해요,Y
DP_205,덴프스 혈당케어 프로 4박스/8개월분,https://smartstore.naver.com/main/products/8816204188,2025-03-27,4,좋아요 맘에들어요 좋아요,,꽤 남았어요,적당해요,편리해요,Y
DP_205,덴프스 혈당케어 프로 4박스/8개월분,https://smartstore.naver.com/main/products/8816204188,2025-03-26,5,배송정말빠르고 포장도 종이포장에 꼼꼼해서 좋아요! 이제 밥먹기전에없어선안되는 필수품이에요!!,,아주 넉넉해요,꼼꼼해요,편리해요,Y
DP_205,덴프스 혈당케어 프로 4박스/8개월분,https://smartstore.naver.com/main/products/8816204188,2025-03-23,4,엄마가 당뇨가 있으셔서 혈당관리를 하고 계시는데 도움이 될까싶어 주문합니다! 효과가 있었으면 좋겠네요,,아주 넉넉해요,적당해요,편리해요,Y
DP_205,덴프스 혈당케어 프로 4박스/8개월분,https://smartstore.naver.com/main/products/8816204188,2025-03-23,5,"건강관심사 노화방지여성건강
 제품 받자마자 식사후 바로 먹기시작해서 3-4일 된거 같아요. 50대가 되니 혈당관리가 필요해서 덴프스혈당관리 프로로 첫 스타트합니다.
건강해지길 기대해봅니다.",여성,아주 넉넉해요,꼼꼼해요,편리해요,Y
DP_205,덴프스 혈당케어 프로 4박스/8개월분,https://smartstore.naver.com/main/products/8816204188,2025-03-23,5,혈당관리 하려고 사봤어요!!,,아주 넉넉해요,꼼꼼해요,편리해요,Y
DP_205,덴프스 혈당케어 프로 4박스/8개월분,https://smartstore.naver.com/main/products/8816204188,2025-03-17,5,한달사용꾸준히 챙겨먹고 있어요 당뇨가 있는건 아닌데 원체 단음식을 달고 살아서 좀 걱정이 되길래 주문 했어요,,아주 넉넉해요,꼼꼼해요,편리해요,Y
DP_205,덴프스 혈당케어 프로 4박스/8개월분,https://smartstore.naver.com/main/products/8816204188,2025-03-13,5,배송 빨리 잘 왔어요 아직 먹기전인데 지인 추천으로 구매했어요. 효과있길 바래요!!,,꽤 남았어요,꼼꼼해요,편리해요,Y
DP_205,덴프스 혈당케어 프로 4박스/8개월분,https://smartstore.naver.com/main/products/8816204188,2025-03-11,5,좋아요 잘억어요 ㅎㅎ,여성,아주 넉넉해요,꼼꼼해요,편리해요,Y
DP_205,덴프스 혈당케어 프로 4박스/8개월분,https://smartstore.naver.com/main/products/8816204188,2025-03-08,5,한달사용잘먹고있습니다. 느낌으론 아직잘모르겠습니다,,아주 넉넉해요,꼼꼼해요,편리해요,Y
DP_205,덴프스 혈당케어 프로 4박스/8개월분,https://smartstore.naver.com/main/products/8816204188,2025-03-05,5,한달사용다이어트 중임을 잊지 않고 먹는 중입니다,,꽤 남았어요,적당해요,편리해요,Y
DP_205,덴프스 혈당케어 프로 4박스/8개월분,https://smartstore.naver.com/main/products/8816204188,2025-02-27,5,"나이도 있고 건강 관리 차 먹고 있습니다
혈당 관리는 기본이라 생각 해서 복용 중
입니다
알약도 작아 먹기 편하고 1번만 복용하면 되서 잊을 걱정도 없어 좋네요 40대 되면 몸의 기능이 떨어집니다
미리미리 관리해서 모두 건강해 져요",,아주 넉넉해요,꼼꼼해요,편리해요,Y
DP_205,덴프스 혈당케어 프로 4박스/8개월분,https://smartstore.naver.com/main/products/8816204188,2025-02-26,5,당에 관심이 높아져 먹어보려 구입했습니다. 꾸준히 먹어볼 예정입니다.,여성,아주 넉넉해요,꼼꼼해요,편리해요,Y
DP_205,덴프스 혈당케어 프로 4박스/8개월분,https://smartstore.naver.com/main/products/8816204188,2025-02-23,5,임신성 당뇨로 출산후 공복혈당이 높게 나와 관리차원에서 먹고 있어요.. 아직 얼마안되서 좀더 먹어봐야 알 듯해요~,,아주 넉넉해요,꼼꼼해요,편리해요,Y
DP_205,덴프스 혈당케어 프로 4박스/8개월분,https://smartstore.naver.com/main/products/8816204188,2025-02-15,5,"건강관심사 수면건강
 친구랑 둘이서 2박스씩 나눠 복용하고 있네요.효과가 있기를 바랍니다",남성,꽤 남았어요,꼼꼼해요,편리해요,Y
DP_205,덴프스 혈당케어 프로 4박스/8개월분,https://smartstore.naver.com/main/products/8816204188,2025-02-12,5,비타민이랑 같이 챙겨먹고 있어요~ 하루 한알 복용이라서 좋아요~,,아주 넉넉해요,꼼꼼해요,편리해요,Y
DP_205,덴프스 혈당케어 프로 4박스/8개월분,https://smartstore.naver.com/main/products/8816204188,2025-02-08,4,한달사용부모님 두분 다 매일 식전 공복에 드시고계십니다~,,아주 넉넉해요,꼼꼼해요,편리해요,Y
DP_205,덴프스 혈당케어 프로 4박스/8개월분,https://smartstore.naver.com/main/products/8816204188,2025-02-08,5,배송도 진짜 빠르고 이 가격에 8개월분이니 가성비도 좋은거 같아요,,아주 넉넉해요,꼼꼼해요,편리해요,Y
DP_205,덴프스 혈당케어 프로 4박스/8개월분,https://smartstore.naver.com/main/products/8816204188,2025-02-07,5,효과가 있었으면 좋겠어요 열심히 챙겨 먹을게요,여성,아주 넉넉해요,꼼꼼해요,편리해요,Y
DP_205,덴프스 혈당케어 프로 4박스/8개월분,https://smartstore.naver.com/main/products/8816204188,2025-02-05,5,먹기 편해요 열심히 복용,,아주 넉넉해요,꼼꼼해요,편리해요,Y
DP_205,덴프스 혈당케어 프로 4박스/8개월분,https://smartstore.naver.com/main/products/8816204188,2025-02-03,5,오늘부터 한번 먹어보려구요 개선되길 바라면서~,,아주 넉넉해요,꼼꼼해요,편리해요,Y
DP_205,덴프스 혈당케어 프로 4박스/8개월분,https://smartstore.naver.com/main/products/8816204188,2025-01-24,5,빠른배송 합리적 가격 좋아요~~,,꽤 남았어요,적당해요,편리해요,Y
DP_205,덴프스 혈당케어 프로 4박스/8개월분,https://smartstore.naver.com/main/products/8816204188,2025-01-23,5,포장 꼼꼼하게 잘 왔네요 잘 먹겠습니다,,꽤 남았어요,적당해요,편리해요,Y
DP_205,덴프스 혈당케어 프로 4박스/8개월분,https://smartstore.naver.com/main/products/8816204188,2025-01-09,5,엄빠 두분 다 혈당 전단계라서 드시고계십니다~ 작아서 목넘김이 좋아 매일 섭취하기에 좋다고하시네용,여성,아주 넉넉해요,꼼꼼해요,편리해요,Y
DP_205,덴프스 혈당케어 프로 4박스/8개월분,https://smartstore.naver.com/main/products/8816204188,2023-10-01,5,한달사용크기가 작아서 먹기는 편하고요. 식단을 잘하는 편인데 가끔씩 디저트류 먹고 싶고 그럴때 먹으려고 샀는데 나쁘진 않은거 같아요. 잘먹고 있어요,,아주 넉넉해요,꼼꼼해요,편리해요,Y
DP_205,덴프스 혈당케어 프로 4박스/8개월분,https://smartstore.naver.com/main/products/8816204188,2023-08-24,5,한달사용혈당관리 잘됬으면하는 마음에 먹고있어요!!,,아주 넉넉해요,적당해요,편리해요,Y
DP_205,덴프스 혈당케어 프로 4박스/8개월분,https://smartstore.naver.com/main/products/8816204188,2023-08-17,5,"한달사용손목,발목등 관절에 도움이 되는것 같아요",남성,아주 넉넉해요,꼼꼼해요,편리해요,Y
DP_205,덴프스 혈당케어 프로 4박스/8개월분,https://smartstore.naver.com/main/products/8816204188,2023-08-16,5,한달사용꾸준히 복용 중입니다. 장건강에 좋아요,남성,꽤 남았어요,꼼꼼해요,편리해요,Y
DP_205,덴프스 혈당케어 프로 4박스/8개월분,https://smartstore.naver.com/main/products/8816204188,2023-08-13,5,한달사용행사때 저렴하게 구입해서 잘 먹고있어요 식단을 바꾸는게 직빵일테지만 ㅋㅋ,,아주 넉넉해요,꼼꼼해요,편리해요,Y
DP_205,덴프스 혈당케어 프로 4박스/8개월분,https://smartstore.naver.com/main/products/8816204188,2023-07-29,4,작은사이즈라 먹기 편하고 거부감이 없어요..공복혈당이 좀 높은편이라 도움될까해서 구매했어요,,아주 넉넉해요,꼼꼼해요,편리해요,Y
DP_205,덴프스 혈당케어 프로 4박스/8개월분,https://smartstore.naver.com/main/products/8816204188,2023-07-21,4,믿고 먹어 봅니다~^^,남성,꽤 남았어요,적당해요,편리해요,Y
DP_205,덴프스 혈당케어 프로 4박스/8개월분,https://smartstore.naver.com/main/products/8816204188,2023-07-18,5,혈당관리가 잘되었으면 하는 생각에 구매하게됬죠.먹고서 도움되서 혈당이 잘 유지되게되었으면 좋겠습니다!!!,,꽤 남았어요,적당해요,편리해요,Y
DP_205,덴프스 혈당케어 프로 4박스/8개월분,https://smartstore.naver.com/main/products/8816204188,2023-07-17,5,잘 먹어보겠습니다. 기대중입니다.,,아주 넉넉해요,꼼꼼해요,편리해요,Y
DP_205,덴프스 혈당케어 프로 4박스/8개월분,https://smartstore.naver.com/main/products/8816204188,2023-07-16,5,크기가 먹기에 부담 없고 냄새도 없어서 거부감도 없어요. 효과도 있으면 좋겠어요,,아주 넉넉해요,꼼꼼해요,편리해요,Y
DP_205,덴프스 혈당케어 프로 4박스/8개월분,https://smartstore.naver.com/main/products/8816204188,2023-07-15,5,혈당 관리가 노후준비 기초같은 느낌이 들어 최근 좋아하는 브랜드에서 시작해봅니다 ㅋ,,아주 넉넉해요,꼼꼼해요,편리해요,Y
DP_205,덴프스 혈당케어 프로 4박스/8개월분,https://smartstore.naver.com/main/products/8816204188,2023-07-13,4,작은 사이즈의 알약이라서 먹기 편하네요. 꾸준히 복용해봐야 효과 알 수 있을거 같아요. 동영상컨텐츠,여성,아주 넉넉해요,꼼꼼해요,편리해요,Y
DP_205,덴프스 혈당케어 프로 4박스/8개월분,https://smartstore.naver.com/main/products/8816204188,2023-07-13,5,"일단 먹기편하고 3일째되는데 ..
꾸준히 먹어볼께요",여성,아주 넉넉해요,꼼꼼해요,편리해요,Y
DP_205,덴프스 혈당케어 프로 4박스/8개월분,https://smartstore.naver.com/main/products/8816204188,2023-07-12,5,알이작아 먹기 너무 편해요,,아주 넉넉해요,적당해요,편리해요,Y
DP_205,덴프스 혈당케어 프로 4박스/8개월분,https://smartstore.naver.com/main/products/8816204188,2023-07-12,5,먹고 효과있으면 좋겠어요~~,,아주 넉넉해요,꼼꼼해요,편리해요,Y
DP_205,덴프스 혈당케어 프로 4박스/8개월분,https://smartstore.naver.com/main/products/8816204188,2023-07-12,5,"남편 혈당이 걱정되어 구매했어요.
아직 먹기전이구요. 작아서 목넘김이 좋을거 같아요.꾸준히 먹게 하려구요",남성,아주 넉넉해요,꼼꼼해요,편리해요,Y
DP_205,덴프스 혈당케어 프로 4박스/8개월분,https://smartstore.naver.com/main/products/8816204188,2023-07-11,5,당뇨 전단계라 관리가 필요해서 구매했는데 먹기도 편하고 꾸준히 관리해보려구요~,여성,아주 넉넉해요,적당해요,편리해요,Y
DP_205,덴프스 혈당케어 프로 4박스/8개월분,https://smartstore.naver.com/main/products/8816204188,2023-07-11,5,먹기 편하게 되어 있어서 부담이 없네요.,남성,꽤 남았어요,꼼꼼해요,편리해요,Y
DP_205,덴프스 혈당케어 프로 4박스/8개월분,https://smartstore.naver.com/main/products/8816204188,2023-07-11,5,덴프스는 트루비타민도 구매해서 먹고있어요 이제품도 효과좋길 바랍니다,,꽤 남았어요,적당해요,편리해요,Y
DP_205,덴프스 혈당케어 프로 4박스/8개월분,https://smartstore.naver.com/main/products/8816204188,2023-07-09,5,"너무배송이빨라서 만족합니다
효과도좋길바래요^^",여성,아주 넉넉해요,꼼꼼해요,편리해요,Y
DP_205,덴프스 혈당케어 프로 4박스/8개월분,https://smartstore.naver.com/main/products/8816204188,2023-07-08,5,배송 완전빠르고 먹기도편한크기네요,남성,아주 넉넉해요,꼼꼼해요,편리해요,Y
DP_205,덴프스 혈당케어 프로 4박스/8개월분,https://smartstore.naver.com/main/products/8816204188,2023-07-06,5,"상품 다음날 바로 왔고 포장도 잘되서 왔어요
알약크기가 작아서 먹기편해요",,아주 넉넉해요,꼼꼼해요,편리해요,Y
