﻿상품코드,상품명,URL,날짜,별점,리뷰텍스트,구매자 성별,유통기한,포장,편리,판매여부
DP_034,덴프스 유산균이야기 1박스/2개월분 + 트루바이타민 액티브 1박스/1개월분 + 브랜드쇼핑백,https://smartstore.naver.com/main/products/11035551135,2025-08-05,5,"한달사용영양제란 먹는다고 뭔가 달라진걸 모르겠는데
유산균은 챙겨먹어야할듯해서 재구매했어요
한알씩 포장이 아니라 통에 들어서 부피 차지는 않하는데 아무래도 젖은 손이나 깨끗히 손 씻고 손에 한알씩 꺼내먹는 약간은 불편함ㅋ",,아주 넉넉해요,꼼꼼해요,편리해요,Y
DP_034,덴프스 유산균이야기 1박스/2개월분 + 트루바이타민 액티브 1박스/1개월분 + 브랜드쇼핑백,https://smartstore.naver.com/main/products/11035551135,2025-05-24,5,재구매한달사용가성비 좋고 효과 좋은 비타민,,아주 넉넉해요,꼼꼼해요,편리해요,Y
DP_034,덴프스 유산균이야기 1박스/2개월분 + 트루바이타민 액티브 1박스/1개월분 + 브랜드쇼핑백,https://smartstore.naver.com/main/products/11035551135,2025-05-22,5,액티브 기대하면서 주문했습니다 ㅎㅎ 꾸준히 먹어봐야겠어요,,아주 넉넉해요,꼼꼼해요,편리해요,Y
DP_034,덴프스 유산균이야기 1박스/2개월분 + 트루바이타민 액티브 1박스/1개월분 + 브랜드쇼핑백,https://smartstore.naver.com/main/products/11035551135,2025-04-24,5,"건강관심사 면역력
 한달사용유산균 덴프스꺼 먹은 이후로 계속 이거만 먹어요.
화장실 가기도 편해졌고, 먹기도 쉬워요!
통도 작아서 가지고 다니기도 너무 좋습니다
앞으로 더 애용하겠습니다!",여성,아주 넉넉해요,꼼꼼해요,편리해요,Y
DP_034,덴프스 유산균이야기 1박스/2개월분 + 트루바이타민 액티브 1박스/1개월분 + 브랜드쇼핑백,https://smartstore.naver.com/main/products/11035551135,2025-04-24,5,재구매구성이 맘에 들어요,,아주 넉넉해요,꼼꼼해요,편리해요,Y
DP_034,덴프스 유산균이야기 1박스/2개월분 + 트루바이타민 액티브 1박스/1개월분 + 브랜드쇼핑백,https://smartstore.naver.com/main/products/11035551135,2025-04-16,5,한달사용유산균만 사려다가 세트로 사본건데 비타민 좋아요!,,아주 넉넉해요,꼼꼼해요,편리해요,Y
DP_034,덴프스 유산균이야기 1박스/2개월분 + 트루바이타민 액티브 1박스/1개월분 + 브랜드쇼핑백,https://smartstore.naver.com/main/products/11035551135,2025-03-12,5,알이 작고 통도 작아서 너무 좋아요 꾸준히 먹어 보려구용!,,아주 넉넉해요,꼼꼼해요,편리해요,Y
DP_034,덴프스 유산균이야기 1박스/2개월분 + 트루바이타민 액티브 1박스/1개월분 + 브랜드쇼핑백,https://smartstore.naver.com/main/products/11035551135,2025-03-06,5,한달사용가성비 좋은 비타민에요,,아주 넉넉해요,꼼꼼해요,편리해요,Y
DP_034,덴프스 유산균이야기 1박스/2개월분 + 트루바이타민 액티브 1박스/1개월분 + 브랜드쇼핑백,https://smartstore.naver.com/main/products/11035551135,2025-02-16,5,"한달사용선물용으로 구입했어요
좋습니다",,아주 넉넉해요,꼼꼼해요,편리해요,Y
DP_034,덴프스 유산균이야기 1박스/2개월분 + 트루바이타민 액티브 1박스/1개월분 + 브랜드쇼핑백,https://smartstore.naver.com/main/products/11035551135,2025-02-06,5,한달사용항상 선물용으로 잘 사용하고 있습니다. 감사합니다.,,아주 넉넉해요,꼼꼼해요,편리해요,Y
DP_034,덴프스 유산균이야기 1박스/2개월분 + 트루바이타민 액티브 1박스/1개월분 + 브랜드쇼핑백,https://smartstore.naver.com/main/products/11035551135,2025-02-05,5,잘 먹을게요~~구성 좋아요,,아주 넉넉해요,꼼꼼해요,편리해요,Y
DP_034,덴프스 유산균이야기 1박스/2개월분 + 트루바이타민 액티브 1박스/1개월분 + 브랜드쇼핑백,https://smartstore.naver.com/main/products/11035551135,2025-02-02,5,"건강관심사 근육/체력
 영양제 관심많기도 하고. 다ㄷ떨어져 주문",여성,아주 넉넉해요,꼼꼼해요,편리해요,Y
DP_034,덴프스 유산균이야기 1박스/2개월분 + 트루바이타민 액티브 1박스/1개월분 + 브랜드쇼핑백,https://smartstore.naver.com/main/products/11035551135,2025-01-13,5,한달사용효과가 좋아요 잘 쓰고 있습니다,,꽤 남았어요,적당해요,그냥그래요,Y
DP_034,덴프스 유산균이야기 1박스/2개월분 + 트루바이타민 액티브 1박스/1개월분 + 브랜드쇼핑백,https://smartstore.naver.com/main/products/11035551135,2025-01-11,5,한달사용스스로 선물 건강하게 지냐려구 챙겻어요 구성 좋아요,,아주 넉넉해요,꼼꼼해요,편리해요,Y
DP_034,덴프스 유산균이야기 1박스/2개월분 + 트루바이타민 액티브 1박스/1개월분 + 브랜드쇼핑백,https://smartstore.naver.com/main/products/11035551135,2025-01-03,5,"한달사용먹기가 편리합니다~ 유산균과 비타민을 같이 먹을 수 있어서 좋은 것 같아요! 특히 비타민은 여행갈 때 챙겨가기
좋네요!",,아주 넉넉해요,꼼꼼해요,편리해요,Y
DP_034,덴프스 유산균이야기 1박스/2개월분 + 트루바이타민 액티브 1박스/1개월분 + 브랜드쇼핑백,https://smartstore.naver.com/main/products/11035551135,2025-01-03,5,"한달사용처음 구매하는 거라 유산균이랑 같이 세트로 구매했는데, 만족스러워요!!
포로 되있는게 조금 더 비싸긴 하지만 챙겨다니기 편해서 딱 좋습니다!",,아주 넉넉해요,꼼꼼해요,편리해요,Y
DP_034,덴프스 유산균이야기 1박스/2개월분 + 트루바이타민 액티브 1박스/1개월분 + 브랜드쇼핑백,https://smartstore.naver.com/main/products/11035551135,2025-01-01,5,"한달사용빼먹지 않고 먹으려고 노력했는데, 비타민은 식후에 먹다보니 계속 잊어버리게 되더라구요. 유산균은 아침 공복에 한알만 먹으면 되서 먹기편하고 제가 장이 안좋은 편이라 가스가 많이 차고 장염도 자주 걸리는데, 전보다 조금 편해진 느낌이 있어서 유산균은 재구매의사가 있습니다",,아주 넉넉해요,꼼꼼해요,편리해요,Y
DP_034,덴프스 유산균이야기 1박스/2개월분 + 트루바이타민 액티브 1박스/1개월분 + 브랜드쇼핑백,https://smartstore.naver.com/main/products/11035551135,2025-01-01,5,"BEST한달사용기존에 먹던 유산균은 냉장보관이라 불편했어요~
차에 두고 출근길에 하나씩 털어먹어요..
약도 하나씩 딱딱 포장되어 있으니 소분한 필요없고 세상 편합니다~",여성,아주 넉넉해요,꼼꼼해요,편리해요,Y
DP_034,덴프스 유산균이야기 1박스/2개월분 + 트루바이타민 액티브 1박스/1개월분 + 브랜드쇼핑백,https://smartstore.naver.com/main/products/11035551135,2024-12-27,5,한달사용선물해줬엇는데 효과 좋다고 하네요 다먹으면 또 선물할 예정입니다,,꽤 남았어요,적당해요,편리해요,Y
DP_034,덴프스 유산균이야기 1박스/2개월분 + 트루바이타민 액티브 1박스/1개월분 + 브랜드쇼핑백,https://smartstore.naver.com/main/products/11035551135,2024-12-26,5,한달사용1포씩 되어있어서 먹기 편하고 확실히 비타민 B군이 들어있어서 그런지 먹은날은 피곤이 덜합니다. 비타민 먹으면 속쓰릴 때가 있었는데 빈속에 먹어도 편해요,,꽤 남았어요,적당해요,그냥그래요,Y
DP_034,덴프스 유산균이야기 1박스/2개월분 + 트루바이타민 액티브 1박스/1개월분 + 브랜드쇼핑백,https://smartstore.naver.com/main/products/11035551135,2024-12-23,5,선물용으로 자주 이용하고 있습니다. 감사합니다.,남성,꽤 남았어요,적당해요,편리해요,Y
DP_034,덴프스 유산균이야기 1박스/2개월분 + 트루바이타민 액티브 1박스/1개월분 + 브랜드쇼핑백,https://smartstore.naver.com/main/products/11035551135,2024-12-15,5,"친구에게 선물로 줬어요
배송도 빨랐고 포장도 꼼꼼했어요",여성,아주 넉넉해요,꼼꼼해요,편리해요,Y
DP_034,덴프스 유산균이야기 1박스/2개월분 + 트루바이타민 액티브 1박스/1개월분 + 브랜드쇼핑백,https://smartstore.naver.com/main/products/11035551135,2024-12-14,5,효과가 좋아요 너무 맘에들어요,,꽤 남았어요,적당해요,그냥그래요,Y
DP_034,덴프스 유산균이야기 1박스/2개월분 + 트루바이타민 액티브 1박스/1개월분 + 브랜드쇼핑백,https://smartstore.naver.com/main/products/11035551135,2024-12-06,5,먹기 편하고 좋아요~,,아주 넉넉해요,꼼꼼해요,편리해요,Y
DP_034,덴프스 유산균이야기 1박스/2개월분 + 트루바이타민 액티브 1박스/1개월분 + 브랜드쇼핑백,https://smartstore.naver.com/main/products/11035551135,2024-12-06,5,유산균은 덴프스만먹습니다 유산균종결 비타민구성으로 더좋습니다!,,아주 넉넉해요,꼼꼼해요,편리해요,Y
DP_034,덴프스 유산균이야기 1박스/2개월분 + 트루바이타민 액티브 1박스/1개월분 + 브랜드쇼핑백,https://smartstore.naver.com/main/products/11035551135,2024-12-05,5,배달빠르고 선물용 쇼핑백함께 와서 설물하기 좋아요,,아주 넉넉해요,꼼꼼해요,편리해요,Y
DP_034,덴프스 유산균이야기 1박스/2개월분 + 트루바이타민 액티브 1박스/1개월분 + 브랜드쇼핑백,https://smartstore.naver.com/main/products/11035551135,2024-12-03,5,"간편하게 뜯어먹을 수 있게
되어있어서 너무 좋아요~~~~^^ 유산균 알은 크지 않아서 목넘김도 쉽고 막기 편하게 되었있네요 !",여성,아주 넉넉해요,꼼꼼해요,편리해요,Y
DP_034,덴프스 유산균이야기 1박스/2개월분 + 트루바이타민 액티브 1박스/1개월분 + 브랜드쇼핑백,https://smartstore.naver.com/main/products/11035551135,2024-12-03,5,"처음 주문해봤는데 만족스러워요!! 한포씩 되어있는게 전 회사 챙겨다니기 좋아서 비싸더라도 더 좋더라구요.
그리고 유산균 정말 유명해서 궁금했는데, 규칙적으로 먹으니 도움이 되는 것 같네요!!",,꽤 남았어요,적당해요,편리해요,Y
DP_034,덴프스 유산균이야기 1박스/2개월분 + 트루바이타민 액티브 1박스/1개월분 + 브랜드쇼핑백,https://smartstore.naver.com/main/products/11035551135,2024-12-01,5,"비타민은 하루분량이 한봉지씩 소분되어있어서 휴대하기도 좋고, 한번에 먹어도 목넘김이 불편함이 없었습니다. 유산균 캡슐 한알씩 먹으면 되서 일어나자 마자 물마시면서 루틴처럼 먹기 좋습니다",,아주 넉넉해요,꼼꼼해요,편리해요,Y
DP_034,덴프스 유산균이야기 1박스/2개월분 + 트루바이타민 액티브 1박스/1개월분 + 브랜드쇼핑백,https://smartstore.naver.com/main/products/11035551135,2024-11-30,5,좋은 제품을 저렴한 가격에 샀어요. 꾸준히 먹겠습니다.,,아주 넉넉해요,꼼꼼해요,편리해요,Y
DP_034,덴프스 유산균이야기 1박스/2개월분 + 트루바이타민 액티브 1박스/1개월분 + 브랜드쇼핑백,https://smartstore.naver.com/main/products/11035551135,2024-11-30,5,먹기 편하고 좋습니다 굿뜨~ 건강챙기자,,아주 넉넉해요,꼼꼼해요,편리해요,Y
DP_034,덴프스 유산균이야기 1박스/2개월분 + 트루바이타민 액티브 1박스/1개월분 + 브랜드쇼핑백,https://smartstore.naver.com/main/products/11035551135,2024-11-29,5,꾸준히 먹어보려고 지인들 선물도 주고 저도 구매했습니다!,,아주 넉넉해요,꼼꼼해요,편리해요,Y
DP_034,덴프스 유산균이야기 1박스/2개월분 + 트루바이타민 액티브 1박스/1개월분 + 브랜드쇼핑백,https://smartstore.naver.com/main/products/11035551135,2024-11-29,5,"제가 먹을껀데.,포장부터 맘에들어요 ㅋ
유산균과 비타민이 딱 필요했어요~ 먹어보고 효과좋길~~~",여성,아주 넉넉해요,꼼꼼해요,편리해요,Y
DP_034,덴프스 유산균이야기 1박스/2개월분 + 트루바이타민 액티브 1박스/1개월분 + 브랜드쇼핑백,https://smartstore.naver.com/main/products/11035551135,2024-11-28,5,유산균이랑 종합비타민 세트로 있어서 입문용으로 사봤는데 약들이 전체적으로 작아서 목넘기기에 불편함 없이 잘 먹고있어요,,아주 넉넉해요,꼼꼼해요,편리해요,Y
DP_034,덴프스 유산균이야기 1박스/2개월분 + 트루바이타민 액티브 1박스/1개월분 + 브랜드쇼핑백,https://smartstore.naver.com/main/products/11035551135,2024-11-28,5,"빠른 배송 감사합니다!
열심히 챙겨먹을께요~ 한번씩 포장되어 있어서 챙겨먹기 너무 좋아요~",여성,아주 넉넉해요,꼼꼼해요,편리해요,Y
DP_034,덴프스 유산균이야기 1박스/2개월분 + 트루바이타민 액티브 1박스/1개월분 + 브랜드쇼핑백,https://smartstore.naver.com/main/products/11035551135,2024-11-27,5,"주변 추천으로 구매해보았습니다. 효과가 있었으면 좋겠어요,,~",,아주 넉넉해요,꼼꼼해요,편리해요,Y
DP_034,덴프스 유산균이야기 1박스/2개월분 + 트루바이타민 액티브 1박스/1개월분 + 브랜드쇼핑백,https://smartstore.naver.com/main/products/11035551135,2024-11-26,5,배송 빠르고 선물용으로 샀어요! 유산균은 먹어봤엇는데 괜찮았고 알약타입이라 먹기 편했어요 ㅎㅎㅎ 믿고 먹는 덴프스 받은사람도 좋아하네요 비타민 효능도 잘 맞앗음 좋겟어요,,꽤 남았어요,적당해요,그냥그래요,Y
DP_034,덴프스 유산균이야기 1박스/2개월분 + 트루바이타민 액티브 1박스/1개월분 + 브랜드쇼핑백,https://smartstore.naver.com/main/products/11035551135,2024-11-25,5,배송 빠르고 여행갈 때 따로 덜어가지 않고 팩으로 챙기면되니 편해요. 복용은 오늘 처음이라 아직 효과는 모르겠지만 만성피로가 있어 비타민 B가 도움이 될 것 같습니다.,,,,,Y
DP_034,덴프스 유산균이야기 1박스/2개월분 + 트루바이타민 액티브 1박스/1개월분 + 브랜드쇼핑백,https://smartstore.naver.com/main/products/11035551135,2024-11-24,5,배송 빠르고 먹기좋게 잘 포장되어 있어요,남성,아주 넉넉해요,꼼꼼해요,편리해요,Y
DP_034,덴프스 유산균이야기 1박스/2개월분 + 트루바이타민 액티브 1박스/1개월분 + 브랜드쇼핑백,https://smartstore.naver.com/main/products/11035551135,2024-11-22,5,"늘 먹던거고 선물도 하려고 삿어요
하루만에 오네요~",,꽤 남았어요,적당해요,편리해요,Y
DP_034,덴프스 유산균이야기 1박스/2개월분 + 트루바이타민 액티브 1박스/1개월분 + 브랜드쇼핑백,https://smartstore.naver.com/main/products/11035551135,2024-11-22,5,일찍도착해서 오늘부터 잘먹어볼개요,남성,아주 넉넉해요,꼼꼼해요,편리해요,Y
DP_034,덴프스 유산균이야기 1박스/2개월분 + 트루바이타민 액티브 1박스/1개월분 + 브랜드쇼핑백,https://smartstore.naver.com/main/products/11035551135,2024-11-21,5,마침 둘 다 필요했는데 패키지로 나와서 구매했습니다. 배송도 정말 빠르고 행사할 때 구매해서 저렴하게 구매했어요!,,아주 넉넉해요,꼼꼼해요,편리해요,Y
DP_034,덴프스 유산균이야기 1박스/2개월분 + 트루바이타민 액티브 1박스/1개월분 + 브랜드쇼핑백,https://smartstore.naver.com/main/products/11035551135,2024-11-21,5,"비타민아이 먹고 있었는데 오픈런으로 사봤어요..훨씬 회복력이 더 좋고 기운이 나네요^^ 중딩 아들도 힘들때나 시험기간에 먹여볼라고요. 여기꺼가 효과가 좋은것같아요,실패가 없습니다. 이벤트 할 때, 라방 할때 쟁여야겠어요.굳",,아주 넉넉해요,적당해요,편리해요,Y
DP_034,덴프스 유산균이야기 1박스/2개월분 + 트루바이타민 액티브 1박스/1개월분 + 브랜드쇼핑백,https://smartstore.naver.com/main/products/11035551135,2024-11-19,5,👍👍👍👍👍,,아주 넉넉해요,꼼꼼해요,편리해요,Y
