brand,search_volume,date
비에날씬,17.31123,2024-09-30
비에날씬,16.9429,2024-10-01
비에날씬,9.76058,2024-10-02
비에날씬,13.0755,2024-10-03
비에날씬,8.65561,2024-10-04
비에날씬,14.18047,2024-10-05
비에날씬,12.89134,2024-10-06
비에날씬,14.18047,2024-10-07
비에날씬,18.96869,2024-10-08
비에날씬,17.86372,2024-10-09
비에날씬,17.86372,2024-10-10
비에날씬,15.65377,2024-10-11
비에날씬,16.02209,2024-10-12
비에날씬,15.46961,2024-10-13
비에날씬,20.99447,2024-10-14
비에날씬,16.75874,2024-10-15
비에날씬,21.36279,2024-10-16
비에날씬,15.83793,2024-10-17
비에날씬,12.89134,2024-10-18
비에날씬,9.39226,2024-10-19
비에날씬,11.23388,2024-10-20
비에날씬,10.31307,2024-10-21
비에날씬,12.15469,2024-10-22
비에날씬,15.83793,2024-10-23
비에날씬,11.6022,2024-10-24
비에날씬,16.57458,2024-10-25
비에날씬,9.02394,2024-10-26
비에날씬,14.18047,2024-10-27
비에날씬,14.73296,2024-10-28
비에날씬,12.70718,2024-10-29
비에날씬,11.78637,2024-10-30
비에날씬,14.36464,2024-10-31
비에날씬,16.20626,2024-11-01
비에날씬,15.46961,2024-11-02
비에날씬,12.52302,2024-11-03
비에날씬,14.18047,2024-11-04
비에날씬,14.73296,2024-11-05
비에날씬,9.02394,2024-11-06
비에날씬,11.97053,2024-11-07
비에날씬,12.33885,2024-11-08
비에날씬,12.15469,2024-11-09
비에날씬,12.33885,2024-11-10
비에날씬,13.25966,2024-11-11
비에날씬,12.70718,2024-11-12
비에날씬,16.02209,2024-11-13
비에날씬,13.62799,2024-11-14
비에날씬,13.25966,2024-11-15
비에날씬,10.86556,2024-11-16
비에날씬,18.60036,2024-11-17
비에날씬,16.57458,2024-11-18
비에날씬,14.91712,2024-11-19
비에날씬,17.12707,2024-11-20
비에날씬,16.20626,2024-11-21
비에날씬,14.73296,2024-11-22
비에날씬,11.04972,2024-11-23
비에날씬,14.5488,2024-11-24
비에날씬,11.6022,2024-11-25
비에날씬,11.97053,2024-11-26
비에날씬,16.02209,2024-11-27
비에날씬,10.86556,2024-11-28
비에날씬,15.28545,2024-11-29
비에날씬,10.49723,2024-11-30
비에날씬,15.10128,2024-12-01
비에날씬,13.0755,2024-12-02
비에날씬,11.23388,2024-12-03
비에날씬,12.70718,2024-12-04
비에날씬,9.02394,2024-12-05
비에날씬,10.31307,2024-12-06
비에날씬,6.07734,2024-12-07
비에날씬,12.52302,2024-12-08
비에날씬,10.49723,2024-12-09
비에날씬,18.60036,2024-12-10
비에날씬,14.91712,2024-12-11
비에날씬,13.44383,2024-12-12
비에날씬,10.86556,2024-12-13
비에날씬,10.12891,2024-12-14
비에날씬,7.18232,2024-12-15
비에날씬,8.83977,2024-12-16
비에날씬,12.33885,2024-12-17
비에날씬,15.65377,2024-12-18
비에날씬,12.52302,2024-12-19
비에날씬,11.78637,2024-12-20
비에날씬,8.47145,2024-12-21
비에날씬,13.44383,2024-12-22
비에날씬,11.23388,2024-12-23
비에날씬,10.86556,2024-12-24
비에날씬,12.89134,2024-12-25
비에날씬,13.0755,2024-12-26
비에날씬,14.36464,2024-12-27
비에날씬,11.41804,2024-12-28
비에날씬,9.94475,2024-12-29
비에날씬,12.33885,2024-12-30
비에날씬,10.12891,2024-12-31
비에날씬,11.6022,2025-01-01
비에날씬,14.73296,2025-01-02
비에날씬,11.23388,2025-01-03
비에날씬,15.46961,2025-01-04
비에날씬,11.97053,2025-01-05
비에날씬,13.81215,2025-01-06
비에날씬,11.6022,2025-01-07
비에날씬,20.44198,2025-01-08
비에날씬,14.36464,2025-01-09
비에날씬,14.5488,2025-01-10
비에날씬,12.15469,2025-01-11
비에날씬,14.91712,2025-01-12
비에날씬,15.83793,2025-01-13
비에날씬,24.30939,2025-01-14
비에날씬,15.46961,2025-01-15
비에날씬,13.0755,2025-01-16
비에날씬,16.20626,2025-01-17
비에날씬,14.5488,2025-01-18
비에날씬,14.5488,2025-01-19
비에날씬,17.31123,2025-01-20
비에날씬,14.73296,2025-01-21
비에날씬,16.75874,2025-01-22
비에날씬,10.12891,2025-01-23
비에날씬,11.97053,2025-01-24
비에날씬,9.94475,2025-01-25
비에날씬,11.78637,2025-01-26
비에날씬,10.86556,2025-01-27
비에날씬,9.02394,2025-01-28
비에날씬,12.15469,2025-01-29
비에날씬,15.65377,2025-01-30
비에날씬,13.44383,2025-01-31
비에날씬,16.75874,2025-02-01
비에날씬,15.28545,2025-02-02
비에날씬,16.02209,2025-02-03
비에날씬,15.83793,2025-02-04
비에날씬,13.62799,2025-02-05
비에날씬,21.17863,2025-02-06
비에날씬,13.25966,2025-02-07
비에날씬,18.4162,2025-02-08
비에날씬,16.20626,2025-02-09
비에날씬,14.91712,2025-02-10
비에날씬,13.99631,2025-02-11
비에날씬,20.44198,2025-02-12
비에날씬,11.97053,2025-02-13
비에날씬,11.6022,2025-02-14
비에날씬,13.81215,2025-02-15
비에날씬,18.23204,2025-02-16
비에날씬,13.25966,2025-02-17
비에날씬,16.9429,2025-02-18
비에날씬,12.70718,2025-02-19
비에날씬,12.70718,2025-02-20
비에날씬,10.86556,2025-02-21
비에날씬,12.52302,2025-02-22
비에날씬,15.83793,2025-02-23
비에날씬,13.99631,2025-02-24
비에날씬,21.17863,2025-02-25
비에날씬,18.04788,2025-02-26
비에날씬,15.28545,2025-02-27
비에날씬,11.04972,2025-02-28
비에날씬,10.12891,2025-03-01
비에날씬,11.97053,2025-03-02
비에날씬,16.39042,2025-03-03
비에날씬,14.36464,2025-03-04
비에날씬,18.23204,2025-03-05
비에날씬,18.60036,2025-03-06
비에날씬,11.6022,2025-03-07
비에날씬,14.73296,2025-03-08
비에날씬,13.99631,2025-03-09
비에날씬,32.965,2025-03-10
비에날씬,19.15285,2025-03-11
비에날씬,18.04788,2025-03-12
비에날씬,19.33701,2025-03-13
비에날씬,15.10128,2025-03-14
비에날씬,19.33701,2025-03-15
비에날씬,17.86372,2025-03-16
비에날씬,14.18047,2025-03-17
비에날씬,17.12707,2025-03-18
비에날씬,15.83793,2025-03-19
비에날씬,15.65377,2025-03-20
비에날씬,14.36464,2025-03-21
비에날씬,12.70718,2025-03-22
비에날씬,14.73296,2025-03-23
비에날씬,14.73296,2025-03-24
비에날씬,14.5488,2025-03-25
비에날씬,19.15285,2025-03-26
비에날씬,16.39042,2025-03-27
비에날씬,11.97053,2025-03-28
비에날씬,14.73296,2025-03-29
비에날씬,10.68139,2025-03-30
비에날씬,10.86556,2025-03-31
비에날씬,12.70718,2025-04-01
비에날씬,10.49723,2025-04-02
비에날씬,14.36464,2025-04-03
비에날씬,9.2081,2025-04-04
비에날씬,11.23388,2025-04-05
비에날씬,14.91712,2025-04-06
비에날씬,16.9429,2025-04-07
비에날씬,12.70718,2025-04-08
비에날씬,17.31123,2025-04-09
비에날씬,23.57274,2025-04-10
비에날씬,11.97053,2025-04-11
비에날씬,18.23204,2025-04-12
비에날씬,18.60036,2025-04-13
비에날씬,18.96869,2025-04-14
비에날씬,20.25782,2025-04-15
비에날씬,23.57274,2025-04-16
비에날씬,14.5488,2025-04-17
비에날씬,16.02209,2025-04-18
비에날씬,13.81215,2025-04-19
비에날씬,11.97053,2025-04-20
비에날씬,12.52302,2025-04-21
비에날씬,16.39042,2025-04-22
비에날씬,20.44198,2025-04-23
비에날씬,17.31123,2025-04-24
비에날씬,16.9429,2025-04-25
비에날씬,15.46961,2025-04-26
비에날씬,15.83793,2025-04-27
비에날씬,19.70534,2025-04-28
비에날씬,20.07366,2025-04-29
비에날씬,19.33701,2025-04-30
비에날씬,18.4162,2025-05-01
비에날씬,17.49539,2025-05-02
비에날씬,15.46961,2025-05-03
비에날씬,18.04788,2025-05-04
비에날씬,17.67955,2025-05-05
비에날씬,14.91712,2025-05-06
비에날씬,17.49539,2025-05-07
비에날씬,18.23204,2025-05-08
비에날씬,19.15285,2025-05-09
비에날씬,28.54511,2025-05-10
비에날씬,22.09944,2025-05-11
비에날씬,17.31123,2025-05-12
비에날씬,25.59852,2025-05-13
비에날씬,18.60036,2025-05-14
비에날씬,21.91528,2025-05-15
비에날씬,18.04788,2025-05-16
비에날씬,18.23204,2025-05-17
비에날씬,20.81031,2025-05-18
비에날씬,18.04788,2025-05-19
비에날씬,18.96869,2025-05-20
비에날씬,18.96869,2025-05-21
비에날씬,20.25782,2025-05-22
비에날씬,16.20626,2025-05-23
비에날씬,16.9429,2025-05-24
비에날씬,13.99631,2025-05-25
비에날씬,21.17863,2025-05-26
비에날씬,18.60036,2025-05-27
비에날씬,20.62615,2025-05-28
비에날씬,18.4162,2025-05-29
비에날씬,14.36464,2025-05-30
비에날씬,10.68139,2025-05-31
비에날씬,18.78453,2025-06-01
비에날씬,20.81031,2025-06-02
비에날씬,13.25966,2025-06-03
비에날씬,15.83793,2025-06-04
비에날씬,16.57458,2025-06-05
비에날씬,19.8895,2025-06-06
비에날씬,19.52117,2025-06-07
비에날씬,18.23204,2025-06-08
비에날씬,14.36464,2025-06-09
비에날씬,20.99447,2025-06-10
비에날씬,23.57274,2025-06-11
비에날씬,19.15285,2025-06-12
비에날씬,21.36279,2025-06-13
비에날씬,15.65377,2025-06-14
비에날씬,19.52117,2025-06-15
비에날씬,16.39042,2025-06-16
비에날씬,20.07366,2025-06-17
비에날씬,17.67955,2025-06-18
비에날씬,18.78453,2025-06-19
비에날씬,16.39042,2025-06-20
비에날씬,16.02209,2025-06-21
비에날씬,17.86372,2025-06-22
비에날씬,14.18047,2025-06-23
비에날씬,18.78453,2025-06-24
비에날씬,23.02025,2025-06-25
비에날씬,19.8895,2025-06-26
비에날씬,12.52302,2025-06-27
비에날씬,20.07366,2025-06-28
비에날씬,20.07366,2025-06-29
비에날씬,16.20626,2025-06-30
비에날씬,16.20626,2025-07-01
비에날씬,13.25966,2025-07-02
비에날씬,25.59852,2025-07-03
비에날씬,14.91712,2025-07-04
비에날씬,20.44198,2025-07-05
비에날씬,14.18047,2025-07-06
비에날씬,14.18047,2025-07-07
비에날씬,16.75874,2025-07-08
비에날씬,21.36279,2025-07-09
비에날씬,31.30755,2025-07-10
비에날씬,18.23204,2025-07-11
비에날씬,23.7569,2025-07-12
비에날씬,21.17863,2025-07-13
비에날씬,25.59852,2025-07-14
비에날씬,19.8895,2025-07-15
비에날씬,24.67771,2025-07-16
비에날씬,19.52117,2025-07-17
비에날씬,17.31123,2025-07-18
비에날씬,23.57274,2025-07-19
비에날씬,21.54696,2025-07-20
비에날씬,20.99447,2025-07-21
비에날씬,20.07366,2025-07-22
비에날씬,19.52117,2025-07-23
비에날씬,21.17863,2025-07-24
비에날씬,14.91712,2025-07-25
비에날씬,17.86372,2025-07-26
비에날씬,20.81031,2025-07-27
비에날씬,12.52302,2025-07-28
비에날씬,18.96869,2025-07-29
비에날씬,24.67771,2025-07-30
비에날씬,17.49539,2025-07-31
비에날씬,20.81031,2025-08-01
비에날씬,20.07366,2025-08-02
비에날씬,19.15285,2025-08-03
비에날씬,16.75874,2025-08-04
비에날씬,25.96685,2025-08-05
비에날씬,21.54696,2025-08-06
비에날씬,27.6243,2025-08-07
비에날씬,16.39042,2025-08-08
비에날씬,26.70349,2025-08-09
비에날씬,25.78268,2025-08-10
비에날씬,23.02025,2025-08-11
비에날씬,27.99263,2025-08-12
비에날씬,26.51933,2025-08-13
비에날씬,20.44198,2025-08-14
비에날씬,22.2836,2025-08-15
비에날씬,23.57274,2025-08-16
비에날씬,24.12523,2025-08-17
비에날씬,21.36279,2025-08-18
비에날씬,25.41436,2025-08-19
비에날씬,27.6243,2025-08-20
비에날씬,24.12523,2025-08-21
비에날씬,24.12523,2025-08-22
비에날씬,17.31123,2025-08-23
비에날씬,23.7569,2025-08-24
비에날씬,22.65193,2025-08-25
비에날씬,22.83609,2025-08-26
비에날씬,29.0976,2025-08-27
비에날씬,20.99447,2025-08-28
비에날씬,18.96869,2025-08-29
비에날씬,18.60036,2025-08-30
비에날씬,20.44198,2025-08-31
비에날씬,28.36095,2025-09-01
비에날씬,22.83609,2025-09-02
비에날씬,23.57274,2025-09-03
비에날씬,26.15101,2025-09-04
비에날씬,20.99447,2025-09-05
비에날씬,14.36464,2025-09-06
비에날씬,19.70534,2025-09-07
비에날씬,20.62615,2025-09-08
비에날씬,20.99447,2025-09-09
비에날씬,24.12523,2025-09-10
비에날씬,25.04604,2025-09-11
비에날씬,19.70534,2025-09-12
비에날씬,13.25966,2025-09-13
비에날씬,25.04604,2025-09-14
비에날씬,19.8895,2025-09-15
비에날씬,23.02025,2025-09-16
비에날씬,18.4162,2025-09-17
비에날씬,19.15285,2025-09-18
비에날씬,13.62799,2025-09-19
비에날씬,13.99631,2025-09-20
비에날씬,21.17863,2025-09-21
비에날씬,20.99447,2025-09-22
비에날씬,28.54511,2025-09-23
비에날씬,21.91528,2025-09-24
비에날씬,33.70165,2025-09-25
비에날씬,22.65193,2025-09-26
비에날씬,28.17679,2025-09-27
비에날씬,37.20073,2025-09-28
비에날씬,31.12338,2025-09-29
비에날씬,30.20257,2025-09-30
락토핏,11.41804,2024-09-30
락토핏,9.02394,2024-10-01
락토핏,9.02394,2024-10-02
락토핏,8.10313,2024-10-03
락토핏,9.76058,2024-10-04
락토핏,7.7348,2024-10-05
락토핏,9.02394,2024-10-06
락토핏,13.0755,2024-10-07
락토핏,14.5488,2024-10-08
락토핏,13.0755,2024-10-09
락토핏,8.83977,2024-10-10
락토핏,11.78637,2024-10-11
락토핏,7.7348,2024-10-12
락토핏,11.41804,2024-10-13
락토핏,20.62615,2024-10-14
락토핏,13.99631,2024-10-15
락토핏,18.04788,2024-10-16
락토핏,15.28545,2024-10-17
락토핏,11.23388,2024-10-18
락토핏,10.31307,2024-10-19
락토핏,10.86556,2024-10-20
락토핏,12.52302,2024-10-21
락토핏,12.70718,2024-10-22
락토핏,9.39226,2024-10-23
락토핏,8.83977,2024-10-24
락토핏,5.34069,2024-10-25
락토핏,8.83977,2024-10-26
락토핏,9.57642,2024-10-27
락토핏,16.57458,2024-10-28
락토핏,14.91712,2024-10-29
락토핏,13.99631,2024-10-30
락토핏,10.68139,2024-10-31
락토핏,16.9429,2024-11-01
락토핏,7.18232,2024-11-02
락토핏,13.25966,2024-11-03
락토핏,18.4162,2024-11-04
락토핏,11.97053,2024-11-05
락토핏,10.31307,2024-11-06
락토핏,10.68139,2024-11-07
락토핏,7.7348,2024-11-08
락토핏,8.65561,2024-11-09
락토핏,9.39226,2024-11-10
락토핏,13.81215,2024-11-11
락토핏,11.97053,2024-11-12
락토핏,11.97053,2024-11-13
락토핏,7.7348,2024-11-14
락토핏,7.91896,2024-11-15
락토핏,9.57642,2024-11-16
락토핏,7.55064,2024-11-17
락토핏,11.78637,2024-11-18
락토핏,11.41804,2024-11-19
락토핏,13.25966,2024-11-20
락토핏,9.76058,2024-11-21
락토핏,9.94475,2024-11-22
락토핏,7.7348,2024-11-23
락토핏,8.65561,2024-11-24
락토핏,13.25966,2024-11-25
락토핏,9.57642,2024-11-26
락토핏,7.7348,2024-11-27
락토핏,10.12891,2024-11-28
락토핏,4.78821,2024-11-29
락토핏,10.31307,2024-11-30
락토핏,11.41804,2024-12-01
락토핏,9.2081,2024-12-02
락토핏,12.89134,2024-12-03
락토핏,10.68139,2024-12-04
락토핏,11.97053,2024-12-05
락토핏,10.12891,2024-12-06
락토핏,7.7348,2024-12-07
락토핏,8.65561,2024-12-08
락토핏,13.25966,2024-12-09
락토핏,11.41804,2024-12-10
락토핏,9.57642,2024-12-11
락토핏,10.49723,2024-12-12
락토핏,10.31307,2024-12-13
락토핏,8.47145,2024-12-14
락토핏,11.6022,2024-12-15
락토핏,12.52302,2024-12-16
락토핏,14.18047,2024-12-17
락토핏,11.04972,2024-12-18
락토핏,11.97053,2024-12-19
락토핏,8.47145,2024-12-20
락토핏,8.28729,2024-12-21
락토핏,11.23388,2024-12-22
락토핏,11.41804,2024-12-23
락토핏,11.41804,2024-12-24
락토핏,6.26151,2024-12-25
락토핏,15.28545,2024-12-26
락토핏,9.2081,2024-12-27
락토핏,11.78637,2024-12-28
락토핏,11.41804,2024-12-29
락토핏,10.86556,2024-12-30
락토핏,6.99815,2024-12-31
락토핏,10.86556,2025-01-01
락토핏,13.0755,2025-01-02
락토핏,9.2081,2025-01-03
락토핏,10.86556,2025-01-04
락토핏,13.0755,2025-01-05
락토핏,20.44198,2025-01-06
락토핏,13.99631,2025-01-07
락토핏,13.81215,2025-01-08
락토핏,12.52302,2025-01-09
락토핏,11.23388,2025-01-10
락토핏,12.70718,2025-01-11
락토핏,15.28545,2025-01-12
락토핏,20.07366,2025-01-13
락토핏,14.73296,2025-01-14
락토핏,11.23388,2025-01-15
락토핏,16.20626,2025-01-16
락토핏,16.57458,2025-01-17
락토핏,14.73296,2025-01-18
락토핏,10.86556,2025-01-19
락토핏,17.49539,2025-01-20
락토핏,17.67955,2025-01-21
락토핏,13.62799,2025-01-22
락토핏,14.91712,2025-01-23
락토핏,12.33885,2025-01-24
락토핏,8.28729,2025-01-25
락토핏,7.18232,2025-01-26
락토핏,7.18232,2025-01-27
락토핏,11.6022,2025-01-28
락토핏,6.62983,2025-01-29
락토핏,11.04972,2025-01-30
락토핏,8.10313,2025-01-31
락토핏,11.6022,2025-02-01
락토핏,11.78637,2025-02-02
락토핏,13.62799,2025-02-03
락토핏,12.15469,2025-02-04
락토핏,14.18047,2025-02-05
락토핏,11.6022,2025-02-06
락토핏,9.76058,2025-02-07
락토핏,11.23388,2025-02-08
락토핏,12.70718,2025-02-09
락토핏,13.44383,2025-02-10
락토핏,12.33885,2025-02-11
락토핏,13.0755,2025-02-12
락토핏,11.23388,2025-02-13
락토핏,15.83793,2025-02-14
락토핏,9.57642,2025-02-15
락토핏,14.36464,2025-02-16
락토핏,16.57458,2025-02-17
락토핏,18.60036,2025-02-18
락토핏,14.73296,2025-02-19
락토핏,16.9429,2025-02-20
락토핏,11.23388,2025-02-21
락토핏,9.76058,2025-02-22
락토핏,11.23388,2025-02-23
락토핏,14.18047,2025-02-24
락토핏,15.46961,2025-02-25
락토핏,14.73296,2025-02-26
락토핏,9.76058,2025-02-27
락토핏,13.99631,2025-02-28
락토핏,14.18047,2025-03-01
락토핏,15.46961,2025-03-02
락토핏,15.46961,2025-03-03
락토핏,18.04788,2025-03-04
락토핏,16.39042,2025-03-05
락토핏,15.28545,2025-03-06
락토핏,13.0755,2025-03-07
락토핏,10.68139,2025-03-08
락토핏,11.78637,2025-03-09
락토핏,14.91712,2025-03-10
락토핏,13.0755,2025-03-11
락토핏,12.33885,2025-03-12
락토핏,11.23388,2025-03-13
락토핏,9.02394,2025-03-14
락토핏,6.44567,2025-03-15
락토핏,13.99631,2025-03-16
락토핏,19.70534,2025-03-17
락토핏,14.18047,2025-03-18
락토핏,12.15469,2025-03-19
락토핏,16.9429,2025-03-20
락토핏,14.36464,2025-03-21
락토핏,10.31307,2025-03-22
락토핏,10.31307,2025-03-23
락토핏,13.99631,2025-03-24
락토핏,11.97053,2025-03-25
락토핏,9.39226,2025-03-26
락토핏,11.97053,2025-03-27
락토핏,11.97053,2025-03-28
락토핏,9.76058,2025-03-29
락토핏,9.76058,2025-03-30
락토핏,11.97053,2025-03-31
락토핏,11.23388,2025-04-01
락토핏,12.70718,2025-04-02
락토핏,11.6022,2025-04-03
락토핏,9.2081,2025-04-04
락토핏,10.49723,2025-04-05
락토핏,13.0755,2025-04-06
락토핏,13.0755,2025-04-07
락토핏,13.99631,2025-04-08
락토핏,13.25966,2025-04-09
락토핏,10.49723,2025-04-10
락토핏,11.41804,2025-04-11
락토핏,8.65561,2025-04-12
락토핏,11.78637,2025-04-13
락토핏,11.78637,2025-04-14
락토핏,9.39226,2025-04-15
락토핏,8.28729,2025-04-16
락토핏,5.52486,2025-04-17
락토핏,12.15469,2025-04-18
락토핏,9.94475,2025-04-19
락토핏,9.39226,2025-04-20
락토핏,13.0755,2025-04-21
락토핏,12.33885,2025-04-22
락토핏,9.76058,2025-04-23
락토핏,9.02394,2025-04-24
락토핏,11.41804,2025-04-25
락토핏,7.18232,2025-04-26
락토핏,10.68139,2025-04-27
락토핏,11.41804,2025-04-28
락토핏,15.28545,2025-04-29
락토핏,14.18047,2025-04-30
락토핏,10.86556,2025-05-01
락토핏,10.31307,2025-05-02
락토핏,9.2081,2025-05-03
락토핏,12.33885,2025-05-04
락토핏,10.12891,2025-05-05
락토핏,13.25966,2025-05-06
락토핏,15.46961,2025-05-07
락토핏,18.23204,2025-05-08
락토핏,11.04972,2025-05-09
락토핏,10.49723,2025-05-10
락토핏,9.02394,2025-05-11
락토핏,20.99447,2025-05-12
락토핏,15.28545,2025-05-13
락토핏,13.62799,2025-05-14
락토핏,11.04972,2025-05-15
락토핏,10.12891,2025-05-16
락토핏,8.83977,2025-05-17
락토핏,10.68139,2025-05-18
락토핏,13.44383,2025-05-19
락토핏,12.33885,2025-05-20
락토핏,9.76058,2025-05-21
락토핏,10.86556,2025-05-22
락토핏,9.76058,2025-05-23
락토핏,8.28729,2025-05-24
락토핏,7.55064,2025-05-25
락토핏,9.39226,2025-05-26
락토핏,12.15469,2025-05-27
락토핏,9.39226,2025-05-28
락토핏,7.18232,2025-05-29
락토핏,7.55064,2025-05-30
락토핏,7.55064,2025-05-31
락토핏,8.28729,2025-06-01
락토핏,12.33885,2025-06-02
락토핏,10.31307,2025-06-03
락토핏,9.02394,2025-06-04
락토핏,6.26151,2025-06-05
락토핏,9.94475,2025-06-06
락토핏,8.10313,2025-06-07
락토핏,5.15653,2025-06-08
락토핏,13.81215,2025-06-09
락토핏,9.57642,2025-06-10
락토핏,14.73296,2025-06-11
락토핏,10.68139,2025-06-12
락토핏,9.02394,2025-06-13
락토핏,7.91896,2025-06-14
락토핏,9.39226,2025-06-15
락토핏,13.25966,2025-06-16
락토핏,9.94475,2025-06-17
락토핏,11.23388,2025-06-18
락토핏,7.91896,2025-06-19
락토핏,7.7348,2025-06-20
락토핏,7.7348,2025-06-21
락토핏,7.18232,2025-06-22
락토핏,10.86556,2025-06-23
락토핏,10.12891,2025-06-24
락토핏,10.49723,2025-06-25
락토핏,12.70718,2025-06-26
락토핏,8.83977,2025-06-27
락토핏,10.31307,2025-06-28
락토핏,9.57642,2025-06-29
락토핏,10.31307,2025-06-30
락토핏,9.2081,2025-07-01
락토핏,8.83977,2025-07-02
락토핏,10.12891,2025-07-03
락토핏,8.10313,2025-07-04
락토핏,9.94475,2025-07-05
락토핏,11.04972,2025-07-06
락토핏,8.83977,2025-07-07
락토핏,9.02394,2025-07-08
락토핏,9.94475,2025-07-09
락토핏,8.28729,2025-07-10
락토핏,6.99815,2025-07-11
락토핏,7.36648,2025-07-12
락토핏,6.62983,2025-07-13
락토핏,8.28729,2025-07-14
락토핏,7.36648,2025-07-15
락토핏,11.78637,2025-07-16
락토핏,9.76058,2025-07-17
락토핏,9.94475,2025-07-18
락토핏,5.15653,2025-07-19
락토핏,11.04972,2025-07-20
락토핏,8.65561,2025-07-21
락토핏,9.02394,2025-07-22
락토핏,10.49723,2025-07-23
락토핏,9.2081,2025-07-24
락토핏,9.94475,2025-07-25
락토핏,8.83977,2025-07-26
락토핏,8.28729,2025-07-27
락토핏,8.83977,2025-07-28
락토핏,7.91896,2025-07-29
락토핏,8.28729,2025-07-30
락토핏,10.12891,2025-07-31
락토핏,8.47145,2025-08-01
락토핏,7.55064,2025-08-02
락토핏,5.89318,2025-08-03
락토핏,11.23388,2025-08-04
락토핏,9.2081,2025-08-05
락토핏,10.68139,2025-08-06
락토핏,10.12891,2025-08-07
락토핏,9.2081,2025-08-08
락토핏,9.76058,2025-08-09
락토핏,9.94475,2025-08-10
락토핏,9.76058,2025-08-11
락토핏,10.31307,2025-08-12
락토핏,9.94475,2025-08-13
락토핏,7.55064,2025-08-14
락토핏,8.28729,2025-08-15
락토핏,9.76058,2025-08-16
락토핏,9.76058,2025-08-17
락토핏,12.52302,2025-08-18
락토핏,9.57642,2025-08-19
락토핏,9.94475,2025-08-20
락토핏,11.41804,2025-08-21
락토핏,7.91896,2025-08-22
락토핏,4.97237,2025-08-23
락토핏,6.81399,2025-08-24
락토핏,7.7348,2025-08-25
락토핏,7.91896,2025-08-26
락토핏,9.02394,2025-08-27
락토핏,9.39226,2025-08-28
락토핏,6.81399,2025-08-29
락토핏,6.62983,2025-08-30
락토핏,9.94475,2025-08-31
락토핏,11.6022,2025-09-01
락토핏,8.47145,2025-09-02
락토핏,10.68139,2025-09-03
락토핏,9.2081,2025-09-04
락토핏,7.7348,2025-09-05
락토핏,6.99815,2025-09-06
락토핏,10.12891,2025-09-07
락토핏,9.39226,2025-09-08
락토핏,8.10313,2025-09-09
락토핏,12.15469,2025-09-10
락토핏,12.33885,2025-09-11
락토핏,13.81215,2025-09-12
락토핏,6.26151,2025-09-13
락토핏,6.81399,2025-09-14
락토핏,11.04972,2025-09-15
락토핏,13.44383,2025-09-16
락토핏,7.18232,2025-09-17
락토핏,9.57642,2025-09-18
락토핏,7.7348,2025-09-19
락토핏,9.76058,2025-09-20
락토핏,11.41804,2025-09-21
락토핏,11.41804,2025-09-22
락토핏,13.44383,2025-09-23
락토핏,13.0755,2025-09-24
락토핏,13.44383,2025-09-25
락토핏,10.31307,2025-09-26
락토핏,9.02394,2025-09-27
락토핏,9.02394,2025-09-28
락토핏,10.12891,2025-09-29
락토핏,13.25966,2025-09-30
덴마크 유산균,52.11786,2024-09-30
덴마크 유산균,54.14364,2024-10-01
덴마크 유산균,50.27624,2024-10-02
덴마크 유산균,54.69613,2024-10-03
덴마크 유산균,64.27255,2024-10-04
덴마크 유산균,52.67034,2024-10-05
덴마크 유산균,56.72191,2024-10-06
덴마크 유산균,69.24493,2024-10-07
덴마크 유산균,69.24493,2024-10-08
덴마크 유산균,65.93001,2024-10-09
덴마크 유산균,61.1418,2024-10-10
덴마크 유산균,49.17127,2024-10-11
덴마크 유산균,42.17311,2024-10-12
덴마크 유산균,54.88029,2024-10-13
덴마크 유산균,83.9779,2024-10-14
덴마크 유산균,64.64088,2024-10-15
덴마크 유산균,82.5046,2024-10-16
덴마크 유산균,68.87661,2024-10-17
덴마크 유산균,62.98342,2024-10-18
덴마크 유산균,46.96132,2024-10-19
덴마크 유산균,57.45856,2024-10-20
덴마크 유산균,68.69244,2024-10-21
덴마크 유산균,53.03867,2024-10-22
덴마크 유산균,69.42909,2024-10-23
덴마크 유산균,47.14548,2024-10-24
덴마크 유산균,47.14548,2024-10-25
덴마크 유산균,41.80478,2024-10-26
덴마크 유산균,47.14548,2024-10-27
덴마크 유산균,69.61325,2024-10-28
덴마크 유산균,67.58747,2024-10-29
덴마크 유산균,63.72007,2024-10-30
덴마크 유산균,50.27624,2024-10-31
덴마크 유산균,51.9337,2024-11-01
덴마크 유산균,61.51012,2024-11-02
덴마크 유산균,75.32228,2024-11-03
덴마크 유산균,79.00552,2024-11-04
덴마크 유산균,61.69429,2024-11-05
덴마크 유산균,80.47882,2024-11-06
덴마크 유산균,63.16758,2024-11-07
덴마크 유산균,45.85635,2024-11-08
덴마크 유산균,44.93554,2024-11-09
덴마크 유산균,50.82872,2024-11-10
덴마크 유산균,100.0,2024-11-11
덴마크 유산균,63.53591,2024-11-12
덴마크 유산균,98.15837,2024-11-13
덴마크 유산균,71.8232,2024-11-14
덴마크 유산균,43.83057,2024-11-15
덴마크 유산균,48.06629,2024-11-16
덴마크 유산균,69.98158,2024-11-17
덴마크 유산균,79.55801,2024-11-18
덴마크 유산균,67.77163,2024-11-19
덴마크 유산균,61.32596,2024-11-20
덴마크 유산균,63.35174,2024-11-21
덴마크 유산균,36.46408,2024-11-22
덴마크 유산균,29.46593,2024-11-23
덴마크 유산균,34.4383,2024-11-24
덴마크 유산균,46.22467,2024-11-25
덴마크 유산균,44.38305,2024-11-26
덴마크 유산균,49.53959,2024-11-27
덴마크 유산균,37.38489,2024-11-28
덴마크 유산균,27.6243,2024-11-29
덴마크 유산균,22.46777,2024-11-30
덴마크 유산균,44.75138,2024-12-01
덴마크 유산균,42.17311,2024-12-02
덴마크 유산균,34.99079,2024-12-03
덴마크 유산균,36.09576,2024-12-04
덴마크 유산균,37.93738,2024-12-05
덴마크 유산균,26.51933,2024-12-06
덴마크 유산균,31.67587,2024-12-07
덴마크 유산균,33.70165,2024-12-08
덴마크 유산균,37.38489,2024-12-09
덴마크 유산균,35.17495,2024-12-10
덴마크 유산균,48.06629,2024-12-11
덴마크 유산균,35.9116,2024-12-12
덴마크 유산균,22.09944,2024-12-13
덴마크 유산균,73.2965,2024-12-14
덴마크 유산균,36.27992,2024-12-15
덴마크 유산균,38.67403,2024-12-16
덴마크 유산균,51.19705,2024-12-17
덴마크 유산균,38.3057,2024-12-18
덴마크 유산균,33.51749,2024-12-19
덴마크 유산균,28.36095,2024-12-20
덴마크 유산균,26.51933,2024-12-21
덴마크 유산균,37.38489,2024-12-22
덴마크 유산균,37.56906,2024-12-23
덴마크 유산균,31.12338,2024-12-24
덴마크 유산균,36.27992,2024-12-25
덴마크 유산균,34.4383,2024-12-26
덴마크 유산균,25.96685,2024-12-27
덴마크 유산균,30.20257,2024-12-28
덴마크 유산균,27.07182,2024-12-29
덴마크 유산균,33.70165,2024-12-30
덴마크 유산균,25.04604,2024-12-31
덴마크 유산균,46.04051,2025-01-01
덴마크 유산균,35.72744,2025-01-02
덴마크 유산균,31.12338,2025-01-03
덴마크 유산균,32.41252,2025-01-04
덴마크 유산균,42.90976,2025-01-05
덴마크 유산균,49.35543,2025-01-06
덴마크 유산균,48.06629,2025-01-07
덴마크 유산균,45.67219,2025-01-08
덴마크 유산균,42.54143,2025-01-09
덴마크 유산균,39.96316,2025-01-10
덴마크 유산균,27.99263,2025-01-11
덴마크 유산균,38.67403,2025-01-12
덴마크 유산균,45.30386,2025-01-13
덴마크 유산균,45.30386,2025-01-14
덴마크 유산균,40.69981,2025-01-15
덴마크 유산균,37.01657,2025-01-16
덴마크 유산균,28.36095,2025-01-17
덴마크 유산균,27.6243,2025-01-18
덴마크 유산균,30.93922,2025-01-19
덴마크 유산균,38.48987,2025-01-20
덴마크 유산균,46.22467,2025-01-21
덴마크 유산균,44.56721,2025-01-22
덴마크 유산균,41.98895,2025-01-23
덴마크 유산균,34.99079,2025-01-24
덴마크 유산균,25.59852,2025-01-25
덴마크 유산균,27.99263,2025-01-26
덴마크 유산균,25.04604,2025-01-27
덴마크 유산균,25.2302,2025-01-28
덴마크 유산균,31.30755,2025-01-29
덴마크 유산균,40.14732,2025-01-30
덴마크 유산균,37.20073,2025-01-31
덴마크 유산균,51.74953,2025-02-01
덴마크 유산균,52.11786,2025-02-02
덴마크 유산균,42.72559,2025-02-03
덴마크 유산균,44.75138,2025-02-04
덴마크 유산균,62.79926,2025-02-05
덴마크 유산균,35.54327,2025-02-06
덴마크 유산균,33.14917,2025-02-07
덴마크 유산균,29.83425,2025-02-08
덴마크 유산균,34.4383,2025-02-09
덴마크 유산균,40.51565,2025-02-10
덴마크 유산균,46.04051,2025-02-11
덴마크 유산균,29.65009,2025-02-12
덴마크 유산균,36.64825,2025-02-13
덴마크 유산균,35.72744,2025-02-14
덴마크 유산균,28.72928,2025-02-15
덴마크 유산균,36.27992,2025-02-16
덴마크 유산균,41.43646,2025-02-17
덴마크 유산균,47.14548,2025-02-18
덴마크 유산균,40.51565,2025-02-19
덴마크 유산균,39.96316,2025-02-20
덴마크 유산균,31.12338,2025-02-21
덴마크 유산균,27.44014,2025-02-22
덴마크 유산균,51.56537,2025-02-23
덴마크 유산균,41.43646,2025-02-24
덴마크 유산균,41.2523,2025-02-25
덴마크 유산균,40.69981,2025-02-26
덴마크 유산균,39.04235,2025-02-27
덴마크 유산균,25.59852,2025-02-28
덴마크 유산균,38.12154,2025-03-01
덴마크 유산균,39.779,2025-03-02
덴마크 유산균,41.98895,2025-03-03
덴마크 유산균,48.06629,2025-03-04
덴마크 유산균,42.90976,2025-03-05
덴마크 유산균,37.75322,2025-03-06
덴마크 유산균,39.41068,2025-03-07
덴마크 유산균,29.46593,2025-03-08
덴마크 유산균,42.35727,2025-03-09
덴마크 유산균,41.80478,2025-03-10
덴마크 유산균,38.3057,2025-03-11
덴마크 유산균,43.83057,2025-03-12
덴마크 유산균,45.1197,2025-03-13
덴마크 유산균,31.86003,2025-03-14
덴마크 유산균,25.59852,2025-03-15
덴마크 유산균,41.43646,2025-03-16
덴마크 유산균,42.54143,2025-03-17
덴마크 유산균,40.33149,2025-03-18
덴마크 유산균,57.82688,2025-03-19
덴마크 유산균,33.51749,2025-03-20
덴마크 유산균,29.83425,2025-03-21
덴마크 유산균,22.83609,2025-03-22
덴마크 유산균,31.12338,2025-03-23
덴마크 유산균,30.5709,2025-03-24
덴마크 유산균,46.593,2025-03-25
덴마크 유산균,34.25414,2025-03-26
덴마크 유산균,30.20257,2025-03-27
덴마크 유산균,23.57274,2025-03-28
덴마크 유산균,17.31123,2025-03-29
덴마크 유산균,25.2302,2025-03-30
덴마크 유산균,29.0976,2025-03-31
덴마크 유산균,27.07182,2025-04-01
덴마크 유산균,34.62246,2025-04-02
덴마크 유산균,26.51933,2025-04-03
덴마크 유산균,19.70534,2025-04-04
덴마크 유산균,55.61694,2025-04-05
덴마크 유산균,35.72744,2025-04-06
덴마크 유산균,38.3057,2025-04-07
덴마크 유산균,36.09576,2025-04-08
덴마크 유산균,30.5709,2025-04-09
덴마크 유산균,27.6243,2025-04-10
덴마크 유산균,30.75506,2025-04-11
덴마크 유산균,30.75506,2025-04-12
덴마크 유산균,31.86003,2025-04-13
덴마크 유산균,41.80478,2025-04-14
덴마크 유산균,35.54327,2025-04-15
덴마크 유산균,34.62246,2025-04-16
덴마크 유산균,32.59668,2025-04-17
덴마크 유산균,31.49171,2025-04-18
덴마크 유산균,23.02025,2025-04-19
덴마크 유산균,23.94106,2025-04-20
덴마크 유산균,26.51933,2025-04-21
덴마크 유산균,39.22651,2025-04-22
덴마크 유산균,36.27992,2025-04-23
덴마크 유산균,24.67771,2025-04-24
덴마크 유산균,25.78268,2025-04-25
덴마크 유산균,14.91712,2025-04-26
덴마크 유산균,21.54696,2025-04-27
덴마크 유산균,28.54511,2025-04-28
덴마크 유산균,24.86187,2025-04-29
덴마크 유산균,29.0976,2025-04-30
덴마크 유산균,27.44014,2025-05-01
덴마크 유산균,24.12523,2025-05-02
덴마크 유산균,21.73112,2025-05-03
덴마크 유산균,26.51933,2025-05-04
덴마크 유산균,28.17679,2025-05-05
덴마크 유산균,48.06629,2025-05-06
덴마크 유산균,47.69797,2025-05-07
덴마크 유산균,36.27992,2025-05-08
덴마크 유산균,27.80847,2025-05-09
덴마크 유산균,24.67771,2025-05-10
덴마크 유산균,28.91344,2025-05-11
덴마크 유산균,30.75506,2025-05-12
덴마크 유산균,29.0976,2025-05-13
덴마크 유산균,40.69981,2025-05-14
덴마크 유산균,28.91344,2025-05-15
덴마크 유산균,27.44014,2025-05-16
덴마크 유산균,24.86187,2025-05-17
덴마크 유산균,26.15101,2025-05-18
덴마크 유산균,36.27992,2025-05-19
덴마크 유산균,33.33333,2025-05-20
덴마크 유산균,34.80662,2025-05-21
덴마크 유산균,24.67771,2025-05-22
덴마크 유산균,21.36279,2025-05-23
덴마크 유산균,20.99447,2025-05-24
덴마크 유산균,21.91528,2025-05-25
덴마크 유산균,28.91344,2025-05-26
덴마크 유산균,28.36095,2025-05-27
덴마크 유산균,32.22836,2025-05-28
덴마크 유산균,25.2302,2025-05-29
덴마크 유산균,26.88766,2025-05-30
덴마크 유산균,24.49355,2025-05-31
덴마크 유산균,34.4383,2025-06-01
덴마크 유산균,38.12154,2025-06-02
덴마크 유산균,33.88581,2025-06-03
덴마크 유산균,40.51565,2025-06-04
덴마크 유산균,34.25414,2025-06-05
덴마크 유산균,27.80847,2025-06-06
덴마크 유산균,25.78268,2025-06-07
덴마크 유산균,30.93922,2025-06-08
덴마크 유산균,34.06998,2025-06-09
덴마크 유산균,34.99079,2025-06-10
덴마크 유산균,27.6243,2025-06-11
덴마크 유산균,31.67587,2025-06-12
덴마크 유산균,28.54511,2025-06-13
덴마크 유산균,19.8895,2025-06-14
덴마크 유산균,26.70349,2025-06-15
덴마크 유산균,25.41436,2025-06-16
덴마크 유산균,30.75506,2025-06-17
덴마크 유산균,28.17679,2025-06-18
덴마크 유산균,41.06813,2025-06-19
덴마크 유산균,24.67771,2025-06-20
덴마크 유산균,22.46777,2025-06-21
덴마크 유산균,25.41436,2025-06-22
덴마크 유산균,30.01841,2025-06-23
덴마크 유산균,34.4383,2025-06-24
덴마크 유산균,36.46408,2025-06-25
덴마크 유산균,32.22836,2025-06-26
덴마크 유산균,23.94106,2025-06-27
덴마크 유산균,20.62615,2025-06-28
덴마크 유산균,33.14917,2025-06-29
덴마크 유산균,35.54327,2025-06-30
덴마크 유산균,37.01657,2025-07-01
덴마크 유산균,33.14917,2025-07-02
덴마크 유산균,50.4604,2025-07-03
덴마크 유산균,28.36095,2025-07-04
덴마크 유산균,21.36279,2025-07-05
덴마크 유산균,28.91344,2025-07-06
덴마크 유산균,48.61878,2025-07-07
덴마크 유산균,38.85819,2025-07-08
덴마크 유산균,41.2523,2025-07-09
덴마크 유산균,44.93554,2025-07-10
덴마크 유산균,26.51933,2025-07-11
덴마크 유산균,28.36095,2025-07-12
덴마크 유산균,30.75506,2025-07-13
덴마크 유산균,37.93738,2025-07-14
덴마크 유산균,43.46224,2025-07-15
덴마크 유산균,43.46224,2025-07-16
덴마크 유산균,37.38489,2025-07-17
덴마크 유산균,37.01657,2025-07-18
덴마크 유산균,28.54511,2025-07-19
덴마크 유산균,34.25414,2025-07-20
덴마크 유산균,41.98895,2025-07-21
덴마크 유산균,38.3057,2025-07-22
덴마크 유산균,36.64825,2025-07-23
덴마크 유산균,39.96316,2025-07-24
덴마크 유산균,27.44014,2025-07-25
덴마크 유산균,27.44014,2025-07-26
덴마크 유산균,29.46593,2025-07-27
덴마크 유산균,31.49171,2025-07-28
덴마크 유산균,30.5709,2025-07-29
덴마크 유산균,41.06813,2025-07-30
덴마크 유산균,38.48987,2025-07-31
덴마크 유산균,41.2523,2025-08-01
덴마크 유산균,34.80662,2025-08-02
덴마크 유산균,40.51565,2025-08-03
덴마크 유산균,55.24861,2025-08-04
덴마크 유산균,37.93738,2025-08-05
덴마크 유산균,42.90976,2025-08-06
덴마크 유산균,42.17311,2025-08-07
덴마크 유산균,32.04419,2025-08-08
덴마크 유산균,31.30755,2025-08-09
덴마크 유산균,36.64825,2025-08-10
덴마크 유산균,36.83241,2025-08-11
덴마크 유산균,47.32965,2025-08-12
덴마크 유산균,35.17495,2025-08-13
덴마크 유산균,30.93922,2025-08-14
덴마크 유산균,26.33517,2025-08-15
덴마크 유산균,93.55432,2025-08-16
덴마크 유산균,41.80478,2025-08-17
덴마크 유산균,45.67219,2025-08-18
덴마크 유산균,64.64088,2025-08-19
덴마크 유산균,47.14548,2025-08-20
덴마크 유산균,45.85635,2025-08-21
덴마크 유산균,39.59484,2025-08-22
덴마크 유산균,33.33333,2025-08-23
덴마크 유산균,37.38489,2025-08-24
덴마크 유산균,47.32965,2025-08-25
덴마크 유산균,51.38121,2025-08-26
덴마크 유산균,46.40883,2025-08-27
덴마크 유산균,35.17495,2025-08-28
덴마크 유산균,35.72744,2025-08-29
덴마크 유산균,26.15101,2025-08-30
덴마크 유산균,34.25414,2025-08-31
덴마크 유산균,40.51565,2025-09-01
덴마크 유산균,55.24861,2025-09-02
덴마크 유산균,52.67034,2025-09-03
덴마크 유산균,40.14732,2025-09-04
덴마크 유산균,34.80662,2025-09-05
덴마크 유산균,29.65009,2025-09-06
덴마크 유산균,39.41068,2025-09-07
덴마크 유산균,43.83057,2025-09-08
덴마크 유산균,39.96316,2025-09-09
덴마크 유산균,36.64825,2025-09-10
덴마크 유산균,32.965,2025-09-11
덴마크 유산균,31.67587,2025-09-12
덴마크 유산균,29.65009,2025-09-13
덴마크 유산균,27.25598,2025-09-14
덴마크 유산균,40.14732,2025-09-15
덴마크 유산균,45.85635,2025-09-16
덴마크 유산균,33.51749,2025-09-17
덴마크 유산균,30.5709,2025-09-18
덴마크 유산균,29.0976,2025-09-19
덴마크 유산균,27.07182,2025-09-20
덴마크 유산균,24.49355,2025-09-21
덴마크 유산균,37.93738,2025-09-22
덴마크 유산균,38.85819,2025-09-23
덴마크 유산균,34.99079,2025-09-24
덴마크 유산균,32.78084,2025-09-25
덴마크 유산균,26.88766,2025-09-26
덴마크 유산균,21.36279,2025-09-27
덴마크 유산균,24.86187,2025-09-28
덴마크 유산균,32.78084,2025-09-29
덴마크 유산균,25.78268,2025-09-30
