﻿상품코드,상품명,URL,날짜,별점,리뷰텍스트,구매자 성별,유통기한,포장,편리,판매여부
LP_127,"종근당건강 아보카도 오일 250ml, 1개",https://smartstore.naver.com/main/products/711346829,2025-10-05,5,"용량: 250ml / 수량: 9개
포장꼼꼼해요맛 만족도맛있어요 한달사용좋아용~~~~~~~~~^^",,아주 넉넉해요,,,Y
LP_127,"종근당건강 아보카도 오일 250ml, 1개",https://smartstore.naver.com/main/products/711346829,2025-10-05,5,"용량: 250ml / 수량: 3개
포장꼼꼼해요맛 만족도맛있어요 올리브유보다 좋으거 같아요~~",,아주 넉넉해요,,,Y
LP_127,"종근당건강 아보카도 오일 250ml, 1개",https://smartstore.naver.com/main/products/711346829,2025-10-04,4,"용량: 250ml / 수량: 3개
구매자식이관심사 다이어트저속노화친환경",,아주 넉넉해요,"꼼꼼해요맛 만족도맛있어요 아주 싸고 좋아요
배송도 엄청 빠르고 리뷰가 도움이 되었나요",,Y
LP_127,"종근당건강 아보카도 오일 250ml, 1개",https://smartstore.naver.com/main/products/711346829,2025-10-03,5,"용량: 250ml / 수량: 3개
포장적당해요맛 만족도맛있어요 몇년째 늘 애용하는 제품입니다^^ 배송도 빠릅니다!!!",,꽤 남았어요,,,Y
LP_127,"종근당건강 아보카도 오일 250ml, 1개",https://smartstore.naver.com/main/products/711346829,2025-10-03,5,"용량: 250ml / 수량: 9개
포장적당해요맛 만족도맛있어요 요즘 대세 아보카도 오일이라 주문. 샐러드 소스로 오리브오일 대신 사용했는데 부드러움과 향이 좋음.",,꽤 남았어요,,,Y
LP_127,"종근당건강 아보카도 오일 250ml, 1개",https://smartstore.naver.com/main/products/711346829,2025-10-03,5,"용량: 250ml / 수량: 9개
구매자식이관심사 저속노화
포장꼼꼼해요맛 만족도맛있어요 콩기름, 카놀라유, 포도씨유 등을 대체하여 식용유로 사용하고 있는데, 좋은 것 같아요",,아주 넉넉해요,,,Y
LP_127,"종근당건강 아보카도 오일 250ml, 1개",https://smartstore.naver.com/main/products/711346829,2025-10-01,5,"용량: 250ml / 수량: 3개
포장꼼꼼해요맛 만족도맛있어요 재구매매일 아침 샐러드에 한숟갈씩 넣어서 먹고 있습니다.
먹어보니 좋아서 언니에게도 선물했네요 맛도 있고 포장도 깔끔하게 왔어요.",,꽤 남았어요,,,Y
LP_127,"종근당건강 아보카도 오일 250ml, 1개",https://smartstore.naver.com/main/products/711346829,2025-10-01,5,"용량: 250ml / 수량: 9개
포장꼼꼼해요맛 만족도맛있어요 항상 먹는제품이라서 좋아요. 포장도 좋아요.",,아주 넉넉해요,,,Y
LP_127,"종근당건강 아보카도 오일 250ml, 1개",https://smartstore.naver.com/main/products/711346829,2025-09-30,5,"용량: 250ml / 수량: 3개
포장적당해요맛 만족도맛있어요 배송진자빠르고 좋아요!",,아주 넉넉해요,,,Y
LP_127,"종근당건강 아보카도 오일 250ml, 1개",https://smartstore.naver.com/main/products/711346829,2025-09-30,5,"용량: 250ml / 수량: 9개
구매자식이관심사 친환경고단백저당",,아주 넉넉해요,꼼꼼해요맛 만족도맛있어요 좋은 가격에 구매 잘 활용해서 먹을거 같습니다 리뷰가 도움이 되었나요,,Y
LP_127,"종근당건강 아보카도 오일 250ml, 1개",https://smartstore.naver.com/main/products/711346829,2025-09-30,5,"용량: 250ml / 수량: 3개
구매자식이관심사 친환경",,아주 넉넉해요,"꼼꼼해요맛 만족도맛있어요 건강에도 좋고 발연점도 높은 아보카도 오일 즐겨 사용하고 있습니다 이미지 접고 펼치기 가능
내용 펼치고 접기
리뷰가 도움이 되었나요",,Y
LP_127,"종근당건강 아보카도 오일 250ml, 1개",https://smartstore.naver.com/main/products/711346829,2025-09-29,5,용량: 250ml / 수량: 1개,,아주 넉넉해요,꼼꼼해요맛 만족도맛있어요 재구매잘받앗어요감사합니다수고하세요 리뷰가 도움이 되었나요,,Y
LP_127,"종근당건강 아보카도 오일 250ml, 1개",https://smartstore.naver.com/main/products/711346829,2025-09-29,5,"용량: 250ml / 수량: 9개
포장꼼꼼해요맛 만족도맛있어요 아보카도 먹기불편해 오일로 먹을려고 주문했어요
여기저기 무난하게 잘 사용하고있어요 ^^",,아주 넉넉해요,,,Y
LP_127,"종근당건강 아보카도 오일 250ml, 1개",https://smartstore.naver.com/main/products/711346829,2025-09-28,4,"용량: 250ml / 수량: 9개
맛 만족도평범해요포장꼼꼼해요 안전하게 포장 잘 되어 왔습니다.",,꽤 남았어요,,,Y
LP_127,"종근당건강 아보카도 오일 250ml, 1개",https://smartstore.naver.com/main/products/711346829,2025-09-28,5,"용량: 250ml / 수량: 3개
구매자식이관심사 저당저속노화고단백
포장꼼꼼해요맛 만족도맛있어요 포장 꼼꼼하고 배송도. 빠르네요",,아주 넉넉해요,,,Y
LP_127,"종근당건강 아보카도 오일 250ml, 1개",https://smartstore.naver.com/main/products/711346829,2025-09-28,5,"용량: 250ml / 수량: 3개
포장꼼꼼해요맛 만족도맛있어요 배송도 빠르고 좋아요~~!",,아주 넉넉해요,,,Y
LP_127,"종근당건강 아보카도 오일 250ml, 1개",https://smartstore.naver.com/main/products/711346829,2025-09-27,5,"용량: 250ml / 수량: 3개
구매자식이관심사 저탄고지저당고단백",,꽤 남았어요,"적당해요맛 만족도맛있어요 올리브유랑 비교해보고 꾸준히 섭취할려고 일단 세병 시켜봤네요 공복에 한큰술씩 올리브유 섭취하고있는데 아보카도유가 더 낫대서 먹어보려고합니다 이미지 접고 펼치기 가능
내용 펼치고 접기
리뷰가 도움이 되었나요",,Y
LP_127,"종근당건강 아보카도 오일 250ml, 1개",https://smartstore.naver.com/main/products/711346829,2025-09-27,5,용량: 250ml / 수량: 9개,,아주 넉넉해요,"꼼꼼해요맛 만족도맛있어요 하나씩 사다먹다가 이번에 싸게 파는 걸 알고 구매했어요 배송도 빠르고 꼼꼼해서 좋아요 이미지 접고 펼치기 가능
내용 펼치고 접기
리뷰가 도움이 되었나요",,Y
LP_127,"종근당건강 아보카도 오일 250ml, 1개",https://smartstore.naver.com/main/products/711346829,2025-09-26,5,"용량: 250ml / 수량: 9개
포장꼼꼼해요맛 만족도맛있어요 깔끔하고 맛도 좋아요.",,아주 넉넉해요,,,Y
LP_127,"종근당건강 아보카도 오일 250ml, 1개",https://smartstore.naver.com/main/products/711346829,2025-09-26,5,"용량: 250ml / 수량: 3개
포장꼼꼼해요맛 만족도맛있어요 아보카도 오일이 몸에도 좋고 요리에 사용하기에도 좋고..여러병사서 나눠주기도 좋네요.",,아주 넉넉해요,,,Y
LP_127,"종근당건강 아보카도 오일 250ml, 1개",https://smartstore.naver.com/main/products/711346829,2025-09-26,5,"용량: 250ml / 수량: 3개
포장꼼꼼해요맛 만족도맛있어요 빠른배송과 홈쇼핑과 달리 3병씩 주문할 수 있어서 좋았습니다. 건강하게 잘 먹고 좋은 기회가 되면 다시 주문하겠습니다~",,아주 넉넉해요,,,Y
LP_127,"종근당건강 아보카도 오일 250ml, 1개",https://smartstore.naver.com/main/products/711346829,2025-09-24,5,"용량: 250ml / 수량: 9개
포장꼼꼼해요맛 만족도맛있어요 저렴한 가격에 선물용으로 구매했어요. 좋네요.",,아주 넉넉해요,,,Y
LP_127,"종근당건강 아보카도 오일 250ml, 1개",https://smartstore.naver.com/main/products/711346829,2025-09-23,3,"용량: 250ml / 수량: 3개
맛 만족도평범해요",,꽤 남았어요,"적당해요 포장 박스가 오픈되어 도착된점은 포장에 더 꼼꼼히 신경써야될듯합니다 이미지 접고 펼치기 가능
내용 펼치고 접기
리뷰가 도움이 되었나요",,Y
LP_127,"종근당건강 아보카도 오일 250ml, 1개",https://smartstore.naver.com/main/products/711346829,2025-09-23,5,"용량: 250ml / 수량: 3개
구매자식이관심사 다이어트저당저속노화
맛 만족도평범해요포장적당해요 아보카도가 혈당에 좋다는 이야기를 듣고 아침마다 먹고 있어요. 한달 후 혈당이 궁금해지네요.",,꽤 남았어요,,,Y
LP_127,"종근당건강 아보카도 오일 250ml, 1개",https://smartstore.naver.com/main/products/711346829,2025-09-22,5,"용량: 250ml / 수량: 2개
포장꼼꼼해요맛 만족도맛있어요 올리브오일보다 좋다고 하길래 사봤어요
작은 용량이라 안심하고 먹으려고요^^",,아주 넉넉해요,,,Y
LP_127,"종근당건강 아보카도 오일 250ml, 1개",https://smartstore.naver.com/main/products/711346829,2025-09-21,5,"용량: 250ml / 수량: 3개
포장꼼꼼해요맛 만족도맛있어요 좋아요!!!!!!!",,아주 넉넉해요,,,Y
LP_127,"종근당건강 아보카도 오일 250ml, 1개",https://smartstore.naver.com/main/products/711346829,2025-09-21,5,"용량: 250ml / 수량: 9개
구매자식이관심사 저속노화",,아주 넉넉해요,"꼼꼼해요맛 만족도맛있어요 아보카도오일이 몸에 좋다하여 구매하였네요 이미지 접고 펼치기 가능
내용 펼치고 접기
리뷰가 도움이 되었나요",,Y
LP_127,"종근당건강 아보카도 오일 250ml, 1개",https://smartstore.naver.com/main/products/711346829,2025-09-21,5,"용량: 250ml / 수량: 9개
맛 만족도평범해요포장적당해요 한달사용잘 먹고 있습니다.",,꽤 남았어요,,,Y
LP_127,"종근당건강 아보카도 오일 250ml, 1개",https://smartstore.naver.com/main/products/711346829,2025-09-20,5,"용량: 250ml / 수량: 3개
포장꼼꼼해요맛 만족도맛있어요 포장상태도 꼼꼼하고 아주 좋아요.",,아주 넉넉해요,,,Y
LP_127,"종근당건강 아보카도 오일 250ml, 1개",https://smartstore.naver.com/main/products/711346829,2025-09-20,5,"용량: 250ml / 수량: 9개
구매자식이관심사 저탄고지
포장꼼꼼해요맛 만족도맛있어요 포장도 꼼꼼하고 가격도 저렴함은 물론이고 배송이 완전 빠르네요.평소 구매하고싶었는데 저렴하게 잘구매했습니다.",,아주 넉넉해요,,,Y
LP_127,"종근당건강 아보카도 오일 250ml, 1개",https://smartstore.naver.com/main/products/711346829,2025-09-20,3,"용량: 250ml / 수량: 3개
맛 만족도평범해요포장적당해요 불포하지방산 함량이 높아서 구매했어요. 선물도 하고 잘 먹어 보렵니다.",,아주 넉넉해요,,,Y
LP_127,"종근당건강 아보카도 오일 250ml, 1개",https://smartstore.naver.com/main/products/711346829,2025-09-19,5,"용량: 250ml / 수량: 3개
포장꼼꼼해요맛 만족도맛있어요 아보카도 오일이 좋다고 해서 구입했어요. 빠른 배송 감사합니다",,아주 넉넉해요,,,Y
LP_127,"종근당건강 아보카도 오일 250ml, 1개",https://smartstore.naver.com/main/products/711346829,2025-09-18,5,"용량: 250ml / 수량: 9개
포장꼼꼼해요맛 만족도맛있어요 Good good good",,아주 넉넉해요,,,Y
LP_127,"종근당건강 아보카도 오일 250ml, 1개",https://smartstore.naver.com/main/products/711346829,2025-09-18,4,"용량: 250ml / 수량: 9개
포장꼼꼼해요맛 만족도맛있어요 한달사용한병마다 포장되어있었고 깨진것없엇습니다. 다만 그냥 박스에 담겨있어서. 족므 불안하긴합니다.",,꽤 남았어요,,,Y
LP_127,"종근당건강 아보카도 오일 250ml, 1개",https://smartstore.naver.com/main/products/711346829,2025-09-18,4,용량: 250ml / 수량: 3개,,아주 넉넉해요,"꼼꼼해요맛 만족도맛있어요 캡슐로 먹었었는데 음식에 넣어 먹으려 구매합니다
빠른배송 감사합니다 이미지 접고 펼치기 가능
내용 펼치고 접기
리뷰가 도움이 되었나요",,Y
LP_127,"종근당건강 아보카도 오일 250ml, 1개",https://smartstore.naver.com/main/products/711346829,2025-09-16,5,"용량: 250ml / 수량: 9개
포장꼼꼼해요맛 만족도맛있어요 아보카도 오일이 좋다고 해서 구매했습니다
잘먹을게요~",,아주 넉넉해요,,,Y
LP_127,"종근당건강 아보카도 오일 250ml, 1개",https://smartstore.naver.com/main/products/711346829,2025-09-16,5,"용량: 250ml / 수량: 3개
구매자식이관심사 비건저속노화",,아주 넉넉해요,"꼼꼼해요맛 만족도맛있어요 종근당 믿음으로 구매했습니다 이미지 접고 펼치기 가능
내용 펼치고 접기
리뷰가 도움이 되었나요",,Y
LP_127,"종근당건강 아보카도 오일 250ml, 1개",https://smartstore.naver.com/main/products/711346829,2025-09-14,1,"용량: 250ml / 수량: 9개
포장별로예요맛 만족도맛있어요 포장이 허술해서 1병이 깨져 기름난리난리..박스가 기름에 흠벅젖어 기사님이 테이프 다시 붙이고ㅠㅠ 기사님도 허술한 포장 보시고 놀라긴하셨지만 배달 중 사고라 한병 값 변상해주시고 전 물건을 그냥 쓰고는 있지만 기름병 포장으로선 최악이예요. 포장에 좀 더 투자를 하세요... 
?
2",,꽤 남았어요,,,Y
LP_127,"종근당건강 아보카도 오일 250ml, 1개",https://smartstore.naver.com/main/products/711346829,2025-09-14,5,"용량: 250ml / 수량: 9개
포장꼼꼼해요맛 만족도맛있어요 늘 구매하는제품입니다.",,아주 넉넉해요,,,Y
LP_127,"종근당건강 아보카도 오일 250ml, 1개",https://smartstore.naver.com/main/products/711346829,2025-09-13,5,"용량: 250ml / 수량: 9개
포장꼼꼼해요맛 만족도맛있어요 재구매항상 건강하게 먹습니다요.",,아주 넉넉해요,,,Y
LP_127,"종근당건강 아보카도 오일 250ml, 1개",https://smartstore.naver.com/main/products/711346829,2025-09-13,5,"용량: 250ml / 수량: 9개
포장꼼꼼해요맛 만족도맛있어요 고소하고 너무 맛있어요. 양도 많아서 엄마도 나눠드리니 너무 좋아하시네요. 저렴한 가격에 주문할 수 있어서 더 만족해요",,아주 넉넉해요,,,Y
LP_127,"종근당건강 아보카도 오일 250ml, 1개",https://smartstore.naver.com/main/products/711346829,2025-09-13,5,"용량: 250ml / 수량: 3개
포장꼼꼼해요맛 만족도맛있어요 평소 샐러드에 올리브유만 넣어 먹다가 이번에 아보카도오일로 바꿔봤어요 높은온도 가열해도 좋다니 튀김용도로도 써봐야겠네요~써보고 좋으면 다시 주문할께요~^^",,아주 넉넉해요,,,Y
LP_127,"종근당건강 아보카도 오일 250ml, 1개",https://smartstore.naver.com/main/products/711346829,2025-09-13,5,"용량: 250ml / 수량: 3개
포장꼼꼼해요맛 만족도맛있어요 너무 좋은 제품 감사드립니다~",,아주 넉넉해요,,,Y
LP_127,"종근당건강 아보카도 오일 250ml, 1개",https://smartstore.naver.com/main/products/711346829,2025-09-13,5,"용량: 250ml / 수량: 3개
포장꼼꼼해요맛 만족도맛있어요 배송이 바로 다음날 도착~ 가격도 정말 좋아요....품질은 먹던거라 보장되는거고....포장이 정말 튼튼하게 왔어요...좋습니다...",,아주 넉넉해요,,,Y
LP_127,"종근당건강 아보카도 오일 250ml, 1개",https://smartstore.naver.com/main/products/711346829,2025-09-12,5,"용량: 250ml / 수량: 9개
구매자식이관심사 비건저당친환경
포장꼼꼼해요맛 만족도맛있어요 좋은가격으로 구매했어요~~가족건강 생각해서 좋은기름으로 요리해서 먹으면서 잘한듯해요..ㅎ 처음엔 냄새가 쫌 나서 걱정했는데 요리하다보면 그향으로 요리맛이 달라지진않아서 괜찮아요",,아주 넉넉해요,,,Y
LP_127,"종근당건강 아보카도 오일 250ml, 1개",https://smartstore.naver.com/main/products/711346829,2025-09-12,5,"용량: 250ml / 수량: 3개
포장꼼꼼해요맛 만족도맛있어요 좋아요~~~~~잘먹을께요",,아주 넉넉해요,,,Y
LP_127,"종근당건강 아보카도 오일 250ml, 1개",https://smartstore.naver.com/main/products/711346829,2025-09-11,5,"용량: 250ml / 수량: 9개
포장꼼꼼해요맛 만족도맛있어요 아보카도오일 애용자이며 배송이 빠르고 안전하게 잘 도착해 좋아요~~",,아주 넉넉해요,,,Y
LP_127,"종근당건강 아보카도 오일 250ml, 1개",https://smartstore.naver.com/main/products/711346829,2025-09-10,5,"용량: 250ml / 수량: 9개
포장꼼꼼해요맛 만족도맛있어요 종근당보고 구매했어요.",,아주 넉넉해요,,,Y
LP_127,"종근당건강 아보카도 오일 250ml, 1개",https://smartstore.naver.com/main/products/711346829,2025-09-10,5,"용량: 250ml / 수량: 3개
구매자식이관심사 다이어트
맛 만족도평범해요",,꽤 남았어요,적당해요 잘챙겨먹고 건강해질께요 리뷰가 도움이 되었나요,,Y
LP_127,"종근당건강 아보카도 오일 250ml, 1개",https://smartstore.naver.com/main/products/711346829,2025-09-10,5,"용량: 250ml / 수량: 3개
포장꼼꼼해요맛 만족도맛있어요 엄마가 항상 드시는 거예요
9병 사면 더 싸겠지만
오일을 오래 두고 먹기는 좀 그래서
3개 구성으로 샀어요
엄마가 만족 하십니다^^",,아주 넉넉해요,,,Y
LP_127,"종근당건강 아보카도 오일 250ml, 1개",https://smartstore.naver.com/main/products/711346829,2025-09-09,5,"용량: 250ml / 수량: 9개
맛 만족도평범해요",,꽤 남았어요,"적당해요 잘받았습니다 감사합니다 이미지 접고 펼치기 가능
내용 펼치고 접기
리뷰가 도움이 되었나요",,Y
LP_127,"종근당건강 아보카도 오일 250ml, 1개",https://smartstore.naver.com/main/products/711346829,2025-09-08,5,"용량: 250ml / 수량: 9개
포장꼼꼼해요맛 만족도맛있어요 재구매계속 이제품만 먹음. 신선합니다",,아주 넉넉해요,,,Y
LP_127,"종근당건강 아보카도 오일 250ml, 1개",https://smartstore.naver.com/main/products/711346829,2025-09-06,5,"용량: 250ml / 수량: 9개
구매자식이관심사 다이어트저속노화
포장꼼꼼해요맛 만족도맛있어요 좋은 기름으로 건강 되찾고 싶어요.",,아주 넉넉해요,,,Y
LP_127,"종근당건강 아보카도 오일 250ml, 1개",https://smartstore.naver.com/main/products/711346829,2025-09-06,5,"용량: 250ml / 수량: 9개
포장꼼꼼해요맛 만족도맛있어요 적은양으로 포장이 되어 있어서 좋와요~^^",,아주 넉넉해요,,,Y
LP_127,"종근당건강 아보카도 오일 250ml, 1개",https://smartstore.naver.com/main/products/711346829,2025-09-05,5,"용량: 250ml / 수량: 3개
포장꼼꼼해요맛 만족도맛있어요 재구매 입니다. 향이 없어서 좋아요.
요리할때 마구마구 쓰고 있어요.",,아주 넉넉해요,,,Y
LP_127,"종근당건강 아보카도 오일 250ml, 1개",https://smartstore.naver.com/main/products/711346829,2025-09-04,5,"용량: 250ml / 수량: 9개
구매자식이관심사 친환경비건
맛 만족도맛 없어요",,아주 넉넉해요,"적당해요 늘 사용하는제품입니다
빠른배송감사하며 포장이 심플한데
안전하게 잘 배송돼 다행입니다 리뷰가 도움이 되었나요",,Y
LP_127,"종근당건강 아보카도 오일 250ml, 1개",https://smartstore.naver.com/main/products/711346829,2025-09-04,5,"용량: 250ml / 수량: 3개
구매자식이관심사 다이어트
포장꼼꼼해요맛 만족도맛있어요 맨날 코스트코에서 파는 아보카도.오일만 먹다가 이 제품보니 사이즈는 진짜 작아요.근데 작은병이 산화도 덜 되고.신선할것같아요.소비기한은 넉넉합니다.",,아주 넉넉해요,,,Y
LP_127,"종근당건강 아보카도 오일 250ml, 1개",https://smartstore.naver.com/main/products/711346829,2025-09-04,5,"용량: 250ml / 수량: 9개
구매자식이관심사 저당저속노화친환경",,아주 넉넉해요,"꼼꼼해요맛 만족도맛있어요 합리적인 가격에 엑스트라버진급이라 만족합니다 이미지 접고 펼치기 가능
내용 펼치고 접기
리뷰가 도움이 되었나요",,Y
LP_127,"종근당건강 아보카도 오일 250ml, 1개",https://smartstore.naver.com/main/products/711346829,2025-09-04,5,"용량: 250ml / 수량: 9개
포장적당해요맛 만족도맛있어요 정품. 종근당박스로 받았는데. 낫바리 뽁뽁이
포장으로 왔네요. 기분 별로 안좋아요",,꽤 남았어요,,,Y
LP_127,"종근당건강 아보카도 오일 250ml, 1개",https://smartstore.naver.com/main/products/711346829,2025-09-02,5,"용량: 250ml / 수량: 3개
포장꼼꼼해요맛 만족도맛있어요 배송도 빠르고 저렴하게 구매했는데 맛나게 잘 먹을께요.",,아주 넉넉해요,,,Y
LP_127,"종근당건강 아보카도 오일 250ml, 1개",https://smartstore.naver.com/main/products/711346829,2025-09-01,4,"용량: 250ml / 수량: 9개
포장꼼꼼해요맛 만족도맛있어요 아보카도오일 좋다고해서 사용하고 있어요.
잘 타지않는것 같아서 좋아요",,아주 넉넉해요,,,Y
LP_127,"종근당건강 아보카도 오일 250ml, 1개",https://smartstore.naver.com/main/products/711346829,2025-09-01,5,"용량: 250ml / 수량: 3개
포장꼼꼼해요맛 만족도맛있어요 항상 애용하는 제품. 굿이예요.",,아주 넉넉해요,,,Y
LP_127,"종근당건강 아보카도 오일 250ml, 1개",https://smartstore.naver.com/main/products/711346829,2025-09-01,5,"용량: 250ml / 수량: 9개
포장꼼꼼해요맛 만족도맛있어요 배송이 빨라요. 안전하게 잘 포장되어 배달되었어여. 잘 먹겠습니다.",,아주 넉넉해요,,,Y
LP_127,"종근당건강 아보카도 오일 250ml, 1개",https://smartstore.naver.com/main/products/711346829,2025-08-31,5,"용량: 250ml / 수량: 3개
포장꼼꼼해요맛 만족도맛있어요 늘 재구매 하는 아보카드유 네요 넘 좋아요^^",,아주 넉넉해요,,,Y
LP_127,"종근당건강 아보카도 오일 250ml, 1개",https://smartstore.naver.com/main/products/711346829,2025-08-31,4,"용량: 250ml / 수량: 9개
맛 만족도평범해요포장꼼꼼해요 특별한 향이 없어서 좋네요..",,꽤 남았어요,,,Y
LP_127,"종근당건강 아보카도 오일 250ml, 1개",https://smartstore.naver.com/main/products/711346829,2025-08-31,4,"용량: 250ml / 수량: 3개
포장적당해요맛 만족도맛있어요 잘먹을께요~~~~~",,꽤 남았어요,,,Y
LP_127,"종근당건강 아보카도 오일 250ml, 1개",https://smartstore.naver.com/main/products/711346829,2025-08-30,5,"용량: 250ml / 수량: 9개
포장꼼꼼해요맛 만족도맛있어요 재구매건강해지는 맛입니다.",,아주 넉넉해요,,,Y
LP_127,"종근당건강 아보카도 오일 250ml, 1개",https://smartstore.naver.com/main/products/711346829,2025-08-30,5,"용량: 250ml / 수량: 9개
포장꼼꼼해요맛 만족도맛있어요 배송엄청빨라요~~~아침에 주문하니 당일밤에 도착했네요~~",,아주 넉넉해요,도 꼼꼼합니다 리뷰가 도움이 되었나요,,Y
LP_127,"종근당건강 아보카도 오일 250ml, 1개",https://smartstore.naver.com/main/products/711346829,2025-08-30,5,"용량: 250ml / 수량: 9개
포장꼼꼼해요맛 만족도맛있어요 배송 빠르고 좋아요:)",,아주 넉넉해요,,,Y
LP_127,"종근당건강 아보카도 오일 250ml, 1개",https://smartstore.naver.com/main/products/711346829,2025-08-30,5,"용량: 250ml / 수량: 9개
맛 만족도평범해요포장적당해요 먹을만해요.추천합니다",,꽤 남았어요,,,Y
LP_127,"종근당건강 아보카도 오일 250ml, 1개",https://smartstore.naver.com/main/products/711346829,2025-08-29,5,"용량: 250ml / 수량: 9개
포장꼼꼼해요맛 만족도맛있어요 항상 먹던건데
이번에 몇개월쉬엇어요.
없으니 너무 아쉬어서
급하게 구매햇는데
꼼꼼하게 포장되어
잘왓습니다
다 먹고 재구매하려구요
안심하고 주문하세요
좋습니다~~^^ 더보기",,아주 넉넉해요,,,Y
LP_127,"종근당건강 아보카도 오일 250ml, 1개",https://smartstore.naver.com/main/products/711346829,2025-08-29,5,"용량: 250ml / 수량: 9개
구매자식이관심사 고단백",,아주 넉넉해요,"꼼꼼해요맛 만족도맛있어요 파손없이 안전하게 배송되었네요
유통기간도 넉넉하고 샐러드 등 다양한 요리에 좋아요 이미지 접고 펼치기 가능
내용 펼치고 접기
리뷰가 도움이 되었나요",,Y
LP_127,"종근당건강 아보카도 오일 250ml, 1개",https://smartstore.naver.com/main/products/711346829,2025-08-29,5,"용량: 250ml / 수량: 9개
포장꼼꼼해요맛 만족도맛있어요 잘받았어요 ㅎㅎ 감사합니다",,꽤 남았어요,,,Y
LP_127,"종근당건강 아보카도 오일 250ml, 1개",https://smartstore.naver.com/main/products/711346829,2025-08-28,5,"용량: 250ml / 수량: 9개
포장꼼꼼해요맛 만족도맛있어요 달걀 프라이만 해먹다가 오늘 처음으로 아침에 빈속에 생 아보카도 오일을 먹었는데 전혀 부담되지 않더라고요. 아침에 배송 올지는 기대도 안했는데 배송 정말 짱으로 빠릅니다.",,아주 넉넉해요,,,Y
LP_127,"종근당건강 아보카도 오일 250ml, 1개",https://smartstore.naver.com/main/products/711346829,2025-08-28,5,"용량: 250ml / 수량: 3개
포장꼼꼼해요맛 만족도맛있어요 한달사용잘 사용중입니다~~~~",,아주 넉넉해요,,,Y
LP_127,"종근당건강 아보카도 오일 250ml, 1개",https://smartstore.naver.com/main/products/711346829,2025-08-28,3,"용량: 250ml / 수량: 9개
구매자식이관심사 저탄고지저속노화고단백
맛 만족도평범해요",,아주 넉넉해요,"꼼꼼해요 올리버유보단많이순하고조금멀거니해요
포장은백점
배송백점매우만족 이미지 접고 펼치기 가능
내용 펼치고 접기
리뷰가 도움이 되었나요",,Y
LP_127,"종근당건강 아보카도 오일 250ml, 1개",https://smartstore.naver.com/main/products/711346829,2025-08-28,5,"용량: 250ml / 수량: 9개
맛 만족도평범해요포장적당해요 저번에 2개 구입해서 썼는데 너무 좋았는데
이번에 세일해서 9병이나 샀어요
계란후라이 튀김류 어디든 사용가능해서
좋아요",,꽤 남았어요,,,Y
LP_127,"종근당건강 아보카도 오일 250ml, 1개",https://smartstore.naver.com/main/products/711346829,2025-08-27,5,"용량: 250ml / 수량: 9개
구매자식이관심사 저당고단백저속노화
포장적당해요맛 만족도맛있어요 야채 넣고 아포가토오일 오일만 뿌리면 끝이쥬 쉽쥬 ㅋㅋ 간안되면 소금살짝",,아주 넉넉해요,,,Y
LP_127,"종근당건강 아보카도 오일 250ml, 1개",https://smartstore.naver.com/main/products/711346829,2025-08-22,5,"용량: 250ml / 수량: 9개
구매자식이관심사 다이어트저속노화친환경",,아주 넉넉해요,"꼼꼼해요맛 만족도맛있어요 배송 무지빠르고 포장도 궁금합니다 이미지 접고 펼치기 가능
내용 펼치고 접기
리뷰가 도움이 되었나요",,Y
LP_127,"종근당건강 아보카도 오일 250ml, 1개",https://smartstore.naver.com/main/products/711346829,2025-08-22,5,"용량: 250ml / 수량: 3개
구매자식이관심사 저당친환경
맛 만족도평범해요포장꼼꼼해요 그 도만 올리브유 를 먹었었는데 높은 온도에서도 쓰기 좋다고 하니 잘 사용하고 있어요.",,아주 넉넉해요,,,Y
LP_127,"종근당건강 아보카도 오일 250ml, 1개",https://smartstore.naver.com/main/products/711346829,2025-08-21,5,"용량: 250ml / 수량: 9개
포장꼼꼼해요맛 만족도맛있어요 포장이 아주 꼼꼼하게 되어 와서 좋아요! 유통기한은 27년 2월이라 얼른 소비해야겠어요.",,꽤 남았어요,,,Y
LP_127,"종근당건강 아보카도 오일 250ml, 1개",https://smartstore.naver.com/main/products/711346829,2025-08-21,5,"용량: 250ml / 수량: 3개
포장꼼꼼해요맛 만족도맛있어요 배송빠릅니다. 제품은 포장 잘되어있고 잘 샀습니다~^^",,아주 넉넉해요,,,Y
LP_127,"종근당건강 아보카도 오일 250ml, 1개",https://smartstore.naver.com/main/products/711346829,2025-08-18,5,"용량: 250ml / 수량: 3개
구매자식이관심사 비건저당친환경
포장꼼꼼해요맛 만족도맛있어요 한달사용자주 먹던거라 또 시켜먹고 있고 만족합니다. 꼼꼼히",,꽤 남았어요,"도 잘해주고 또 떨어지면 시켜야죠 좀더 한가지 아쉬운 점은 대용량이 있으면 좋겠네요 리뷰가 도움이 되었나요
이 구매자의 처음 리뷰 보기",,Y
LP_127,"종근당건강 아보카도 오일 250ml, 1개",https://smartstore.naver.com/main/products/711346829,2025-08-17,5,"용량: 250ml / 수량: 3개
포장꼼꼼해요맛 만족도맛있어요 발화점이 높아 시켰어요. 아보카도 오일 믿고 먹어볼게요",,아주 넉넉해요,,,Y
LP_127,"종근당건강 아보카도 오일 250ml, 1개",https://smartstore.naver.com/main/products/711346829,2025-08-15,5,"용량: 250ml / 수량: 9개
포장꼼꼼해요맛 만족도맛있어요 아침공복에한숟갈씩 먹고있는데 좋아요^^",,아주 넉넉해요,,,Y
LP_127,"종근당건강 아보카도 오일 250ml, 1개",https://smartstore.naver.com/main/products/711346829,2025-08-15,5,"용량: 250ml / 수량: 1개
포장꼼꼼해요맛 만족도맛있어요 아주조아요 다먹ㄷ\고주문시킵니다수고하세요",,아주 넉넉해요,,,Y
LP_127,"종근당건강 아보카도 오일 250ml, 1개",https://smartstore.naver.com/main/products/711346829,2025-08-13,5,"용량: 250ml / 수량: 9개
포장꼼꼼해요맛 만족도맛있어요 좋아요좋아요 좋아요좋아요 좋아요좋아요 ㅎㅎ",,아주 넉넉해요,,,Y
LP_127,"종근당건강 아보카도 오일 250ml, 1개",https://smartstore.naver.com/main/products/711346829,2025-08-11,5,"용량: 250ml / 수량: 1개
맛 만족도평범해요포장꼼꼼해요 한달사용몸에조타하니열심히먹고있어요,고마워요,",,꽤 남았어요,,,Y
LP_127,"종근당건강 아보카도 오일 250ml, 1개",https://smartstore.naver.com/main/products/711346829,2025-08-10,4,용량: 250ml / 수량: 2개,,아주 넉넉해요,"꼼꼼해요맛 만족도맛있어요 건강위해구매
좋아요 가격은좀있지만
가족이먹는거라매일아침
한스푼 이미지 접고 펼치기 가능
내용 펼치고 접기
리뷰가 도움이 되었나요",,Y
LP_127,"종근당건강 아보카도 오일 250ml, 1개",https://smartstore.naver.com/main/products/711346829,2025-08-06,3,"용량: 250ml / 수량: 3개
맛 만족도평범해요포장적당해요 한달사용먹기 편해요..잘먹고 있어요..",,꽤 남았어요,,,Y
LP_127,"종근당건강 아보카도 오일 250ml, 1개",https://smartstore.naver.com/main/products/711346829,2025-07-28,5,"용량: 250ml / 수량: 3개
포장꼼꼼해요맛 만족도맛있어요 홈쇼핑보고 너무 좋다고해서 샀어요~
오자마자 계란후라이하고 샐러드에 뿌려서 먹었는데
맛있어요~",,아주 넉넉해요,,,Y
LP_127,"종근당건강 아보카도 오일 250ml, 1개",https://smartstore.naver.com/main/products/711346829,2025-07-27,5,"용량: 250ml / 수량: 9개
맛 만족도평범해요포장적당해요 잘 구매했습니다..",,꽤 남았어요,,,Y
LP_127,"종근당건강 아보카도 오일 250ml, 1개",https://smartstore.naver.com/main/products/711346829,2025-07-26,5,"용량: 250ml / 수량: 3개
포장꼼꼼해요맛 만족도맛있어요 포장도 꼼꼼하게 포장되어 왔는데.. 좋아욬ㅋ",,아주 넉넉해요,,,Y
LP_127,"종근당건강 아보카도 오일 250ml, 1개",https://smartstore.naver.com/main/products/711346829,2025-07-25,5,"용량: 250ml / 수량: 3개
포장적당해요맛 만족도맛있어요 홈쇼핑으로 대량구매하다 낱개로 구매해봅니다..",,아주 넉넉해요,,,Y
LP_127,"종근당건강 아보카도 오일 250ml, 1개",https://smartstore.naver.com/main/products/711346829,2025-07-19,5,"용량: 250ml / 수량: 9개
맛 만족도평범해요포장적당해요 맛은 안봐서 모르겠지만. 괜찮을거라ㅜ생각해요",,꽤 남았어요,,,Y
LP_127,"종근당건강 아보카도 오일 250ml, 1개",https://smartstore.naver.com/main/products/711346829,2025-07-15,5,"용량: 250ml / 수량: 1개
맛 만족도평범해요",,꽤 남았어요,"적당해요 소용량이라서 편합니다 이미지 접고 펼치기 가능
내용 펼치고 접기
리뷰가 도움이 되었나요",,Y
LP_127,"종근당건강 아보카도 오일 250ml, 1개",https://smartstore.naver.com/main/products/711346829,2025-07-15,5,"용량: 250ml / 수량: 9개
구매자식이관심사 저속노화저당
포장꼼꼼해요맛 만족도맛있어요 종근당 아보카도오일로 요리한후로
일반 식용유,올리브유 안씁니다.
달걀후라이 하나를 해먹어도 훨씬고소하고 맛잇어요",,아주 넉넉해요,,,Y
LP_127,"종근당건강 아보카도 오일 250ml, 1개",https://smartstore.naver.com/main/products/711346829,2025-07-14,5,"용량: 250ml / 수량: 3개
포장꼼꼼해요맛 만족도맛있어요 한달사용만족합니다 감사합니다.",,아주 넉넉해요,,,Y
LP_127,"종근당건강 아보카도 오일 250ml, 1개",https://smartstore.naver.com/main/products/711346829,2025-07-12,5,"용량: 250ml / 수량: 3개
포장꼼꼼해요맛 만족도맛있어요 한달사용맛 품질 다 좋아요. 다 먹었어요",,꽤 남았어요,,,Y
LP_127,"종근당건강 아보카도 오일 250ml, 1개",https://smartstore.naver.com/main/products/711346829,2025-07-10,5,"용량: 250ml / 수량: 1개
포장꼼꼼해요맛 만족도맛있어요 고소한맛이 나서 먹기좋아요~
요리할때 사용하고 있어요^^",,꽤 남았어요,,,Y
LP_127,"종근당건강 아보카도 오일 250ml, 1개",https://smartstore.naver.com/main/products/711346829,2025-07-10,5,"용량: 250ml / 수량: 1개
포장꼼꼼해요맛 만족도맛있어요 맞조아요,처음먹어보는데아주조아요,",,꽤 남았어요,,,Y
LP_127,"종근당건강 아보카도 오일 250ml, 1개",https://smartstore.naver.com/main/products/711346829,2025-07-07,5,"용량: 250ml / 수량: 1개
포장꼼꼼해요맛 만족도맛있어요 고소한 맛이에요. 건강에 좋다고 하니 꾸준히 먹어보려고 해요.",,아주 넉넉해요,,,Y
LP_127,"종근당건강 아보카도 오일 250ml, 1개",https://smartstore.naver.com/main/products/711346829,2025-07-05,3,"용량: 250ml / 수량: 3개
포장적당해요맛 만족도맛있어요 저번에 한병만 따로 구매 해서 먹어 봤는데 괜찮아서 구매 했어요~더 여러병 사면 저렴 한데 날이 더워 우선 먹고 더 주문 할려구요~",,꽤 남았어요,,,Y
LP_127,"종근당건강 아보카도 오일 250ml, 1개",https://smartstore.naver.com/main/products/711346829,2025-07-04,4,"용량: 250ml / 수량: 3개
맛 만족도평범해요포장적당해요 한달사용콜레스테롤수치가높아서매일꾸준히한스푼씩먹는중이예요~운동이랑가치 혼합하니 건강해진 느낌입니다",,아주 넉넉해요,,,Y
LP_127,"종근당건강 아보카도 오일 250ml, 1개",https://smartstore.naver.com/main/products/711346829,2025-06-26,4,"용량: 250ml / 수량: 2개
구매자식이관심사 친환경고단백저속노화
맛 만족도평범해요포장적당해요 건강 생각해서 챙겨보게 됐어요
좋은 기름이라니 믿고 구매해 봅니다.",,꽤 남았어요,,,Y
LP_127,"종근당건강 아보카도 오일 250ml, 1개",https://smartstore.naver.com/main/products/711346829,2025-06-24,4,"용량: 250ml / 수량: 9개
구매자식이관심사 다이어트",,아주 넉넉해요,"꼼꼼해요맛 만족도맛있어요 한달사용어떤음식이든 잘어을리는 제품이고 음식이 맞있읍니다 리뷰가 도움이 되었나요
이 구매자의 처음 리뷰 보기",,Y
LP_127,"종근당건강 아보카도 오일 250ml, 1개",https://smartstore.naver.com/main/products/711346829,2025-06-24,5,"용량: 250ml / 수량: 3개
포장꼼꼼해요맛 만족도맛있어요 한달사용가격이 좀 나가지만 품질 괜찮아서 믿고 계속 재구매하고 있는 제품입니다~ 생각보다 오래 먹어서 괜찮아요~",,아주 넉넉해요,,,Y
LP_127,"종근당건강 아보카도 오일 250ml, 1개",https://smartstore.naver.com/main/products/711346829,2025-06-23,5,"용량: 250ml / 수량: 1개
포장적당해요맛 만족도맛있어요 여러가지 음식해보려고 샀어요. 나쁘지는 않는 것 같아요. 꾸준히 먹을께요 +3",,꽤 남았어요,,,Y
LP_127,"종근당건강 아보카도 오일 250ml, 1개",https://smartstore.naver.com/main/products/711346829,2025-06-16,5,"용량: 250ml / 수량: 1개
포장꼼꼼해요맛 만족도맛있어요 엄마께서 너무 좋다고 하시네요~
빠른배송 감사합니다~",,아주 넉넉해요,,,Y
LP_127,"종근당건강 아보카도 오일 250ml, 1개",https://smartstore.naver.com/main/products/711346829,2025-06-10,4,"용량: 250ml / 수량: 3개
맛 만족도평범해요포장적당해요 먹기 부담없어서 좋아요..",,꽤 남았어요,,,Y
LP_127,"종근당건강 아보카도 오일 250ml, 1개",https://smartstore.naver.com/main/products/711346829,2025-06-07,5,"용량: 250ml / 수량: 3개
구매자식이관심사 비건저당친환경",,아주 넉넉해요,"꼼꼼해요맛 만족도맛있어요 고소하고 부드러워서 좋아요 이미지 접고 펼치기 가능
내용 펼치고 접기
리뷰가 도움이 되었나요",,Y
LP_127,"종근당건강 아보카도 오일 250ml, 1개",https://smartstore.naver.com/main/products/711346829,2025-06-07,5,"용량: 250ml / 수량: 1개
구매자식이관심사 비건저속노화친환경",,아주 넉넉해요,꼼꼼해요맛 만족도맛있어요 신선한 맛이 좋습니다 리뷰가 도움이 되었나요,,Y
LP_127,"종근당건강 아보카도 오일 250ml, 1개",https://smartstore.naver.com/main/products/711346829,2025-06-05,5,"용량: 250ml / 수량: 3개
맛 만족도평범해요포장적당해요 건강생각해서 구매~",,꽤 남았어요,,,Y
LP_127,"종근당건강 아보카도 오일 250ml, 1개",https://smartstore.naver.com/main/products/711346829,2025-05-27,5,"용량: 250ml / 수량: 1개
포장꼼꼼해요맛 만족도맛있어요 배송도 빠르고 맛도 좋네요..만족해요.",,아주 넉넉해요,,,Y
LP_127,"종근당건강 아보카도 오일 250ml, 1개",https://smartstore.naver.com/main/products/711346829,2025-05-26,5,"용량: 250ml / 수량: 1개
포장적당해요맛 만족도맛있어요 한달사용후라이할때 사용하면 좋습니다
신선하고 몸에 조아 계속 먹을 의향이 있습니다.",,꽤 남았어요,,,Y
LP_127,"종근당건강 아보카도 오일 250ml, 1개",https://smartstore.naver.com/main/products/711346829,2025-05-02,5,"용량: 250ml / 수량: 1개
포장적당해요맛 만족도맛있어요 아보카도오일이 좋다고해서 두번째 구입했어요 ~",,아주 넉넉해요,,,Y
LP_127,"종근당건강 아보카도 오일 250ml, 1개",https://smartstore.naver.com/main/products/711346829,2025-05-01,5,"용량: 250ml / 수량: 3개
포장꼼꼼해요맛 만족도맛있어요 기름이 깨끗해서 안심하고 먹어요~",,꽤 남았어요,,,Y
LP_127,"종근당건강 아보카도 오일 250ml, 1개",https://smartstore.naver.com/main/products/711346829,2025-04-24,5,"용량: 250ml / 수량: 3개
포장꼼꼼해요맛 만족도맛있어요 아보카도오일이 몸에 좋다고 해서 사봤어요. 가격도 합리적이고 유통기한도 넉넉해서 좋아요",,아주 넉넉해요,,,Y
LP_127,"종근당건강 아보카도 오일 250ml, 1개",https://smartstore.naver.com/main/products/711346829,2025-04-22,5,"용량: 250ml / 수량: 9개
포장꼼꼼해요맛 만족도맛있어요 아보카도 오일은 이것만 먹어요!! 완전 만족합니다!👍🏻",,꽤 남았어요,,,Y
LP_127,"종근당건강 아보카도 오일 250ml, 1개",https://smartstore.naver.com/main/products/711346829,2025-04-21,5,"용량: 250ml / 수량: 9개
포장꼼꼼해요맛 만족도맛있어요 배송 진짜 빨라요~~~~",,아주 넉넉해요,,,Y
LP_127,"종근당건강 아보카도 오일 250ml, 1개",https://smartstore.naver.com/main/products/711346829,2025-04-13,5,"용량: 250ml / 수량: 9개
포장꼼꼼해요맛 만족도맛있어요 좋은 기름 굿...",,아주 넉넉해요,,,Y
LP_127,"종근당건강 아보카도 오일 250ml, 1개",https://smartstore.naver.com/main/products/711346829,2025-04-06,5,"용량: 250ml / 수량: 3개
구매자식이관심사 저속노화",,아주 넉넉해요,"꼼꼼해요맛 만족도맛있어요 한달사용일단 나이가 들어 건강을 챙긴다고 처음 아보카도유를 사용했는데 건강에 도움이 되겠죠 리뷰가 도움이 되었나요
이 구매자의 처음 리뷰 보기",,Y
LP_127,"종근당건강 아보카도 오일 250ml, 1개",https://smartstore.naver.com/main/products/711346829,2025-04-05,5,"용량: 250ml / 수량: 2개
포장적당해요맛 만족도맛있어요 한달사용오일 사용을 자제하지만 쓰임이 있을땐 잘
사용하고 있어요. 안심이 되어 좋아요.",,꽤 남았어요,,,Y
LP_127,"종근당건강 아보카도 오일 250ml, 1개",https://smartstore.naver.com/main/products/711346829,2025-04-05,5,"용량: 250ml / 수량: 3개
포장꼼꼼해요맛 만족도맛있어요 건강검진에서 나쁜콜레스테롤과 혈당이 좀 높게 나왔는데 아직 약을 먹을 정도는 아니라고 해서 운동과 음식으로 조절해보려고 검색해보니 아보카도오일이 좋다고 해서 주문했어요. 아보카도오일도 종류가 많은데 알약보다는 하루에 한숟가락씩 먹고 요리에도 넣을 수 있는 병으로 찾아보다가 종근당 아보카도오일이 상품평도 좋고 믿고 먹을 수 있을 것 같아 선택했어요. 평소에 아보카도를 좋아하지 않아서 괜찮을까 싶었는데 의외로 특별한 냄새나 맛이 없어서 맨입에 먹기에도 부담스럽지 않고 좋더라구요. 발연점이 높아서 요리에 사용해도 좋다니까 잘 챙겨먹어야겠어요.",,아주 넉넉해요,,,Y
LP_127,"종근당건강 아보카도 오일 250ml, 1개",https://smartstore.naver.com/main/products/711346829,2025-04-04,5,"용량: 250ml / 수량: 3개
포장꼼꼼해요맛 만족도맛있어요 믿고 항상 먹고 있어요~ 신선해요~",,아주 넉넉해요,,,Y
LP_127,"종근당건강 아보카도 오일 250ml, 1개",https://smartstore.naver.com/main/products/711346829,2025-04-04,5,"용량: 250ml / 수량: 3개
포장꼼꼼해요맛 만족도맛있어요 건강을 위한 선택이엇는데 잘 선택한것 같습니다..
재구매할 예정입니다",,아주 넉넉해요,,,Y
LP_127,"종근당건강 아보카도 오일 250ml, 1개",https://smartstore.naver.com/main/products/711346829,2025-04-02,5,"용량: 250ml / 수량: 9개
맛 만족도평범해요포장꼼꼼해요 아보카도유가 몸에 좋다고해서 밥지을때도 넣고 튀김요리할때도 카놀라유대신 잘사용하고있습니다!",,꽤 남았어요,,,Y
LP_127,"종근당건강 아보카도 오일 250ml, 1개",https://smartstore.naver.com/main/products/711346829,2025-03-27,4,"용량: 250ml / 수량: 9개
포장꼼꼼해요맛 만족도맛있어요 첫 구매 후 제품이 좋아서 두번째 구매입니다. 만족합니다.",,꽤 남았어요,,,Y
LP_127,"종근당건강 아보카도 오일 250ml, 1개",https://smartstore.naver.com/main/products/711346829,2025-03-20,5,"용량: 250ml / 수량: 3개
맛 만족도평범해요포장적당해요 어제 주문했는데 오늘 받았어요!",,꽤 남았어요,,,Y
LP_127,"종근당건강 아보카도 오일 250ml, 1개",https://smartstore.naver.com/main/products/711346829,2025-03-15,5,"용량: 250ml / 수량: 3개
구매자식이관심사 다이어트
맛 만족도평범해요포장꼼꼼해요 건강한 식용류로. 먹어볼라고구입했어요",,꽤 남았어요,,,Y
LP_127,"종근당건강 아보카도 오일 250ml, 1개",https://smartstore.naver.com/main/products/711346829,2025-03-15,5,"용량: 250ml / 수량: 2개
맛 만족도평범해요",,아주 넉넉해요,꼼꼼해요 아보카도오일은 종근당이죠 리뷰가 도움이 되었나요,,Y
LP_127,"종근당건강 아보카도 오일 250ml, 1개",https://smartstore.naver.com/main/products/711346829,2025-03-11,5,"용량: 250ml / 수량: 3개
포장꼼꼼해요맛 만족도맛있어요 요리할때 믿고 쓸수있는 좋은기름^^",,아주 넉넉해요,,,Y
LP_127,"종근당건강 아보카도 오일 250ml, 1개",https://smartstore.naver.com/main/products/711346829,2025-03-06,5,"용량: 250ml / 수량: 3개
맛 만족도평범해요포장적당해요 홈쇼핑에는 너무 대량으로 판다고 소량만 구매해달라고 엄마가 부탁하셔서 주문해드렸어요.",,꽤 남았어요,,,Y
LP_127,"종근당건강 아보카도 오일 250ml, 1개",https://smartstore.naver.com/main/products/711346829,2025-03-03,5,"용량: 250ml / 수량: 2개
포장적당해요맛 만족도맛있어요 아보카도 오일리 좋다고 해서 구매 했어요.
자주 사용하지 않아 두 병만 우선 구매했어요.",,꽤 남았어요,,,Y
LP_127,"종근당건강 아보카도 오일 250ml, 1개",https://smartstore.naver.com/main/products/711346829,2025-03-02,4,"용량: 250ml / 수량: 9개
포장꼼꼼해요맛 만족도맛있어요 건강하게 부침요리 히려고 9병 구매했답니딘",,아주 넉넉해요,,,Y
LP_127,"종근당건강 아보카도 오일 250ml, 1개",https://smartstore.naver.com/main/products/711346829,2025-02-26,5,"용량: 250ml / 수량: 2개
포장꼼꼼해요맛 만족도맛있어요 포장이 꼼꼼하게 잘왔네요~다른브랜드 먹었었는데 다 떨어져서 주문했어요
어떤지 먹어보고 괜찮음 재주문할께요",,아주 넉넉해요,,,Y
LP_127,"종근당건강 아보카도 오일 250ml, 1개",https://smartstore.naver.com/main/products/711346829,2025-02-20,5,"용량: 250ml / 수량: 9개
포장꼼꼼해요맛 만족도맛있어요 배송이 바로 다음날 낮에 왔어요! 가격도 할인돼서 좋네요",,꽤 남았어요,,,Y
LP_127,"종근당건강 아보카도 오일 250ml, 1개",https://smartstore.naver.com/main/products/711346829,2025-02-17,4,"용량: 250ml / 수량: 3개
구매자식이관심사 친환경
포장별로예요맛 만족도맛있어요 아직 먹어보지않았으나 건강에 좋다니 기대되요 
?
1",,꽤 남았어요,,,Y
LP_127,"종근당건강 아보카도 오일 250ml, 1개",https://smartstore.naver.com/main/products/711346829,2025-02-04,5,"용량: 250ml / 수량: 9개
포장꼼꼼해요맛 만족도맛있어요 재구매한달사용좋습니다 맛있어요 @@",,아주 넉넉해요,,,Y
LP_127,"종근당건강 아보카도 오일 250ml, 1개",https://smartstore.naver.com/main/products/711346829,2025-01-26,5,상품선택: 아보카도 오일 2병+쇼핑백 증정,,꽤 남았어요,꼼꼼해요맛 만족도맛있어요 한달사용품질이 좋고 만족합니다 리뷰가 도움이 되었나요,,Y
LP_127,"종근당건강 아보카도 오일 250ml, 1개",https://smartstore.naver.com/main/products/711346829,2024-12-28,5,"상품선택: 아보카도 오일 3병+쇼핑백 증정
포장적당해요맛 만족도맛있어요 재구매한달사용맛있어서 재구매한 제품,,! 아보카도 향이 강하지 않아서 좋습니당!",,꽤 남았어요,,,Y
LP_127,"종근당건강 아보카도 오일 250ml, 1개",https://smartstore.naver.com/main/products/711346829,2024-12-26,4,"용량: 250ml / 수량: 3개
포장별로예요맛 만족도맛있어요 배송이 ㅠㅠ 뽁뽁이를 테이프로 고정하지 않으셨네요 다 풀려서 .. 깨지지 않아서 다행이라고 해야할지",,아주 넉넉해요,,,Y
LP_127,"종근당건강 아보카도 오일 250ml, 1개",https://smartstore.naver.com/main/products/711346829,2024-12-24,5,"상품선택: 아보카도 오일 2병+쇼핑백 증정
포장꼼꼼해요맛 만족도맛있어요 한달사용지난번에도 주문했었어요~종근당 아보카도 목넝김도 좋고 건강해지는 기분입니다~강추",,아주 넉넉해요,,,Y
LP_127,"종근당건강 아보카도 오일 250ml, 1개",https://smartstore.naver.com/main/products/711346829,2024-12-23,5,"용량: 250ml / 수량: 3개
포장꼼꼼해요맛 만족도맛있어요 역시 아보카드유는 종근당이 최고입니다~",,꽤 남았어요,,,Y
LP_127,"종근당건강 아보카도 오일 250ml, 1개",https://smartstore.naver.com/main/products/711346829,2024-12-16,5,"상품선택: 아보카도 오일 3병+쇼핑백 증정
포장꼼꼼해요맛 만족도맛있어요 한달사용아보카도 오일이 몸에 좋아서 아이랑 같이 먹는 것에만 사용하는데 너무 잘 먹고 있어요.
나중에도 또 살께요",,아주 넉넉해요,,,Y
LP_127,"종근당건강 아보카도 오일 250ml, 1개",https://smartstore.naver.com/main/products/711346829,2024-12-14,5,"용량: 250ml / 수량: 9개
포장꼼꼼해요맛 만족도맛있어요 꾸준히 먹고 있어요. 좋습니다",,아주 넉넉해요,,,Y
LP_127,"종근당건강 아보카도 오일 250ml, 1개",https://smartstore.naver.com/main/products/711346829,2024-11-26,1,맛 만족도평범해요,,꽤 남았어요,적당해요 배송중 파손되었다는데 처리를 이렇게 늦게해주는곳은 처음입니다 리뷰가 도움이 되었나요,,Y
LP_127,"종근당건강 아보카도 오일 250ml, 1개",https://smartstore.naver.com/main/products/711346829,2024-11-17,5,상품선택: 아보카도 오일 3병+쇼핑백 증정,,꽤 남았어요,"꼼꼼해요맛 만족도맛있어요 아보카도오일 좋다고해서 구매했어요 맘에들어요 요리많이안해서 작아서 쓰기편해요 이미지 접고 펼치기 가능
내용 펼치고 접기
리뷰가 도움이 되었나요",,Y
LP_127,"종근당건강 아보카도 오일 250ml, 1개",https://smartstore.naver.com/main/products/711346829,2024-11-14,5,"맛 만족도평범해요포장꼼꼼해요 어메이징이에요 이리 배송이빠를수가~~
아보카도오일은 종근당이죠 몇년째 공복에 먹고있어요",,아주 넉넉해요,,,Y
LP_127,"종근당건강 아보카도 오일 250ml, 1개",https://smartstore.naver.com/main/products/711346829,2024-11-13,5,"상품선택: 아보카도 오일 2병+쇼핑백 증정
포장꼼꼼해요맛 만족도맛있어요 지난번에도 좋아서 재구매했어용♡♡이번에도 대만족입니다~",,아주 넉넉해요,,,Y
LP_127,"종근당건강 아보카도 오일 250ml, 1개",https://smartstore.naver.com/main/products/711346829,2024-11-06,3,"상품선택: 아보카도 오일 2병+쇼핑백 증정
맛 만족도평범해요",,꽤 남았어요,"꼼꼼해요 먹어보고 한 달 뒤 솔직 리뷰 작성하러 올께요 이미지 접고 펼치기 가능
내용 펼치고 접기
리뷰가 도움이 되었나요",,Y
LP_127,"종근당건강 아보카도 오일 250ml, 1개",https://smartstore.naver.com/main/products/711346829,2024-11-06,5,,,아주 넉넉해요,꼼꼼해요맛 만족도맛있어요 항상 여기서 시킵니다 리뷰가 도움이 되었나요,,Y
LP_127,"종근당건강 아보카도 오일 250ml, 1개",https://smartstore.naver.com/main/products/711346829,2024-11-05,5,"상품선택: 아보카도 오일 9병+쇼핑백 증정
포장꼼꼼해요맛 만족도맛있어요 포장도 꼼꼼 배송도 신속하게 잘 도착했어요~ 항상 주문해서 꾸준히 먹는 제품이에요",,아주 넉넉해요,,,Y
LP_127,"종근당건강 아보카도 오일 250ml, 1개",https://smartstore.naver.com/main/products/711346829,2024-11-05,5,"상품선택: 아보카도 오일 9병+쇼핑백 증정
포장꼼꼼해요맛 만족도맛있어요 한달사용대기업 제약사에서 수입하므로 믿음이 갔어요 , ,유통기한도 많이남아있고 색깔도 푸르스름해서 진짜 아보카도를 먹는느낌 , ,명정때마다 항상 구입해 먹어요 , ,",,아주 넉넉해요,,,Y
LP_127,"종근당건강 아보카도 오일 250ml, 1개",https://smartstore.naver.com/main/products/711346829,2024-11-03,5,"상품선택: 아보카도 오일 9병+쇼핑백 증정
포장꼼꼼해요맛 만족도맛있어요 한달사용매번 재구매해요! 믿고 먹고 있어요!",,아주 넉넉해요,,,Y
LP_127,"종근당건강 아보카도 오일 250ml, 1개",https://smartstore.naver.com/main/products/711346829,2024-11-01,5,"상품선택: 아보카도 오일 3병+쇼핑백 증정
포장적당해요맛 만족도맛있어요 재구매아보카도 오일이 소화에 좋다고 해서 먹었는데 전에 샀던 제품은 특유의 떫은? 향이 별로라서 잘 안먹었는데 종관장 제품은 향이 좋아용!",,꽤 남았어요,,,Y
LP_127,"종근당건강 아보카도 오일 250ml, 1개",https://smartstore.naver.com/main/products/711346829,2024-10-31,4,"상품선택: 아보카도 오일 3병+쇼핑백 증정
포장별로예요맛 만족도맛있어요 박스가 너무 크고 내용물이 재각각 흩어져 있네요.",,아주 넉넉해요,,,Y
LP_127,"종근당건강 아보카도 오일 250ml, 1개",https://smartstore.naver.com/main/products/711346829,2024-10-29,5,포장꼼꼼해요맛 만족도맛있어요 엄마가 구매해달라고 하셔서 샀어요! 엄마 아빠 모두 만족해서 잘 드십니다^^,,아주 넉넉해요,,,Y
LP_127,"종근당건강 아보카도 오일 250ml, 1개",https://smartstore.naver.com/main/products/711346829,2024-10-24,5,"상품선택: 아보카도 오일 2병+쇼핑백 증정
포장꼼꼼해요맛 만족도맛있어요 지인이소개했어먹고있는데좋은느낌이내요~^^",,아주 넉넉해요,,,Y
LP_127,"종근당건강 아보카도 오일 250ml, 1개",https://smartstore.naver.com/main/products/711346829,2024-10-11,5,상품선택: 아보카도 오일 9병+쇼핑백 증정,,아주 넉넉해요,"꼼꼼해요맛 만족도맛있어요 한달사용배송이 빠르고 제품도 마음에 너무 듭니다 리뷰가 도움이 되었나요
이 구매자의 처음 리뷰 보기",,Y
LP_127,"종근당건강 아보카도 오일 250ml, 1개",https://smartstore.naver.com/main/products/711346829,2024-10-10,5,"상품선택: 아보카도 오일 2병+쇼핑백 증정
포장꼼꼼해요맛 만족도맛있어요 한달사용파스타 해먹을 때 자주 애용해요. 올리브랑은 또다른 매력이 있어요.",,아주 넉넉해요,,,Y
LP_127,"종근당건강 아보카도 오일 250ml, 1개",https://smartstore.naver.com/main/products/711346829,2024-10-08,5,"상품선택: 아보카도 오일 9병+쇼핑백 증정
포장꼼꼼해요맛 만족도맛있어요 신선, 신속배달,유명브렌드 , 항상 그브랜드만 시켜먹어요,가격도 저렴 , ,",,아주 넉넉해요,,,Y
LP_127,"종근당건강 아보카도 오일 250ml, 1개",https://smartstore.naver.com/main/products/711346829,2024-09-20,5,"상품선택: 아보카도 오일 3병+쇼핑백 증정
맛 만족도평범해요",,꽤 남았어요,적당해요 부침요리에 괜찮네요 리뷰가 도움이 되었나요,,Y
LP_127,"종근당건강 아보카도 오일 250ml, 1개",https://smartstore.naver.com/main/products/711346829,2024-09-14,5,"상품선택: 아보카도 오일 3병+쇼핑백 증정
맛 만족도평범해요포장적당해요 건강에 좋다는 아보카도 오일.. 어머니가 소화기능이 안좋으셔서 오일은 바꿨는데 어머니는 효능이 있다고 하시네요! 맛은 아보카도향이 확나요!",,꽤 남았어요,,,Y
LP_127,"종근당건강 아보카도 오일 250ml, 1개",https://smartstore.naver.com/main/products/711346829,2024-09-13,5,"상품선택: 아보카도 오일 2병+쇼핑백 증정
포장적당해요맛 만족도맛있어요 빠른배송 감사합니다~!",,꽤 남았어요,,,Y
LP_127,"종근당건강 아보카도 오일 250ml, 1개",https://smartstore.naver.com/main/products/711346829,2024-09-08,5,"상품선택: 아보카도 오일 3병+쇼핑백 증정
맛 만족도평범해요포장꼼꼼해요 홈쇼핑보고 주문합니다.",,꽤 남았어요,,,Y
LP_127,"종근당건강 아보카도 오일 250ml, 1개",https://smartstore.naver.com/main/products/711346829,2024-09-06,5,"상품선택: 아보카도 오일 3병+쇼핑백 증정
포장꼼꼼해요맛 만족도맛있어요 민고 먹는 제품이라 선물로 구매했 낱개박스포장이 되지않아 아쉽넹ᆢ어요",,아주 넉넉해요,,,Y
LP_127,"종근당건강 아보카도 오일 250ml, 1개",https://smartstore.naver.com/main/products/711346829,2024-08-31,5,"상품선택: 아보카도 오일 9병+쇼핑백 증정
포장꼼꼼해요맛 만족도맛있어요 전에 홈쇼핑에서 구입하고 금방 다 먹어서 네이버에서 주문합니다b 포장이 하나하나 꼼꼼하게 와서 깨진거 하나없이 왔어요 :)",,꽤 남았어요,,,Y
LP_127,"종근당건강 아보카도 오일 250ml, 1개",https://smartstore.naver.com/main/products/711346829,2022-09-09,4,한달사용건강해지는것 같아요,,,,,Y
LP_127,"종근당건강 아보카도 오일 250ml, 1개",https://smartstore.naver.com/main/products/711346829,2022-08-15,5,한달사용아주촣아요. 샐러드 드레싱 으로..,,,,,Y
LP_127,"종근당건강 아보카도 오일 250ml, 1개",https://smartstore.naver.com/main/products/711346829,2022-07-17,5,한달사용매번 멋는 조ㅗ아요,,,,,Y
LP_127,"종근당건강 아보카도 오일 250ml, 1개",https://smartstore.naver.com/main/products/711346829,2022-07-13,4,먹아보아요어어어오통,,,,,Y
LP_127,"종근당건강 아보카도 오일 250ml, 1개",https://smartstore.naver.com/main/products/711346829,2022-06-23,5,배송도 빠르고 제품도 좋아요,,,,,Y
LP_127,"종근당건강 아보카도 오일 250ml, 1개",https://smartstore.naver.com/main/products/711346829,2022-06-19,5,"카놀라유 쓰다가 몸에 좋다고 해서 아보카도 오일 구매했습니다.
이제품이 품질도 좋고 가성비 좋은 것 같아요~",,,,,Y
LP_127,"종근당건강 아보카도 오일 250ml, 1개",https://smartstore.naver.com/main/products/711346829,2022-06-18,5,라방보다 신제품 유산균도 사고 평상시 먹던 루테인 비타씨도 더 구매해야해서 한번에 다 구매했어요. 배송 이튿날 바로와서. 완죤 빨라요 포장도 꼼꼼하게 해주시고 ~ 신제품 유산균 기대하고 꾸준히 먹어볼게요!,,,,,Y
LP_127,"종근당건강 아보카도 오일 250ml, 1개",https://smartstore.naver.com/main/products/711346829,2022-06-16,5,"아보카도오일 아주 저렴한 가격에 살 수 있어서 좋았어요
요리해보니 맛도 괜찮네요",,"짧아서 어쩔 수 없이 하나만 구매했어요
제품 아주 맘에 들어요 이미지 접고 펼치기 가능
내용 펼치고 접기
리뷰가 도움이 되었나요",,,Y
LP_127,"종근당건강 아보카도 오일 250ml, 1개",https://smartstore.naver.com/main/products/711346829,2022-06-16,5,양이 작아서 아쉽지만 좋은기름이라니 잘먹겠습니다,,,,,Y
LP_127,"종근당건강 아보카도 오일 250ml, 1개",https://smartstore.naver.com/main/products/711346829,2022-06-16,5,좋아요 좋아요 아주좋아요,,,,,Y
LP_127,"종근당건강 아보카도 오일 250ml, 1개",https://smartstore.naver.com/main/products/711346829,2022-06-15,2,"유통기간을 안내했지만 확인을 못하고 구입한 상품이라 유통기간 3달도 안되네요. 반품비 아까워 그냥 확정합니다 ?
2",,,,,Y
LP_127,"종근당건강 아보카도 오일 250ml, 1개",https://smartstore.naver.com/main/products/711346829,2022-06-15,5,"싸게 배송빠르게 잘받았네요
감사합니다",,,,,Y
LP_127,"종근당건강 아보카도 오일 250ml, 1개",https://smartstore.naver.com/main/products/711346829,2022-06-07,5,헉~~상자 열어 본 순간 기겁하고 놀랐네요 ~ㅠㅠ 뱀 인줄 알고~~초록색이였으면 아마 더~기절 했을거예요~ㅠ ㅠ~포장지가 뱀으로 연상되고~넘 ~징그럽고 혐오감이 들어요~ 다음에 또 구매할때~~설마 초록색 포장지는 아니겠지요~~ㅠ ㅠ~이런 포장지는 정말 싫네요~~다른 포장지로 넣어주시면 좋겠어요~~아보카토 오일은 넘 고소하고 맛나요~ㅋ~(초록색포장지 이면~~녹색 뱀~어휴 징그러웝고~혐오감 듬~ㅋㅋㅋ +2,,,,,Y
LP_127,"종근당건강 아보카도 오일 250ml, 1개",https://smartstore.naver.com/main/products/711346829,2022-05-30,5,셋트인줄 몰랏네 ㅎㅎ 그래도 굳,,,,,Y
LP_127,"종근당건강 아보카도 오일 250ml, 1개",https://smartstore.naver.com/main/products/711346829,2022-05-30,5,아보카도 오일 좋아요~~!,,,,,Y
LP_127,"종근당건강 아보카도 오일 250ml, 1개",https://smartstore.naver.com/main/products/711346829,2022-05-22,5,포장꼼꼼해요맛 만족도맛있어요 BEST한달사용아보카도 오일 넘넘 좋아요 ~~종근당어 강추입니당 다 먹고 재구매 예정!,,아주 넉넉해요,,,Y
LP_127,"종근당건강 아보카도 오일 250ml, 1개",https://smartstore.naver.com/main/products/711346829,2022-05-16,5,무선 디자인 이쁘고 몸에 좋다니 계속 먹겠습니다,,,,,Y
LP_127,"종근당건강 아보카도 오일 250ml, 1개",https://smartstore.naver.com/main/products/711346829,2022-05-07,5,"1년 전 부터 똑같은 제품 쿠팡으로 구매했었습니다 그런데 쿠팡에서 번개배송 가능한 제품이 없어져서 네이버에서 처음으로 구매해봤어요 제가 아보카도 오일을 구매 할 때 고려하는게 4가지 (엑스트라버진 아보카도오일, 냉압착 방식, 하스 품종, 차광병) 있습니다 종근당 제품을 저 4개가 다 해당되더라고요
너무 만족스럽네요!!",,,,,Y
LP_127,"종근당건강 아보카도 오일 250ml, 1개",https://smartstore.naver.com/main/products/711346829,2022-05-02,5,어렵시리 큰맘먹고 구하여 한수저씩 먹으니 속이 편안해지는게 참좋습니다 기간 날짜가 짧아서 조긍 아쉽기는 하네요,,,,,Y
LP_127,"종근당건강 아보카도 오일 250ml, 1개",https://smartstore.naver.com/main/products/711346829,2022-04-27,5,재구매양이적지만 꾸준히 먹고있습니다..재재재구매,,,,,Y
LP_127,"종근당건강 아보카도 오일 250ml, 1개",https://smartstore.naver.com/main/products/711346829,2022-04-26,4,"산패할수있는 기름은 많은갯수를
사는거보담 약간비싸더래도 낱개로
사는게 좋아서 구매했어요
포장도꼼꼼하고 상품질은
예전에 먹어봐서 알고~~~좋아요~~",,,,,Y
LP_127,"종근당건강 아보카도 오일 250ml, 1개",https://smartstore.naver.com/main/products/711346829,2022-04-07,5,좋아요~ 아기용으로 쓰다가 저희도ㅎㅎ,,,,,Y
LP_127,"종근당건강 아보카도 오일 250ml, 1개",https://smartstore.naver.com/main/products/711346829,2022-03-22,2,"유통기한 2년정도인걸로 아는데 유통기한이 9월까지네요 두병다 ?
2",,임박상품이에요,꼼꼼해요맛 만족도맛있어요 보통 아보카도오일,,Y
LP_127,"종근당건강 아보카도 오일 250ml, 1개",https://smartstore.naver.com/main/products/711346829,2022-03-11,1,"맛 만족도평범해요유통기한 올해9월까지면 너무 오래전에 생산된거 아닌가요? ?
2",,임박상품이에요,꼼꼼해요,,Y
LP_127,"종근당건강 아보카도 오일 250ml, 1개",https://smartstore.naver.com/main/products/711346829,2022-02-14,3,"맛 만족도평범해요포장꼼꼼해요 한 스푼 먹어보았는데 처음 먹어서 그런지 약간 낯설고 기름맛이에요 그냥;;ㅎㅎ
그냥 몸에 좋다니까 천천히 먹어 보려구요.",,꽤 남았어요,,,Y
LP_127,"종근당건강 아보카도 오일 250ml, 1개",https://smartstore.naver.com/main/products/711346829,2022-02-10,5,포장꼼꼼해요맛 만족도맛있어요 재구매쿠폰덕에 저렴히 구매했습니다~~,,아주 넉넉해요,,,Y
LP_127,"종근당건강 아보카도 오일 250ml, 1개",https://smartstore.naver.com/main/products/711346829,2022-01-26,5,포장꼼꼼해요맛 만족도맛있어요 설에. 전이랑 튀김하고. 계란 후라이 해서먹으니 좋았어요,,아주 넉넉해요,,,Y
LP_127,"종근당건강 아보카도 오일 250ml, 1개",https://smartstore.naver.com/main/products/711346829,2022-01-24,5,포장꼼꼼해요맛 만족도맛있어요 포장 꼼꼼하게 잘 왔어요~,,아주 넉넉해요,,,Y
LP_127,"종근당건강 아보카도 오일 250ml, 1개",https://smartstore.naver.com/main/products/711346829,2022-01-24,5,포장꼼꼼해요맛 만족도맛있어요 비싼만큼 품질 좋은것 같아요~,,아주 넉넉해요,,,Y
LP_127,"종근당건강 아보카도 오일 250ml, 1개",https://smartstore.naver.com/main/products/711346829,2022-01-10,5,포장꼼꼼해요맛 만족도맛있어요 재구매계속 재주문중입니다..큰병이 나왔으면 하는바램입니다,,아주 넉넉해요,,,Y
LP_127,"종근당건강 아보카도 오일 250ml, 1개",https://smartstore.naver.com/main/products/711346829,2021-12-20,5,포장꼼꼼해요맛 만족도맛있어요 자주 사용 하고 싶은 아보카드오일 재구매 의향도 있어요^^,,꽤 남았어요,,,Y
LP_127,"종근당건강 아보카도 오일 250ml, 1개",https://smartstore.naver.com/main/products/711346829,2021-12-17,5,맛 만족도평범해요포장꼼꼼해요 배송 포장 맛까지 모두 만족 해요 ^^,,아주 넉넉해요,,,Y
LP_127,"종근당건강 아보카도 오일 250ml, 1개",https://smartstore.naver.com/main/products/711346829,2021-12-10,5,포장꼼꼼해요맛 만족도맛있어요 한달사용배송도 빠르고 효과도 좋아서 재구매할 예정입니다!,,아주 넉넉해요,,,Y
LP_127,"종근당건강 아보카도 오일 250ml, 1개",https://smartstore.naver.com/main/products/711346829,2021-12-04,5,포장꼼꼼해요맛 만족도맛있어요 한달사용일반 기름보다 믿음이 가고 요리할때 사용하기 좋네요~~,,아주 넉넉해요,,,Y
LP_127,"종근당건강 아보카도 오일 250ml, 1개",https://smartstore.naver.com/main/products/711346829,2021-11-27,5,포장꼼꼼해요맛 만족도맛있어요 재구매5번째 구매요~~좋아요,,아주 넉넉해요,,,Y
LP_127,"종근당건강 아보카도 오일 250ml, 1개",https://smartstore.naver.com/main/products/711346829,2021-11-10,5,포장꼼꼼해요맛 만족도맛있어요 재구매재재구매중입니다. 부담없이 팍팍쓰고있어요,,아주 넉넉해요,,,Y
LP_127,"종근당건강 아보카도 오일 250ml, 1개",https://smartstore.naver.com/main/products/711346829,2021-09-26,5,포장꼼꼼해요맛 만족도맛있어요 주문한지 하루만에 왔어요! 배송 빨라용,,꽤 남았어요,,,Y
LP_127,"종근당건강 아보카도 오일 250ml, 1개",https://smartstore.naver.com/main/products/711346829,2021-09-15,5,포장꼼꼼해요맛 만족도맛있어요 재구매타브랜드보다 향이 약하고 묽어서 일반적으로 사용하기 좋아요..재재재구매입니다~~~,,아주 넉넉해요,,,Y
LP_127,"종근당건강 아보카도 오일 250ml, 1개",https://smartstore.naver.com/main/products/711346829,2021-08-28,5,포장꼼꼼해요맛 만족도맛있어요 타사제품은 색도 노랗고 향도진해서 거부감이 느껴지는데 종근당은 맑고 향이없어서좋아요~~,,아주 넉넉해요,,,Y
LP_127,"종근당건강 아보카도 오일 250ml, 1개",https://smartstore.naver.com/main/products/711346829,2021-07-31,5,포장꼼꼼해요맛 만족도맛있어요 항상 먹고 있는 제품입니다.,,아주 넉넉해요,,,Y
LP_127,"종근당건강 아보카도 오일 250ml, 1개",https://smartstore.naver.com/main/products/711346829,2021-03-27,4,"맛 만족도평범해요포장꼼꼼해요 한달사용그냥두 먹을만한데 ..
요리용으로사용 ~",,꽤 남았어요,,,Y
LP_127,"종근당건강 아보카도 오일 250ml, 1개",https://smartstore.naver.com/main/products/711346829,2020-12-19,5,"맛 만족도평범해요포장꼼꼼해요 역시 종근당이니 믿을 수 있죠.
부모님이 매우 좋아하십니다.",,아주 넉넉해요,,,Y
LP_127,"종근당건강 아보카도 오일 250ml, 1개",https://smartstore.naver.com/main/products/711346829,2020-12-17,5,포장꼼꼼해요맛 만족도맛있어요 항상 먹는 오일입니다. 건강에 좋아요,,아주 넉넉해요,,,Y
LP_127,"종근당건강 아보카도 오일 250ml, 1개",https://smartstore.naver.com/main/products/711346829,2018-04-21,5,"아보카로 오일 여러곳을 검색하다
종근당
믿음이가서 주문하였는데
매우 만족합니다
적극적으로 추천합니다.
배송도 빠릅니다.",,,,,Y
LP_127,"종근당건강 아보카도 오일 250ml, 1개",https://smartstore.naver.com/main/products/711346829,2018-01-29,5,"배송도 빠르고
매우 만족합니다.",,,,,Y
LP_127,"종근당건강 아보카도 오일 250ml, 1개",https://smartstore.naver.com/main/products/711346829,2017-11-07,5,"내 몸을 위해서^^ 관리 때문에 기름 자체를 제한하고 있지만,꼭 필요한 경우 때문에 구입했어요 그나마 자연상태에 제일 가까운 오일류를 섭취하는게 좋겠다 싶어서요^^ 아주 소량만 써도 맛이 굉장히 풍부하게 느껴지네요",,,,,Y
