﻿상품코드,상품명,URL,날짜,별점,리뷰텍스트,구매자 성별,유통기한,포장,편리,판매여부
LP_067,[+용돈봉투 증정] 종근당건강 관절연골엔 난각막NEM 선물세트 1세트 (90일분),https://smartstore.naver.com/main/products/11314322551,2025-10-03,5,더 싼 곳이 있었으나 여기가 선물포장 패키지가 잘되어잇어서 여기서 구매했음 굳,,꽤 남았어요,적당해요,그냥그래요,Y
LP_067,[+용돈봉투 증정] 종근당건강 관절연골엔 난각막NEM 선물세트 1세트 (90일분),https://smartstore.naver.com/main/products/11314322551,2025-10-01,4,"부모님이 먹어보더니 좋아하시네요
꾸준히 시켜먹을생각입니다",여성,꽤 남았어요,적당해요,그냥그래요,Y
LP_067,[+용돈봉투 증정] 종근당건강 관절연골엔 난각막NEM 선물세트 1세트 (90일분),https://smartstore.naver.com/main/products/11314322551,2025-09-27,5,명절이라.부모님 선물을.멀로해야될까.고민했는데 이제품 떨어졌다고 구매해줄수있냐고 하시도라구요 이번기회에 명절선물로 잘 구매했습니다~,여성,아주 넉넉해요,꼼꼼해요,편리해요,Y
LP_067,[+용돈봉투 증정] 종근당건강 관절연골엔 난각막NEM 선물세트 1세트 (90일분),https://smartstore.naver.com/main/products/11314322551,2025-09-25,5,재구매연로 하신 부모님 선물로 보내드립니다,여성,꽤 남았어요,적당해요,그냥그래요,Y
LP_067,[+용돈봉투 증정] 종근당건강 관절연골엔 난각막NEM 선물세트 1세트 (90일분),https://smartstore.naver.com/main/products/11314322551,2025-09-23,5,"건강관심사 면역력장건강수면건강
 두번째구매 주문후 담날 바로 배송완료
꾸준하게 복용중",여성,아주 넉넉해요,꼼꼼해요,편리해요,Y
LP_067,[+용돈봉투 증정] 종근당건강 관절연골엔 난각막NEM 선물세트 1세트 (90일분),https://smartstore.naver.com/main/products/11314322551,2025-09-14,5,"어머니 관절 건강챙기려고 구매해보았는데
효과가 좋길 바라요",,아주 넉넉해요,꼼꼼해요,편리해요,Y
LP_067,[+용돈봉투 증정] 종근당건강 관절연골엔 난각막NEM 선물세트 1세트 (90일분),https://smartstore.naver.com/main/products/11314322551,2025-09-14,5,"재구매어머니가 계속 잘 드시고 계십니다 
?
1",여성,아주 넉넉해요,꼼꼼해요,편리해요,Y
LP_067,[+용돈봉투 증정] 종근당건강 관절연골엔 난각막NEM 선물세트 1세트 (90일분),https://smartstore.naver.com/main/products/11314322551,2025-09-13,5,재구매상품이,,꽤 남았어요,적당해요,편리해요,Y
LP_067,[+용돈봉투 증정] 종근당건강 관절연골엔 난각막NEM 선물세트 1세트 (90일분),https://smartstore.naver.com/main/products/11314322551,2025-09-10,5,"재구매항상 믿고먹는 종근당 영양제!!
배송도 빠르고 다 만족합니다~~^^",,아주 넉넉해요,꼼꼼해요,편리해요,Y
LP_067,[+용돈봉투 증정] 종근당건강 관절연골엔 난각막NEM 선물세트 1세트 (90일분),https://smartstore.naver.com/main/products/11314322551,2025-09-06,5,재구매관절 연골에 좋다고해서 꾸준히 복용하고 있어요~~ 그래도 먹고사서 관절이 부드러운거 같아요~~^^,,아주 넉넉해요,꼼꼼해요,편리해요,Y
LP_067,[+용돈봉투 증정] 종근당건강 관절연골엔 난각막NEM 선물세트 1세트 (90일분),https://smartstore.naver.com/main/products/11314322551,2025-08-23,5,잘받았습니다 감사합니다,남성,아주 넉넉해요,꼼꼼해요,편리해요,Y
LP_067,[+용돈봉투 증정] 종근당건강 관절연골엔 난각막NEM 선물세트 1세트 (90일분),https://smartstore.naver.com/main/products/11314322551,2025-08-07,5,재구매관절이 좋아졌으면 좋겠네요 3개월 열씨미 먹어 볼께요,,아주 넉넉해요,꼼꼼해요,편리해요,Y
LP_067,[+용돈봉투 증정] 종근당건강 관절연골엔 난각막NEM 선물세트 1세트 (90일분),https://smartstore.naver.com/main/products/11314322551,2025-07-30,5,무릎관절이 안 좋은 아빠를 위해구매합니다. 좋은 효과기대합니다.,,꽤 남았어요,적당해요,편리해요,Y
LP_067,[+용돈봉투 증정] 종근당건강 관절연골엔 난각막NEM 선물세트 1세트 (90일분),https://smartstore.naver.com/main/products/11314322551,2025-07-26,5,한달사용관절에 도움이 되것 같아요,,아주 넉넉해요,꼼꼼해요,편리해요,Y
LP_067,[+용돈봉투 증정] 종근당건강 관절연골엔 난각막NEM 선물세트 1세트 (90일분),https://smartstore.naver.com/main/products/11314322551,2025-07-26,3,무릎연골이 안 좋아진 60대입니다. 종근당믿고 복용해 보려고 구입했고 복용한지 일주일됐네요 3개월 복용해보고 후기를 올리도록 하겠습니다^^,,꽤 남았어요,적당해요,편리해요,Y
LP_067,[+용돈봉투 증정] 종근당건강 관절연골엔 난각막NEM 선물세트 1세트 (90일분),https://smartstore.naver.com/main/products/11314322551,2025-07-02,4,한달사용배송도 빠르고 만족합니다,남성,꽤 남았어요,적당해요,편리해요,Y
LP_067,[+용돈봉투 증정] 종근당건강 관절연골엔 난각막NEM 선물세트 1세트 (90일분),https://smartstore.naver.com/main/products/11314322551,2025-06-26,5,"건강관심사 면역력관절/뼈건강
 한달사용아버님 선물로 사드렸는데 너무 만족해하시네요~~ 그동안 관절약 많이 드셨는데 만족해하셔서 재구매할것같아요~~",남성,아주 넉넉해요,꼼꼼해요,편리해요,Y
LP_067,[+용돈봉투 증정] 종근당건강 관절연골엔 난각막NEM 선물세트 1세트 (90일분),https://smartstore.naver.com/main/products/11314322551,2025-06-21,5,무릎이 많이 좋아졌어요,,아주 넉넉해요,꼼꼼해요,편리해요,Y
LP_067,[+용돈봉투 증정] 종근당건강 관절연골엔 난각막NEM 선물세트 1세트 (90일분),https://smartstore.naver.com/main/products/11314322551,2025-06-19,3,"건강관심사 노화방지
 엄마선물로 좋은듯합니다",남성,꽤 남았어요,적당해요,그냥그래요,Y
LP_067,[+용돈봉투 증정] 종근당건강 관절연골엔 난각막NEM 선물세트 1세트 (90일분),https://smartstore.naver.com/main/products/11314322551,2025-06-19,5,"구매자선택안함
 어머니가 드시고 좋으시다고 하시네요",,아주 넉넉해요,꼼꼼해요,편리해요,Y
LP_067,[+용돈봉투 증정] 종근당건강 관절연골엔 난각막NEM 선물세트 1세트 (90일분),https://smartstore.naver.com/main/products/11314322551,2025-06-17,5,잘 선택한것 같아서 기분이 좋습니다~,,아주 넉넉해요,꼼꼼해요,편리해요,Y
LP_067,[+용돈봉투 증정] 종근당건강 관절연골엔 난각막NEM 선물세트 1세트 (90일분),https://smartstore.naver.com/main/products/11314322551,2025-06-16,5,재구매아직 먹기 시작한지 얼마 안됬지만 믿고먹는 종근당 영양제 당연히 관절이 좋아질꺼라 믿고 언니꺼도 구매했어요~~^^,,아주 넉넉해요,꼼꼼해요,편리해요,Y
LP_067,[+용돈봉투 증정] 종근당건강 관절연골엔 난각막NEM 선물세트 1세트 (90일분),https://smartstore.naver.com/main/products/11314322551,2025-06-16,5,소문듣고 엄마 먹어보려고요~ 효과가 있었음 좋겠네요,,아주 넉넉해요,적당해요,편리해요,Y
LP_067,[+용돈봉투 증정] 종근당건강 관절연골엔 난각막NEM 선물세트 1세트 (90일분),https://smartstore.naver.com/main/products/11314322551,2025-06-15,5,친정부모님께 사드렸는데~ 관절에 도움이 되면 좋곘어요,여성,꽤 남았어요,꼼꼼해요,편리해요,Y
LP_067,[+용돈봉투 증정] 종근당건강 관절연골엔 난각막NEM 선물세트 1세트 (90일분),https://smartstore.naver.com/main/products/11314322551,2025-06-14,5,잘 받았습니다 꾸준히 먹어보게요,,아주 넉넉해요,꼼꼼해요,편리해요,Y
LP_067,[+용돈봉투 증정] 종근당건강 관절연골엔 난각막NEM 선물세트 1세트 (90일분),https://smartstore.naver.com/main/products/11314322551,2025-06-12,5,"건강관심사 관절/뼈건강근육/체력피로회복
 홈쇼핑보고 인터넷몰에서 구입했어요
엄마드렸어요",여성,아주 넉넉해요,꼼꼼해요,편리해요,Y
LP_067,[+용돈봉투 증정] 종근당건강 관절연골엔 난각막NEM 선물세트 1세트 (90일분),https://smartstore.naver.com/main/products/11314322551,2025-06-11,5,"잘먹고있어요
도움이돴으면좋겠내요",,꽤 남았어요,적당해요,그냥그래요,Y
LP_067,[+용돈봉투 증정] 종근당건강 관절연골엔 난각막NEM 선물세트 1세트 (90일분),https://smartstore.naver.com/main/products/11314322551,2025-06-08,4,"건강관심사 노화방지면역력피로회복
 한달사용잘드시네요.
다드시고 다시 주문해달라시네요",남성,아주 넉넉해요,꼼꼼해요,편리해요,Y
LP_067,[+용돈봉투 증정] 종근당건강 관절연골엔 난각막NEM 선물세트 1세트 (90일분),https://smartstore.naver.com/main/products/11314322551,2025-06-07,5,엄마가 주문해달라고 하셔서 주문해드렸어요 :),,아주 넉넉해요,꼼꼼해요,편리해요,Y
LP_067,[+용돈봉투 증정] 종근당건강 관절연골엔 난각막NEM 선물세트 1세트 (90일분),https://smartstore.naver.com/main/products/11314322551,2025-06-05,5,어버이날 선물로 사드렸는데 ..좋아하세요 !,여성,아주 넉넉해요,꼼꼼해요,편리해요,Y
LP_067,[+용돈봉투 증정] 종근당건강 관절연골엔 난각막NEM 선물세트 1세트 (90일분),https://smartstore.naver.com/main/products/11314322551,2025-06-05,4,"건강관심사 여성건강
 엄마가 좋아하세요~",여성,꽤 남았어요,적당해요,편리해요,Y
LP_067,[+용돈봉투 증정] 종근당건강 관절연골엔 난각막NEM 선물세트 1세트 (90일분),https://smartstore.naver.com/main/products/11314322551,2025-06-05,5,만 족 합 니 다 ㅎ,,꽤 남았어요,적당해요,그냥그래요,Y
LP_067,[+용돈봉투 증정] 종근당건강 관절연골엔 난각막NEM 선물세트 1세트 (90일분),https://smartstore.naver.com/main/products/11314322551,2025-05-29,5,잘 복용하고 있습니다.,,아주 넉넉해요,꼼꼼해요,편리해요,Y
LP_067,[+용돈봉투 증정] 종근당건강 관절연골엔 난각막NEM 선물세트 1세트 (90일분),https://smartstore.naver.com/main/products/11314322551,2025-05-29,4,"건강관심사 눈건강
 좋은 제품 감사드립니다",남성,꽤 남았어요,적당해요,편리해요,Y
LP_067,[+용돈봉투 증정] 종근당건강 관절연골엔 난각막NEM 선물세트 1세트 (90일분),https://smartstore.naver.com/main/products/11314322551,2025-05-28,5,"안전포장 좋아요.
먹기 편하고 휴대가 간편해 맘에 듭니다.",,아주 넉넉해요,꼼꼼해요,편리해요,Y
LP_067,[+용돈봉투 증정] 종근당건강 관절연골엔 난각막NEM 선물세트 1세트 (90일분),https://smartstore.naver.com/main/products/11314322551,2025-05-28,5,한달사용부모님이 매일 잘챙겨드십니다,,꽤 남았어요,적당해요,그냥그래요,Y
LP_067,[+용돈봉투 증정] 종근당건강 관절연골엔 난각막NEM 선물세트 1세트 (90일분),https://smartstore.naver.com/main/products/11314322551,2025-05-27,5,관절에 도우이 되었으면 합니다~,남성,아주 넉넉해요,적당해요,편리해요,Y
LP_067,[+용돈봉투 증정] 종근당건강 관절연골엔 난각막NEM 선물세트 1세트 (90일분),https://smartstore.naver.com/main/products/11314322551,2025-05-27,5,"건강관심사 노화방지눈건강관절/뼈건강
 엄마관절에좋다해서 사다드렸는데 벌써 두번째 구매입니다
효과가 있으니 계속 드시겠죠ㅎ",여성,아주 넉넉해요,꼼꼼해요,편리해요,Y
LP_067,[+용돈봉투 증정] 종근당건강 관절연골엔 난각막NEM 선물세트 1세트 (90일분),https://smartstore.naver.com/main/products/11314322551,2025-05-27,4,부모님 선물로 아주 좋습니다.,,꽤 남았어요,적당해요,그냥그래요,Y
LP_067,[+용돈봉투 증정] 종근당건강 관절연골엔 난각막NEM 선물세트 1세트 (90일분),https://smartstore.naver.com/main/products/11314322551,2025-05-27,5,잘 먹고있습니다 많이 파세요,,꽤 남았어요,적당해요,편리해요,Y
LP_067,[+용돈봉투 증정] 종근당건강 관절연골엔 난각막NEM 선물세트 1세트 (90일분),https://smartstore.naver.com/main/products/11314322551,2025-05-24,5,"어머님이 너무 좋아하세요 항상 여기서만 구입합니다 효과가 좋다고. 이제는 홍보까지 하고 다니시네요
역시 효과좋은 제품은 뭐가 달라도 다른것 같습니다",,아주 넉넉해요,꼼꼼해요,편리해요,Y
LP_067,[+용돈봉투 증정] 종근당건강 관절연골엔 난각막NEM 선물세트 1세트 (90일분),https://smartstore.naver.com/main/products/11314322551,2025-05-22,5,재구매엄마 계속 사드리고 있습니다.,여성,아주 넉넉해요,꼼꼼해요,편리해요,Y
LP_067,[+용돈봉투 증정] 종근당건강 관절연골엔 난각막NEM 선물세트 1세트 (90일분),https://smartstore.naver.com/main/products/11314322551,2025-05-21,5,상품이,,꽤 남았어요,적당해요,편리해요,Y
LP_067,[+용돈봉투 증정] 종근당건강 관절연골엔 난각막NEM 선물세트 1세트 (90일분),https://smartstore.naver.com/main/products/11314322551,2025-05-21,5,"엄마 효도템으로 강추해요
다른 관절 영양제보다 효과 좋으시대서
재구매해요",,꽤 남았어요,적당해요,편리해요,Y
LP_067,[+용돈봉투 증정] 종근당건강 관절연골엔 난각막NEM 선물세트 1세트 (90일분),https://smartstore.naver.com/main/products/11314322551,2025-05-20,5,"관절연골에 좋다고해서 재구매하였습니다. 
?
1",,아주 넉넉해요,꼼꼼해요,편리해요,Y
LP_067,[+용돈봉투 증정] 종근당건강 관절연골엔 난각막NEM 선물세트 1세트 (90일분),https://smartstore.naver.com/main/products/11314322551,2025-05-20,5,아빠께서 재구매 해달라하셔서 괜찮다하시는것 같아요,,아주 넉넉해요,꼼꼼해요,편리해요,Y
LP_067,[+용돈봉투 증정] 종근당건강 관절연골엔 난각막NEM 선물세트 1세트 (90일분),https://smartstore.naver.com/main/products/11314322551,2025-05-20,5,"어버이날 선물로 샀어요~
잘 드시고 효과 있었으면 좋겠어요",,꽤 남았어요,꼼꼼해요,편리해요,Y
LP_067,[+용돈봉투 증정] 종근당건강 관절연골엔 난각막NEM 선물세트 1세트 (90일분),https://smartstore.naver.com/main/products/11314322551,2025-05-19,5,"건강관심사 관절/뼈건강
 관절도움에 좋다고 구입 하였습니다",남성,아주 넉넉해요,꼼꼼해요,편리해요,Y
LP_067,[+용돈봉투 증정] 종근당건강 관절연골엔 난각막NEM 선물세트 1세트 (90일분),https://smartstore.naver.com/main/products/11314322551,2025-05-18,5,이모께서 어머니 사드리라고 추천,여성,아주 넉넉해요,꼼꼼해요,편리해요,Y
LP_067,[+용돈봉투 증정] 종근당건강 관절연골엔 난각막NEM 선물세트 1세트 (90일분),https://smartstore.naver.com/main/products/11314322551,2025-05-18,5,부모님이 드시는 제품인데 좋다고 하셔서 재구매했습니다. 좀 더 저렴하면 좋겠어요,,아주 넉넉해요,꼼꼼해요,편리해요,Y
LP_067,[+용돈봉투 증정] 종근당건강 관절연골엔 난각막NEM 선물세트 1세트 (90일분),https://smartstore.naver.com/main/products/11314322551,2025-05-18,5,배송 빠르게 잘받았습니다 엄마가 이 제품을 먹어보고 효과가있다고하셔서 또 주문해드렸는데 너무 좋아하세요 효도한것같아서 뿌듯합니다 다드시고나면 또 주문해드리려구요👍,,꽤 남았어요,적당해요,편리해요,Y
LP_067,[+용돈봉투 증정] 종근당건강 관절연골엔 난각막NEM 선물세트 1세트 (90일분),https://smartstore.naver.com/main/products/11314322551,2025-05-17,5,맘에 들어요 네네.,남성,꽤 남았어요,적당해요,그냥그래요,Y
LP_067,[+용돈봉투 증정] 종근당건강 관절연골엔 난각막NEM 선물세트 1세트 (90일분),https://smartstore.naver.com/main/products/11314322551,2025-05-16,5,부모님 구매해드렸어요 효과있음좋겠어요,,아주 넉넉해요,꼼꼼해요,편리해요,Y
LP_067,[+용돈봉투 증정] 종근당건강 관절연골엔 난각막NEM 선물세트 1세트 (90일분),https://smartstore.naver.com/main/products/11314322551,2025-05-10,5,라이브 방송으로 구매했어요. 선물용인데 좋아허시내요.,,아주 넉넉해요,꼼꼼해요,편리해요,Y
LP_067,[+용돈봉투 증정] 종근당건강 관절연골엔 난각막NEM 선물세트 1세트 (90일분),https://smartstore.naver.com/main/products/11314322551,2025-05-09,4,어버이날 부모님 선물로 좋았습니다.,,꽤 남았어요,적당해요,편리해요,Y
LP_067,[+용돈봉투 증정] 종근당건강 관절연골엔 난각막NEM 선물세트 1세트 (90일분),https://smartstore.naver.com/main/products/11314322551,2025-05-09,5,어머니가 만족해 하십니다.,,꽤 남았어요,적당해요,편리해요,Y
LP_067,[+용돈봉투 증정] 종근당건강 관절연골엔 난각막NEM 선물세트 1세트 (90일분),https://smartstore.naver.com/main/products/11314322551,2025-05-07,5,늘먹던 제품인데 라방때 구매해서 더 좋았어요!,여성,아주 넉넉해요,꼼꼼해요,편리해요,Y
LP_067,[+용돈봉투 증정] 종근당건강 관절연골엔 난각막NEM 선물세트 1세트 (90일분),https://smartstore.naver.com/main/products/11314322551,2025-05-04,4,댓글보고 구매했엉노 기대합니다,,아주 넉넉해요,꼼꼼해요,편리해요,Y
LP_067,[+용돈봉투 증정] 종근당건강 관절연골엔 난각막NEM 선물세트 1세트 (90일분),https://smartstore.naver.com/main/products/11314322551,2025-05-02,5,선물용으로 구매해요~~,,아주 넉넉해요,꼼꼼해요,편리해요,Y
LP_067,[+용돈봉투 증정] 종근당건강 관절연골엔 난각막NEM 선물세트 1세트 (90일분),https://smartstore.naver.com/main/products/11314322551,2025-05-01,4,부모님 선물로 픽 했어요,,아주 넉넉해요,꼼꼼해요,편리해요,Y
LP_067,[+용돈봉투 증정] 종근당건강 관절연골엔 난각막NEM 선물세트 1세트 (90일분),https://smartstore.naver.com/main/products/11314322551,2025-05-01,5,"엄마 관절에 효과 좋다고 계속 사달라고 하시네요
감사합니다.",여성,꽤 남았어요,꼼꼼해요,편리해요,Y
LP_067,[+용돈봉투 증정] 종근당건강 관절연골엔 난각막NEM 선물세트 1세트 (90일분),https://smartstore.naver.com/main/products/11314322551,2025-04-26,4,배송도 빠르고 만족합니다,남성,꽤 남았어요,적당해요,편리해요,Y
LP_067,[+용돈봉투 증정] 종근당건강 관절연골엔 난각막NEM 선물세트 1세트 (90일분),https://smartstore.naver.com/main/products/11314322551,2025-04-24,5,어버이날 선물로 샀어요 좋아하셔서 다행입니다~,,아주 넉넉해요,꼼꼼해요,편리해요,Y
LP_067,[+용돈봉투 증정] 종근당건강 관절연골엔 난각막NEM 선물세트 1세트 (90일분),https://smartstore.naver.com/main/products/11314322551,2025-04-22,5,"관절연골에 좋은 난각만 영양제!!
처음 구매했네요~~ 꾸준히 먹어 보겠습니다~~믿고먹는 종근당 제품 좋아요~~^^",,아주 넉넉해요,꼼꼼해요,편리해요,Y
LP_067,[+용돈봉투 증정] 종근당건강 관절연골엔 난각막NEM 선물세트 1세트 (90일분),https://smartstore.naver.com/main/products/11314322551,2025-04-19,3,"건강관심사 노화방지관절/뼈건강
 관절에 좋다고해서 구매함
적당한크기 먹기편함
관절이 좋아지기를 바라며
~~",여성,꽤 남았어요,적당해요,그냥그래요,Y
LP_067,[+용돈봉투 증정] 종근당건강 관절연골엔 난각막NEM 선물세트 1세트 (90일분),https://smartstore.naver.com/main/products/11314322551,2025-04-10,5,하루만에 잘 받았어요! 아직 먹어보진 않았지만 꾸준히 먹어보겠습니다,,아주 넉넉해요,꼼꼼해요,편리해요,Y
LP_067,[+용돈봉투 증정] 종근당건강 관절연골엔 난각막NEM 선물세트 1세트 (90일분),https://smartstore.naver.com/main/products/11314322551,2025-04-04,5,"건강관심사 관절/뼈건강
 이모와 엄마 무릎이 안좋아서 사드렸었는데 다 드시고 별차이 없는것 같다고 하시더니 한달쯤 지나니까 확실히 안먹었을때 보다 먹었을때가 움직임도 수월하고 통증도 좀 덜한것같고 잘때 막 무릎이 설명하기 어렵게 불편하던게 덜불편했다시네요. 그래서 다시 주문했어요~
꾸준히 드셔야겠다셔서 계속 쭉 사드려보려구요.
많이 파세요~ 
?
1",여성,아주 넉넉해요,적당해요,편리해요,Y
LP_067,[+용돈봉투 증정] 종근당건강 관절연골엔 난각막NEM 선물세트 1세트 (90일분),https://smartstore.naver.com/main/products/11314322551,2025-03-31,5,"엄청 기획이 좋게 구매했어요~ 
?
1",,아주 넉넉해요,꼼꼼해요,편리해요,Y
LP_067,[+용돈봉투 증정] 종근당건강 관절연골엔 난각막NEM 선물세트 1세트 (90일분),https://smartstore.naver.com/main/products/11314322551,2025-03-30,5,"건강관심사 관절/뼈건강근육/체력장건강
 저 조그마한 알약 하나가 그렇게 몸에 좋다니...
먹기도 너무 편하구요.
역시 종근당 제품은 정말 믿고 구매할만 합니다.",남성,아주 넉넉해요,꼼꼼해요,편리해요,Y
LP_067,[+용돈봉투 증정] 종근당건강 관절연골엔 난각막NEM 선물세트 1세트 (90일분),https://smartstore.naver.com/main/products/11314322551,2025-03-27,5,"건강관심사 면역력장건강피로회복
 2개월 드시고있는데 더 드셔보셔야 효과가 있으려나 또 주문해봅니다 +1",여성,아주 넉넉해요,꼼꼼해요,편리해요,Y
LP_067,[+용돈봉투 증정] 종근당건강 관절연골엔 난각막NEM 선물세트 1세트 (90일분),https://smartstore.naver.com/main/products/11314322551,2025-03-25,5,관절들이 여기저기 말썽인데요ㅠ 앞으로 잘 복용해볼게요 감사합니다!,,꽤 남았어요,적당해요,편리해요,Y
LP_067,[+용돈봉투 증정] 종근당건강 관절연골엔 난각막NEM 선물세트 1세트 (90일분),https://smartstore.naver.com/main/products/11314322551,2025-03-23,5,어머니께서 좋ㅇㅏ하세요,,아주 넉넉해요,꼼꼼해요,편리해요,Y
LP_067,[+용돈봉투 증정] 종근당건강 관절연골엔 난각막NEM 선물세트 1세트 (90일분),https://smartstore.naver.com/main/products/11314322551,2025-03-22,5,"건강관심사 여성건강
 배송 엄청빠르네여 ㅋㅋㅋ 마시지기도 주시구... 5개월치 구매하려다 3개월치 구매했는데 먹어보구 좋아하심 싹 봐꿔드릴려구여",여성,아주 넉넉해요,꼼꼼해요,편리해요,Y
LP_067,[+용돈봉투 증정] 종근당건강 관절연골엔 난각막NEM 선물세트 1세트 (90일분),https://smartstore.naver.com/main/products/11314322551,2025-03-20,5,"건강관심사 노화방지근육/체력관절/뼈건강
 아빠에게 사드렸어요 무릎뼈가 고정되는느낌이라고 하시네요 계속사드릴려거에요",남성,아주 넉넉해요,꼼꼼해요,편리해요,Y
LP_067,[+용돈봉투 증정] 종근당건강 관절연골엔 난각막NEM 선물세트 1세트 (90일분),https://smartstore.naver.com/main/products/11314322551,2025-03-20,5,"후기보고 좋다하여 샀는데 진짜로 먹으니까
덜아프고 건강해지는 느낌이예요 관절이 더 아파지지는않을거같아요",,꽤 남았어요,적당해요,편리해요,Y
LP_067,[+용돈봉투 증정] 종근당건강 관절연골엔 난각막NEM 선물세트 1세트 (90일분),https://smartstore.naver.com/main/products/11314322551,2025-03-20,5,배송도빠르고 좋습니다,,꽤 남았어요,적당해요,그냥그래요,Y
LP_067,[+용돈봉투 증정] 종근당건강 관절연골엔 난각막NEM 선물세트 1세트 (90일분),https://smartstore.naver.com/main/products/11314322551,2025-03-20,5,"건강관심사 노화방지눈건강여성건강
 부모님 드리려고 샀어요~",여성,아주 넉넉해요,적당해요,편리해요,Y
LP_067,[+용돈봉투 증정] 종근당건강 관절연골엔 난각막NEM 선물세트 1세트 (90일분),https://smartstore.naver.com/main/products/11314322551,2025-03-19,5,"건강관심사 면역력
 한달사용난각막 관절에 좋다고 들어서 먹어보려 합니다.",남성,꽤 남았어요,적당해요,편리해요,Y
LP_067,[+용돈봉투 증정] 종근당건강 관절연골엔 난각막NEM 선물세트 1세트 (90일분),https://smartstore.naver.com/main/products/11314322551,2025-03-14,5,엄마 관절 연골 때문에 사드렸는데 사은품이 빵빵 하네요 ㅎㅎ 먹어보고 효과 있으면 재구매 예정입니다~~,,아주 넉넉해요,꼼꼼해요,편리해요,Y
LP_067,[+용돈봉투 증정] 종근당건강 관절연골엔 난각막NEM 선물세트 1세트 (90일분),https://smartstore.naver.com/main/products/11314322551,2025-03-11,5,좋을것같아 먹어봅니다,,아주 넉넉해요,꼼꼼해요,편리해요,Y
LP_067,[+용돈봉투 증정] 종근당건강 관절연골엔 난각막NEM 선물세트 1세트 (90일분),https://smartstore.naver.com/main/products/11314322551,2025-03-11,5,엄마가 사달라고 하셔서 한번 사봤어요! 마그네슘도 필요해서 같은 회사꺼 구매해봤습니다 ~ 배송이 엄청 빨라요 👍🏻👍🏻,,아주 넉넉해요,꼼꼼해요,편리해요,Y
LP_067,[+용돈봉투 증정] 종근당건강 관절연골엔 난각막NEM 선물세트 1세트 (90일분),https://smartstore.naver.com/main/products/11314322551,2025-03-11,5,"건강관심사 관절/뼈건강
 무릅관절이 아파서 접하게 돼었는데 통증이없어져서좋아요",여성,아주 넉넉해요,꼼꼼해요,편리해요,Y
LP_067,[+용돈봉투 증정] 종근당건강 관절연골엔 난각막NEM 선물세트 1세트 (90일분),https://smartstore.naver.com/main/products/11314322551,2025-03-11,5,효과가 좋으면 좋겠네요 ㅎ,,꽤 남았어요,적당해요,편리해요,Y
LP_067,[+용돈봉투 증정] 종근당건강 관절연골엔 난각막NEM 선물세트 1세트 (90일분),https://smartstore.naver.com/main/products/11314322551,2025-03-07,5,좋다고 하시네요~ 드시고 더 건강해지시길요~,,아주 넉넉해요,꼼꼼해요,편리해요,Y
LP_067,[+용돈봉투 증정] 종근당건강 관절연골엔 난각막NEM 선물세트 1세트 (90일분),https://smartstore.naver.com/main/products/11314322551,2025-03-06,5,"건강관심사 관절/뼈건강근육/체력노화방지
 90세 엄마 드리려고 샀어요. 뼈와 관절에 좋다고 해서 기대가 많으시네요. 사은품으로 온 마사지건도 시원하다며 좋아하십니다!",여성,아주 넉넉해요,꼼꼼해요,편리해요,Y
LP_067,[+용돈봉투 증정] 종근당건강 관절연골엔 난각막NEM 선물세트 1세트 (90일분),https://smartstore.naver.com/main/products/11314322551,2025-03-02,5,"건강관심사 면역력관절/뼈건강근육/체력
 저가 브랜드도 먹어봤는데 좀더 비싸도 효과가 확실하네여",여성,아주 넉넉해요,꼼꼼해요,편리해요,Y
LP_067,[+용돈봉투 증정] 종근당건강 관절연골엔 난각막NEM 선물세트 1세트 (90일분),https://smartstore.naver.com/main/products/11314322551,2025-03-02,2,아직 받기전인데 먹어보려구어,,꽤 남았어요,적당해요,그냥그래요,Y
LP_067,[+용돈봉투 증정] 종근당건강 관절연골엔 난각막NEM 선물세트 1세트 (90일분),https://smartstore.naver.com/main/products/11314322551,2025-02-26,3,한달사용먹어봐도 별로 모르겠어요,,꽤 남았어요,적당해요,그냥그래요,Y
LP_067,[+용돈봉투 증정] 종근당건강 관절연골엔 난각막NEM 선물세트 1세트 (90일분),https://smartstore.naver.com/main/products/11314322551,2025-02-25,5,어머니 건강검진에 간이 안좋다고 나와서 주문해드렸어요 효과가 좋길 기대합니다.,,아주 넉넉해요,꼼꼼해요,편리해요,Y
LP_067,[+용돈봉투 증정] 종근당건강 관절연골엔 난각막NEM 선물세트 1세트 (90일분),https://smartstore.naver.com/main/products/11314322551,2025-02-24,5,"관절 연골에 좋다고해서 구매했습니다
배송포장 모두 빠르고 아주 좋습니다~",,아주 넉넉해요,꼼꼼해요,편리해요,Y
LP_067,[+용돈봉투 증정] 종근당건강 관절연골엔 난각막NEM 선물세트 1세트 (90일분),https://smartstore.naver.com/main/products/11314322551,2025-02-20,5,좋다고 방송에 나와서 구매하였습니다. 효과있기를,여성,아주 넉넉해요,꼼꼼해요,편리해요,Y
LP_067,[+용돈봉투 증정] 종근당건강 관절연골엔 난각막NEM 선물세트 1세트 (90일분),https://smartstore.naver.com/main/products/11314322551,2025-02-13,5,"건강관심사 면역력
 일단 좋다고 마니 들어서 한번 먹어보려합니다",남성,아주 넉넉해요,꼼꼼해요,편리해요,Y
LP_067,[+용돈봉투 증정] 종근당건강 관절연골엔 난각막NEM 선물세트 1세트 (90일분),https://smartstore.naver.com/main/products/11314322551,2025-02-06,4,연골이 약해서 복용중~~,,아주 넉넉해요,꼼꼼해요,편리해요,Y
LP_067,[+용돈봉투 증정] 종근당건강 관절연골엔 난각막NEM 선물세트 1세트 (90일분),https://smartstore.naver.com/main/products/11314322551,2025-01-25,5,부모님이 드셔보시고 싶다고 해서 구매해드렸어요. 배송 빠르고 공식몰이라서 더 안심이네요. 가격도 홈쇼핑에 나오는것보다 저렴하구요. 연세 드실 수록 관절이 많이 신경 쓰이는데 드시고 효과 있다고 하시면 계속 챙겨드려야 겠어요.,,아주 넉넉해요,꼼꼼해요,편리해요,Y
