live_code,date,start_time,end_time,duration_min,viewer_count,promotion_flag,promotion_text,prod_codes,avg_price,purchase_count_est,live_ad_spend_est
DL_191,2025-09-29,09:59:20,11:38:07,98,425307,0,,"DP_024,DP_001,DP_082,DP_037,DP_025,DP_107,DP_100,DP_028,DP_005,DP_099,DP_061,DP_060,DP_030,DP_048,DP_029,DP_204,DP_031,DP_033,DP_071,DP_083,DP_101,DP_053,DP_009,DP_035,DP_055,DP_039,DP_102,DP_042,DP_103,DP_104,DP_105,DP_106,DP_045,DP_027,DP_108,DP_096,DP_059,DP_058",83294.73684210527,425.307,998065.1425161063
DL_126,2025-09-23,18:59:17,20:09:58,70,101613,0,,"DP_024,DP_082,DP_025,DP_001,DP_050,DP_037,DP_079,DP_028,DP_005,DP_099,DP_029,DP_060,DP_100,DP_009,DP_061,DP_030,DP_048,DP_031,DP_035,DP_033,DP_019,DP_034,DP_101,DP_053,DP_036,DP_088,DP_055,DP_039,DP_102,DP_042,DP_103,DP_104,DP_105,DP_106,DP_045,DP_107,DP_027,DP_108,DP_096,DP_059,DP_058",83370.73170731707,101.613,959515.7447935692
DL_230,2025-09-23,09:59:19,11:38:40,99,414913,0,,"DP_024,DP_082,DP_025,DP_001,DP_050,DP_037,DP_079,DP_028,DP_005,DP_099,DP_029,DP_060,DP_100,DP_009,DP_061,DP_030,DP_048,DP_031,DP_035,DP_033,DP_019,DP_034,DP_101,DP_053,DP_036,DP_088,DP_055,DP_039,DP_102,DP_042,DP_103,DP_104,DP_105,DP_106,DP_045,DP_107,DP_027,DP_108,DP_096,DP_059",84630.0,414.913,1013370.4716948075
DL_132,2025-09-16,09:59:42,11:39:48,100,445324,0,,"DP_001,DP_082,DP_024,DP_025,DP_037,DP_028,DP_005,DP_050,DP_030,DP_029,DP_046,DP_056,DP_033,DP_169,DP_229,DP_083,DP_034,DP_048,DP_096,DP_019,DP_058,DP_035,DP_053,DP_011,DP_055,DP_099,DP_039,DP_102,DP_042,DP_103,DP_104,DP_105,DP_106,DP_060,DP_045,DP_107,DP_027,DP_100,DP_009,DP_108,DP_059",84529.26829268293,445.324,1014146.7153242902
DL_069,2025-09-09,09:59:31,11:37:39,98,432609,0,,"DP_024,DP_001,DP_026,DP_028,DP_050,DP_002,DP_005,DP_099,DP_061,DP_060,DP_030,DP_048,DP_025,DP_029,DP_056,DP_031,DP_033,DP_019,DP_034,DP_051,DP_101,DP_053,DP_148,DP_182,DP_055,DP_183,DP_039,DP_037,DP_045,DP_044",101160.0,432.60900000000004,1212703.610911959
DL_148,2025-09-03,18:59:43,20:40:28,100,460342,0,,"DP_001,DP_026,DP_024,DP_028,DP_050,DP_002,DP_005,DP_030,DP_025,DP_029,DP_033,DP_056,DP_055,DP_099,DP_039,DP_048,DP_060,DP_061,DP_160,DP_042,DP_102,DP_103,DP_104,DP_118,DP_095,DP_094,DP_049,DP_082,DP_038,DP_161,DP_091,DP_106,DP_147,DP_027,DP_108,DP_032,DP_046,DP_045,DP_058",88905.1282051282,460.342,1067624.2619149003
DL_082,2025-09-03,09:59:16,11:59:20,120,472740,0,,"DP_001,DP_026,DP_024,DP_025,DP_028,DP_002,DP_050,DP_005,DP_030,DP_029,DP_033,DP_056,DP_099,DP_055,DP_039,DP_048,DP_060,DP_061,DP_160,DP_042,DP_102,DP_103,DP_104,DP_118,DP_095,DP_094,DP_049,DP_082,DP_038,DP_161,DP_091,DP_106,DP_147,DP_027,DP_108,DP_032,DP_046,DP_045,DP_058",88905.1282051282,472.74,1068407.796367526
DL_015,2025-08-26,09:59:34,11:39:15,99,451023,0,,"DP_024,DP_001,DP_026,DP_028,DP_050,DP_037,DP_005,DP_061,DP_060,DP_030,DP_048,DP_101,DP_025,DP_035,DP_053,DP_056,DP_029,DP_032,DP_033,DP_031,DP_055,DP_003,DP_099,DP_058,DP_095,DP_204,DP_098,DP_019,DP_034,DP_161,DP_168,DP_004,DP_049",102739.39393939394,451.023,1233057.3795629553
DL_217,2025-08-19,18:59:05,20:42:56,103,492196,0,,"DP_001,DP_026,DP_024,DP_002,DP_055,DP_028,DP_099,DP_005,DP_025,DP_030,DP_029,DP_027,DP_033,DP_031,DP_056,DP_057,DP_035,DP_053,DP_032,DP_054,DP_116,DP_096,DP_058,DP_037,DP_003,DP_061,DP_060,DP_048,DP_095,DP_204,DP_098,DP_019,DP_034,DP_004",103152.94117647059,492.196,1241009.1017822083
DL_201,2025-08-19,09:59:20,12:00:53,121,459503,0,,"DP_001,DP_026,DP_024,DP_002,DP_055,DP_028,DP_099,DP_005,DP_025,DP_030,DP_029,DP_027,DP_033,DP_031,DP_056,DP_057,DP_035,DP_053,DP_032,DP_054,DP_116,DP_096,DP_058,DP_037,DP_003,DP_061,DP_060,DP_048,DP_095,DP_204,DP_098,DP_019,DP_034,DP_004",103152.94117647059,459.503,1238657.8498445286
DL_062,2025-08-12,09:59:41,11:38:57,99,446791,0,,"DP_024,DP_055,DP_001,DP_026,DP_002,DP_028,DP_005,DP_030,DP_025,DP_029,DP_060,DP_095,DP_031,DP_033,DP_057,DP_056,DP_048,DP_019,DP_032,DP_034,DP_117,DP_061,DP_265,DP_038,DP_050,DP_266,DP_101,DP_161,DP_167,DP_080,DP_045,DP_042,DP_166,DP_118,DP_103",95717.14285714286,446.791,1148478.5261722421
DL_133,2025-08-04,09:59:33,11:37:59,98,428277,0,,"DP_026,DP_001,DP_024,DP_028,DP_050,DP_002,DP_005,DP_061,DP_060,DP_030,DP_048,DP_058,DP_025,DP_056,DP_029,DP_057,DP_033,DP_031,DP_038,DP_042,DP_166,DP_118,DP_095,DP_103,DP_167,DP_161,DP_101,DP_035,DP_168",94313.79310344828,428.277,1130316.7344888311
DL_216,2025-07-22,09:59:46,11:41:03,101,453314,0,,"DP_024,DP_001,DP_002,DP_026,DP_050,DP_148,DP_005,DP_061,DP_029,DP_030,DP_058,DP_056,DP_053,DP_031,DP_057,DP_025,DP_019,DP_033,DP_037,DP_055,DP_028,DP_040,DP_039,DP_149,DP_102,DP_042,DP_118,DP_095,DP_094,DP_049,DP_035,DP_093,DP_116,DP_108,DP_032",93668.57142857143,453.314,1124348.580956412
DL_164,2025-07-15,09:59:36,11:38:33,98,460876,0,,"DP_024,DP_001,DP_002,DP_028,DP_055,DP_026,DP_005,DP_025,DP_030,DP_029,DP_061,DP_031,DP_057,DP_056,DP_060,DP_009,DP_095,DP_019,DP_035,DP_034,DP_117,DP_037,DP_040,DP_039,DP_149,DP_102,DP_042,DP_118,DP_094,DP_049,DP_093,DP_116,DP_108,DP_032",92458.82352941176,460.87600000000003,1110334.6390954345
DL_065,2025-07-09,09:59:41,11:41:05,101,442947,0,,"DP_024,DP_001,DP_026,DP_028,DP_029,DP_002,DP_050,DP_030,DP_058,DP_056,DP_053,DP_031,DP_103,DP_057,DP_034,DP_033,DP_083,DP_025,DP_037,DP_005,DP_079,DP_102,DP_055,DP_081,DP_046,DP_095,DP_149,DP_204,DP_163,DP_035",91046.66666666667,442.947,1092178.1524159533
DL_108,2025-07-03,18:59:45,20:40:27,100,461061,0,,"DP_001,DP_002,DP_024,DP_026,DP_055,DP_005,DP_028,DP_025,DP_061,DP_060,DP_030,DP_029,DP_027,DP_033,DP_031,DP_035,DP_009,DP_056,DP_051,DP_032,DP_019,DP_053,DP_054,DP_058,DP_037,DP_040,DP_039,DP_102,DP_042,DP_118,DP_045,DP_049,DP_093,DP_116,DP_097,DP_094,DP_108",90518.91891891892,461.06100000000004,1087050.4422168143
DL_120,2025-07-03,09:59:40,11:59:44,120,574334,0,,"DP_024,DP_001,DP_002,DP_028,DP_026,DP_055,DP_005,DP_025,DP_061,DP_060,DP_030,DP_029,DP_027,DP_033,DP_031,DP_035,DP_009,DP_056,DP_051,DP_032,DP_019,DP_053,DP_054,DP_058,DP_037,DP_040,DP_039,DP_102,DP_042,DP_118,DP_045,DP_049,DP_093,DP_116,DP_097,DP_094,DP_108",90518.91891891892,574.3340000000001,1093646.135325285
DL_219,2025-06-25,09:59:44,11:38:46,99,442907,0,,"DP_001,DP_024,DP_002,DP_026,DP_055,DP_028,DP_005,DP_030,DP_061,DP_060,DP_029,DP_031,DP_025,DP_027,DP_042,DP_056,DP_034,DP_019,DP_032,DP_035,DP_170,DP_243,DP_037,DP_040,DP_039,DP_102,DP_118,DP_045,DP_049,DP_093,DP_116,DP_097,DP_094,DP_108,DP_149,DP_244,DP_245,DP_229,DP_106,DP_080,DP_246,DP_095",95823.80952380953,442.907,1149480.9620457168
DL_162,2025-06-17,18:59:47,20:08:53,69,239036,0,,"DP_024,DP_001,DP_026,DP_002,DP_055,DP_005,DP_028,DP_029,DP_025,DP_009,DP_027,DP_060,DP_061,DP_030,DP_053,DP_031,DP_056,DP_033,DP_032,DP_200,DP_034,DP_058,DP_038,DP_040,DP_004,DP_037,DP_035,DP_057,DP_257,DP_019,DP_051,DP_059,DP_102,DP_042,DP_039,DP_044,DP_046,DP_108,DP_045,DP_118,DP_097",93341.46341463414,239.036,1100631.0912933382
DL_168,2025-06-17,09:59:55,11:34:17,94,456233,0,,"DP_024,DP_025,DP_002,DP_001,DP_026,DP_027,DP_028,DP_005,DP_029,DP_030,DP_031,DP_032,DP_033,DP_034,DP_035,DP_009,DP_036,DP_037,DP_038,DP_039,DP_040,DP_041,DP_042,DP_043,DP_044,DP_045,DP_046,DP_047,DP_048,DP_049,DP_050,DP_051,DP_052,DP_053,DP_054,DP_055,DP_056,DP_057,DP_058,DP_019,DP_059,DP_060,DP_061",91172.09302325582,456.233,1094576.2127024394
DL_193,2025-06-10,09:59:42,11:42:25,102,315148,0,,"DP_001,DP_024,DP_026,DP_002,DP_028,DP_005,DP_029,DP_055,DP_046,DP_035,DP_009,DP_051,DP_030,DP_052,DP_032,DP_054,DP_037,DP_116,DP_038,DP_171,DP_039,DP_040,DP_031,DP_027,DP_041,DP_043,DP_044,DP_045,DP_047,DP_048,DP_049,DP_165",89950.0,315.148,1068874.105779504
DL_177,2025-06-04,09:59:43,11:38:52,99,417436,0,,"DP_001,DP_037,DP_024,DP_026,DP_028,DP_040,DP_029,DP_030,DP_055,DP_046,DP_033,DP_034,DP_073,DP_051,DP_056,DP_049,DP_038,DP_035,DP_039,DP_093,DP_041,DP_042,DP_045,DP_043,DP_044,DP_005,DP_047,DP_031,DP_036,DP_048,DP_009,DP_204,DP_052",88736.36363636363,417.43600000000004,1062718.9477453528
DL_106,2025-05-28,09:59:44,11:37:58,98,637761,0,,"DP_001,DP_026,DP_005,DP_028,DP_002,DP_024,DP_095,DP_056,DP_029,DP_039,DP_037,DP_102,DP_055,DP_030,DP_116,DP_041,DP_057,DP_117,DP_044,DP_048,DP_042,DP_051,DP_049,DP_046,DP_118,DP_119,DP_059,DP_050,DP_058,DP_032,DP_097,DP_025",85721.875,637.761,1038667.7221268164
DL_002,2025-05-21,19:59:50,21:35:28,95,158784,0,,"DP_001,DP_026,DP_005,DP_028,DP_002,DP_024,DP_095,DP_056,DP_029,DP_103,DP_039,DP_118,DP_097,DP_086,DP_085,DP_037,DP_102,DP_030,DP_025,DP_041,DP_044,DP_119,DP_059,DP_178,DP_048,DP_050,DP_051,DP_047,DP_165,DP_033,DP_032,DP_116,DP_171",89096.9696969697,158.784,1038532.1407836349
DL_224,2025-05-21,09:59:45,12:00:42,120,433024,0,,"DP_050,DP_001,DP_002,DP_026,DP_024,DP_028,DP_040,DP_029,DP_030,DP_056,DP_033,DP_025,DP_008,DP_048,DP_032,DP_005,DP_034,DP_085,DP_037,DP_104,DP_038,DP_041,DP_102,DP_086,DP_116,DP_171,DP_049,DP_179,DP_039,DP_097,DP_180,DP_079,DP_095,DP_051",83641.17647058824,433.024,1002714.9731240049
DL_151,2025-05-08,09:59:49,11:43:17,103,400782,0,,"DP_024,DP_025,DP_002,DP_001,DP_026,DP_027,DP_028,DP_005,DP_029,DP_030,DP_031,DP_032,DP_033,DP_034,DP_035,DP_009,DP_036,DP_037,DP_038,DP_039,DP_040,DP_041,DP_042,DP_043,DP_044,DP_045,DP_046,DP_047,DP_048,DP_049,DP_050,DP_051,DP_052,DP_021,DP_053,DP_054",93261.11111111111,400.782,1115649.1580340322
DL_181,2025-05-02,19:59:46,21:36:38,96,163750,0,,"DP_001,DP_024,DP_026,DP_002,DP_025,DP_028,DP_005,DP_030,DP_050,DP_029,DP_027,DP_033,DP_031,DP_035,DP_009,DP_051,DP_052,DP_032,DP_021,DP_053,DP_054,DP_037,DP_038,DP_039,DP_040,DP_041,DP_042,DP_043,DP_044,DP_045,DP_046,DP_047,DP_048,DP_049",92570.58823529411,163.75,1079962.9150898387
DL_165,2025-04-23,19:59:49,21:46:09,106,136384,0,,"DP_001,DP_024,DP_026,DP_002,DP_028,DP_005,DP_029,DP_030,DP_033,DP_025,DP_027,DP_035,DP_009,DP_031,DP_034,DP_036,DP_093,DP_049,DP_037,DP_038,DP_040,DP_039,DP_041,DP_042,DP_043,DP_044,DP_045,DP_046,DP_047,DP_048",90553.33333333333,136.38400000000001,1050962.336350664
DL_066,2025-04-23,09:59:57,12:00:30,120,169606,0,,"DP_001,DP_024,DP_026,DP_002,DP_028,DP_005,DP_029,DP_030,DP_033,DP_025,DP_027,DP_035,DP_009,DP_031,DP_034,DP_036,DP_093,DP_049,DP_037,DP_038,DP_040,DP_039,DP_041,DP_042,DP_043,DP_044,DP_045,DP_046,DP_047,DP_048",90553.33333333333,169.606,1057479.9773869198
DL_067,2025-04-16,09:59:45,11:59:49,120,158776,0,,"DP_024,DP_001,DP_026,DP_002,DP_028,DP_005,DP_043,DP_030,DP_029,DP_031,DP_025,DP_027,DP_042,DP_056,DP_034,DP_032,DP_053,DP_059,DP_035,DP_162,DP_038,DP_037,DP_046,DP_102,DP_044,DP_163,DP_164,DP_058,DP_165,DP_089,DP_049,DP_095",102981.25,158.776,1200368.3819293499
DL_019,2025-04-08,09:59:47,11:43:55,104,168687,0,,"DP_257,DP_002,DP_026,DP_028,DP_001,DP_025,DP_009,DP_027,DP_024,DP_162,DP_200,DP_053,DP_030,DP_031,DP_056,DP_033,DP_032,DP_034,DP_058,DP_038,DP_040,DP_004,DP_037",100326.08695652174,168.687,1171425.908050131
DL_053,2025-04-02,09:59:44,11:38:57,99,160042,0,,"DP_001,DP_026,DP_028,DP_002,DP_005,DP_024,DP_162,DP_029,DP_057,DP_113,DP_052,DP_031,DP_056,DP_039,DP_033,DP_032,DP_027,DP_025,DP_034,DP_048,DP_163,DP_051,DP_041,DP_058,DP_095,DP_046,DP_103,DP_160",93139.28571428571,160.042,1085892.9315765542
DL_071,2025-03-25,19:59:45,21:39:09,99,4791,0,,"DP_001,DP_024,DP_002,DP_026,DP_028,DP_005,DP_029,DP_030,DP_031,DP_056,DP_033,DP_025,DP_008,DP_048,DP_032,DP_034,DP_085,DP_037,DP_038,DP_040,DP_041,DP_102,DP_108,DP_086,DP_049,DP_179,DP_044,DP_042,DP_039,DP_097,DP_180,DP_162,DP_079,DP_095,DP_198",89602.85714285714,4.791,945639.7640896194
DL_094,2025-03-25,09:59:47,11:59:50,120,454492,0,,"DP_001,DP_002,DP_024,DP_026,DP_028,DP_005,DP_029,DP_030,DP_031,DP_056,DP_033,DP_025,DP_008,DP_048,DP_032,DP_034,DP_085,DP_037,DP_038,DP_040,DP_041,DP_102,DP_108,DP_086,DP_049,DP_179,DP_044,DP_042,DP_039,DP_097,DP_180,DP_162,DP_079,DP_095,DP_198",89602.85714285714,454.492,1075622.9834751019
DL_020,2025-03-19,19:59:38,21:37:51,98,143819,0,,"DP_024,DP_001,DP_002,DP_026,DP_038,DP_005,DP_029,DP_031,DP_056,DP_025,DP_162,DP_030,DP_033,DP_034,DP_199,DP_200,DP_059,DP_037,DP_028,DP_102,DP_040,DP_041,DP_042,DP_046,DP_044,DP_108,DP_051,DP_118,DP_089,DP_027,DP_095,DP_201,DP_032",96042.42424242424,143.81900000000002,1116350.9824534012
DL_141,2025-03-12,09:59:42,11:41:47,102,164220,0,,"DP_162,DP_001,DP_028,DP_005,DP_002,DP_026,DP_024,DP_029,DP_031,DP_056,DP_039,DP_033,DP_032,DP_025,DP_165,DP_160,DP_048,DP_004,DP_037,DP_038,DP_102,DP_040,DP_089,DP_030,DP_104,DP_118,DP_117,DP_190,DP_051,DP_095",98413.33333333333,164.22,1148219.7238496325
DL_113,2025-03-04,09:59:32,11:44:31,104,192918,0,,"DP_001,DP_026,DP_005,DP_028,DP_002,DP_024,DP_095,DP_056,DP_029,DP_103,DP_039,DP_118,DP_097,DP_086,DP_085,DP_037,DP_102,DP_030,DP_042,DP_025,DP_041,DP_044,DP_119,DP_059,DP_255,DP_178,DP_048",91611.11111111111,192.918,1073732.0917422026
DL_007,2025-02-18,20:00:01,21:42:24,102,148978,0,,"DP_001,DP_002,DP_024,DP_026,DP_038,DP_005,DP_029,DP_031,DP_056,DP_025,DP_030,DP_033,DP_034,DP_199,DP_200,DP_059,DP_037,DP_028,DP_102,DP_040,DP_041,DP_042,DP_046,DP_044,DP_108,DP_101,DP_051,DP_118,DP_089",95134.4827586207,148.978,1106904.2038322468
DL_117,2025-02-18,09:59:58,12:00:01,120,523964,0,,"DP_001,DP_024,DP_002,DP_026,DP_038,DP_005,DP_029,DP_025,DP_030,DP_056,DP_031,DP_033,DP_034,DP_199,DP_200,DP_059,DP_037,DP_028,DP_102,DP_040,DP_041,DP_042,DP_046,DP_044,DP_108,DP_101,DP_051,DP_118,DP_089",95134.4827586207,523.964,1146514.4779037684
DL_075,2025-02-04,10:00:01,11:40:04,100,163842,0,,"DP_001,DP_002,DP_028,DP_005,DP_024,DP_031,DP_029,DP_081,DP_095,DP_034,DP_037,DP_038,DP_040,DP_079,DP_041,DP_046,DP_044,DP_042,DP_096,DP_097,DP_058,DP_098,DP_045,DP_078,DP_030",91520.0,163.842,1067723.341700065
DL_079,2025-01-22,20:00:02,21:41:01,100,5601,1,퀴즈 이벤트 / 퀴즈 / 백수오 프리미엄 진 1개월분; 퀴즈 이벤트 / 퀴즈 / 혈당케어 프로 2개월분; 저녁 라이브 특별 깜짝 이벤트 / 자유미션 / 헬리녹스X덴프스 프로바이오틱스 컬렉션,"DP_001,DP_002,DP_024,DP_028,DP_025,DP_005,DP_029,DP_079,DP_004,DP_031,DP_095,DP_078,DP_056,DP_033,DP_030,DP_058,DP_034,DP_151,DP_082,DP_027,DP_037,DP_038,DP_040,DP_041,DP_035,DP_189,DP_046,DP_044,DP_042,DP_096,DP_097,DP_098,DP_045,DP_080",94158.82352941176,5.601,997818.6132243156
DL_026,2025-01-22,10:00:05,12:00:43,120,460362,1,퀴즈 이벤트 / 퀴즈 / 백수오 프리미엄 진 1개월분; 퀴즈 이벤트 / 퀴즈 / 혈당케어 프로 2개월분; 라이브 특별 깜짝 이벤트 / 자유미션 / 헬리녹스X덴프스 프로바이오틱스 컬렉션,"DP_001,DP_024,DP_002,DP_028,DP_005,DP_079,DP_078,DP_029,DP_004,DP_031,DP_095,DP_056,DP_033,DP_030,DP_058,DP_034,DP_025,DP_151,DP_082,DP_027,DP_037,DP_038,DP_040,DP_041,DP_035,DP_046,DP_189,DP_044,DP_042,DP_096,DP_097,DP_098,DP_045,DP_080",94158.82352941176,460.362,1130715.034173956
DL_163,2025-01-14,10:00:07,11:50:41,110,182713,1,"10만원 이상 구매인증 이벤트 / 구매인증 / 신세계 상품권 30,000원; 15만원 이상 구매인증 이벤트 / 구매인증 / 신세계 상품권 100,000원; 댓글 이벤트 / 자유미션 / 위시 품목 1개월분; 퀴즈 이벤트 / 퀴즈 / 마그네슘 솔루션 1개월분","DP_001,DP_189,DP_079,DP_002,DP_029,DP_033,DP_025,DP_144,DP_151,DP_082,DP_027,DP_031,DP_081,DP_078,DP_024,DP_030,DP_005,DP_034,DP_216,DP_145,DP_037,DP_038,DP_040,DP_041,DP_035,DP_046,DP_044,DP_042,DP_096,DP_097,DP_058,DP_098,DP_045,DP_080,DP_056,DP_084",95038.88888888889,182.713,1112200.0303087977
DL_057,2025-01-07,10:00:05,11:40:05,100,155626,0,,"DP_001,DP_002,DP_028,DP_031,DP_005,DP_029,DP_024,DP_025,DP_082,DP_027,DP_033,DP_081,DP_095,DP_034,DP_037,DP_038,DP_040,DP_041,DP_144,DP_035,DP_046,DP_044,DP_042,DP_096,DP_097,DP_058,DP_098,DP_045,DP_145,DP_078",99306.66666666667,155.626,1156879.6078083897
DL_222,2024-12-18,10:00:02,11:50:42,110,166632,0,,"DP_079,DP_078,DP_001,DP_024,DP_080,DP_005,DP_029,DP_030,DP_033,DP_002,DP_056,DP_082,DP_084,DP_025,DP_031,DP_081,DP_058,DP_034,DP_216,DP_004,DP_026,DP_045,DP_037,DP_040,DP_089,DP_178,DP_203,DP_046,DP_096,DP_042,DP_049",98080.64516129032,166.632,1144810.556949595
DL_158,2024-12-11,20:00:04,21:42:59,102,109901,0,,"DP_001,DP_078,DP_079,DP_029,DP_005,DP_030,DP_080,DP_024,DP_002,DP_031,DP_049,DP_081,DP_082,DP_033,DP_025,DP_008,DP_058,DP_034,DP_083,DP_084,DP_085,DP_086,DP_087,DP_016,DP_088,DP_040,DP_039,DP_042,DP_046,DP_089,DP_037,DP_090,DP_091,DP_026,DP_092,DP_004,DP_035,DP_093,DP_094",88069.23076923077,109.901,1015864.2509277593
DL_098,2024-12-04,19:59:56,21:40:30,100,6602,0,,"DP_001,DP_079,DP_024,DP_029,DP_005,DP_078,DP_002,DP_033,DP_056,DP_031,DP_081,DP_049,DP_080,DP_025,DP_082,DP_030,DP_131,DP_110,DP_084,DP_085,DP_086,DP_008,DP_087,DP_016,DP_088,DP_034,DP_058,DP_040,DP_039,DP_042,DP_046,DP_089,DP_037,DP_090,DP_091,DP_026,DP_092,DP_004,DP_035,DP_093,DP_094",87456.09756097561,6.602,930892.2099795771
DL_033,2024-12-04,10:00:07,12:00:12,120,117526,0,,"DP_001,DP_079,DP_024,DP_005,DP_029,DP_078,DP_002,DP_033,DP_056,DP_031,DP_081,DP_025,DP_080,DP_049,DP_030,DP_110,DP_084,DP_085,DP_086,DP_008,DP_087,DP_016,DP_088,DP_034,DP_058,DP_004,DP_040,DP_039,DP_042,DP_046,DP_089,DP_037,DP_090,DP_091,DP_026,DP_092,DP_035,DP_093,DP_094",88889.7435897436,117.526,1027293.0465747426
DL_137,2024-11-27,10:00:14,12:00:21,120,488009,0,,"DP_001,DP_079,DP_005,DP_029,DP_024,DP_031,DP_078,DP_084,DP_082,DP_030,DP_033,DP_086,DP_085,DP_049,DP_008,DP_002,DP_087,DP_058,DP_110,DP_193,DP_034,DP_040,DP_039,DP_042,DP_046,DP_089,DP_037,DP_025,DP_080,DP_090,DP_026,DP_092,DP_145",90821.21212121213,488.009,1092391.5982193241
DL_194,2024-11-25,20:00:06,21:41:17,101,138415,0,,"DP_001,DP_078,DP_084,DP_079,DP_024,DP_005,DP_031,DP_029,DP_002,DP_080,DP_033,DP_086,DP_030,DP_085,DP_008,DP_058,DP_049,DP_087,DP_034,DP_145,DP_040,DP_039,DP_042,DP_046,DP_089,DP_037,DP_025,DP_090,DP_091,DP_026,DP_092",89567.74193548386,138.415,1039960.3850282863
DL_048,2024-11-25,10:00:06,12:00:09,120,465636,0,,"DP_001,DP_079,DP_084,DP_005,DP_024,DP_078,DP_085,DP_029,DP_031,DP_086,DP_082,DP_030,DP_033,DP_008,DP_002,DP_049,DP_087,DP_016,DP_110,DP_088,DP_034,DP_058,DP_193,DP_080,DP_037,DP_025,DP_040,DP_046,DP_039,DP_089,DP_042,DP_091,DP_090,DP_026,DP_092,DP_145",92522.22222222222,465.636,1111411.2548204842
DL_171,2024-11-20,10:00:20,12:00:24,120,463290,0,,"DP_001,DP_079,DP_024,DP_084,DP_005,DP_078,DP_085,DP_008,DP_049,DP_002,DP_029,DP_031,DP_086,DP_145,DP_082,DP_030,DP_033,DP_087,DP_016,DP_110,DP_088,DP_034,DP_058,DP_040,DP_039,DP_042,DP_046,DP_089,DP_037,DP_025,DP_080,DP_090,DP_026,DP_092",92420.58823529411,463.29,1110035.584164983
DL_084,2024-11-13,20:50:04,22:35:15,105,110722,0,,"DP_001,DP_024,DP_002,DP_005,DP_084,DP_029,DP_078,DP_049,DP_030,DP_033,DP_056,DP_087,DP_008,DP_083,DP_110,DP_031,DP_034,DP_058,DP_004,DP_037,DP_025,DP_035,DP_127,DP_089,DP_042,DP_039,DP_040,DP_081,DP_046,DP_161,DP_106,DP_175,DP_003,DP_148",95502.94117647059,110.72200000000001,1101844.9881949383
DL_206,2024-11-13,10:03:43,12:03:52,120,475755,0,,"DP_002,DP_001,DP_078,DP_005,DP_003,DP_024,DP_030,DP_049,DP_029,DP_031,DP_084,DP_033,DP_056,DP_087,DP_008,DP_083,DP_110,DP_034,DP_058,DP_004,DP_037,DP_148,DP_025,DP_035,DP_127,DP_089,DP_042,DP_039,DP_040,DP_081,DP_046,DP_161,DP_106,DP_175",95502.94117647059,475.755,1147897.6563499593
DL_012,2024-11-11,10:00:10,11:50:55,110,181775,0,,"DP_001,DP_049,DP_002,DP_084,DP_003,DP_005,DP_031,DP_029,DP_030,DP_033,DP_087,DP_056,DP_094,DP_024,DP_008,DP_083,DP_034,DP_110,DP_172,DP_173,DP_174,DP_004,DP_037,DP_148,DP_025,DP_035,DP_127,DP_089,DP_042,DP_039,DP_040,DP_081,DP_046,DP_161,DP_106,DP_175,DP_078",102381.08108108108,181.775,1197948.44096957
DL_183,2024-11-06,20:50:04,22:35:37,105,5164,0,,"DP_003,DP_002,DP_001,DP_005,DP_029,DP_031,DP_033,DP_070,DP_056,DP_030,DP_094,DP_087,DP_024,DP_008,DP_146,DP_147,DP_004,DP_037,DP_148,DP_025,DP_035,DP_127,DP_089,DP_042,DP_039,DP_040,DP_093,DP_046",101525.0,5.164,1073568.320107867
DL_186,2024-10-30,10:00:05,11:45:49,105,157390,0,,"DP_001,DP_002,DP_003,DP_084,DP_078,DP_024,DP_031,DP_056,DP_033,DP_029,DP_030,DP_070,DP_004,DP_048,DP_160,DP_186,DP_147,DP_037,DP_102,DP_042,DP_089,DP_103,DP_039,DP_187,DP_188,DP_040,DP_046,DP_044,DP_180,DP_097",123523.33333333333,157.39000000000001,1439453.026023048
DL_144,2024-10-28,10:01:11,11:06:41,65,3945,0,,"DP_004,DP_024,DP_088,DP_040,DP_170,DP_211,DP_019,DP_042,DP_059,DP_034,DP_188,DP_046,DP_212,DP_089,DP_096,DP_190,DP_058",90511.76470588235,3.9450000000000003,950481.59545592
DL_024,2024-10-24,18:59:53,20:09:21,69,4571,0,,"DP_042,DP_059,DP_034,DP_004,DP_024,DP_088,DP_040,DP_170,DP_211,DP_019,DP_188,DP_046,DP_212,DP_089,DP_096,DP_190,DP_058",90511.76470588235,4.571,954067.0685584283
DL_146,2024-10-16,20:50:03,22:26:09,96,5990,0,,"DP_024,DP_002,DP_001,DP_003,DP_031,DP_005,DP_029,DP_084,DP_033,DP_070,DP_030,DP_081,DP_160,DP_056,DP_094,DP_083,DP_231,DP_027,DP_037,DP_042,DP_102,DP_046,DP_044,DP_089,DP_180,DP_039,DP_097,DP_203,DP_087,DP_187,DP_188,DP_040,DP_096,DP_210,DP_152,DP_111",118936.11111111111,5.99,1262651.410652632
DL_049,2024-09-25,10:00:05,12:00:45,120,144918,0,,"DP_001,DP_002,DP_003,DP_033,DP_056,DP_031,DP_024,DP_078,DP_070,DP_040,DP_029,DP_160,DP_030,DP_103,DP_059,DP_267,DP_210,DP_004,DP_037,DP_148,DP_008,DP_184,DP_048,DP_009,DP_025,DP_035,DP_096,DP_127,DP_089,DP_042,DP_039,DP_259,DP_108,DP_181,DP_233,DP_046,DP_112",103862.16216216216,144.918,1207504.8100028213
DL_172,2024-09-10,10:00:04,11:40:00,99,145049,0,,"DP_004,DP_001,DP_002,DP_025,DP_003,DP_027,DP_024,DP_078,DP_127,DP_230,DP_033,DP_231,DP_035,DP_029,DP_046,DP_040,DP_184,DP_111,DP_232,DP_011,DP_037,DP_148,DP_008,DP_009,DP_089,DP_042,DP_039,DP_108,DP_096,DP_181,DP_233,DP_112",94125.0,145.049,1094328.3223973676
DL_143,2024-09-04,20:49:58,22:26:17,96,6590,0,,"DP_003,DP_001,DP_002,DP_025,DP_231,DP_027,DP_035,DP_024,DP_078,DP_033,DP_031,DP_070,DP_056,DP_005,DP_004,DP_029,DP_030,DP_071,DP_074,DP_034,DP_008,DP_009,DP_181,DP_233,DP_112,DP_037,DP_148,DP_127,DP_089,DP_042,DP_039,DP_040,DP_259,DP_108,DP_046",103468.57142857143,6.59,1101276.4002033134
DL_050,2024-09-04,10:00:19,11:42:34,102,137855,0,,"DP_001,DP_002,DP_003,DP_025,DP_231,DP_027,DP_035,DP_024,DP_078,DP_033,DP_031,DP_070,DP_056,DP_005,DP_004,DP_029,DP_030,DP_071,DP_074,DP_034,DP_008,DP_009,DP_181,DP_233,DP_112,DP_037,DP_259,DP_042,DP_127,DP_148,DP_089,DP_040,DP_039,DP_108,DP_046",103468.57142857143,137.855,1201222.8613106639
DL_112,2024-08-28,10:00:01,11:41:47,101,138884,0,,"DP_004,DP_002,DP_003,DP_070,DP_033,DP_031,DP_025,DP_009,DP_029,DP_078,DP_024,DP_005,DP_109,DP_035,DP_001,DP_030,DP_016,DP_010,DP_011,DP_012,DP_013,DP_014,DP_083,DP_015,DP_007,DP_017,DP_018,DP_019,DP_020,DP_021,DP_022,DP_113,DP_023,DP_114,DP_008,DP_115,DP_151",106416.21621621621,138.88400000000001,1235704.7858378666
DL_185,2024-08-21,20:49:59,22:31:29,101,117992,0,,"DP_001,DP_002,DP_003,DP_078,DP_005,DP_029,DP_033,DP_070,DP_031,DP_030,DP_109,DP_009,DP_103,DP_094,DP_110,DP_111,DP_112,DP_011,DP_012,DP_013,DP_014,DP_083,DP_015,DP_007,DP_016,DP_017,DP_018,DP_019,DP_020,DP_021,DP_022,DP_113,DP_023,DP_114,DP_008,DP_115,DP_024,DP_004",99089.47368421052,117.992,1145299.8884293824
DL_173,2024-08-21,10:00:11,12:00:14,120,456246,0,,"DP_001,DP_002,DP_003,DP_029,DP_078,DP_033,DP_005,DP_070,DP_031,DP_030,DP_109,DP_009,DP_103,DP_094,DP_110,DP_111,DP_112,DP_011,DP_012,DP_013,DP_014,DP_083,DP_015,DP_007,DP_016,DP_017,DP_018,DP_019,DP_020,DP_021,DP_022,DP_113,DP_023,DP_114,DP_008,DP_115,DP_024,DP_004",99089.47368421052,456.24600000000004,1189630.1004953
DL_155,2024-08-07,10:00:00,12:00:04,120,134158,0,,"DP_001,DP_003,DP_002,DP_004,DP_033,DP_070,DP_005,DP_031,DP_184,DP_030,DP_083,DP_094,DP_088,DP_109,DP_048,DP_185,DP_011,DP_012,DP_013,DP_014,DP_015,DP_007,DP_016,DP_017,DP_018,DP_019,DP_020,DP_021,DP_022,DP_113,DP_023,DP_114,DP_078,DP_008,DP_009,DP_115,DP_037,DP_056",99844.73684210527,134.15800000000002,1158256.3624541864
DL_054,2024-07-25,09:59:58,11:41:01,101,129928,0,,"DP_001,DP_002,DP_003,DP_070,DP_033,DP_155,DP_005,DP_004,DP_104,DP_030,DP_056,DP_072,DP_051,DP_011,DP_012,DP_013,DP_014,DP_083,DP_015,DP_007,DP_016,DP_017,DP_018,DP_019,DP_020,DP_021,DP_022,DP_113,DP_023,DP_114,DP_008,DP_009,DP_115",102775.75757575757,129.928,1191171.8391867378
DL_174,2024-07-16,20:49:59,22:04:45,74,104553,1,💗깜짝! 퀴즈 이벤트💗 / 퀴즈 / 이노시톨 우먼 1박스,"DP_001,DP_002,DP_003,DP_040,DP_004,DP_078,DP_033,DP_070,DP_103,DP_056,DP_109,DP_030,DP_206,DP_177,DP_059,DP_011,DP_012,DP_013,DP_014,DP_083,DP_015,DP_007,DP_016,DP_017,DP_018,DP_019,DP_020,DP_021,DP_022,DP_113,DP_023,DP_114,DP_008,DP_009,DP_115",109300.0,104.553,1258962.4154545558
DL_005,2024-07-16,10:00:00,11:40:59,100,334410,1,💗깜짝! 퀴즈 이벤트💗 / 퀴즈 / 스타벅스 아이스 카페 아메리카노,"DP_001,DP_002,DP_003,DP_040,DP_004,DP_078,DP_070,DP_033,DP_103,DP_056,DP_109,DP_030,DP_206,DP_177,DP_059,DP_011,DP_012,DP_013,DP_014,DP_083,DP_015,DP_007,DP_016,DP_017,DP_018,DP_019,DP_020,DP_021,DP_022,DP_113,DP_023,DP_114,DP_008,DP_009,DP_115",109300.0,334.41,1300958.1003395543
DL_116,2024-07-10,10:00:06,11:40:32,100,316010,0,,"DP_004,DP_002,DP_187,DP_078,DP_040,DP_127,DP_042,DP_001,DP_102,DP_263,DP_030,DP_046,DP_111,DP_108,DP_089,DP_155,DP_264,DP_011,DP_012,DP_013,DP_014,DP_083,DP_015,DP_007,DP_016,DP_017,DP_018,DP_019,DP_020,DP_021,DP_022,DP_113,DP_023,DP_114,DP_008,DP_009",128650.0,316.01,1528861.8703968027
DL_089,2024-07-03,20:50:01,22:34:56,104,116038,0,,"DP_001,DP_002,DP_003,DP_004,DP_029,DP_070,DP_078,DP_033,DP_005,DP_081,DP_030,DP_008,DP_009,DP_031,DP_109,DP_151,DP_037,DP_010,DP_011,DP_012,DP_013,DP_014,DP_083,DP_015,DP_007,DP_016,DP_017,DP_018,DP_019,DP_020,DP_021,DP_023,DP_114",106103.0303030303,116.038,1225780.4100908216
DL_218,2024-07-03,10:00:00,12:00:04,120,380496,0,,"DP_001,DP_002,DP_003,DP_004,DP_029,DP_070,DP_078,DP_033,DP_005,DP_081,DP_030,DP_008,DP_009,DP_031,DP_109,DP_151,DP_037,DP_010,DP_011,DP_012,DP_013,DP_014,DP_083,DP_015,DP_007,DP_016,DP_017,DP_018,DP_019,DP_020,DP_021,DP_023,DP_114",106103.0303030303,380.496,1267445.545470161
DL_119,2024-06-26,10:00:04,11:11:28,71,342112,0,,"DP_004,DP_089,DP_002,DP_003,DP_001,DP_044,DP_005,DP_181,DP_206,DP_033,DP_065,DP_010,DP_011,DP_012,DP_008,DP_009,DP_013,DP_014,DP_083,DP_015,DP_007,DP_016,DP_017,DP_018,DP_019,DP_020,DP_021,DP_022,DP_113,DP_023,DP_114",116770.96774193548,342.112,1390763.3517649204
DL_006,2024-06-19,19:00:00,20:40:31,100,4393,0,,"DP_001,DP_070,DP_031,DP_002,DP_004,DP_103,DP_008,DP_009,DP_003,DP_005,DP_006,DP_007,DP_010,DP_011,DP_012,DP_013,DP_014,DP_015,DP_016,DP_017,DP_018,DP_019,DP_161,DP_238,DP_200,DP_256,DP_151,DP_109",107339.28571428571,4.393,1130284.3427205721
DL_231,2024-06-19,10:00:01,11:40:56,100,364691,0,,"DP_001,DP_002,DP_003,DP_004,DP_005,DP_006,DP_007,DP_008,DP_009,DP_010,DP_011,DP_012,DP_013,DP_014,DP_015,DP_016,DP_017,DP_018,DP_019,DP_020,DP_021,DP_022,DP_023",113295.65217391304,364.69100000000003,1351771.3389737585
DL_197,2024-06-12,10:00:10,12:00:13,120,354198,0,,"DP_004,DP_002,DP_003,DP_005,DP_070,DP_081,DP_260,DP_030,DP_029,DP_181,DP_008,DP_009,DP_010,DP_011,DP_012,DP_013,DP_014,DP_083,DP_015,DP_007,DP_016,DP_017,DP_018,DP_019,DP_020,DP_021,DP_022,DP_113,DP_023,DP_114",105923.33333333333,354.198,1262784.6972761648
DL_207,2024-06-03,18:59:57,20:40:23,100,36643,0,,"DP_004,DP_029,DP_002,DP_033,DP_003,DP_005,DP_030,DP_094,DP_006,DP_070,DP_081,DP_010,DP_011,DP_012,DP_013,DP_014,DP_083,DP_015,DP_073,DP_017,DP_007,DP_016,DP_078",94843.47826086957,36.643,1059947.39966114
DL_090,2024-06-03,09:59:58,11:36:51,96,293891,0,,"DP_004,DP_029,DP_002,DP_033,DP_003,DP_005,DP_030,DP_094,DP_006,DP_070,DP_081,DP_010,DP_011,DP_012,DP_014,DP_083,DP_015,DP_073,DP_017,DP_007,DP_016,DP_078",97654.54545454546,293.891,1158168.1300242003
DL_052,2024-05-23,10:00:03,11:36:12,96,290672,0,,"DP_004,DP_003,DP_002,DP_005,DP_071,DP_072,DP_017,DP_083,DP_070,DP_033,DP_030,DP_013,DP_014,DP_006,DP_081,DP_010,DP_011,DP_012,DP_007,DP_016,DP_210,DP_019",82677.27272727272,290.672,980238.3634096244
DL_147,2024-05-13,09:59:58,11:37:39,97,275876,0,,"DP_004,DP_002,DP_103,DP_003,DP_005,DP_033,DP_010,DP_034,DP_011,DP_012,DP_013,DP_014,DP_083,DP_015,DP_007,DP_016,DP_017,DP_018,DP_019,DP_020,DP_021,DP_022,DP_113,DP_023,DP_114",113160.0,275.87600000000003,1339689.887912274
DL_025,2024-05-08,20:00:01,21:38:12,98,4916,0,,"DP_001,DP_002,DP_003,DP_103,DP_070,DP_033,DP_083,DP_006,DP_030,DP_094,DP_025,DP_035,DP_155,DP_156,DP_157,DP_069,DP_158,DP_097,DP_012,DP_010,DP_066,DP_051,DP_071,DP_159,DP_114",79328.0,4.916,837765.2269782138
DL_202,2024-05-08,10:00:14,11:37:18,97,303070,0,,"DP_001,DP_002,DP_003,DP_103,DP_070,DP_033,DP_083,DP_006,DP_030,DP_094,DP_025,DP_035,DP_155,DP_156,DP_157,DP_069,DP_158,DP_097,DP_012,DP_010,DP_066,DP_051,DP_071,DP_159,DP_114",79328.0,303.07,941626.1672657015
DL_011,2024-05-02,09:59:58,11:36:06,96,292511,0,,"DP_004,DP_002,DP_030,DP_094,DP_048,DP_112,DP_122,DP_007,DP_010,DP_011,DP_012,DP_013,DP_014,DP_083,DP_015,DP_016,DP_017,DP_018,DP_019,DP_020,DP_021,DP_022,DP_113,DP_023,DP_114",103320.0,292.511,1225198.501168901
DL_223,2024-04-23,20:00:01,21:40:58,100,4247,0,,"DP_004,DP_002,DP_003,DP_025,DP_035,DP_070,DP_033,DP_030,DP_094,DP_048,DP_220",98909.09090909091,4.247,1040612.1110482578
DL_122,2024-04-23,10:00:45,11:40:08,99,352122,0,,"DP_004,DP_002,DP_003,DP_025,DP_035,DP_070,DP_033,DP_030,DP_094,DP_048,DP_220,DP_010,DP_011,DP_012,DP_013,DP_014,DP_083,DP_015,DP_007,DP_016,DP_017,DP_018,DP_019,DP_020,DP_021,DP_022,DP_113,DP_023,DP_114",111931.03448275862,352.122,1334188.5739668661
DL_034,2024-04-16,10:00:06,11:39:48,99,251099,0,,"DP_004,DP_003,DP_002,DP_005,DP_006,DP_033,DP_070,DP_081,DP_010,DP_011,DP_012,DP_013,DP_014,DP_083,DP_015,DP_007,DP_016,DP_017,DP_210,DP_019",102095.0,251.09900000000002,1205511.6373574492
DL_109,2024-04-11,19:59:59,21:40:45,100,8710,0,,"DP_217,DP_004,DP_002,DP_103,DP_003,DP_006,DP_070,DP_033,DP_083,DP_005,DP_030,DP_094",77825.0,8.71,834707.8041690795
DL_072,2024-04-11,09:59:59,11:46:13,106,252615,0,,"DP_217,DP_004,DP_002,DP_103,DP_003,DP_006,DP_070,DP_033,DP_083,DP_005,DP_030,DP_094",77825.0,252.615,919092.753929439
DL_142,2024-04-02,10:00:02,11:40:56,100,245339,0,,"DP_004,DP_003,DP_155,DP_005,DP_030,DP_094",79833.33333333333,245.339,942038.349798328
DL_041,2024-03-27,10:00:03,11:40:56,100,221215,0,,"DP_004,DP_003,DP_002,DP_033,DP_103,DP_070,DP_030,DP_048,DP_083,DP_066,DP_073,DP_152",78500.0,221.215,923616.2013247721
DL_023,2024-03-20,19:59:58,21:42:20,102,268938,0,,"DP_002,DP_056,DP_004,DP_003,DP_176,DP_103,DP_070,DP_033,DP_078,DP_181,DP_156,DP_030,DP_048,DP_205,DP_206,DP_007",92750.0,268.938,1097275.7130316417
DL_123,2024-03-20,09:59:59,11:48:53,108,258540,0,,"DP_002,DP_056,DP_004,DP_003,DP_176,DP_103,DP_070,DP_033,DP_078,DP_181,DP_156,DP_030,DP_048,DP_205,DP_206,DP_007",92750.0,258.54,1096064.9042833499
DL_022,2024-03-13,10:00:03,11:42:33,102,257752,0,,"DP_004,DP_002,DP_056,DP_155,DP_003,DP_081,DP_156,DP_010,DP_048,DP_030,DP_007",76363.63636363637,257.752,902343.3354420864
DL_074,2024-03-06,10:00:16,11:44:48,104,250718,0,,"DP_004,DP_002,DP_056,DP_156,DP_030,DP_048,DP_003,DP_070,DP_031",82555.55555555556,250.71800000000002,974753.3811997426
DL_055,2024-02-27,09:49:57,11:06:01,76,253343,0,,"DP_004,DP_081,DP_002,DP_087,DP_003,DP_005,DP_159,DP_157,DP_069",83100.0,253.34300000000002,981468.2752486852
DL_059,2024-02-19,20:50:01,22:30:42,100,295593,0,,"DP_217,DP_004,DP_002,DP_103,DP_003,DP_127,DP_006,DP_033,DP_083,DP_005,DP_039,DP_094",82741.66666666667,295.593,981461.8953203552
DL_060,2024-02-19,09:50:00,11:32:50,102,262755,0,,"DP_217,DP_004,DP_002,DP_103,DP_003,DP_127,DP_006,DP_033,DP_083,DP_005,DP_039,DP_094",82741.66666666667,262.755,978235.2967059022
DL_027,2024-02-14,09:50:05,11:35:23,105,12190,0,,"DP_001,DP_018,DP_002,DP_030,DP_048,DP_011,DP_034",105814.28571428571,12.19,1145676.6876612557
DL_091,2024-02-06,18:59:59,20:11:03,71,4067,0,,"DP_004,DP_002,DP_025,DP_261,DP_104,DP_011,DP_003,DP_070,DP_033,DP_035,DP_005,DP_217,DP_155,DP_018,DP_006,DP_010,DP_177",113876.4705882353,4.067,1196761.2589776258
DL_225,2024-02-06,09:50:02,11:30:29,100,72435,0,,"DP_004,DP_002,DP_025,DP_070,DP_104,DP_261,DP_033,DP_003,DP_035,DP_005,DP_217,DP_018,DP_006,DP_011,DP_010,DP_177",116243.75,72.435,1324927.3325626538
DL_099,2024-01-30,19:00:03,20:35:41,95,8746,0,,"DP_004,DP_056,DP_078,DP_003,DP_035,DP_025,DP_011,DP_006,DP_051,DP_020,DP_031,DP_083,DP_033,DP_018",106114.28571428571,8.746,1138253.5043000574
DL_221,2024-01-30,09:59:57,11:12:24,72,5516,0,,"DP_004,DP_002,DP_078,DP_003,DP_035,DP_025,DP_011,DP_006,DP_051,DP_020,DP_031,DP_083,DP_033,DP_018",105685.71428571429,5.516,1119516.015468204
DL_209,2024-01-23,18:59:57,20:40:08,100,7450,0,,"DP_087,DP_187,DP_040,DP_155,DP_024,DP_221,DP_222,DP_223,DP_224,DP_225,DP_025,DP_035",173633.33333333334,7.45,1854274.5819345813
DL_153,2024-01-23,10:00:04,11:08:23,68,5023,0,,"DP_087,DP_187,DP_040,DP_155,DP_024,DP_221,DP_222,DP_223,DP_224,DP_225,DP_025,DP_035",173633.33333333334,5.023,1834737.0568909296
DL_208,2024-01-11,19:59:59,21:37:43,97,274037,0,,"DP_004,DP_003,DP_005,DP_002,DP_030,DP_094,DP_031,DP_070,DP_010,DP_064,DP_113,DP_021",88525.0,274.037,1047842.5371807799
DL_102,2024-01-09,10:00:07,11:08:19,68,3455,0,,"DP_004,DP_030,DP_094,DP_001,DP_048,DP_112,DP_122,DP_005,DP_003,DP_002,DP_006,DP_191,DP_011,DP_070,DP_033,DP_073,DP_192,DP_031",77177.77777777778,3.455,807782.3682565707
DL_035,2024-01-04,19:59:57,21:38:08,98,11249,0,,"DP_001,DP_002,DP_005,DP_003,DP_070,DP_176,DP_004,DP_011,DP_033,DP_034,DP_073,DP_104,DP_051,DP_010,DP_083,DP_030,DP_094,DP_122,DP_048,DP_069",76170.0,11.249,822837.2911101234
DL_077,2024-01-04,09:59:55,11:08:20,68,4640,0,,"DP_001,DP_002,DP_005,DP_003,DP_070,DP_176,DP_004,DP_011,DP_033,DP_034,DP_073,DP_104,DP_051,DP_010,DP_083,DP_030,DP_094,DP_122,DP_048,DP_069",76170.0,4.64,803204.8911540282
DL_178,2023-12-26,10:00:01,11:10:33,70,11132,0,,"DP_004,DP_002,DP_005,DP_003,DP_011,DP_176,DP_033,DP_010,DP_064,DP_069,DP_073,DP_014,DP_066,DP_065,DP_070,DP_031,DP_018,DP_083,DP_030,DP_048,DP_112,DP_094",81604.54545454546,11.132,881284.4545843496
DL_156,2023-12-06,15:59:59,17:05:38,65,4282,0,,"DP_004,DP_002,DP_070,DP_003,DP_005,DP_094,DP_030,DP_010,DP_064,DP_006,DP_033,DP_073,DP_031,DP_083,DP_051,DP_069",79181.25,4.282,833232.5259456681
DL_008,2023-12-06,09:59:56,11:40:40,100,14974,0,,"DP_004,DP_002,DP_070,DP_003,DP_005,DP_094,DP_030,DP_010,DP_064,DP_006,DP_033,DP_073,DP_031,DP_083,DP_051,DP_069",79181.25,14.974,862353.7430914959
DL_107,2023-11-30,19:30:07,20:40:28,70,6224,0,,"DP_001,DP_002,DP_031,DP_005,DP_003,DP_006,DP_181,DP_033,DP_070,DP_073,DP_052,DP_072,DP_071,DP_083,DP_152,DP_051,DP_030,DP_023",98905.55555555556,6.224,1051085.0513441295
DL_179,2023-11-30,10:00:00,12:00:04,120,295290,0,,"DP_001,DP_002,DP_031,DP_005,DP_003,DP_006,DP_181,DP_033,DP_070,DP_073,DP_052,DP_072,DP_071,DP_083,DP_152,DP_051,DP_030,DP_023",98905.55555555556,295.29,1173160.4893446954
DL_073,2023-11-20,19:29:58,20:36:22,66,15505,0,,"DP_001,DP_002,DP_031,DP_005,DP_003,DP_006,DP_181,DP_033,DP_070,DP_073,DP_052,DP_072,DP_071,DP_083,DP_152,DP_051,DP_030,DP_023",98905.55555555556,15.505,1078243.7185849077
DL_182,2023-11-20,09:59:58,11:36:13,96,245379,0,,"DP_001,DP_002,DP_031,DP_005,DP_003,DP_006,DP_181,DP_033,DP_070,DP_073,DP_052,DP_072,DP_071,DP_083,DP_152,DP_051,DP_030,DP_023",98905.55555555556,245.37900000000002,1167097.1073206568
DL_093,2023-11-15,19:29:56,20:40:20,70,6456,0,,"DP_001,DP_002,DP_031,DP_005,DP_003,DP_006,DP_181,DP_033,DP_070,DP_073,DP_052,DP_072,DP_071,DP_083,DP_152,DP_051,DP_030,DP_023",98905.55555555556,6.456,1052124.0683976868
DL_051,2023-11-15,09:59:59,11:40:31,100,10234,0,,"DP_001,DP_002,DP_031,DP_005,DP_003,DP_006,DP_181,DP_033,DP_070,DP_073,DP_052,DP_072,DP_071,DP_083,DP_152,DP_051,DP_030,DP_023",98905.55555555556,10.234,1065598.171337028
DL_189,2023-11-06,10:00:00,11:06:20,66,12910,0,,"DP_004,DP_003,DP_002,DP_031,DP_006,DP_243,DP_187,DP_030,DP_094,DP_071,DP_072,DP_083,DP_011,DP_048",157421.42857142858,12.91,1707220.1849982876
DL_214,2023-10-30,09:59:58,11:05:46,65,8182,0,,"DP_004,DP_003,DP_002,DP_031,DP_006,DP_243,DP_187,DP_030,DP_094,DP_071,DP_072,DP_083,DP_011,DP_048",157421.42857142858,8.182,1685489.895176874
DL_121,2023-10-17,19:29:56,20:36:04,66,5081,0,,"DP_004,DP_002,DP_018,DP_031,DP_034,DP_006,DP_083,DP_033,DP_010,DP_052,DP_120,DP_030,DP_122,DP_048,DP_069",86426.66666666667,5.081,913522.7695585605
DL_087,2023-10-17,09:59:57,11:35:54,95,8405,0,,"DP_004,DP_002,DP_018,DP_031,DP_034,DP_006,DP_083,DP_033,DP_010,DP_052,DP_120,DP_030,DP_122,DP_048,DP_069",86426.66666666667,8.405,926047.8399114677
DL_115,2023-10-04,19:29:56,20:35:29,65,6069,0,,"DP_004,DP_002,DP_031,DP_062,DP_063,DP_064,DP_006,DP_033,DP_010,DP_065,DP_052,DP_066,DP_030,DP_048",85564.28571428571,6.069,908688.489409559
DL_036,2023-10-04,09:59:59,11:35:50,95,9168,0,,"DP_004,DP_002,DP_031,DP_062,DP_063,DP_064,DP_006,DP_033,DP_010,DP_065,DP_052,DP_066,DP_030,DP_048",85564.28571428571,9.168000000000001,919025.6798182927
DL_125,2023-09-25,19:29:56,20:35:40,65,4873,0,,"DP_035,DP_025,DP_004,DP_002,DP_031,DP_052,DP_011,DP_006,DP_176,DP_051,DP_018,DP_083,DP_104,DP_033,DP_010,DP_177",100225.0,4.873,1058210.7784130115
DL_134,2023-09-25,09:59:59,11:35:39,95,5920,0,,"DP_025,DP_035,DP_004,DP_002,DP_031,DP_052,DP_011,DP_006,DP_176,DP_051,DP_018,DP_083,DP_104,DP_033,DP_010,DP_177",100225.0,5.92,1063674.9800165305
DL_169,2023-09-19,19:59:58,21:36:01,96,12117,0,,"DP_004,DP_002,DP_031,DP_052,DP_025,DP_035,DP_011,DP_006,DP_176,DP_051,DP_018,DP_083,DP_104,DP_033,DP_010,DP_177",100225.0,12.117,1084975.2931040823
DL_176,2023-09-19,09:59:58,11:05:35,65,7338,0,,"DP_004,DP_002,DP_031,DP_052,DP_025,DP_035,DP_011,DP_006,DP_176,DP_051,DP_018,DP_083,DP_104,DP_033,DP_010,DP_177",100225.0,7.338,1069883.8648788736
DL_180,2023-09-12,10:00:00,11:05:34,65,4166,0,,"DP_052,DP_213,DP_120,DP_066,DP_004,DP_002,DP_031,DP_070,DP_006,DP_011",78860.0,4.166,829270.0051175926
DL_037,2023-09-06,19:59:57,21:05:18,65,5107,0,,"DP_004,DP_002,DP_052,DP_120,DP_066,DP_031,DP_018,DP_011,DP_121,DP_030,DP_094,DP_122,DP_048",82653.84615384616,5.107,873761.5614012951
DL_136,2023-09-06,09:59:55,11:34:58,95,35128,0,,"DP_004,DP_002,DP_052,DP_120,DP_066,DP_031,DP_018,DP_011,DP_121,DP_030,DP_094,DP_122,DP_048",82653.84615384616,35.128,922590.6885555616
DL_110,2023-08-22,19:30:00,20:38:25,68,5007,0,,"DP_004,DP_002,DP_156,DP_048,DP_007,DP_073,DP_011,DP_031,DP_070,DP_033,DP_030,DP_094",75083.33333333333,5.007,793319.1543952744
DL_190,2023-08-22,10:00:00,11:35:25,95,17361,0,,"DP_004,DP_002,DP_156,DP_048,DP_007,DP_073,DP_011,DP_031,DP_070,DP_033,DP_030,DP_094",75083.33333333333,17.361,821198.8845892944
DL_229,2023-08-17,10:00:01,11:06:25,66,5416,0,,"DP_157,DP_063,DP_004,DP_214,DP_031,DP_002,DP_207,DP_062,DP_209,DP_033",87270.0,5.416,923992.0257563588
DL_124,2023-08-08,19:29:55,20:35:31,65,6765,0,,"DP_004,DP_031,DP_002,DP_030,DP_094,DP_007,DP_150,DP_065,DP_063,DP_070,DP_033,DP_122",79150.0,6.765000000000001,843039.2500792738
DL_188,2023-08-08,10:00:00,11:35:44,95,16234,0,,"DP_004,DP_031,DP_002,DP_030,DP_094,DP_007,DP_150,DP_065,DP_063,DP_070,DP_033,DP_122",79150.0,16.234,864010.4633157753
DL_064,2023-07-31,10:30:04,11:32:19,62,6582,0,,"DP_031,DP_104,DP_024,DP_002,DP_070,DP_033,DP_083,DP_016,DP_178,DP_190",101920.0,6.582,1084758.3306671628
DL_013,2023-07-24,10:00:02,11:05:42,65,10708,0,,"DP_218,DP_234,DP_004,DP_235,DP_031,DP_120,DP_066,DP_064,DP_062,DP_072,DP_071",77336.36363636363,10.708,834276.1164560873
DL_227,2023-07-18,19:30:00,21:10:51,100,273591,0,,"DP_004,DP_002,DP_070,DP_031,DP_033,DP_073,DP_006,DP_120,DP_178,DP_058,DP_069,DP_153,DP_016,DP_071,DP_072,DP_066",97650.0,273.591,1155799.6201086645
DL_210,2023-07-18,09:59:56,11:37:23,97,383623,0,,"DP_004,DP_002,DP_070,DP_033,DP_073,DP_006,DP_120,DP_178,DP_058,DP_074,DP_069,DP_031,DP_153,DP_016,DP_071,DP_072,DP_066",96694.11764705883,383.623,1155314.4307507647
DL_211,2023-06-25,19:29:57,20:35:59,66,7450,0,,"DP_068,DP_006,DP_153,DP_069,DP_048,DP_011,DP_154,DP_073",76237.5,7.45,814159.676177218
DL_039,2023-06-20,19:30:04,20:35:18,65,236077,0,,"DP_004,DP_068,DP_178,DP_069,DP_048,DP_058,DP_153,DP_016,DP_120,DP_033,DP_070,DP_074",103325.0,236.077,1217925.5219071093
DL_160,2023-06-20,09:59:57,11:35:05,95,221098,0,,"DP_004,DP_068,DP_178,DP_069,DP_048,DP_058,DP_153,DP_016,DP_120,DP_033,DP_070,DP_074",103325.0,221.098,1215684.3868757633
DL_088,2023-06-14,09:59:57,11:35:32,95,216219,0,,"DP_067,DP_030,DP_068,DP_048,DP_058,DP_069,DP_070,DP_071,DP_072,DP_033,DP_073,DP_074",76283.33333333333,216.219,896958.8434502684
DL_042,2023-06-07,19:30:00,20:35:49,65,226702,0,,"DP_067,DP_068,DP_071,DP_072,DP_192,DP_120,DP_033,DP_073,DP_070,DP_074,DP_058,DP_178",84350.0,226.702,993129.9732693401
DL_139,2023-06-07,10:00:03,11:35:30,95,215639,0,,"DP_067,DP_068,DP_071,DP_072,DP_192,DP_120,DP_033,DP_073,DP_070,DP_074,DP_058,DP_178",84350.0,215.639,991733.8130081733
DL_101,2023-05-29,19:29:56,20:35:34,65,212031,0,,"DP_004,DP_068,DP_070,DP_207,DP_064,DP_006,DP_191,DP_058,DP_178,DP_074,DP_033,DP_073",88858.33333333333,212.031,1044243.9808656446
DL_040,2023-05-23,19:29:55,20:36:05,66,7896,0,,"DP_067,DP_068,DP_062,DP_197,DP_120,DP_191,DP_006,DP_070,DP_074,DP_058,DP_178",81554.54545454546,7.896,872335.8245079538
DL_010,2023-05-23,09:59:57,11:35:37,95,226175,0,,"DP_067,DP_068,DP_062,DP_197,DP_120,DP_191,DP_006,DP_070,DP_074,DP_058,DP_178",81554.54545454546,226.175,960153.7196720495
DL_166,2023-05-03,19:30:00,20:37:16,67,15652,0,,"DP_004,DP_068,DP_006,DP_025,DP_035,DP_070,DP_074,DP_120,DP_033,DP_073,DP_094,DP_030,DP_142,DP_143",83721.42857142857,15.652000000000001,912956.8594908062
DL_016,2023-05-03,09:59:56,11:41:40,101,203098,0,,"DP_004,DP_068,DP_006,DP_025,DP_035,DP_070,DP_074,DP_120,DP_033,DP_073,DP_094,DP_030,DP_142,DP_143",83721.42857142857,203.098,982684.2995975437
DL_097,2023-04-25,19:29:56,20:41:02,71,216059,0,,"DP_004,DP_068,DP_006,DP_025,DP_035,DP_070,DP_074,DP_120,DP_033,DP_073,DP_094,DP_030,DP_142,DP_143",83721.42857142857,216.059,984397.3580323182
DL_114,2023-04-25,09:59:57,11:36:25,96,201034,0,,"DP_004,DP_068,DP_006,DP_025,DP_035,DP_070,DP_074,DP_120,DP_033,DP_073,DP_094,DP_030,DP_143,DP_142",83721.42857142857,201.034,982401.4948136681
DL_212,2023-04-17,09:59:59,11:33:43,93,11491,0,,"DP_064,DP_006,DP_069,DP_042,DP_226,DP_004,DP_068,DP_209",85375.0,11.491,922830.7076984617
DL_009,2023-04-03,09:59:57,11:33:28,93,188740,0,,"DP_004,DP_068,DP_006,DP_208,DP_070,DP_033,DP_073,DP_072,DP_071,DP_094,DP_030,DP_209",76575.0,188.74,896946.400564228
DL_159,2023-03-20,19:29:56,21:11:52,101,194645,0,,"DP_002,DP_056,DP_004,DP_006,DP_120,DP_070,DP_011,DP_033,DP_073,DP_019,DP_140,DP_094",75450.0,194.645,884537.3931108891
DL_095,2023-03-08,09:19:57,10:22:27,62,7692,0,,"DP_030,DP_140,DP_122,DP_185,DP_203,DP_154,DP_129",68314.28571428571,7.692,730186.7124287422
DL_129,2023-03-02,19:29:56,20:32:16,62,191962,0,,"DP_004,DP_006,DP_068,DP_070,DP_073,DP_033,DP_094,DP_030,DP_120",73044.44444444444,191.96200000000002,856000.6811825563
DL_018,2023-03-02,09:59:56,11:59:59,120,216832,0,,"DP_004,DP_006,DP_068,DP_070,DP_073,DP_033,DP_094,DP_030,DP_120",73044.44444444444,216.832,858943.5725209599
DL_228,2023-02-27,10:29:57,11:42:03,72,8510,0,,"DP_218,DP_236,DP_237,DP_006,DP_120,DP_064,DP_077,DP_074,DP_238,DP_239,DP_240",122609.09090909091,8.51,1314189.0902349665
DL_014,2023-02-21,11:14:56,12:01:00,46,5299,0,,"DP_004,DP_002,DP_042,DP_215,DP_030,DP_006,DP_070,DP_094,DP_152,DP_120,DP_073,DP_176",84616.66666666667,5.299,895381.6864340162
DL_056,2023-02-21,09:59:55,11:10:25,70,16037,0,,"DP_004,DP_002,DP_042,DP_215,DP_006,DP_070,DP_120,DP_176,DP_073,DP_094,DP_030,DP_152",84616.66666666667,16.037,923361.9238621618
DL_070,2023-02-01,19:29:56,21:16:17,106,10784,0,,"DP_135,DP_068,DP_070,DP_006,DP_120,DP_176,DP_152,DP_073,DP_033,DP_094,DP_030,DP_185",68116.66666666667,10.784,734963.9033207728
DL_127,2023-02-01,10:29:54,11:45:27,75,7319,0,,"DP_135,DP_068,DP_070,DP_006,DP_120,DP_176,DP_152,DP_073,DP_033,DP_094,DP_030,DP_185",68116.66666666667,7.319,727081.5329771012
DL_138,2023-01-26,09:20:01,10:36:24,76,4427,0,,"DP_185,DP_203,DP_030,DP_140,DP_122,DP_258",65666.66666666667,4.4270000000000005,691608.1700124908
DL_080,2023-01-16,19:29:56,21:16:36,106,5985,0,,"DP_124,DP_068,DP_070,DP_035,DP_208,DP_006,DP_073,DP_033,DP_010,DP_034,DP_058,DP_030",87575.0,5.985,929694.2645262582
DL_103,2023-01-16,09:59:58,11:46:11,106,7449,0,,"DP_124,DP_068,DP_070,DP_035,DP_208,DP_006,DP_073,DP_033,DP_010,DP_034,DP_058,DP_030",87575.0,7.449,935232.2812665073
DL_085,2023-01-04,10:29:57,11:31:05,61,7362,0,,"DP_124,DP_006,DP_070,DP_002,DP_073,DP_033,DP_034,DP_010,DP_094,DP_030",81890.0,7.362,874239.2567878377
DL_184,2022-12-28,19:29:56,21:30:00,120,80658,0,,"DP_067,DP_006,DP_068,DP_070,DP_073,DP_033,DP_094,DP_030,DP_125,DP_010,DP_034",70990.90909090909,80.658,811646.9240909262
DL_096,2022-12-28,09:59:57,11:59:58,120,50797,0,,"DP_067,DP_006,DP_068,DP_070,DP_073,DP_033,DP_094,DP_030,DP_125,DP_010,DP_034",70990.90909090909,50.797000000000004,800907.3734897523
DL_061,2022-12-15,10:29:43,12:03:47,94,7184,0,,"DP_124,DP_006,DP_068,DP_196,DP_130,DP_051,DP_034,DP_010,DP_058,DP_030,DP_125",67190.90909090909,7.184,716834.6009781786
DL_047,2022-12-08,19:59:55,21:01:37,61,4760,0,,"DP_006,DP_124,DP_068,DP_196,DP_127,DP_051,DP_034,DP_010,DP_129,DP_030,DP_125",83418.18181818182,4.76,880219.8862458033
DL_131,2022-12-08,10:59:55,12:03:04,63,6812,0,,"DP_006,DP_124,DP_068,DP_196,DP_127,DP_051,DP_034,DP_010,DP_129,DP_030,DP_125",83418.18181818182,6.812,888667.6279365278
DL_083,2022-11-28,10:59:59,12:00:35,60,5601,0,,"DP_135,DP_068,DP_127,DP_051,DP_129,DP_094,DP_030,DP_125,DP_122,DP_128,DP_133",81609.09090909091,5.601,864826.756166618
DL_044,2022-11-21,10:59:56,12:00:43,60,4770,0,,"DP_127,DP_124,DP_068,DP_218,DP_051,DP_129,DP_030,DP_094,DP_125",84966.66666666667,4.7700000000000005,896608.3161093976
DL_058,2022-11-15,19:59:57,21:00:39,60,6371,0,,"DP_124,DP_068,DP_070,DP_120,DP_051,DP_129,DP_094,DP_030,DP_125",76355.55555555556,6.371,811953.7973407407
DL_076,2022-11-15,10:59:55,12:02:17,62,5206,0,,"DP_124,DP_068,DP_070,DP_218,DP_051,DP_129,DP_094,DP_030,DP_125",78300.0,5.206,828154.0444261637
DL_167,2022-11-09,10:30:00,11:32:33,62,4010,0,,"DP_242,DP_218,DP_237,DP_120,DP_077,DP_129,DP_051",96028.57142857143,4.01,1008831.4095457939
DL_028,2022-10-06,19:59:59,21:00:09,60,4454,0,,"DP_124,DP_070,DP_120,DP_064,DP_034,DP_010,DP_129,DP_030,DP_094,DP_126,DP_125,DP_131,DP_133",74446.15384615384,4.454,784197.427101348
DL_068,2022-10-06,10:59:55,12:03:10,63,6089,0,,"DP_124,DP_120,DP_070,DP_064,DP_034,DP_010,DP_129,DP_030,DP_094,DP_126,DP_125,DP_131,DP_133",74446.15384615384,6.089,790684.3775218736
DL_175,2022-09-26,19:59:58,21:02:26,62,4121,0,,"DP_135,DP_068,DP_120,DP_064,DP_070,DP_034,DP_010,DP_129,DP_130,DP_030,DP_094,DP_126,DP_125,DP_131,DP_133,DP_078,DP_025,DP_194,DP_035,DP_195",84125.0,4.121,884390.6932020601
DL_081,2022-09-26,10:59:58,12:00:41,60,6699,0,,"DP_135,DP_068,DP_120,DP_064,DP_070,DP_034,DP_010,DP_129,DP_130,DP_030,DP_094,DP_126,DP_125,DP_131,DP_133,DP_078,DP_025,DP_194,DP_035,DP_195",84125.0,6.699,895790.1213095834
DL_196,2022-09-15,19:59:58,21:00:54,60,4930,0,,"DP_135,DP_068,DP_120,DP_064,DP_070,DP_034,DP_010,DP_129,DP_130,DP_030,DP_094,DP_126,DP_125,DP_131,DP_133,DP_078",70268.75,4.93,742147.7162295557
DL_154,2022-09-15,11:00:01,12:01:15,61,3763,0,,"DP_135,DP_068,DP_120,DP_064,DP_070,DP_034,DP_010,DP_129,DP_130,DP_030,DP_094,DP_126,DP_125,DP_131,DP_133,DP_078",70268.75,3.763,737030.0653786013
DL_031,2022-08-29,19:59:57,21:05:51,65,4679,0,,"DP_135,DP_068,DP_120,DP_064,DP_070,DP_034,DP_010,DP_129,DP_130,DP_030,DP_094,DP_126,DP_125,DP_131,DP_133,DP_078,DP_025,DP_194,DP_035,DP_195",84125.0,4.679,887282.2139263619
DL_001,2022-08-29,10:59:57,12:01:28,61,68464,0,,"DP_135,DP_068,DP_120,DP_064,DP_070,DP_034,DP_010,DP_129,DP_130,DP_030,DP_094,DP_125,DP_126,DP_131,DP_133,DP_078,DP_025,DP_194,DP_035,DP_195",84125.0,68.464,957288.8340507011
DL_200,2022-08-10,10:59:57,12:01:54,61,5246,0,,"DP_135,DP_002,DP_202,DP_127,DP_030,DP_094,DP_126,DP_010,DP_129,DP_130,DP_131,DP_132,DP_133,DP_078",68678.57142857143,5.246,726537.9115674658
DL_220,2022-07-27,19:59:56,21:01:46,61,6295,0,,"DP_123,DP_002,DP_124,DP_030,DP_094,DP_122,DP_125,DP_126,DP_127,DP_034,DP_010,DP_128,DP_129,DP_130,DP_131,DP_132,DP_133,DP_078",80861.11111111111,6.295,859586.6998666881
DL_092,2022-07-27,11:00:00,12:01:53,61,23100,0,,"DP_123,DP_124,DP_002,DP_030,DP_094,DP_122,DP_125,DP_126,DP_127,DP_034,DP_010,DP_128,DP_129,DP_130,DP_131,DP_132,DP_133,DP_078",80861.11111111111,23.1,891700.3556637276
DL_226,2022-07-12,19:59:57,21:01:14,61,5129,0,,"DP_124,DP_002,DP_127,DP_125,DP_126,DP_034,DP_010,DP_077,DP_129,DP_130,DP_030,DP_094,DP_140,DP_131,DP_132,DP_133,DP_078",72735.29411764706,5.1290000000000004,768996.1399653293
DL_128,2022-07-12,10:59:57,12:02:08,62,3393,0,,"DP_124,DP_002,DP_127,DP_125,DP_126,DP_034,DP_010,DP_077,DP_129,DP_130,DP_030,DP_094,DP_140,DP_131,DP_132,DP_133,DP_078",72735.29411764706,3.3930000000000002,760946.2781067982
DL_063,2022-06-29,19:59:58,21:03:00,63,5695,0,,"DP_124,DP_002,DP_127,DP_125,DP_126,DP_034,DP_010,DP_077,DP_129,DP_130,DP_030,DP_094,DP_140,DP_131,DP_132,DP_133,DP_078",72735.29411764706,5.695,771131.269650164
DL_046,2022-06-29,11:00:03,12:02:32,62,3908,0,,"DP_124,DP_002,DP_127,DP_034,DP_010,DP_077,DP_129,DP_130,DP_030,DP_094,DP_140,DP_131,DP_132,DP_133,DP_078",75966.66666666667,3.908,797551.0895582673
DL_130,2022-05-11,09:59:56,11:01:15,61,2676,0,,"DP_030,DP_094,DP_125,DP_126,DP_140,DP_122",51166.666666666664,2.676,532268.4087092305
DL_205,2022-04-19,11:00:14,12:02:03,61,3509,0,,"DP_247,DP_236,DP_248,DP_064,DP_249,DP_250,DP_251,DP_252,DP_253",72633.33333333333,3.509,760508.7008943482
DL_203,2022-03-24,09:59:57,11:08:08,68,3617,0,,"DP_030,DP_094,DP_140,DP_122,DP_251,DP_252",43566.666666666664,3.617,456508.31968754693
DL_199,2022-01-03,11:00:00,12:30:50,90,3389,0,,"DP_075,DP_076,DP_077",63666.666666666664,3.3890000000000002,666052.3160373921
DL_104,2021-12-28,09:59:57,11:30:54,90,5276,0,,"DP_034,DP_070,DP_227,DP_228,DP_129,DP_130",84066.66666666667,5.276,889459.5943212833
DL_145,2021-12-21,19:59:57,21:31:22,91,4745,0,,"DP_227,DP_228,DP_130,DP_129",75100.0,4.745,792382.2258698893
DL_170,2021-12-17,10:59:59,12:34:20,94,4585,0,,"DP_077,DP_076,DP_254,DP_249",77300.0,4.585,814868.8796846615
DL_198,2021-11-09,19:29:58,21:06:41,96,15880,0,,"DP_134,DP_135,DP_136,DP_075,DP_070,DP_034,DP_010,DP_132,DP_077,DP_131,DP_137,DP_133,DP_078,DP_138,DP_139,DP_094,DP_140,DP_141",67738.88888888889,15.88,738978.2405015534
DL_100,2021-06-24,19:00:11,20:14:24,74,7562,0,,"DP_219,DP_134,DP_170,DP_241,DP_242",112240.0,7.562,1199130.6987796884
DL_045,2021-05-27,19:59:59,21:16:10,76,8668,0,,"DP_139,DP_219",95000.0,8.668000000000001,1018780.4749510027
DL_105,2021-04-05,19:59:36,21:06:03,66,8578,0,,"DP_139,DP_219",95000.0,8.578,1018485.1958579641
