﻿상품코드,상품명,URL,날짜,별점,리뷰텍스트,구매자 성별,유통기한,포장,편리,판매여부
BP_025,BNR17 다이어트 유산균 비에날씬 프로틴 1box(5팩),https://smartstore.naver.com/main/products/5826784472,2025-10-01,4,맛이 구수하니 좋았습니다. 든든해서 한 끼 식사대용으로 굿!!,,아주 넉넉해요,별로예요,편리해요,Y
BP_025,BNR17 다이어트 유산균 비에날씬 프로틴 1box(5팩),https://smartstore.naver.com/main/products/5826784472,2025-10-01,5,"건강관심사 노화방지면역력여성건강
 먹어보니 편한듯한데 배가아픈듯",여성,아주 넉넉해요,적당해요,편리해요,Y
BP_025,BNR17 다이어트 유산균 비에날씬 프로틴 1box(5팩),https://smartstore.naver.com/main/products/5826784472,2025-10-01,5,"건강관심사 노화방지
 한달사용포만감이 너무 좋네요....",여성,아주 넉넉해요,꼼꼼해요,편리해요,Y
BP_025,BNR17 다이어트 유산균 비에날씬 프로틴 1box(5팩),https://smartstore.naver.com/main/products/5826784472,2025-09-30,4,처음 구매해서 한번 먹었어요 직접물을부어마셨는데 편한같은거는 같지만 별로,,꽤 남았어요,적당해요,그냥그래요,Y
BP_025,BNR17 다이어트 유산균 비에날씬 프로틴 1box(5팩),https://smartstore.naver.com/main/products/5826784472,2025-09-29,5,한달사용잘챙겨먹고잇어요굿굿,,아주 넉넉해요,꼼꼼해요,편리해요,Y
BP_025,BNR17 다이어트 유산균 비에날씬 프로틴 1box(5팩),https://smartstore.naver.com/main/products/5826784472,2025-09-28,5,"건강관심사 면역력근육/체력여성건강
 한달사용저녁대용으로 운동가기전에 토마토랑 같이 타먹는데 속도 든든하고 아주 좋네요 이거먹구 체중이 주는것같아 아주 만족합니다",여성,아주 넉넉해요,꼼꼼해요,편리해요,Y
BP_025,BNR17 다이어트 유산균 비에날씬 프로틴 1box(5팩),https://smartstore.naver.com/main/products/5826784472,2025-09-22,5,굿굿 잘 받았습니다 ^^,,아주 넉넉해요,꼼꼼해요,편리해요,Y
BP_025,BNR17 다이어트 유산균 비에날씬 프로틴 1box(5팩),https://smartstore.naver.com/main/products/5826784472,2025-09-21,4,한달사용맛있긴한데탈때조금불편해요,,아주 넉넉해요,꼼꼼해요,그냥그래요,Y
BP_025,BNR17 다이어트 유산균 비에날씬 프로틴 1box(5팩),https://smartstore.naver.com/main/products/5826784472,2025-09-20,3,"건강관심사 노화방지
 간편식으로 칼로리 걱정없이 먹을수있어 좋아요",여성,아주 넉넉해요,적당해요,편리해요,Y
BP_025,BNR17 다이어트 유산균 비에날씬 프로틴 1box(5팩),https://smartstore.naver.com/main/products/5826784472,2025-09-19,4,한달사용우유 넣어서 먹는데 잘 안섞여요 ㅜㅜ 맛은 미숫가루맛? 좋은데 섞기가 힘듦~,,아주 넉넉해요,적당해요,불편해요,Y
BP_025,BNR17 다이어트 유산균 비에날씬 프로틴 1box(5팩),https://smartstore.naver.com/main/products/5826784472,2025-09-17,5,요즘 하루한번씩챙겨먹어요,여성,꽤 남았어요,적당해요,편리해요,Y
BP_025,BNR17 다이어트 유산균 비에날씬 프로틴 1box(5팩),https://smartstore.naver.com/main/products/5826784472,2025-09-17,4,한달사용잘 모르겠어요 꾸준히 더 먹어봐야 될듯요,여성,꽤 남았어요,적당해요,그냥그래요,Y
BP_025,BNR17 다이어트 유산균 비에날씬 프로틴 1box(5팩),https://smartstore.naver.com/main/products/5826784472,2025-09-16,5,"한달사용잘먹고있어요
효과가 있어서 자주 먹고있어요",,아주 넉넉해요,꼼꼼해요,편리해요,Y
BP_025,BNR17 다이어트 유산균 비에날씬 프로틴 1box(5팩),https://smartstore.naver.com/main/products/5826784472,2025-09-16,5,"건강관심사 노화방지
 맛있게 잘먹었어요 ~~~~~~",여성,아주 넉넉해요,꼼꼼해요,편리해요,Y
BP_025,BNR17 다이어트 유산균 비에날씬 프로틴 1box(5팩),https://smartstore.naver.com/main/products/5826784472,2025-09-14,5,배송이 빠르고 좋아요~,,아주 넉넉해요,꼼꼼해요,편리해요,Y
BP_025,BNR17 다이어트 유산균 비에날씬 프로틴 1box(5팩),https://smartstore.naver.com/main/products/5826784472,2025-09-14,5,일단 먹어보고 리뷰 올릴게요,,아주 넉넉해요,꼼꼼해요,편리해요,Y
BP_025,BNR17 다이어트 유산균 비에날씬 프로틴 1box(5팩),https://smartstore.naver.com/main/products/5826784472,2025-09-05,5,한달사용조아조아조아조아조아조아조아조아조아,,아주 넉넉해요,꼼꼼해요,편리해요,Y
BP_025,BNR17 다이어트 유산균 비에날씬 프로틴 1box(5팩),https://smartstore.naver.com/main/products/5826784472,2025-09-01,5,좋아요~~~좋아요~빠른배송 아주 좋아요^^/,,꽤 남았어요,꼼꼼해요,편리해요,Y
BP_025,BNR17 다이어트 유산균 비에날씬 프로틴 1box(5팩),https://smartstore.naver.com/main/products/5826784472,2025-08-31,5,사용하는제품이에요좋아요,,아주 넉넉해요,꼼꼼해요,편리해요,Y
BP_025,BNR17 다이어트 유산균 비에날씬 프로틴 1box(5팩),https://smartstore.naver.com/main/products/5826784472,2025-08-28,5,"건강관심사 노화방지
 좋다고 해서 부모님이랑 먹어볼려구요...",여성,아주 넉넉해요,꼼꼼해요,편리해요,Y
BP_025,BNR17 다이어트 유산균 비에날씬 프로틴 1box(5팩),https://smartstore.naver.com/main/products/5826784472,2025-08-26,4,변비가 심해서 먹어보는중 효과가 있으면 좋겠습니다,,꽤 남았어요,적당해요,그냥그래요,Y
BP_025,BNR17 다이어트 유산균 비에날씬 프로틴 1box(5팩),https://smartstore.naver.com/main/products/5826784472,2025-08-25,5,빠른배송감사합니다 잘먹겠습니다,남성,아주 넉넉해요,꼼꼼해요,편리해요,Y
BP_025,BNR17 다이어트 유산균 비에날씬 프로틴 1box(5팩),https://smartstore.naver.com/main/products/5826784472,2025-08-22,5,한달사용먹으니소화도 잘되는거같구 변도 잘나오는것같네요.,여성,아주 넉넉해요,꼼꼼해요,편리해요,Y
BP_025,BNR17 다이어트 유산균 비에날씬 프로틴 1box(5팩),https://smartstore.naver.com/main/products/5826784472,2025-08-21,3,"배송받고 3일차 입니다 맛은 정말 맛있고 좋아요 우유랑 섞어먹으니 고소하고 맛있어요 다이어트 효과는 아직잘 모르겠고 2주동안 꾸준히 먹어볼게요 ?
1",여성,꽤 남았어요,꼼꼼해요,편리해요,Y
BP_025,BNR17 다이어트 유산균 비에날씬 프로틴 1box(5팩),https://smartstore.naver.com/main/products/5826784472,2025-08-20,4,식사대용으로 괜찮아요 맛도 있어요! 우유 넣어 먹어봤는데 섞기는 힘들었어요 ㅎㅎ,,아주 넉넉해요,꼼꼼해요,그냥그래요,Y
BP_025,BNR17 다이어트 유산균 비에날씬 프로틴 1box(5팩),https://smartstore.naver.com/main/products/5826784472,2025-08-19,5,"배송이 엄청 빠르고 포장도 잘 되어왔어요. 이번에 할인 행사해서 프로틴도 같이 저렴한 가격에 구매할 수 있어서 너무 좋네요. 유산균 먹고부터 가스 차는 것도 없어지고 속이 편해졌어요. 프로틴도 저녁 식사 대용으로 먹고 있는데 맛도 좋고 든든해요. 가격이 조금 부담이지만 한 번 먹어본이후로 계속 구매하게 돼요. 
?
1",,아주 넉넉해요,꼼꼼해요,편리해요,Y
BP_025,BNR17 다이어트 유산균 비에날씬 프로틴 1box(5팩),https://smartstore.naver.com/main/products/5826784472,2025-08-19,5,"건강관심사 면역력근육/체력여성건강
 저녁대용으로 먹고있는데 포만감도잀고 든든해서 좋고 먹기도편하고 맛도갠찮 가격만좀 저렴햇음하는아쉬움",여성,아주 넉넉해요,꼼꼼해요,편리해요,Y
BP_025,BNR17 다이어트 유산균 비에날씬 프로틴 1box(5팩),https://smartstore.naver.com/main/products/5826784472,2025-08-19,4,포장이 잘 되어 있었음,,꽤 남았어요,적당해요,편리해요,Y
BP_025,BNR17 다이어트 유산균 비에날씬 프로틴 1box(5팩),https://smartstore.naver.com/main/products/5826784472,2025-08-17,4,나이들수록 단백질섭취를 많이 해야된대서 구매했어요,여성,꽤 남았어요,적당해요,그냥그래요,Y
BP_025,BNR17 다이어트 유산균 비에날씬 프로틴 1box(5팩),https://smartstore.naver.com/main/products/5826784472,2025-08-16,5,제가 그릭요거트나 고구마나 이런 뻑뻑한걸 좋아하는데 이 쉐이크가 정량에 맞추면 묽은 그릭요거트 같은 질감이 나와요 그래서 꾸덕꾸덕하게 넘어가서 너무 좋고 어느정도 먹으면 물 더 넣어서 먹으니까 포만감도 좋고 뭐 먹지도 않았는데 화장실도 잘 가고 맨날 토핑있는 거 먹다가 이거 먹으니까 첨에는 좀 당황했는데 먹다보니 고소하고 꾸덕하고 단 맛이 과하지 않는 쉐이크 짱!,,꽤 남았어요,적당해요,편리해요,Y
BP_025,BNR17 다이어트 유산균 비에날씬 프로틴 1box(5팩),https://smartstore.naver.com/main/products/5826784472,2025-08-14,5,"건강관심사 면역력눈건강근육/체력
 한달사용BNR17 다이어트 유산균 비에날씬 프로틴~!!
고소하게 맛있네요^^",여성,꽤 남았어요,적당해요,불편해요,Y
BP_025,BNR17 다이어트 유산균 비에날씬 프로틴 1box(5팩),https://smartstore.naver.com/main/products/5826784472,2025-08-14,5,"건강관심사 노화방지면역력피로회복
 고소하고 먹기 편해요",여성,아주 넉넉해요,꼼꼼해요,편리해요,Y
BP_025,BNR17 다이어트 유산균 비에날씬 프로틴 1box(5팩),https://smartstore.naver.com/main/products/5826784472,2025-08-12,5,한달사용먹기편리한포장이 간편해요 맛또한 좋아서 거부감없이 먹을수있어요,,아주 넉넉해요,꼼꼼해요,편리해요,Y
BP_025,BNR17 다이어트 유산균 비에날씬 프로틴 1box(5팩),https://smartstore.naver.com/main/products/5826784472,2025-08-10,4,맛은없지만 몸에 좋거니 생각하고 먹어요,,꽤 남았어요,적당해요,그냥그래요,Y
BP_025,BNR17 다이어트 유산균 비에날씬 프로틴 1box(5팩),https://smartstore.naver.com/main/products/5826784472,2025-08-08,5,좋은 제품 저렴하게 잘 구매 했습니다,,아주 넉넉해요,꼼꼼해요,편리해요,Y
BP_025,BNR17 다이어트 유산균 비에날씬 프로틴 1box(5팩),https://smartstore.naver.com/main/products/5826784472,2025-08-04,5,먹을만해요 변비에효과잇엇으면좋겐어요,,꽤 남았어요,적당해요,그냥그래요,Y
BP_025,BNR17 다이어트 유산균 비에날씬 프로틴 1box(5팩),https://smartstore.naver.com/main/products/5826784472,2025-07-30,5,"N차구매중이예요
효과있는거같아요
장을위해서 매일먹어요",,아주 넉넉해요,꼼꼼해요,편리해요,Y
BP_025,BNR17 다이어트 유산균 비에날씬 프로틴 1box(5팩),https://smartstore.naver.com/main/products/5826784472,2025-07-27,5,"건강관심사 노화방지면역력여성건강
 한달사용믿고먹는제품요! 꾸준히 먹어요",여성,아주 넉넉해요,꼼꼼해요,편리해요,Y
BP_025,BNR17 다이어트 유산균 비에날씬 프로틴 1box(5팩),https://smartstore.naver.com/main/products/5826784472,2025-07-10,5,다이어트 할려규 구매했는데 기대해봅니다^^,여성,꽤 남았어요,꼼꼼해요,편리해요,Y
BP_025,BNR17 다이어트 유산균 비에날씬 프로틴 1box(5팩),https://smartstore.naver.com/main/products/5826784472,2025-07-04,5,조아조아조아조아조아조아,,아주 넉넉해요,꼼꼼해요,편리해요,Y
BP_025,BNR17 다이어트 유산균 비에날씬 프로틴 1box(5팩),https://smartstore.naver.com/main/products/5826784472,2025-07-02,5,지인에게 선물로줬어요~ ^^,,아주 넉넉해요,꼼꼼해요,편리해요,Y
BP_025,BNR17 다이어트 유산균 비에날씬 프로틴 1box(5팩),https://smartstore.naver.com/main/products/5826784472,2025-06-29,5,"건강관심사 면역력눈건강근육/체력
 BNR17 다이어트 유산균 비에날씬 프로틴
다욧하는 저에게 한끼 식사대용으로 최고~👍",여성,아주 넉넉해요,꼼꼼해요,그냥그래요,Y
BP_025,BNR17 다이어트 유산균 비에날씬 프로틴 1box(5팩),https://smartstore.naver.com/main/products/5826784472,2025-06-22,5,"건강관심사 면역력장건강수면건강
 늘 시키는 상품이에요 포만감도 오래가요",여성,아주 넉넉해요,꼼꼼해요,편리해요,Y
BP_025,BNR17 다이어트 유산균 비에날씬 프로틴 1box(5팩),https://smartstore.naver.com/main/products/5826784472,2025-06-22,4,운동끝나고 먹었는데 가루가 너무 많아서 물가득넣어도 잘 뭉쳐요 성분은 좋으니 잘먹을게요,,아주 넉넉해요,꼼꼼해요,그냥그래요,Y
BP_025,BNR17 다이어트 유산균 비에날씬 프로틴 1box(5팩),https://smartstore.naver.com/main/products/5826784472,2025-06-14,5,다른거먹어보고 다시원래먹던거로 돌아왔네요.맛있고 포만감있어요,,아주 넉넉해요,꼼꼼해요,편리해요,Y
BP_025,BNR17 다이어트 유산균 비에날씬 프로틴 1box(5팩),https://smartstore.naver.com/main/products/5826784472,2025-06-12,5,"건강관심사 면역력근육/체력
 한달사용운동하고 잘 먹고 있습니다",남성,아주 넉넉해요,꼼꼼해요,편리해요,Y
BP_025,BNR17 다이어트 유산균 비에날씬 프로틴 1box(5팩),https://smartstore.naver.com/main/products/5826784472,2025-05-28,5,"건강관심사 근육/체력
 재구매변비에좋구 맛도좋아요 가격이조금부담돼요",여성,아주 넉넉해요,꼼꼼해요,편리해요,Y
BP_025,BNR17 다이어트 유산균 비에날씬 프로틴 1box(5팩),https://smartstore.naver.com/main/products/5826784472,2025-05-28,5,"건강관심사 근육/체력
 한달사용계속먹는 제품인데 가격이부담돼요",여성,아주 넉넉해요,꼼꼼해요,편리해요,Y
BP_025,BNR17 다이어트 유산균 비에날씬 프로틴 1box(5팩),https://smartstore.naver.com/main/products/5826784472,2025-05-27,3,"한달사용한 팩 먹기에 양이 많아서 컵에 나눠서 먹는데 물, 우유를 넣어서 먹으면 잘 섞이지 않아서 조금 불편함이 있어요.
맛은 너무 달아요.",,아주 넉넉해요,꼼꼼해요,그냥그래요,Y
BP_025,BNR17 다이어트 유산균 비에날씬 프로틴 1box(5팩),https://smartstore.naver.com/main/products/5826784472,2025-05-14,5,재구매항상 먹는거여요 굳굳,,꽤 남았어요,적당해요,그냥그래요,Y
BP_025,BNR17 다이어트 유산균 비에날씬 프로틴 1box(5팩),https://smartstore.naver.com/main/products/5826784472,2025-05-12,5,한달사용너무 좋아요 재구매의사 100000프로입니다^^,,아주 넉넉해요,꼼꼼해요,편리해요,Y
BP_025,BNR17 다이어트 유산균 비에날씬 프로틴 1box(5팩),https://smartstore.naver.com/main/products/5826784472,2025-05-03,5,먹기 편하고 좋아요 감사합니다,,아주 넉넉해요,꼼꼼해요,편리해요,Y
BP_025,BNR17 다이어트 유산균 비에날씬 프로틴 1box(5팩),https://smartstore.naver.com/main/products/5826784472,2025-05-02,5,처음인데 먹어보고 좋으면 자주 이용할게요.,,아주 넉넉해요,꼼꼼해요,편리해요,Y
BP_025,BNR17 다이어트 유산균 비에날씬 프로틴 1box(5팩),https://smartstore.naver.com/main/products/5826784472,2025-04-29,5,"건강관심사 근육/체력
 한달사용다이어트용으로 구매했는데 우유에 타서 먹으니
든든하고 좋아요",남성,아주 넉넉해요,꼼꼼해요,편리해요,Y
BP_025,BNR17 다이어트 유산균 비에날씬 프로틴 1box(5팩),https://smartstore.naver.com/main/products/5826784472,2025-04-22,3,"5팩이 하루 양인데 저한테는 너무 많은 양이라 나눠 마시는데.
단맛을 좋아하지 않는 저한테는 별로에요.
하지만 단맛 좋아하고 이 제품 좋아하시는 분들한테는 맞을 수 있겠죠.",,아주 넉넉해요,꼼꼼해요,불편해요,Y
BP_025,BNR17 다이어트 유산균 비에날씬 프로틴 1box(5팩),https://smartstore.naver.com/main/products/5826784472,2025-04-15,2,"와 진짜 맛없어요
밍밍하고 꾸덕하고 삼키기도힘드네요ㅠ",,아주 넉넉해요,꼼꼼해요,불편해요,Y
BP_025,BNR17 다이어트 유산균 비에날씬 프로틴 1box(5팩),https://smartstore.naver.com/main/products/5826784472,2025-04-12,4,한달사용1년치 쟁겨놓고 매일 아침 꾸준히 먹고있어요,,꽤 남았어요,꼼꼼해요,편리해요,Y
BP_025,BNR17 다이어트 유산균 비에날씬 프로틴 1box(5팩),https://smartstore.naver.com/main/products/5826784472,2025-04-09,1,"구매자선택안함
 한달사용비에날씬 샀어요 퍽퍽해용",,임박상품이에요,별로예요,불편해요,Y
BP_025,BNR17 다이어트 유산균 비에날씬 프로틴 1box(5팩),https://smartstore.naver.com/main/products/5826784472,2025-04-09,1,"구매자선택안함
 재구매한달사용비에날 프로틴 샀어용 퍽퍽해용",,임박상품이에요,별로예요,불편해요,Y
BP_025,BNR17 다이어트 유산균 비에날씬 프로틴 1box(5팩),https://smartstore.naver.com/main/products/5826784472,2025-04-08,3,좋아해요들어요 맛있어요,,꽤 남았어요,적당해요,그냥그래요,Y
BP_025,BNR17 다이어트 유산균 비에날씬 프로틴 1box(5팩),https://smartstore.naver.com/main/products/5826784472,2025-04-02,5,한달사용꾸준히 구매해요 너무 조크등요,여성,아주 넉넉해요,꼼꼼해요,편리해요,Y
BP_025,BNR17 다이어트 유산균 비에날씬 프로틴 1box(5팩),https://smartstore.naver.com/main/products/5826784472,2025-04-01,4,"건강관심사 장건강
 한달사용일단 먹고 있어요. 꾸준히 먹어 보려고요.",여성,꽤 남았어요,적당해요,그냥그래요,Y
BP_025,BNR17 다이어트 유산균 비에날씬 프로틴 1box(5팩),https://smartstore.naver.com/main/products/5826784472,2025-03-29,5,재구매한달사용프로틴 가루가 양도 많고 아주 꾸덕꾸덕 해서 맛있어요. 배도 불러요.,,꽤 남았어요,적당해요,편리해요,Y
BP_025,BNR17 다이어트 유산균 비에날씬 프로틴 1box(5팩),https://smartstore.naver.com/main/products/5826784472,2025-03-29,5,이번에는 꼭 살빼볼께용^^,,아주 넉넉해요,꼼꼼해요,편리해요,Y
BP_025,BNR17 다이어트 유산균 비에날씬 프로틴 1box(5팩),https://smartstore.naver.com/main/products/5826784472,2025-03-29,5,재구매항상 먹그있ㅇᆢ오ㅡ굿굿 창맛,,꽤 남았어요,적당해요,그냥그래요,Y
BP_025,BNR17 다이어트 유산균 비에날씬 프로틴 1box(5팩),https://smartstore.naver.com/main/products/5826784472,2025-03-26,5,한달사용식사대용으로도 먹기 괜찮아요,,아주 넉넉해요,꼼꼼해요,편리해요,Y
BP_025,BNR17 다이어트 유산균 비에날씬 프로틴 1box(5팩),https://smartstore.naver.com/main/products/5826784472,2025-03-25,3,"건강관심사 관절/뼈건강
 한달사용아직 별다른 느낌을 못느끼고 있네요",여성,꽤 남았어요,꼼꼼해요,편리해요,Y
BP_025,BNR17 다이어트 유산균 비에날씬 프로틴 1box(5팩),https://smartstore.naver.com/main/products/5826784472,2025-03-03,5,재구매한달사용항상주문ㄸᆢ주문군굿,,꽤 남았어요,적당해요,편리해요,Y
BP_025,BNR17 다이어트 유산균 비에날씬 프로틴 1box(5팩),https://smartstore.naver.com/main/products/5826784472,2025-02-27,5,"건강관심사 근육/체력
 다이어트에 관심있어 알아보다 구매하게 되었네요
우유에 타먹으니 먹기도 편하고 맛도있어요
하루한끼 건강생각하며 먹게되네요",남성,아주 넉넉해요,적당해요,편리해요,Y
BP_025,BNR17 다이어트 유산균 비에날씬 프로틴 1box(5팩),https://smartstore.naver.com/main/products/5826784472,2025-02-27,5,재구매먹어보고 맛있어서 세박스 재구매했어요,,아주 넉넉해요,꼼꼼해요,편리해요,Y
BP_025,BNR17 다이어트 유산균 비에날씬 프로틴 1box(5팩),https://smartstore.naver.com/main/products/5826784472,2025-02-27,5,배송 빠르고 좋아요!,,아주 넉넉해요,꼼꼼해요,편리해요,Y
BP_025,BNR17 다이어트 유산균 비에날씬 프로틴 1box(5팩),https://smartstore.naver.com/main/products/5826784472,2025-02-15,1,"구매자선택안함
 재구매뚜껑 하나 달았다고 할인도 안 하고 가격도 더 비싸고, 내용물은 뚜껑 안 달린 제품이랑 똑같아요.",,임박상품이에요,별로예요,불편해요,Y
BP_025,BNR17 다이어트 유산균 비에날씬 프로틴 1box(5팩),https://smartstore.naver.com/main/products/5826784472,2025-02-13,5,한달사용양도 많고 우유 넣으면 엄 청 꾸덕해져요 맛도있어서 계속 먹고싶어요,,아주 넉넉해요,꼼꼼해요,편리해요,Y
BP_025,BNR17 다이어트 유산균 비에날씬 프로틴 1box(5팩),https://smartstore.naver.com/main/products/5826784472,2025-02-12,5,재구매굿굿비에날신짱ㅣㅇㆍ오,,꽤 남았어요,적당해요,그냥그래요,Y
BP_025,BNR17 다이어트 유산균 비에날씬 프로틴 1box(5팩),https://smartstore.naver.com/main/products/5826784472,2025-02-05,1,"구매자선택안함
 뚜껑만 달렸지 똑같은 제품입니다",,임박상품이에요,별로예요,불편해요,Y
BP_025,BNR17 다이어트 유산균 비에날씬 프로틴 1box(5팩),https://smartstore.naver.com/main/products/5826784472,2025-02-02,5,배송도 잘왔고 제품도 좋아요,남성,아주 넉넉해요,꼼꼼해요,편리해요,Y
BP_025,BNR17 다이어트 유산균 비에날씬 프로틴 1box(5팩),https://smartstore.naver.com/main/products/5826784472,2025-01-26,5,한끼 다이어트식사로 충분해보이고. 간편하게 먹을수 있게되어있네요,여성,꽤 남았어요,꼼꼼해요,편리해요,Y
BP_025,BNR17 다이어트 유산균 비에날씬 프로틴 1box(5팩),https://smartstore.naver.com/main/products/5826784472,2025-01-20,5,재구매항상 먹어요 굿굿창 건강,,꽤 남았어요,적당해요,그냥그래요,Y
BP_025,BNR17 다이어트 유산균 비에날씬 프로틴 1box(5팩),https://smartstore.naver.com/main/products/5826784472,2025-01-15,5,먹어봤는데 꼬숩고 맛있어요,,아주 넉넉해요,꼼꼼해요,편리해요,Y
BP_025,BNR17 다이어트 유산균 비에날씬 프로틴 1box(5팩),https://smartstore.naver.com/main/products/5826784472,2025-01-09,5,캡슐인줄알고 잘못 주문했지만 먹어보니 좋아요!!,여성,아주 넉넉해요,꼼꼼해요,편리해요,Y
BP_025,BNR17 다이어트 유산균 비에날씬 프로틴 1box(5팩),https://smartstore.naver.com/main/products/5826784472,2025-01-01,5,한달사용좋아요 배고플대 식사대용으로 먹기에도 편해요,여성,아주 넉넉해요,꼼꼼해요,편리해요,Y
BP_025,BNR17 다이어트 유산균 비에날씬 프로틴 1box(5팩),https://smartstore.naver.com/main/products/5826784472,2024-12-19,5,재구매좋아ᄋᆢ좋아오굿굿짜,,꽤 남았어요,적당해요,그냥그래요,Y
BP_025,BNR17 다이어트 유산균 비에날씬 프로틴 1box(5팩),https://smartstore.naver.com/main/products/5826784472,2024-12-05,5,한달사용너무 좋은 제품 감사드립니다~,,아주 넉넉해요,꼼꼼해요,편리해요,Y
BP_025,BNR17 다이어트 유산균 비에날씬 프로틴 1box(5팩),https://smartstore.naver.com/main/products/5826784472,2024-11-07,5,너무나도 좋은 제품 감사드립니다~^^,남성,아주 넉넉해요,꼼꼼해요,편리해요,Y
BP_025,BNR17 다이어트 유산균 비에날씬 프로틴 1box(5팩),https://smartstore.naver.com/main/products/5826784472,2024-10-30,5,재구매굿궁 짱 배송 ㅁᆢㄴ점,,꽤 남았어요,적당해요,그냥그래요,Y
BP_025,BNR17 다이어트 유산균 비에날씬 프로틴 1box(5팩),https://smartstore.naver.com/main/products/5826784472,2024-09-28,5,재구매굿굿식사굿굿보ᄋᆞ굿창,,꽤 남았어요,적당해요,그냥그래요,Y
BP_025,BNR17 다이어트 유산균 비에날씬 프로틴 1box(5팩),https://smartstore.naver.com/main/products/5826784472,2024-09-20,5,재구매자주 주문해먹어요 좋은 제품이예요,여성,아주 넉넉해요,꼼꼼해요,편리해요,Y
BP_025,BNR17 다이어트 유산균 비에날씬 프로틴 1box(5팩),https://smartstore.naver.com/main/products/5826784472,2024-08-31,4,한달사용효과는 아직 모르겠지만 재구매합니다,남성,꽤 남았어요,별로예요,편리해요,Y
BP_025,BNR17 다이어트 유산균 비에날씬 프로틴 1box(5팩),https://smartstore.naver.com/main/products/5826784472,2024-08-13,5,여느 단백질 파우더와 비슷. 유산균함량이 알약보다 적은것 같고 너무비쌈,,꽤 남았어요,적당해요,편리해요,Y
BP_025,BNR17 다이어트 유산균 비에날씬 프로틴 1box(5팩),https://smartstore.naver.com/main/products/5826784472,2024-08-06,5,재구매굿굿하이ᄉᆞㅇ주믈중,,꽤 남았어요,적당해요,그냥그래요,Y
BP_025,BNR17 다이어트 유산균 비에날씬 프로틴 1box(5팩),https://smartstore.naver.com/main/products/5826784472,2024-07-28,2,"잔뜩 기대하고 구매했는데 유통기한도 많이 넉넉하진 않고 배송중에 그런거 겠지만 박스 열자마자 제품들이 다 이 상태네요.그래도 먹고 효과는 좋았으면 좋겠네요. ?
1",,임박상품이에요,별로예요,편리해요,Y
BP_025,BNR17 다이어트 유산균 비에날씬 프로틴 1box(5팩),https://smartstore.naver.com/main/products/5826784472,2024-07-05,5,재구매배송빠르고깔끔ㅎᆢ고맛이ᄉᆞ이요굿,,꽤 남았어요,적당해요,그냥그래요,Y
BP_025,BNR17 다이어트 유산균 비에날씬 프로틴 1box(5팩),https://smartstore.naver.com/main/products/5826784472,2024-06-25,4,건강을 위해서 시켜봤어요~아침에 부담없이 먹고 있습니다.,남성,꽤 남았어요,적당해요,그냥그래요,Y
BP_025,BNR17 다이어트 유산균 비에날씬 프로틴 1box(5팩),https://smartstore.naver.com/main/products/5826784472,2024-05-28,5,한달사용하루운동전 든든하게먹고 나갑니다!,여성,아주 넉넉해요,꼼꼼해요,편리해요,Y
BP_025,BNR17 다이어트 유산균 비에날씬 프로틴 1box(5팩),https://smartstore.naver.com/main/products/5826784472,2024-05-27,5,재구매50대 엄마께 사드렸는데 한끼대용으로 꽤 든든하다시네요 포만감이 좋은 것 같아요 ㅎㅎ,여성,꽤 남았어요,적당해요,편리해요,Y
BP_025,BNR17 다이어트 유산균 비에날씬 프로틴 1box(5팩),https://smartstore.naver.com/main/products/5826784472,2024-05-27,5,한달사용포만감 꽤 커서 저녁에 간단히 먹기 좋았어요!,여성,아주 넉넉해요,꼼꼼해요,편리해요,Y
BP_025,BNR17 다이어트 유산균 비에날씬 프로틴 1box(5팩),https://smartstore.naver.com/main/products/5826784472,2024-05-27,5,"다이이트 시작해서 구매했습니다.
한달정도 먹고있는데 아직은 잘 모르겠지만
섭취도 줄어서 그런지 배변활동이 좋지않을테지만 장이 편한 느낌입니다.
지속 구매하고있습니다",여성,아주 넉넉해요,꼼꼼해요,편리해요,Y
BP_025,BNR17 다이어트 유산균 비에날씬 프로틴 1box(5팩),https://smartstore.naver.com/main/products/5826784472,2024-05-05,5,알약으로 사려다가 잘못 산건데 오히려 먹기 편하고 아침에 든든해서 더 좋아요!!,,아주 넉넉해요,꼼꼼해요,편리해요,Y
BP_025,BNR17 다이어트 유산균 비에날씬 프로틴 1box(5팩),https://smartstore.naver.com/main/products/5826784472,2024-04-26,5,남편과같이 재구매로 더구입했어요ㆍ,여성,아주 넉넉해요,꼼꼼해요,편리해요,Y
BP_025,BNR17 다이어트 유산균 비에날씬 프로틴 1box(5팩),https://smartstore.naver.com/main/products/5826784472,2024-04-21,5,66년생 엄마 다이어트 하신다길래 한 박스 한 번 사 드려봤는데 포만감 좋고 응가도 잘 나온데요 굿굿 ㅎㅎㅎ,여성,꽤 남았어요,적당해요,편리해요,Y
BP_025,BNR17 다이어트 유산균 비에날씬 프로틴 1box(5팩),https://smartstore.naver.com/main/products/5826784472,2024-04-20,5,좋아요좋아요좋아요좋아요,,아주 넉넉해요,꼼꼼해요,편리해요,Y
BP_025,BNR17 다이어트 유산균 비에날씬 프로틴 1box(5팩),https://smartstore.naver.com/main/products/5826784472,2024-03-27,5,한달사용부모님이 잘드시고 계세요,여성,아주 넉넉해요,꼼꼼해요,편리해요,Y
BP_025,BNR17 다이어트 유산균 비에날씬 프로틴 1box(5팩),https://smartstore.naver.com/main/products/5826784472,2024-03-09,5,감사합니다 잘받았습니다 좋은 상품 이에요 또 구매할게요 맘에 들어요 ㅎㅎ,,꽤 남았어요,적당해요,그냥그래요,Y
BP_025,BNR17 다이어트 유산균 비에날씬 프로틴 1box(5팩),https://smartstore.naver.com/main/products/5826784472,2024-01-18,5,"한달사용간편하게 되어있어서 먹기 편해여 가격이 사악해서 아쉬워여~ ?
1",여성,아주 넉넉해요,꼼꼼해요,편리해요,Y
BP_025,BNR17 다이어트 유산균 비에날씬 프로틴 1box(5팩),https://smartstore.naver.com/main/products/5826784472,2024-01-15,5,배송도 빨르고 좋아요,,아주 넉넉해요,꼼꼼해요,편리해요,Y
BP_025,BNR17 다이어트 유산균 비에날씬 프로틴 1box(5팩),https://smartstore.naver.com/main/products/5826784472,2024-01-09,5,항상 먹고 있는 제품입니다.,,아주 넉넉해요,꼼꼼해요,편리해요,Y
BP_025,BNR17 다이어트 유산균 비에날씬 프로틴 1box(5팩),https://smartstore.naver.com/main/products/5826784472,2023-12-12,5,먹기 간편해여 잘먹을게여,여성,아주 넉넉해요,꼼꼼해요,편리해요,Y
BP_025,BNR17 다이어트 유산균 비에날씬 프로틴 1box(5팩),https://smartstore.naver.com/main/products/5826784472,2023-11-09,3,한달사용효과가 잇는지... 맛이 너무 없어요,,꽤 남았어요,적당해요,그냥그래요,Y
BP_025,BNR17 다이어트 유산균 비에날씬 프로틴 1box(5팩),https://smartstore.naver.com/main/products/5826784472,2023-10-24,5,재구매굿굿.배송피ㅣ르고 맛나요,,꽤 남았어요,적당해요,그냥그래요,Y
BP_025,BNR17 다이어트 유산균 비에날씬 프로틴 1box(5팩),https://smartstore.naver.com/main/products/5826784472,2023-10-24,3,한달사용효과 모르겠어서 실망...,여성,꽤 남았어요,적당해요,그냥그래요,Y
BP_025,BNR17 다이어트 유산균 비에날씬 프로틴 1box(5팩),https://smartstore.naver.com/main/products/5826784472,2023-10-23,5,너무 좋아요 배도 안고프고요~ 변비에도 좋어요^^,,아주 넉넉해요,꼼꼼해요,편리해요,Y
BP_025,BNR17 다이어트 유산균 비에날씬 프로틴 1box(5팩),https://smartstore.naver.com/main/products/5826784472,2023-09-27,4,약간 새콤하네요.꼭 효과가잇길,,아주 넉넉해요,꼼꼼해요,편리해요,Y
BP_025,BNR17 다이어트 유산균 비에날씬 프로틴 1box(5팩),https://smartstore.naver.com/main/products/5826784472,2023-09-08,5,굿굿뱌송빠르고맛잇너ᄋᆢ,,꽤 남았어요,적당해요,그냥그래요,Y
BP_025,BNR17 다이어트 유산균 비에날씬 프로틴 1box(5팩),https://smartstore.naver.com/main/products/5826784472,2023-08-20,5,미숫가루 먹는것 같아요 맛있어요 ^^,,꽤 남았어요,꼼꼼해요,편리해요,Y
BP_025,BNR17 다이어트 유산균 비에날씬 프로틴 1box(5팩),https://smartstore.naver.com/main/products/5826784472,2023-08-19,5,한달사용뭣도 모르고 구매 했어요ㆍ 먹을땐 걱정 했는데 막상 먹으니 ᆢ 선식이랑 똑같아서 의외였어요ᆢ 양이 좀 많아 산번 에 먹기엔 만은양 이었네요ㆍ,,꽤 남았어요,꼼꼼해요,그냥그래요,Y
BP_025,BNR17 다이어트 유산균 비에날씬 프로틴 1box(5팩),https://smartstore.naver.com/main/products/5826784472,2023-08-04,5,"한달사용계속 먹구있는 유산균
살도 빼고 장건강도 지키고... 좋아요",여성,아주 넉넉해요,꼼꼼해요,편리해요,Y
BP_025,BNR17 다이어트 유산균 비에날씬 프로틴 1box(5팩),https://smartstore.naver.com/main/products/5826784472,2023-07-26,5,좋으나 가격대비 넘 비싸것 같아요 ㅜㅜ,,아주 넉넉해요,꼼꼼해요,그냥그래요,Y
BP_025,BNR17 다이어트 유산균 비에날씬 프로틴 1box(5팩),https://smartstore.naver.com/main/products/5826784472,2023-07-22,5,"재구매운동하고 나서 요즘 꼭 먹어주고 있어요
다른 프로틴쉐이크에 비해 꼬소하고 맛있어서 이제품만 먹게 되네요",,아주 넉넉해요,꼼꼼해요,편리해요,Y
BP_025,BNR17 다이어트 유산균 비에날씬 프로틴 1box(5팩),https://smartstore.naver.com/main/products/5826784472,2023-07-22,3,재구매급하게 시킨건데 배송이 너무 빨라서 놀랐네용 ㅎㅎ 아침에 밥 먹을 시간 없을 때 프로틴쉐이크로 급히 때우는데 맛있고 포만감이 있어서 좋아요,,꽤 남았어요,꼼꼼해요,편리해요,Y
BP_025,BNR17 다이어트 유산균 비에날씬 프로틴 1box(5팩),https://smartstore.naver.com/main/products/5826784472,2023-07-09,5,"다이어트겸 단백질 섭취하려고 먹는데
맛좋구 잘 먹구있어요",여성,아주 넉넉해요,꼼꼼해요,편리해요,Y
BP_025,BNR17 다이어트 유산균 비에날씬 프로틴 1box(5팩),https://smartstore.naver.com/main/products/5826784472,2023-06-20,5,재구매자주 주문하는 제품이예영,,아주 넉넉해요,꼼꼼해요,편리해요,Y
BP_025,BNR17 다이어트 유산균 비에날씬 프로틴 1box(5팩),https://smartstore.naver.com/main/products/5826784472,2023-06-15,5,재구매먹기 너무 편하고 맛있어여 다이어트 할 때 최고👍🏻,,아주 넉넉해요,꼼꼼해요,편리해요,Y
BP_025,BNR17 다이어트 유산균 비에날씬 프로틴 1box(5팩),https://smartstore.naver.com/main/products/5826784472,2023-06-07,5,한달사용아침에 먹기편합니다,남성,꽤 남았어요,꼼꼼해요,편리해요,Y
BP_025,BNR17 다이어트 유산균 비에날씬 프로틴 1box(5팩),https://smartstore.naver.com/main/products/5826784472,2023-05-31,5,잘 받앗어요 마니퍼세요,,아주 넉넉해요,꼼꼼해요,편리해요,Y
BP_025,BNR17 다이어트 유산균 비에날씬 프로틴 1box(5팩),https://smartstore.naver.com/main/products/5826784472,2023-05-23,3,"2월9일에 산거랑 지금 5월말인데 어떻게 유통기한이 거의같은게 올까요?
유통기한에 민감해서 본사 직영몰에서 산건데 좀 이해가 안되네요",여성,꽤 남았어요,적당해요,편리해요,Y
BP_025,BNR17 다이어트 유산균 비에날씬 프로틴 1box(5팩),https://smartstore.naver.com/main/products/5826784472,2023-05-19,5,"재구매운동하고나서 항상 챙겨먹는 쉐이크예용
시중에 파는 다이어트쉐이크보다 맛있어서 요 제품만 먹네용 
?
1",,아주 넉넉해요,꼼꼼해요,편리해요,Y
BP_025,BNR17 다이어트 유산균 비에날씬 프로틴 1box(5팩),https://smartstore.naver.com/main/products/5826784472,2023-05-11,5,재구매일단 배송이 너무 빨라서 좋아요! 시중에 파는 다른 쉐이크랑 다르게 가격은 좀 비싸지만 너무 맛있어서 요제품만 찾게 되네요,,꽤 남았어요,꼼꼼해요,편리해요,Y
BP_025,BNR17 다이어트 유산균 비에날씬 프로틴 1box(5팩),https://smartstore.naver.com/main/products/5826784472,2023-05-04,5,제가 한번 먹어보겟습니다 초장 꼼꼼 배송 빠름 👍,남성,아주 넉넉해요,꼼꼼해요,편리해요,Y
BP_025,BNR17 다이어트 유산균 비에날씬 프로틴 1box(5팩),https://smartstore.naver.com/main/products/5826784472,2023-05-02,5,"늘 올리브영에서 사먹던 제품인데 요즘은 자주 품절되서 구매하기가 힘들더라구요😅
가격은 비싸지만..
시중에 파는 쉐이크들 보다 훨 맛있어요 또 포만감도 들고 편리하다는 점에서 자주 찾아 먹게 되네여",,아주 넉넉해요,적당해요,편리해요,Y
BP_025,BNR17 다이어트 유산균 비에날씬 프로틴 1box(5팩),https://smartstore.naver.com/main/products/5826784472,2023-04-19,5,한달사용두달가까이먹고있네요. 가격은비싸지만 계속먹으니 체지방분해효과가있는듯해요.한끼로도든든하구ㅛ,여성,꽤 남았어요,적당해요,그냥그래요,Y
BP_025,BNR17 다이어트 유산균 비에날씬 프로틴 1box(5팩),https://smartstore.naver.com/main/products/5826784472,2023-03-21,5,먹기 편하고 점심대용으로 먹기 좋네요.,남성,아주 넉넉해요,꼼꼼해요,편리해요,Y
BP_025,BNR17 다이어트 유산균 비에날씬 프로틴 1box(5팩),https://smartstore.naver.com/main/products/5826784472,2023-02-08,5,아주맛있어요.포만감좋아요. 이거먹으면살이빠지겠죠?ㅋ,,꽤 남았어요,적당해요,편리해요,Y
BP_025,BNR17 다이어트 유산균 비에날씬 프로틴 1box(5팩),https://smartstore.naver.com/main/products/5826784472,2022-12-27,5,한달사용먹기간편하고 좋습니다,,아주 넉넉해요,꼼꼼해요,편리해요,Y
BP_025,BNR17 다이어트 유산균 비에날씬 프로틴 1box(5팩),https://smartstore.naver.com/main/products/5826784472,2022-12-11,5,한달사용비싸지만 효과가 좋습니다 하지만 너무 비싸서 ㅠㅠ,,아주 넉넉해요,꼼꼼해요,편리해요,Y
BP_025,BNR17 다이어트 유산균 비에날씬 프로틴 1box(5팩),https://smartstore.naver.com/main/products/5826784472,2022-11-26,5,먹기간편하고 좋습니다,,아주 넉넉해요,꼼꼼해요,편리해요,Y
BP_025,BNR17 다이어트 유산균 비에날씬 프로틴 1box(5팩),https://smartstore.naver.com/main/products/5826784472,2022-10-25,4,"재구매한달사용어머니 필요하다셔서 주문했어요
가격이 좀있어서 할인하면좋겠어요",,꽤 남았어요,적당해요,편리해요,Y
BP_025,BNR17 다이어트 유산균 비에날씬 프로틴 1box(5팩),https://smartstore.naver.com/main/products/5826784472,2022-10-19,5,"고소하니 맛있네요
다이어트에 도움이 된다니 기대가 되네요",,아주 넉넉해요,꼼꼼해요,편리해요,Y
BP_025,BNR17 다이어트 유산균 비에날씬 프로틴 1box(5팩),https://smartstore.naver.com/main/products/5826784472,2022-09-25,5,당분이 많이 안들어가잇는 것 같아요,,아주 넉넉해요,꼼꼼해요,편리해요,Y
BP_025,BNR17 다이어트 유산균 비에날씬 프로틴 1box(5팩),https://smartstore.naver.com/main/products/5826784472,2022-09-16,5,"제가 주문을 잘못해서 타먹는유산균을 시켜버렸네요 근데 생각보다 맛있고 든든합니다
다만 먹기가 불편해서 타먹는게 귀찮은사람이라",,아주 넉넉해요,꼼꼼해요,편리해요,Y
BP_025,BNR17 다이어트 유산균 비에날씬 프로틴 1box(5팩),https://smartstore.naver.com/main/products/5826784472,2022-09-14,4,"한달사용맛도 괜찮고 이래저래 만족합니다.
간편하게 먹을수 있어 최고네요.",,꽤 남았어요,적당해요,편리해요,Y
BP_025,BNR17 다이어트 유산균 비에날씬 프로틴 1box(5팩),https://smartstore.naver.com/main/products/5826784472,2022-08-30,5,먹기좋아요.만족합니다.,,아주 넉넉해요,꼼꼼해요,편리해요,Y
BP_025,BNR17 다이어트 유산균 비에날씬 프로틴 1box(5팩),https://smartstore.naver.com/main/products/5826784472,2022-08-26,5,한달사용잘 먹고 있습니다 감사합니다,,아주 넉넉해요,꼼꼼해요,편리해요,Y
BP_025,BNR17 다이어트 유산균 비에날씬 프로틴 1box(5팩),https://smartstore.naver.com/main/products/5826784472,2022-08-22,5,한달사용조금 많이 구매해서 사용해봐야 할거 같아요,,아주 넉넉해요,꼼꼼해요,편리해요,Y
BP_025,BNR17 다이어트 유산균 비에날씬 프로틴 1box(5팩),https://smartstore.naver.com/main/products/5826784472,2022-08-12,5,"한달사용너무 잘 먹고 있습니다 몇번째 구매인지~
운동가기전에 식사대신 가볍게 먹기 좋아요~",,꽤 남았어요,적당해요,편리해요,Y
BP_025,BNR17 다이어트 유산균 비에날씬 프로틴 1box(5팩),https://smartstore.naver.com/main/products/5826784472,2022-08-09,5,"한달사용휴대하기가 정말 편합니다
그래서 챙겨먹기 너무 좋아요",,아주 넉넉해요,꼼꼼해요,편리해요,Y
BP_025,BNR17 다이어트 유산균 비에날씬 프로틴 1box(5팩),https://smartstore.naver.com/main/products/5826784472,2022-07-13,4,잘먹고 있어요^^ 운동전에 공복이면 우유에 타서 먹고 나가면 든든하게 좋더라구요~ 가격이 좀만 더 착하면 좋을것 같아요^^,,꽤 남았어요,적당해요,편리해요,Y
BP_025,BNR17 다이어트 유산균 비에날씬 프로틴 1box(5팩),https://smartstore.naver.com/main/products/5826784472,2022-07-09,4,"간편하게 잘 먹을수 있을 듯 하네요.
어설프게 밥 못먹을때 최고일거 같네요.",,꽤 남았어요,적당해요,편리해요,Y
BP_025,BNR17 다이어트 유산균 비에날씬 프로틴 1box(5팩),https://smartstore.naver.com/main/products/5826784472,2022-07-08,5,편리하게 복용하고 있습니다.,,꽤 남았어요,꼼꼼해요,편리해요,Y
BP_025,BNR17 다이어트 유산균 비에날씬 프로틴 1box(5팩),https://smartstore.naver.com/main/products/5826784472,2022-07-07,5,잘먹고있습니다 감사합니다,,아주 넉넉해요,꼼꼼해요,편리해요,Y
BP_025,BNR17 다이어트 유산균 비에날씬 프로틴 1box(5팩),https://smartstore.naver.com/main/products/5826784472,2022-07-07,5,비에날씬 최고ㅠㅠㅠ,,아주 넉넉해요,꼼꼼해요,편리해요,Y
BP_025,BNR17 다이어트 유산균 비에날씬 프로틴 1box(5팩),https://smartstore.naver.com/main/products/5826784472,2022-07-06,5,배송빠르고 맛도 좋아요,,아주 넉넉해요,꼼꼼해요,편리해요,Y
BP_025,BNR17 다이어트 유산균 비에날씬 프로틴 1box(5팩),https://smartstore.naver.com/main/products/5826784472,2022-05-14,5,한달사용유통기한 넉넉하고 신선하고 맛잇어요,,아주 넉넉해요,꼼꼼해요,편리해요,Y
BP_025,BNR17 다이어트 유산균 비에날씬 프로틴 1box(5팩),https://smartstore.naver.com/main/products/5826784472,2022-05-12,5,맛있어요~~!몸이 건강해지는 느낌💕,,아주 넉넉해요,꼼꼼해요,편리해요,Y
BP_025,BNR17 다이어트 유산균 비에날씬 프로틴 1box(5팩),https://smartstore.naver.com/main/products/5826784472,2022-05-10,5,"재구매자주 주문해서 먹고있어요
맛도 좋고 휴대도 편해요",,아주 넉넉해요,꼼꼼해요,편리해요,Y
BP_025,BNR17 다이어트 유산균 비에날씬 프로틴 1box(5팩),https://smartstore.naver.com/main/products/5826784472,2022-05-03,5,"한달사용처음 구입해서 먹고 있는데 괜찮은것 같아요ㅡ~ 다만 할인을 좀 했으면 좋겠어요! 좋은 상품, 잘 먹고 있습니다!!",,꽤 남았어요,적당해요,그냥그래요,Y
BP_025,BNR17 다이어트 유산균 비에날씬 프로틴 1box(5팩),https://smartstore.naver.com/main/products/5826784472,2022-04-10,5,한달사용한끼식사대용으로 좋은것 같아요~가격이 좀 쌔요~ㅠ,,아주 넉넉해요,꼼꼼해요,편리해요,Y
BP_025,BNR17 다이어트 유산균 비에날씬 프로틴 1box(5팩),https://smartstore.naver.com/main/products/5826784472,2022-03-26,5,다른 프로틴에 비해 맛이 진짜 좋아요!,,아주 넉넉해요,꼼꼼해요,편리해요,Y
BP_025,BNR17 다이어트 유산균 비에날씬 프로틴 1box(5팩),https://smartstore.naver.com/main/products/5826784472,2022-03-26,5,재구매한달사용가지고다니기도 편하고 식사대용으로도 좋아요 저는 우유를 넣어 먹고있어요,,아주 넉넉해요,꼼꼼해요,편리해요,Y
BP_025,BNR17 다이어트 유산균 비에날씬 프로틴 1box(5팩),https://smartstore.naver.com/main/products/5826784472,2022-03-26,5,재구매먹기편하고 한끼식사대용으로도 좋아요,,아주 넉넉해요,꼼꼼해요,편리해요,Y
BP_025,BNR17 다이어트 유산균 비에날씬 프로틴 1box(5팩),https://smartstore.naver.com/main/products/5826784472,2022-03-19,5,"포장 꼼꼼하게 잘 왔구요.
먹는데 불편함 없이 먹기에도 좋네요.
꾸준히 먹어서 여름 대비와 건강관리 시작합니다.
한 달 뒤 후기에 자세한 복용기 적어볼게요
많이 파세요",,아주 넉넉해요,꼼꼼해요,편리해요,Y
BP_025,BNR17 다이어트 유산균 비에날씬 프로틴 1box(5팩),https://smartstore.naver.com/main/products/5826784472,2022-03-17,5,다이어트 유산균이라 구입했어요,,꽤 남았어요,적당해요,그냥그래요,Y
BP_025,BNR17 다이어트 유산균 비에날씬 프로틴 1box(5팩),https://smartstore.naver.com/main/products/5826784472,2022-03-14,5,"재구매저한테 너무잘맞는거같아요
아침에 쾌변하고
꾸준히먹으니 별운동 안했는데요
엉덩이 탄력이 생겼어요^^!",,아주 넉넉해요,꼼꼼해요,편리해요,Y
BP_025,BNR17 다이어트 유산균 비에날씬 프로틴 1box(5팩),https://smartstore.naver.com/main/products/5826784472,2022-03-09,5,한달사용비위가 약한 편인데 고소하고 마시기 좋아요,,꽤 남았어요,꼼꼼해요,편리해요,Y
BP_025,BNR17 다이어트 유산균 비에날씬 프로틴 1box(5팩),https://smartstore.naver.com/main/products/5826784472,2022-03-08,5,엄마 선물한 거라 사진은 없네요. 원래 영양제같은 거 안좋아하시고 타먹는거라고 하니 더 안좋아하셨는데 먹어보시고선 맛도 괜찮고 든든하다며 더 주문해달라고 하시네요. 근데 너무 비싸다며 고민하심 ㅠ,,아주 넉넉해요,꼼꼼해요,그냥그래요,Y
BP_025,BNR17 다이어트 유산균 비에날씬 프로틴 1box(5팩),https://smartstore.naver.com/main/products/5826784472,2022-03-07,5,"배송빠르고포장상태양호해요~그리고든든한
한끼로괜찮아요~~",,아주 넉넉해요,꼼꼼해요,편리해요,Y
BP_025,BNR17 다이어트 유산균 비에날씬 프로틴 1box(5팩),https://smartstore.naver.com/main/products/5826784472,2022-02-10,5,맛이 괜찮네요 배송도 빠르구요,,꽤 남았어요,적당해요,편리해요,Y
BP_025,BNR17 다이어트 유산균 비에날씬 프로틴 1box(5팩),https://smartstore.naver.com/main/products/5826784472,2022-02-08,5,"언니한테 한통 얻어먹어보고 효과가 넘 좋아서
구매했어요^^아침 쾌변합니다",,아주 넉넉해요,꼼꼼해요,그냥그래요,Y
BP_025,BNR17 다이어트 유산균 비에날씬 프로틴 1box(5팩),https://smartstore.naver.com/main/products/5826784472,2022-01-25,5,"재구매편하게 먹기 좋아요
식사대용으로도 좋으네요",,꽤 남았어요,꼼꼼해요,편리해요,Y
BP_025,BNR17 다이어트 유산균 비에날씬 프로틴 1box(5팩),https://smartstore.naver.com/main/products/5826784472,2022-01-15,5,"한달사용변비에 좋아 잘먹고 있어요 ?
1",,아주 넉넉해요,꼼꼼해요,편리해요,Y
BP_025,BNR17 다이어트 유산균 비에날씬 프로틴 1box(5팩),https://smartstore.naver.com/main/products/5826784472,2022-01-12,5,재구매언제 어디서든 편하게 먹기좋아요,,아주 넉넉해요,꼼꼼해요,편리해요,Y
BP_025,BNR17 다이어트 유산균 비에날씬 프로틴 1box(5팩),https://smartstore.naver.com/main/products/5826784472,2022-01-06,5,한달사용먹기 편하고 가지고다니기도 편해요 맛도좋아요,,아주 넉넉해요,꼼꼼해요,편리해요,Y
BP_025,BNR17 다이어트 유산균 비에날씬 프로틴 1box(5팩),https://smartstore.naver.com/main/products/5826784472,2021-12-22,5,재구매아침대용으로 우유타서 먹고있는데 속도 편하고 먹기도 좋아요,,아주 넉넉해요,꼼꼼해요,편리해요,Y
BP_025,BNR17 다이어트 유산균 비에날씬 프로틴 1box(5팩),https://smartstore.naver.com/main/products/5826784472,2021-12-22,5,생각보다 가루가 안녹아서 불편해요 견과류 맛이 너무 진해서 호불호 강하게 납니다,,아주 넉넉해요,꼼꼼해요,그냥그래요,Y
BP_025,BNR17 다이어트 유산균 비에날씬 프로틴 1box(5팩),https://smartstore.naver.com/main/products/5826784472,2021-12-17,5,"먹기편하고 휴대하기도 편해요
저는 아침대용으로 먹고있어요",,아주 넉넉해요,꼼꼼해요,편리해요,Y
BP_025,BNR17 다이어트 유산균 비에날씬 프로틴 1box(5팩),https://smartstore.naver.com/main/products/5826784472,2021-12-13,5,한달사용맛있어요!!! 근데 이벤트 당첨자 공지하지 않네요 ㅠㅠ,,아주 넉넉해요,꼼꼼해요,편리해요,Y
BP_025,BNR17 다이어트 유산균 비에날씬 프로틴 1box(5팩),https://smartstore.naver.com/main/products/5826784472,2021-11-30,5,"한달사용영양소가 골고루여서 운동하면서 섭취하게되니
신체변화도 빠른것같습니다.",,아주 넉넉해요,꼼꼼해요,편리해요,Y
BP_025,BNR17 다이어트 유산균 비에날씬 프로틴 1box(5팩),https://smartstore.naver.com/main/products/5826784472,2021-11-25,5,한달사용효과 넘 좋아서 재주문하고 리뷰 남겨요~~~ 꾸준히 먹을려구요~~,,아주 넉넉해요,꼼꼼해요,편리해요,Y
BP_025,BNR17 다이어트 유산균 비에날씬 프로틴 1box(5팩),https://smartstore.naver.com/main/products/5826784472,2021-11-09,5,"BNR17 유산균은 1년반 동안 계속 먹고 있고습니다.
체중유지 효과에 대해서 진짜 의문없이 뛰어난 효과를 보인다. 이번에 신 출시된 비에날 씬 포로틴은 왜 저를 꼴리면 아침에 간단한포하면 되고 가격은 조금 비싸지만 이거 먹고 유산균 또 먹을 필요없다는 점에 엄청 마음에 들어요🤗🤗🤗그렇게 계산하면 거의 비슷한 가격으로 두가지(단백질, 유산균) 같이 챙길 수 있어서 진짜 좋아요🤤!!! 왜냐하면 다이어트에 단백질 진짜 필수템!
단백질을 충분히 섭취하지 못하는 우리 도시주민한테 진짜 필요합니다:) 물른 지품 영양이 가득은 점은 좋지만 소비자한테 맛도 아주 중요하다고 생각해요!!!!!!! 맛이 없으면 아무리 건강식품이라도 절대 못 먹어요 저는:(! 근데 여러분 진짜 걱정하지 마세요! 이 제품 진짜 맛이 너무 좋아서🤤🤤🤤🤤우유랑 같이 먹는거 진짜 쩔!!!!!!! 🤤🤤🤤🤤 고소하고 바싹바싹 그 맛에 그리고 165칼로리만 있는점에 아침에도 이런 든든한 포만감을 느낄 때 진짜 느낌이 너무 좋아요🤤🤤🤤!!! 다시 구매 의지가 1000점😍😍😍 근데,,, 가격이 좀 더 착하게 해주시면 좋겠어요ㅠㅠ
단점은 진짜 단 하나, 좀 비싸요.
근데 이건 제품 단점이 아니라 제 단점이죠?😔 더보기
+1
?
2",,아주 넉넉해요,꼼꼼해요,편리해요,Y
BP_025,BNR17 다이어트 유산균 비에날씬 프로틴 1box(5팩),https://smartstore.naver.com/main/products/5826784472,2021-11-03,4,생각했던것 보단 맛있어요~,,꽤 남았어요,적당해요,편리해요,Y
BP_025,BNR17 다이어트 유산균 비에날씬 프로틴 1box(5팩),https://smartstore.naver.com/main/products/5826784472,2021-11-02,4,먹을만해요 두유에타먹어야 맛있어요,,아주 넉넉해요,꼼꼼해요,편리해요,Y
BP_025,BNR17 다이어트 유산균 비에날씬 프로틴 1box(5팩),https://smartstore.naver.com/main/products/5826784472,2021-11-01,5,잘받았습니다 감사합니다,,아주 넉넉해요,꼼꼼해요,편리해요,Y
BP_025,BNR17 다이어트 유산균 비에날씬 프로틴 1box(5팩),https://smartstore.naver.com/main/products/5826784472,2021-10-30,5,물타서 먹어도 맛나네요. 자주 애용할거 같습니다.,,아주 넉넉해요,꼼꼼해요,편리해요,Y
BP_025,BNR17 다이어트 유산균 비에날씬 프로틴 1box(5팩),https://smartstore.naver.com/main/products/5826784472,2021-10-15,1,생각보다 별로예요 재구매의사없음,,꽤 남았어요,별로예요,그냥그래요,Y
BP_025,BNR17 다이어트 유산균 비에날씬 프로틴 1box(5팩),https://smartstore.naver.com/main/products/5826784472,2021-10-09,5,"용기가 먹기 편하게되어있어 좋았고
우유도 좋지만 갠적으로는 물에타서
먹는게 맛도있고 먹었을때 더 건강하고
개운한 맛이 더 있었습니다.
주위 동료들한테도 소개해주려고 합니다",,아주 넉넉해요,꼼꼼해요,편리해요,Y
BP_025,BNR17 다이어트 유산균 비에날씬 프로틴 1box(5팩),https://smartstore.naver.com/main/products/5826784472,2021-09-11,5,맛있내요. 좋은것 같습니다.,,아주 넉넉해요,꼼꼼해요,편리해요,Y
