﻿상품코드,상품명,URL,날짜,별점,리뷰텍스트,구매자 성별,유통기한,포장,편리,판매여부
BP_032,[네쇼라 전용 상품] BNR17 비에날씬플러스 다이어트유산균 모유유래 체지방감소 3개월분말,https://smartstore.naver.com/main/products/11227967904,2025-09-30,5,알약 타입은 항상 목에 걸렸었는데 가루타입이라서 맛있고 편합니다.,,꽤 남았어요,적당해요,편리해요,Y
BP_032,[네쇼라 전용 상품] BNR17 비에날씬플러스 다이어트유산균 모유유래 체지방감소 3개월분말,https://smartstore.naver.com/main/products/11227967904,2025-09-26,5,추석선물로 친정에 보냈어요-,여성,아주 넉넉해요,꼼꼼해요,편리해요,Y
BP_032,[네쇼라 전용 상품] BNR17 비에날씬플러스 다이어트유산균 모유유래 체지방감소 3개월분말,https://smartstore.naver.com/main/products/11227967904,2025-09-13,5,엄마가 효과 있다고 꾸준히 섭취하고 계세요. 가격이 좀 높지만...,,꽤 남았어요,꼼꼼해요,편리해요,Y
BP_032,[네쇼라 전용 상품] BNR17 비에날씬플러스 다이어트유산균 모유유래 체지방감소 3개월분말,https://smartstore.naver.com/main/products/11227967904,2025-09-12,5,배송은 언제나 총알입니다. 포장도 꼼꼼하게 왔어요. 늘 먹는 제품 혜택 안내받아 구매했어요.,여성,아주 넉넉해요,꼼꼼해요,편리해요,Y
BP_032,[네쇼라 전용 상품] BNR17 비에날씬플러스 다이어트유산균 모유유래 체지방감소 3개월분말,https://smartstore.naver.com/main/products/11227967904,2025-09-12,5,"캡슐보다 가루가 맛도좋고 먹기 좋아요
살은 안빠지는데 계속 구매하고 있어요",,아주 넉넉해요,꼼꼼해요,편리해요,Y
BP_032,[네쇼라 전용 상품] BNR17 비에날씬플러스 다이어트유산균 모유유래 체지방감소 3개월분말,https://smartstore.naver.com/main/products/11227967904,2025-08-19,4,한달사용그냥 유산균 먹느니 다이어트에 도움되는 걸로 챙겨먹는게 더 좋을 것 같아 먹고있어요! 가격이 높아서 부담되긴하지만..효과만 좋으면 꾸준히 먹을 생각입니다.,여성,꽤 남았어요,적당해요,그냥그래요,Y
BP_032,[네쇼라 전용 상품] BNR17 비에날씬플러스 다이어트유산균 모유유래 체지방감소 3개월분말,https://smartstore.naver.com/main/products/11227967904,2025-08-07,5,"건강관심사 근육/체력장건강
 한달사용꾸준히 먹으니 변비도 해소되고 좋은 거 같아요~~재구매할려구여~^^",여성,아주 넉넉해요,꼼꼼해요,편리해요,Y
BP_032,[네쇼라 전용 상품] BNR17 비에날씬플러스 다이어트유산균 모유유래 체지방감소 3개월분말,https://smartstore.naver.com/main/products/11227967904,2025-08-05,5,"건강관심사 장건강피로회복여성건강
 한달사용유산균이랑 다이어트를 겸으로 할 수 있어서 좋아요!",남성,아주 넉넉해요,꼼꼼해요,편리해요,Y
BP_032,[네쇼라 전용 상품] BNR17 비에날씬플러스 다이어트유산균 모유유래 체지방감소 3개월분말,https://smartstore.naver.com/main/products/11227967904,2025-07-31,5,한달사용스티로폼으로 꼼꼼히 배송되었습니다.,,아주 넉넉해요,꼼꼼해요,편리해요,Y
BP_032,[네쇼라 전용 상품] BNR17 비에날씬플러스 다이어트유산균 모유유래 체지방감소 3개월분말,https://smartstore.naver.com/main/products/11227967904,2025-07-17,5,할인할때 사가요 ㅎㅎ,남성,아주 넉넉해요,꼼꼼해요,편리해요,Y
BP_032,[네쇼라 전용 상품] BNR17 비에날씬플러스 다이어트유산균 모유유래 체지방감소 3개월분말,https://smartstore.naver.com/main/products/11227967904,2025-07-03,5,점심에 사무실에서 먹으려고 구매했어오~~너무 좋아요~~~,,아주 넉넉해요,꼼꼼해요,편리해요,Y
BP_032,[네쇼라 전용 상품] BNR17 비에날씬플러스 다이어트유산균 모유유래 체지방감소 3개월분말,https://smartstore.naver.com/main/products/11227967904,2025-06-29,5,"유산균 중에 만족하며 먹고 있어요.
추천드려요",,아주 넉넉해요,꼼꼼해요,편리해요,Y
BP_032,[네쇼라 전용 상품] BNR17 비에날씬플러스 다이어트유산균 모유유래 체지방감소 3개월분말,https://smartstore.naver.com/main/products/11227967904,2025-06-27,4,드시모네만 먹다가 워낙 좋다는말듣고 한번 바꿔봤어요 효과가 좋길 기대해봅니다,여성,꽤 남았어요,적당해요,편리해요,Y
BP_032,[네쇼라 전용 상품] BNR17 비에날씬플러스 다이어트유산균 모유유래 체지방감소 3개월분말,https://smartstore.naver.com/main/products/11227967904,2025-06-26,5,변비가 좋아지는 거 같아요,여성,아주 넉넉해요,꼼꼼해요,편리해요,Y
BP_032,[네쇼라 전용 상품] BNR17 비에날씬플러스 다이어트유산균 모유유래 체지방감소 3개월분말,https://smartstore.naver.com/main/products/11227967904,2025-06-17,5,"건강관심사 피로회복여성건강장건강
 제가 지금 다이어트가 안되어서 유산균 바꾸고 있는데 이거 먹으면 배고픈게 싹 사라지고 아침에 변을 잘봐서 정말 좋아요!",여성,아주 넉넉해요,꼼꼼해요,편리해요,Y
BP_032,[네쇼라 전용 상품] BNR17 비에날씬플러스 다이어트유산균 모유유래 체지방감소 3개월분말,https://smartstore.naver.com/main/products/11227967904,2025-06-15,5,항상 재구매하는 제품입니다!,,아주 넉넉해요,꼼꼼해요,편리해요,Y
BP_032,[네쇼라 전용 상품] BNR17 비에날씬플러스 다이어트유산균 모유유래 체지방감소 3개월분말,https://smartstore.naver.com/main/products/11227967904,2025-05-31,4,"한달사용저는 유산균 자체가 잘 맞지 않아서 안먹는데요
저희 아버지 선물로 드렸어요
너무 좋다고 또 사달라고 하시네요 좀 비싸서 망설여집니당 ㅋㅋㅋ",,아주 넉넉해요,꼼꼼해요,편리해요,Y
BP_032,[네쇼라 전용 상품] BNR17 비에날씬플러스 다이어트유산균 모유유래 체지방감소 3개월분말,https://smartstore.naver.com/main/products/11227967904,2025-05-20,5,"건강관심사 장건강
 한달사용한달 사용하면서 장건강이 좀 나아진것 같은데 꾸준히 먹어봐야겠네요",여성,아주 넉넉해요,꼼꼼해요,편리해요,Y
BP_032,[네쇼라 전용 상품] BNR17 비에날씬플러스 다이어트유산균 모유유래 체지방감소 3개월분말,https://smartstore.naver.com/main/products/11227967904,2025-05-18,5,"한달사용갓비움과 같이먹으니까
장도 빨리 비워지고 효과가 좋은거같아요!
저는 안에 타서먹었어요 둘 다 향이 좋아서
어울려요",,아주 넉넉해요,꼼꼼해요,편리해요,Y
BP_032,[네쇼라 전용 상품] BNR17 비에날씬플러스 다이어트유산균 모유유래 체지방감소 3개월분말,https://smartstore.naver.com/main/products/11227967904,2025-05-13,5,"건강관심사 눈건강장건강관절/뼈건강
 한달사용한달 넘게 먹으면서 소화가 너무 잘 되더라구요 화장실은 물과 채소를 같이 먹어야지 가능 합니다 당연 한 거겠지만 너무 장이 편해졌어요 매일 배가 더부룩 해서 가스가 찼는데 그런게 없네요
다 먹고 난뒤 또 시키 겠습니다",여성,꽤 남았어요,꼼꼼해요,편리해요,Y
BP_032,[네쇼라 전용 상품] BNR17 비에날씬플러스 다이어트유산균 모유유래 체지방감소 3개월분말,https://smartstore.naver.com/main/products/11227967904,2025-05-12,5,"건강관심사 면역력
 한달사용한번 챙겨먹기 시작한후로 꾸준히 먹는데 효과있는거 같아요~",남성,아주 넉넉해요,꼼꼼해요,편리해요,Y
BP_032,[네쇼라 전용 상품] BNR17 비에날씬플러스 다이어트유산균 모유유래 체지방감소 3개월분말,https://smartstore.naver.com/main/products/11227967904,2025-05-11,5,"건강관심사 면역력눈건강
 한달사용빠른 배송 그리고 먹기편하고 좋아요",남성,아주 넉넉해요,꼼꼼해요,편리해요,Y
BP_032,[네쇼라 전용 상품] BNR17 비에날씬플러스 다이어트유산균 모유유래 체지방감소 3개월분말,https://smartstore.naver.com/main/products/11227967904,2025-05-01,5,한달사용잘 먹고있습니다 아직 한달째라 꾸준히 섭취하려 노력중입니다,,아주 넉넉해요,꼼꼼해요,편리해요,Y
BP_032,[네쇼라 전용 상품] BNR17 비에날씬플러스 다이어트유산균 모유유래 체지방감소 3개월분말,https://smartstore.naver.com/main/products/11227967904,2025-04-29,5,"건강관심사 면역력
 3개월치씩 계속 시켜먹고 있는데 효과 있는거 같아 만족합니다~",남성,꽤 남았어요,적당해요,편리해요,Y
BP_032,[네쇼라 전용 상품] BNR17 비에날씬플러스 다이어트유산균 모유유래 체지방감소 3개월분말,https://smartstore.naver.com/main/products/11227967904,2025-04-28,4,한달사용아직 뾰족한 효과를 본 건 없어요,,꽤 남았어요,적당해요,편리해요,Y
BP_032,[네쇼라 전용 상품] BNR17 비에날씬플러스 다이어트유산균 모유유래 체지방감소 3개월분말,https://smartstore.naver.com/main/products/11227967904,2025-04-24,5,한달사용잘받았습니다. 어머님이 구매하셨습니다.,여성,아주 넉넉해요,꼼꼼해요,편리해요,Y
BP_032,[네쇼라 전용 상품] BNR17 비에날씬플러스 다이어트유산균 모유유래 체지방감소 3개월분말,https://smartstore.naver.com/main/products/11227967904,2025-04-24,5,"간편함, 가루형태로 먹기 편안함",,아주 넉넉해요,꼼꼼해요,편리해요,Y
BP_032,[네쇼라 전용 상품] BNR17 비에날씬플러스 다이어트유산균 모유유래 체지방감소 3개월분말,https://smartstore.naver.com/main/products/11227967904,2025-04-23,5,"건강관심사 장건강
 한달사용매일 습관처럼 먹고 있는데 먹기 편하고 맛도 괜찮아서 안 빼먹고 먹게 되네요~체중 감량 효과는 아직 잘 모르겠어요~식단 조절이랑 운동 병행하면 빠지긴 할 것 같은 기분은 들긴 하는데 ㅋㅋ",남성,아주 넉넉해요,꼼꼼해요,편리해요,Y
BP_032,[네쇼라 전용 상품] BNR17 비에날씬플러스 다이어트유산균 모유유래 체지방감소 3개월분말,https://smartstore.naver.com/main/products/11227967904,2025-04-18,5,한달사용가격은 비싸지만 너무 좋아서 꾸준히 먹는중입니다. .할인 좀 많이 해주면 좋을듯합니다 ^^,,아주 넉넉해요,꼼꼼해요,편리해요,Y
BP_032,[네쇼라 전용 상품] BNR17 비에날씬플러스 다이어트유산균 모유유래 체지방감소 3개월분말,https://smartstore.naver.com/main/products/11227967904,2025-04-15,5,한달사용한달사용해보니 조금씩 몸이 변하네요,,아주 넉넉해요,꼼꼼해요,편리해요,Y
BP_032,[네쇼라 전용 상품] BNR17 비에날씬플러스 다이어트유산균 모유유래 체지방감소 3개월분말,https://smartstore.naver.com/main/products/11227967904,2025-04-14,5,"한달사용엄마가 드신다고 주문했는데 꾸준히 잘 드시고 계신다고 했어요!
금액대는 비싸지만 그만큼 효과 나타날거라 믿고 주문합니다ㅎㅎ",,꽤 남았어요,적당해요,편리해요,Y
BP_032,[네쇼라 전용 상품] BNR17 비에날씬플러스 다이어트유산균 모유유래 체지방감소 3개월분말,https://smartstore.naver.com/main/products/11227967904,2025-04-13,3,"저의 아버지가 먹고 싶다고해서
샀는데요
저는 안맞더라구요
그래서 저는 복용중단입니당
그래도 아빠는 아주 만족해하고 있어요",,아주 넉넉해요,꼼꼼해요,편리해요,Y
BP_032,[네쇼라 전용 상품] BNR17 비에날씬플러스 다이어트유산균 모유유래 체지방감소 3개월분말,https://smartstore.naver.com/main/products/11227967904,2025-04-11,5,한달사용좋은데 가격이 좀...암튼 잘 먹을게요~~,,아주 넉넉해요,꼼꼼해요,편리해요,Y
BP_032,[네쇼라 전용 상품] BNR17 비에날씬플러스 다이어트유산균 모유유래 체지방감소 3개월분말,https://smartstore.naver.com/main/products/11227967904,2025-04-09,5,한달사용유산균이라서 꾸준하게 먹어보려구요 다이어트가 막 되는것 같진 않지만 꾸준히 먹으니 화장실 확실히 잘 가는거 같아서 좋아요,,아주 넉넉해요,꼼꼼해요,편리해요,Y
BP_032,[네쇼라 전용 상품] BNR17 비에날씬플러스 다이어트유산균 모유유래 체지방감소 3개월분말,https://smartstore.naver.com/main/products/11227967904,2025-04-04,5,어머니 선물로 매 번 드리는데 몸무게도 빠지시고 잘 맞는다고 하시네요,,아주 넉넉해요,꼼꼼해요,편리해요,Y
BP_032,[네쇼라 전용 상품] BNR17 비에날씬플러스 다이어트유산균 모유유래 체지방감소 3개월분말,https://smartstore.naver.com/main/products/11227967904,2025-04-01,5,"사과향이 나고, 빨리 녹아서 섭취하기 좋아요👍",,아주 넉넉해요,꼼꼼해요,편리해요,Y
BP_032,[네쇼라 전용 상품] BNR17 비에날씬플러스 다이어트유산균 모유유래 체지방감소 3개월분말,https://smartstore.naver.com/main/products/11227967904,2025-03-30,5,"건강관심사 장건강면역력피로회복
 얼음 안녹고 신선?하게 잘 도착함
먹은지 얼마안되서 다른 효과는 잘 모르겠고 화장실잘감.
맛있고 가루인데 입안에서도 잘녹아서 켁켁안거리고 잘먹고 있음ㅎㅎ",여성,아주 넉넉해요,꼼꼼해요,편리해요,Y
BP_032,[네쇼라 전용 상품] BNR17 비에날씬플러스 다이어트유산균 모유유래 체지방감소 3개월분말,https://smartstore.naver.com/main/products/11227967904,2025-03-29,4,넘 비싸요 효과도 딱히 모르겠고,,꽤 남았어요,적당해요,그냥그래요,Y
BP_032,[네쇼라 전용 상품] BNR17 비에날씬플러스 다이어트유산균 모유유래 체지방감소 3개월분말,https://smartstore.naver.com/main/products/11227967904,2025-03-27,5,"건강관심사 눈건강장건강관절/뼈건강
 배송이 빠르고 상품이 잘 포장 되었네요",여성,아주 넉넉해요,꼼꼼해요,편리해요,Y
BP_032,[네쇼라 전용 상품] BNR17 비에날씬플러스 다이어트유산균 모유유래 체지방감소 3개월분말,https://smartstore.naver.com/main/products/11227967904,2025-03-20,5,한달사용부모님 건강을 위해 늘 주문 하고 있습니다. 다 떨어지면 바로 바로 주문하고 있어요,,아주 넉넉해요,꼼꼼해요,편리해요,Y
BP_032,[네쇼라 전용 상품] BNR17 비에날씬플러스 다이어트유산균 모유유래 체지방감소 3개월분말,https://smartstore.naver.com/main/products/11227967904,2025-03-14,5,"건강관심사 여성건강
 한달사용엄마가 좋아하세요! 꾸준히 먹고 있는 제품입니다 :)",여성,꽤 남았어요,꼼꼼해요,편리해요,Y
BP_032,[네쇼라 전용 상품] BNR17 비에날씬플러스 다이어트유산균 모유유래 체지방감소 3개월분말,https://smartstore.naver.com/main/products/11227967904,2025-03-13,5,"늘먹어요
비싼값을하겠죠
행사마니해주세요",,아주 넉넉해요,꼼꼼해요,편리해요,Y
BP_032,[네쇼라 전용 상품] BNR17 비에날씬플러스 다이어트유산균 모유유래 체지방감소 3개월분말,https://smartstore.naver.com/main/products/11227967904,2025-03-11,5,꾸준히 먹어봐야겠어요~ 화장실은 자주 가는거 같아요!,,아주 넉넉해요,꼼꼼해요,편리해요,Y
BP_032,[네쇼라 전용 상품] BNR17 비에날씬플러스 다이어트유산균 모유유래 체지방감소 3개월분말,https://smartstore.naver.com/main/products/11227967904,2025-03-09,5,"건강관심사 장건강
 휴대가 간편한 포 타입이라 먹기도 편하고 맛도 좋아요~ 먹고나니 뭔가 속이 편해지는 느낌도 있어요👍",여성,아주 넉넉해요,꼼꼼해요,편리해요,Y
BP_032,[네쇼라 전용 상품] BNR17 비에날씬플러스 다이어트유산균 모유유래 체지방감소 3개월분말,https://smartstore.naver.com/main/products/11227967904,2025-03-09,5,뱃살 때문에 한번 사봤어요~~아직은 모르겠고 좀더 먹어봐야 알것같아요~~^^,,아주 넉넉해요,꼼꼼해요,편리해요,Y
BP_032,[네쇼라 전용 상품] BNR17 비에날씬플러스 다이어트유산균 모유유래 체지방감소 3개월분말,https://smartstore.naver.com/main/products/11227967904,2025-03-08,5,비에날씬 알약만 먹다가 한번 바꿔봤어요..효과 있으면 좋겠어요,,아주 넉넉해요,꼼꼼해요,편리해요,Y
BP_032,[네쇼라 전용 상품] BNR17 비에날씬플러스 다이어트유산균 모유유래 체지방감소 3개월분말,https://smartstore.naver.com/main/products/11227967904,2025-03-08,5,배송 무지빠르고 물이랑 같이 먹어면 맛 도있어요,남성,아주 넉넉해요,꼼꼼해요,편리해요,Y
BP_032,[네쇼라 전용 상품] BNR17 비에날씬플러스 다이어트유산균 모유유래 체지방감소 3개월분말,https://smartstore.naver.com/main/products/11227967904,2025-03-08,5,냉장보관이라 아이스팩으로해서 포장 잘 되어왔네요~분말형태라 먹기도 편하고 맛도 괜찮네요~^^,,아주 넉넉해요,꼼꼼해요,편리해요,Y
BP_032,[네쇼라 전용 상품] BNR17 비에날씬플러스 다이어트유산균 모유유래 체지방감소 3개월분말,https://smartstore.naver.com/main/products/11227967904,2025-03-07,5,잘받았습니다. 엄마 선물로 사드렸어요,여성,아주 넉넉해요,꼼꼼해요,편리해요,Y
BP_032,[네쇼라 전용 상품] BNR17 비에날씬플러스 다이어트유산균 모유유래 체지방감소 3개월분말,https://smartstore.naver.com/main/products/11227967904,2025-03-06,5,배송이 엄청빠르네요 잘 먹어보겠습니다,,아주 넉넉해요,꼼꼼해요,편리해요,Y
BP_032,[네쇼라 전용 상품] BNR17 비에날씬플러스 다이어트유산균 모유유래 체지방감소 3개월분말,https://smartstore.naver.com/main/products/11227967904,2025-02-27,5,"한달사용한통다먹고 리뷰 남겨요
살또빠지고 변도 잘바요",,아주 넉넉해요,꼼꼼해요,편리해요,Y
BP_032,[네쇼라 전용 상품] BNR17 비에날씬플러스 다이어트유산균 모유유래 체지방감소 3개월분말,https://smartstore.naver.com/main/products/11227967904,2025-02-22,5,"건강관심사 면역력
 한달사용꾸준히 먹을수록 좋은 제품 같아요. 어머니 추천으로 먹고있는데 살이 빠지는건 모르겠지만 심리적인지 몰라도먹어도 더 찌진 않는것 같습니다. 계속 먹어볼게요.",여성,아주 넉넉해요,꼼꼼해요,편리해요,Y
BP_032,[네쇼라 전용 상품] BNR17 비에날씬플러스 다이어트유산균 모유유래 체지방감소 3개월분말,https://smartstore.naver.com/main/products/11227967904,2025-02-02,5,한달사용재구매해서 항상 먹어요,,아주 넉넉해요,꼼꼼해요,편리해요,Y
BP_032,[네쇼라 전용 상품] BNR17 비에날씬플러스 다이어트유산균 모유유래 체지방감소 3개월분말,https://smartstore.naver.com/main/products/11227967904,2025-02-01,5,한달사용엄마 유산균으로 꾸준히 주문하고 있는 상품이에요!,,아주 넉넉해요,꼼꼼해요,편리해요,Y
BP_032,[네쇼라 전용 상품] BNR17 비에날씬플러스 다이어트유산균 모유유래 체지방감소 3개월분말,https://smartstore.naver.com/main/products/11227967904,2025-01-31,5,한달사용먹기 편해서 부모님이 너무 좋아하세요 리뉴얼된 포장도 너무 고급집니다 할인 많이 해주면 좋겠어요,여성,꽤 남았어요,꼼꼼해요,편리해요,Y
BP_032,[네쇼라 전용 상품] BNR17 비에날씬플러스 다이어트유산균 모유유래 체지방감소 3개월분말,https://smartstore.naver.com/main/products/11227967904,2025-01-29,5,"건강관심사 면역력장건강
 한달사용간편하고 맛있어요 꾸준히 먹음 좋을듯요",여성,아주 넉넉해요,꼼꼼해요,편리해요,Y
BP_032,[네쇼라 전용 상품] BNR17 비에날씬플러스 다이어트유산균 모유유래 체지방감소 3개월분말,https://smartstore.naver.com/main/products/11227967904,2025-01-28,5,한달사용특별한 것 없이 살이 5키로정도 빠져서 유지중이예요,,아주 넉넉해요,꼼꼼해요,편리해요,Y
BP_032,[네쇼라 전용 상품] BNR17 비에날씬플러스 다이어트유산균 모유유래 체지방감소 3개월분말,https://smartstore.naver.com/main/products/11227967904,2025-01-22,5,"한달사용냉장고에 넣어두고 잘 먹고있어요~
저는 꼭 이 유산균만 먹어요 좋아요👍🏻",,아주 넉넉해요,꼼꼼해요,편리해요,Y
BP_032,[네쇼라 전용 상품] BNR17 비에날씬플러스 다이어트유산균 모유유래 체지방감소 3개월분말,https://smartstore.naver.com/main/products/11227967904,2025-01-21,5,한달사용분말타입 편하게 먹고 있어요,,아주 넉넉해요,꼼꼼해요,편리해요,Y
BP_032,[네쇼라 전용 상품] BNR17 비에날씬플러스 다이어트유산균 모유유래 체지방감소 3개월분말,https://smartstore.naver.com/main/products/11227967904,2025-01-21,5,"한달사용아들하고 하나씩 잘 먹고 있습니다. 먹기에도 편리하고 완전 맘에 들어요
다 머고 재구매 하겠습니다.",,아주 넉넉해요,적당해요,편리해요,Y
BP_032,[네쇼라 전용 상품] BNR17 비에날씬플러스 다이어트유산균 모유유래 체지방감소 3개월분말,https://smartstore.naver.com/main/products/11227967904,2025-01-17,5,한달사용알약먹기는 좀 불편한데 과립이라 먹기 편하고 좋아요,,꽤 남았어요,꼼꼼해요,편리해요,Y
BP_032,[네쇼라 전용 상품] BNR17 비에날씬플러스 다이어트유산균 모유유래 체지방감소 3개월분말,https://smartstore.naver.com/main/products/11227967904,2025-01-16,2,"한달사용꾸준히 먹어봐야하는데 자꾸 까먹게되네요
냉장보관해야해서 불편해요
산성도 낮은음료랑 먹으면 안된다는데
산성도 낮은 음료가 뭐냐고 문의하니 산성도 높은음료만 알려주시는 센스있는답변 감사하네요",,아주 넉넉해요,꼼꼼해요,불편해요,Y
BP_032,[네쇼라 전용 상품] BNR17 비에날씬플러스 다이어트유산균 모유유래 체지방감소 3개월분말,https://smartstore.naver.com/main/products/11227967904,2025-01-14,5,한달사용복용하기 편해서 빼먹지 않고 매일 복용 중입니다. 복용 전과 비교하면 장이 편해요,여성,아주 넉넉해요,꼼꼼해요,편리해요,Y
BP_032,[네쇼라 전용 상품] BNR17 비에날씬플러스 다이어트유산균 모유유래 체지방감소 3개월분말,https://smartstore.naver.com/main/products/11227967904,2025-01-08,5,"비엔날씬 알약으로 먹다가 초등 아들도 같이 먹을려고 구매했습니다
아들 완전 잘먹고 있구요
저도 완전 편하게 잘먹고 있습니다",여성,아주 넉넉해요,꼼꼼해요,편리해요,Y
BP_032,[네쇼라 전용 상품] BNR17 비에날씬플러스 다이어트유산균 모유유래 체지방감소 3개월분말,https://smartstore.naver.com/main/products/11227967904,2025-01-05,5,"먹은지 3주정도 되는데 3키로빠졌어요.
배변도 좋고 먹기도 좋아요.",여성,아주 넉넉해요,꼼꼼해요,편리해요,Y
BP_032,[네쇼라 전용 상품] BNR17 비에날씬플러스 다이어트유산균 모유유래 체지방감소 3개월분말,https://smartstore.naver.com/main/products/11227967904,2024-12-31,5,1년 넘게 꾸준히 먹고 있어요~,여성,아주 넉넉해요,꼼꼼해요,편리해요,Y
BP_032,[네쇼라 전용 상품] BNR17 비에날씬플러스 다이어트유산균 모유유래 체지방감소 3개월분말,https://smartstore.naver.com/main/products/11227967904,2024-12-30,5,"알약타입으로도 먹어봤는데 가루가더 효과적인것같아요.
배변하는데 좀더 편합니다.",,아주 넉넉해요,꼼꼼해요,편리해요,Y
BP_032,[네쇼라 전용 상품] BNR17 비에날씬플러스 다이어트유산균 모유유래 체지방감소 3개월분말,https://smartstore.naver.com/main/products/11227967904,2024-12-30,5,효과가 크게 눈에 띄거나하지는 않습니다. 속이 조금 편해져서 꾸준히 먹어보려고 합니다.,,아주 넉넉해요,꼼꼼해요,편리해요,Y
BP_032,[네쇼라 전용 상품] BNR17 비에날씬플러스 다이어트유산균 모유유래 체지방감소 3개월분말,https://smartstore.naver.com/main/products/11227967904,2024-12-28,5,맛있고 먹기 편해요 변비도 많이 사라진것 같고 속이 편해요! 재구매의사 100%,,아주 넉넉해요,꼼꼼해요,편리해요,Y
BP_032,[네쇼라 전용 상품] BNR17 비에날씬플러스 다이어트유산균 모유유래 체지방감소 3개월분말,https://smartstore.naver.com/main/products/11227967904,2024-12-28,5,먹기 편해서 포로 주문하고 있어요~~ 이번에 리뉴얼되서 상자도 더 고급스럽네요 만족합니다,여성,아주 넉넉해요,꼼꼼해요,편리해요,Y
BP_032,[네쇼라 전용 상품] BNR17 비에날씬플러스 다이어트유산균 모유유래 체지방감소 3개월분말,https://smartstore.naver.com/main/products/11227967904,2024-12-23,5,"아직 남아있는데 세일해서 또 구매했어요
변비해결되서 너무 좋아요",,아주 넉넉해요,꼼꼼해요,편리해요,Y
BP_032,[네쇼라 전용 상품] BNR17 비에날씬플러스 다이어트유산균 모유유래 체지방감소 3개월분말,https://smartstore.naver.com/main/products/11227967904,2024-12-21,5,빠른 배송 감사합니다 아이스 포장으로 꼼꼼하게 왓아요 먹어보니 효과잇어 주기적으로 구매중입니다,,아주 넉넉해요,꼼꼼해요,편리해요,Y
BP_032,[네쇼라 전용 상품] BNR17 비에날씬플러스 다이어트유산균 모유유래 체지방감소 3개월분말,https://smartstore.naver.com/main/products/11227967904,2024-12-21,5,캡슐먹다가 분말로 한번 구매해봤습니다,,아주 넉넉해요,꼼꼼해요,편리해요,Y
BP_032,[네쇼라 전용 상품] BNR17 비에날씬플러스 다이어트유산균 모유유래 체지방감소 3개월분말,https://smartstore.naver.com/main/products/11227967904,2024-12-19,5,3번의 재 구매 입니다. 갑자기 변화는 없지만 천천히 변화가 있어요,여성,아주 넉넉해요,꼼꼼해요,편리해요,Y
BP_032,[네쇼라 전용 상품] BNR17 비에날씬플러스 다이어트유산균 모유유래 체지방감소 3개월분말,https://smartstore.naver.com/main/products/11227967904,2024-12-18,5,계속해서 꾸준히 먹고 있어요. 좋아요~,,아주 넉넉해요,꼼꼼해요,편리해요,Y
BP_032,[네쇼라 전용 상품] BNR17 비에날씬플러스 다이어트유산균 모유유래 체지방감소 3개월분말,https://smartstore.naver.com/main/products/11227967904,2024-12-14,5,다이어트 시작 하면서 주변에서 도움 됐단 이야기 듣고 구매합니다. 그동안 몇번 먹어보긴 했는데 꾸준하지 않아선지 잘 모르겠더라구요. 라이브 기회가 좋아 3개월 꾸준히 먹어보려고 구매했어요. 효과 좋으면 또 리뷰 남기겠습니다.,여성,아주 넉넉해요,꼼꼼해요,편리해요,Y
BP_032,[네쇼라 전용 상품] BNR17 비에날씬플러스 다이어트유산균 모유유래 체지방감소 3개월분말,https://smartstore.naver.com/main/products/11227967904,2024-12-14,5,늘 먹는 거라 쟁여두려고 구매했어요. 네쇼라에서 사는 데 제일 좋은 가격인 것 같습니다.,여성,아주 넉넉해요,꼼꼼해요,편리해요,Y
BP_032,[네쇼라 전용 상품] BNR17 비에날씬플러스 다이어트유산균 모유유래 체지방감소 3개월분말,https://smartstore.naver.com/main/products/11227967904,2024-12-13,5,변비도 있고 나이드니 자꾸 배텅이 두꺼우져서 주문했어요 효과있길바래봅니다,,아주 넉넉해요,꼼꼼해요,편리해요,Y
BP_032,[네쇼라 전용 상품] BNR17 비에날씬플러스 다이어트유산균 모유유래 체지방감소 3개월분말,https://smartstore.naver.com/main/products/11227967904,2024-12-12,5,배송도 빠르고 바로 섭취했는데 맛있네요 섭취도 간편합니다😃,여성,아주 넉넉해요,꼼꼼해요,편리해요,Y
BP_032,[네쇼라 전용 상품] BNR17 비에날씬플러스 다이어트유산균 모유유래 체지방감소 3개월분말,https://smartstore.naver.com/main/products/11227967904,2024-12-12,5,잘 먹고 있는 제품이라 이럴때 한번씩 쟁여둡니다~,,아주 넉넉해요,꼼꼼해요,편리해요,Y
