﻿상품코드,상품명,URL,날짜,별점,리뷰텍스트,구매자 성별,유통기한,포장,편리,판매여부
BP_013,"관절엔 아나파랙틴 1개월 (천심련추출물, 비타민K, 비타민D,안드로그라폴라이드)",https://smartstore.naver.com/main/products/11382925158,2025-09-30,5,한달사용부모님 주려고 구매햇습니다. 다음번에 또 구매할께요^^,,아주 넉넉해요,꼼꼼해요,편리해요,Y
BP_013,"관절엔 아나파랙틴 1개월 (천심련추출물, 비타민K, 비타민D,안드로그라폴라이드)",https://smartstore.naver.com/main/products/11382925158,2025-09-30,4,후기 보고 구매 했는데~~복용중인데~~한달 먹어보고~~효과가 좋았으면 좋겠어요,,아주 넉넉해요,꼼꼼해요,편리해요,Y
BP_013,"관절엔 아나파랙틴 1개월 (천심련추출물, 비타민K, 비타민D,안드로그라폴라이드)",https://smartstore.naver.com/main/products/11382925158,2025-09-28,5,"건강관심사 노화방지관절/뼈건강수면건강
 관절염 통증에 좋다고해서 구매.
효과 기대해봅니다",여성,아주 넉넉해요,꼼꼼해요,편리해요,Y
BP_013,"관절엔 아나파랙틴 1개월 (천심련추출물, 비타민K, 비타민D,안드로그라폴라이드)",https://smartstore.naver.com/main/products/11382925158,2025-09-26,5,배송 빨라요~ 지인 추천 받아서 구매합니다!,여성,아주 넉넉해요,꼼꼼해요,편리해요,Y
BP_013,"관절엔 아나파랙틴 1개월 (천심련추출물, 비타민K, 비타민D,안드로그라폴라이드)",https://smartstore.naver.com/main/products/11382925158,2025-09-25,3,"꾸준히 먹어봐야 겟네요~
아직은 먹기전이라~
잘 모르겟네요~",,아주 넉넉해요,적당해요,편리해요,Y
BP_013,"관절엔 아나파랙틴 1개월 (천심련추출물, 비타민K, 비타민D,안드로그라폴라이드)",https://smartstore.naver.com/main/products/11382925158,2025-09-25,4,빠른배송 만족합니다,,꽤 남았어요,적당해요,그냥그래요,Y
BP_013,"관절엔 아나파랙틴 1개월 (천심련추출물, 비타민K, 비타민D,안드로그라폴라이드)",https://smartstore.naver.com/main/products/11382925158,2025-09-02,5,한달사용어머님이 도움 된답니다,,아주 넉넉해요,꼼꼼해요,편리해요,Y
BP_013,"관절엔 아나파랙틴 1개월 (천심련추출물, 비타민K, 비타민D,안드로그라폴라이드)",https://smartstore.naver.com/main/products/11382925158,2025-09-01,5,상품 배달이 짱 빨리왔어용 먹고 안 아파쓰면 좋겠네용,,아주 넉넉해요,꼼꼼해요,편리해요,Y
BP_013,"관절엔 아나파랙틴 1개월 (천심련추출물, 비타민K, 비타민D,안드로그라폴라이드)",https://smartstore.naver.com/main/products/11382925158,2025-08-22,5,"건강관심사 관절/뼈건강
 한달사용손관절이 불편하셔서 2번째 주문하는데 좋아지셨으면 좋겠어요",여성,아주 넉넉해요,꼼꼼해요,편리해요,Y
BP_013,"관절엔 아나파랙틴 1개월 (천심련추출물, 비타민K, 비타민D,안드로그라폴라이드)",https://smartstore.naver.com/main/products/11382925158,2025-08-14,5,먹어보고효과있으면 널리홍보할게요,,아주 넉넉해요,꼼꼼해요,편리해요,Y
BP_013,"관절엔 아나파랙틴 1개월 (천심련추출물, 비타민K, 비타민D,안드로그라폴라이드)",https://smartstore.naver.com/main/products/11382925158,2025-08-13,5,"건강관심사 면역력관절/뼈건강근육/체력
 재구매엄마가 조아라하셔서 주문",여성,아주 넉넉해요,적당해요,편리해요,Y
BP_013,"관절엔 아나파랙틴 1개월 (천심련추출물, 비타민K, 비타민D,안드로그라폴라이드)",https://smartstore.naver.com/main/products/11382925158,2025-08-05,5,배송빠르고 크기도 적당햐서 목넘기도 좋어요,,아주 넉넉해요,꼼꼼해요,편리해요,Y
BP_013,"관절엔 아나파랙틴 1개월 (천심련추출물, 비타민K, 비타민D,안드로그라폴라이드)",https://smartstore.naver.com/main/products/11382925158,2025-08-02,5,한달사용자꾸 시키랍니다 돈 없는데,,아주 넉넉해요,꼼꼼해요,편리해요,Y
BP_013,"관절엔 아나파랙틴 1개월 (천심련추출물, 비타민K, 비타민D,안드로그라폴라이드)",https://smartstore.naver.com/main/products/11382925158,2025-08-01,5,감사해요 빠른배송도 좋아요,,아주 넉넉해요,꼼꼼해요,편리해요,Y
BP_013,"관절엔 아나파랙틴 1개월 (천심련추출물, 비타민K, 비타민D,안드로그라폴라이드)",https://smartstore.naver.com/main/products/11382925158,2025-07-25,5,어머니 무릎에 효과가 좀 있다네요,,아주 넉넉해요,꼼꼼해요,편리해요,Y
BP_013,"관절엔 아나파랙틴 1개월 (천심련추출물, 비타민K, 비타민D,안드로그라폴라이드)",https://smartstore.naver.com/main/products/11382925158,2025-07-20,5,한달사용조아요 조아요 조아요 조아요 조아요 조아요 조아요 조아요 조아요 조아요 조아요 조아요 조아요,남성,아주 넉넉해요,꼼꼼해요,편리해요,Y
BP_013,"관절엔 아나파랙틴 1개월 (천심련추출물, 비타민K, 비타민D,안드로그라폴라이드)",https://smartstore.naver.com/main/products/11382925158,2025-07-18,4,이거먹으니 무릎이 좀 좋아진거같아요,여성,꽤 남았어요,적당해요,편리해요,Y
BP_013,"관절엔 아나파랙틴 1개월 (천심련추출물, 비타민K, 비타민D,안드로그라폴라이드)",https://smartstore.naver.com/main/products/11382925158,2025-07-18,5,"건강관심사 노화방지면역력관절/뼈건강
 한달사용만족하고 잘 드시고 계십니다.",여성,아주 넉넉해요,꼼꼼해요,편리해요,Y
BP_013,"관절엔 아나파랙틴 1개월 (천심련추출물, 비타민K, 비타민D,안드로그라폴라이드)",https://smartstore.naver.com/main/products/11382925158,2025-07-17,5,어머니 관절건강에 도움될까싶어 구매했어요 드시고 효과있으면 재구매 하러올께요~,,꽤 남았어요,적당해요,편리해요,Y
BP_013,"관절엔 아나파랙틴 1개월 (천심련추출물, 비타민K, 비타민D,안드로그라폴라이드)",https://smartstore.naver.com/main/products/11382925158,2025-07-08,5,배송빠르고 좋아요 굿,여성,꽤 남았어요,적당해요,그냥그래요,Y
BP_013,"관절엔 아나파랙틴 1개월 (천심련추출물, 비타민K, 비타민D,안드로그라폴라이드)",https://smartstore.naver.com/main/products/11382925158,2025-07-06,5,조아요 조아요 조아요,,아주 넉넉해요,꼼꼼해요,편리해요,Y
BP_013,"관절엔 아나파랙틴 1개월 (천심련추출물, 비타민K, 비타민D,안드로그라폴라이드)",https://smartstore.naver.com/main/products/11382925158,2025-07-06,3,그리 큰 효과를 보지는 못한듯,,꽤 남았어요,적당해요,그냥그래요,Y
BP_013,"관절엔 아나파랙틴 1개월 (천심련추출물, 비타민K, 비타민D,안드로그라폴라이드)",https://smartstore.naver.com/main/products/11382925158,2025-07-03,5,좋은 가격에 구매했어요 감사합니다~~,,아주 넉넉해요,꼼꼼해요,편리해요,Y
BP_013,"관절엔 아나파랙틴 1개월 (천심련추출물, 비타민K, 비타민D,안드로그라폴라이드)",https://smartstore.naver.com/main/products/11382925158,2025-07-02,5,지인이 먹고 효과있다고 또주문해달라고 해서 재주문했어요 사진이없어서 다른사진으로 올려요 ㅠ,,아주 넉넉해요,꼼꼼해요,편리해요,Y
BP_013,"관절엔 아나파랙틴 1개월 (천심련추출물, 비타민K, 비타민D,안드로그라폴라이드)",https://smartstore.naver.com/main/products/11382925158,2025-06-30,4,관절에 좋다고 해서 방송보고 주문했습니다 기대되네요,,꽤 남았어요,적당해요,편리해요,Y
BP_013,"관절엔 아나파랙틴 1개월 (천심련추출물, 비타민K, 비타민D,안드로그라폴라이드)",https://smartstore.naver.com/main/products/11382925158,2025-06-30,5,"건강관심사 관절/뼈건강
 처음 구입후 어머니 한달정도 다드셨는데 말씀없으셔서 구입 안하고 있었는데 먹을때와 안먹을때 차이가 좀 있는것같다고 하셔서 재구매합니다. 조금이라도 도움이 되었으면 좋겠네요",여성,아주 넉넉해요,꼼꼼해요,편리해요,Y
BP_013,"관절엔 아나파랙틴 1개월 (천심련추출물, 비타민K, 비타민D,안드로그라폴라이드)",https://smartstore.naver.com/main/products/11382925158,2025-06-27,5,어머니가 좋아하십니다,,아주 넉넉해요,꼼꼼해요,편리해요,Y
BP_013,"관절엔 아나파랙틴 1개월 (천심련추출물, 비타민K, 비타민D,안드로그라폴라이드)",https://smartstore.naver.com/main/products/11382925158,2025-06-21,5,한달사용무릎이 시큰거려서 주문해보았어요.꾸준히 먹어봐야될것 같아요,,아주 넉넉해요,꼼꼼해요,편리해요,Y
BP_013,"관절엔 아나파랙틴 1개월 (천심련추출물, 비타민K, 비타민D,안드로그라폴라이드)",https://smartstore.naver.com/main/products/11382925158,2025-06-18,5,아버지가 광고보시고 구매하고 싶어서 구매했습니다,남성,아주 넉넉해요,꼼꼼해요,편리해요,Y
BP_013,"관절엔 아나파랙틴 1개월 (천심련추출물, 비타민K, 비타민D,안드로그라폴라이드)",https://smartstore.naver.com/main/products/11382925158,2025-06-18,5,"건강관심사 면역력관절/뼈건강근육/체력
 한달사용아주 조코 귣귣 입니다",여성,아주 넉넉해요,꼼꼼해요,편리해요,Y
BP_013,"관절엔 아나파랙틴 1개월 (천심련추출물, 비타민K, 비타민D,안드로그라폴라이드)",https://smartstore.naver.com/main/products/11382925158,2025-06-12,5,60대 엄마의 요청으로 주문 했습니다.~,,아주 넉넉해요,꼼꼼해요,편리해요,Y
BP_013,"관절엔 아나파랙틴 1개월 (천심련추출물, 비타민K, 비타민D,안드로그라폴라이드)",https://smartstore.naver.com/main/products/11382925158,2025-06-06,5,재구매잘받았습니다~번창하세요~!!,,아주 넉넉해요,꼼꼼해요,편리해요,Y
BP_013,"관절엔 아나파랙틴 1개월 (천심련추출물, 비타민K, 비타민D,안드로그라폴라이드)",https://smartstore.naver.com/main/products/11382925158,2025-05-29,5,먹기 편하고 배송도 빨라요,,아주 넉넉해요,적당해요,편리해요,Y
BP_013,"관절엔 아나파랙틴 1개월 (천심련추출물, 비타민K, 비타민D,안드로그라폴라이드)",https://smartstore.naver.com/main/products/11382925158,2025-05-28,5,부모님 사드렸어요 빠른배송이에요 드시고 효과 있으면 재구매 의사있어요,,아주 넉넉해요,꼼꼼해요,편리해요,Y
BP_013,"관절엔 아나파랙틴 1개월 (천심련추출물, 비타민K, 비타민D,안드로그라폴라이드)",https://smartstore.naver.com/main/products/11382925158,2025-05-26,5,언니가 주문좀해달라고 해서 구매했어요 어디서 들었는지 상품좋다고 그래서 급하게 주문했어요 사진은 없어요 ㅠ 주문할때 언니집으로바로택배를 보냈거든요 울집 강아지 사진으로 대처할께요 양해부탁드립니다 ㅎㅎ,,아주 넉넉해요,꼼꼼해요,편리해요,Y
BP_013,"관절엔 아나파랙틴 1개월 (천심련추출물, 비타민K, 비타민D,안드로그라폴라이드)",https://smartstore.naver.com/main/products/11382925158,2025-05-19,5,엄마 사드렸는데 효과가 있었음 좋겠어용,,꽤 남았어요,적당해요,그냥그래요,Y
BP_013,"관절엔 아나파랙틴 1개월 (천심련추출물, 비타민K, 비타민D,안드로그라폴라이드)",https://smartstore.naver.com/main/products/11382925158,2025-05-15,5,배송 빠르고 좋아요. 건강에도 도움되길 바래봅니다.,여성,아주 넉넉해요,꼼꼼해요,편리해요,Y
BP_013,"관절엔 아나파랙틴 1개월 (천심련추출물, 비타민K, 비타민D,안드로그라폴라이드)",https://smartstore.naver.com/main/products/11382925158,2025-05-15,3,"건강관심사 관절/뼈건강
 어머니 무릎관절이 불편하신데 이 제품 말씀하셔서 첨 구입하는데 도움이되면 좋겠네요~",남성,꽤 남았어요,별로예요,편리해요,Y
BP_013,"관절엔 아나파랙틴 1개월 (천심련추출물, 비타민K, 비타민D,안드로그라폴라이드)",https://smartstore.naver.com/main/products/11382925158,2025-05-12,5,배송이 빨랐고 어머님이 다리가 불편하다고 하셔 구매했어요~! 효과가 있기를 바라며..,,아주 넉넉해요,적당해요,편리해요,Y
BP_013,"관절엔 아나파랙틴 1개월 (천심련추출물, 비타민K, 비타민D,안드로그라폴라이드)",https://smartstore.naver.com/main/products/11382925158,2025-05-10,5,선물로 배송해드렸는데 빠른배송감사합니다,,아주 넉넉해요,꼼꼼해요,편리해요,Y
BP_013,"관절엔 아나파랙틴 1개월 (천심련추출물, 비타민K, 비타민D,안드로그라폴라이드)",https://smartstore.naver.com/main/products/11382925158,2025-05-10,5,"건강관심사 노화방지눈건강피로회복
 빠른시일내에 배송도 빠르고 좋아요",남성,아주 넉넉해요,꼼꼼해요,편리해요,Y
BP_013,"관절엔 아나파랙틴 1개월 (천심련추출물, 비타민K, 비타민D,안드로그라폴라이드)",https://smartstore.naver.com/main/products/11382925158,2025-05-09,5,효능을 알기에는 아직 모르겠고 열심히 먹고 있습니다,,아주 넉넉해요,꼼꼼해요,편리해요,Y
BP_013,"관절엔 아나파랙틴 1개월 (천심련추출물, 비타민K, 비타민D,안드로그라폴라이드)",https://smartstore.naver.com/main/products/11382925158,2025-05-09,5,잘 먹고 있습니다.^^ 잘 맞읍 계속 먹을 예정입니다.^^,,아주 넉넉해요,꼼꼼해요,편리해요,Y
BP_013,"관절엔 아나파랙틴 1개월 (천심련추출물, 비타민K, 비타민D,안드로그라폴라이드)",https://smartstore.naver.com/main/products/11382925158,2025-05-08,5,"건강관심사 면역력눈건강장건강
 잘 먹어보겠습니다 감사합니다",여성,아주 넉넉해요,적당해요,편리해요,Y
BP_013,"관절엔 아나파랙틴 1개월 (천심련추출물, 비타민K, 비타민D,안드로그라폴라이드)",https://smartstore.naver.com/main/products/11382925158,2025-04-23,5,가격은 비싼데 효과 있었으면 좋겠어요,,아주 넉넉해요,꼼꼼해요,편리해요,Y
BP_013,"관절엔 아나파랙틴 1개월 (천심련추출물, 비타민K, 비타민D,안드로그라폴라이드)",https://smartstore.naver.com/main/products/11382925158,2025-04-16,5,열심히 먹고 건강한 관절 만들게요~,,아주 넉넉해요,꼼꼼해요,편리해요,Y
BP_013,"관절엔 아나파랙틴 1개월 (천심련추출물, 비타민K, 비타민D,안드로그라폴라이드)",https://smartstore.naver.com/main/products/11382925158,2025-04-09,5,"건강관심사 면역력관절/뼈건강근육/체력
 어머니가 잘먹고 잇어요",여성,아주 넉넉해요,적당해요,편리해요,Y
BP_013,"관절엔 아나파랙틴 1개월 (천심련추출물, 비타민K, 비타민D,안드로그라폴라이드)",https://smartstore.naver.com/main/products/11382925158,2025-03-24,5,잘 먹고 있습니다~ 효과 있었으면 좋겠네요^^,,아주 넉넉해요,꼼꼼해요,편리해요,Y
BP_013,"관절엔 아나파랙틴 1개월 (천심련추출물, 비타민K, 비타민D,안드로그라폴라이드)",https://smartstore.naver.com/main/products/11382925158,2025-03-22,5,"포장상태, 배송 모두 만족합니다.",,아주 넉넉해요,꼼꼼해요,편리해요,Y
BP_013,"관절엔 아나파랙틴 1개월 (천심련추출물, 비타민K, 비타민D,안드로그라폴라이드)",https://smartstore.naver.com/main/products/11382925158,2025-03-07,5,관절에 좋다고해서 먹어보려고요!,,아주 넉넉해요,적당해요,그냥그래요,Y
BP_013,"관절엔 아나파랙틴 1개월 (천심련추출물, 비타민K, 비타민D,안드로그라폴라이드)",https://smartstore.naver.com/main/products/11382925158,2025-02-27,5,한달사용엄마가 한달치 더 사달래요ㅋㅋ,여성,아주 넉넉해요,꼼꼼해요,편리해요,Y
BP_013,"관절엔 아나파랙틴 1개월 (천심련추출물, 비타민K, 비타민D,안드로그라폴라이드)",https://smartstore.naver.com/main/products/11382925158,2025-02-23,4,네!!다른것과 함께 관절약으로 먹었는데 아직은 효과가 부족합니다,여성,꽤 남았어요,꼼꼼해요,편리해요,Y
BP_013,"관절엔 아나파랙틴 1개월 (천심련추출물, 비타민K, 비타민D,안드로그라폴라이드)",https://smartstore.naver.com/main/products/11382925158,2025-02-14,5,"무릎이 안 좋아서 구입했어요.
꾸준히 챙겨먹고 있습니다.",남성,아주 넉넉해요,꼼꼼해요,편리해요,Y
BP_013,"관절엔 아나파랙틴 1개월 (천심련추출물, 비타민K, 비타민D,안드로그라폴라이드)",https://smartstore.naver.com/main/products/11382925158,2025-02-10,5,"건강관심사 노화방지관절/뼈건강근육/체력
 천심련 좋다는 얘기를 많이 들었어요~ 관절엔 아나파랙틴이 괜찮은거 같아 골랐습니다~!",여성,아주 넉넉해요,꼼꼼해요,편리해요,Y
BP_013,"관절엔 아나파랙틴 1개월 (천심련추출물, 비타민K, 비타민D,안드로그라폴라이드)",https://smartstore.naver.com/main/products/11382925158,2025-02-06,5,"TV를 보다가 아나파랙틴이 좋다 라고 해서 바로 구입했어요. 관절이 안 좋다보니 별의별 관심이 가네요. 효과가 있기를 바래 봅니다. 
?
1",,아주 넉넉해요,꼼꼼해요,편리해요,Y
BP_013,"관절엔 아나파랙틴 1개월 (천심련추출물, 비타민K, 비타민D,안드로그라폴라이드)",https://smartstore.naver.com/main/products/11382925158,2025-02-05,5,요즘에 관절이 전보다 더 아픈것 같아서 찾아보다가 관절엔아나파랙틴으로 선택했네요 계속 복용할께요 +1,남성,아주 넉넉해요,꼼꼼해요,편리해요,Y
BP_013,"관절엔 아나파랙틴 1개월 (천심련추출물, 비타민K, 비타민D,안드로그라폴라이드)",https://smartstore.naver.com/main/products/11382925158,2025-02-04,5,관절 건강을 위한 선택입니다. +1,,아주 넉넉해요,꼼꼼해요,편리해요,Y
BP_013,"관절엔 아나파랙틴 1개월 (천심련추출물, 비타민K, 비타민D,안드로그라폴라이드)",https://smartstore.naver.com/main/products/11382925158,2025-02-03,5,좋은거 같아요 저도 괜찮은거 같고 남편도 허리 통증이 좀 덜한거 같다고 하네요 +1,,아주 넉넉해요,꼼꼼해요,편리해요,Y
BP_013,"관절엔 아나파랙틴 1개월 (천심련추출물, 비타민K, 비타민D,안드로그라폴라이드)",https://smartstore.naver.com/main/products/11382925158,2025-02-03,5,친정엄마가 먹던 관절약이 떨어져서 새로 구입해서 드렸어요 +1,여성,아주 넉넉해요,꼼꼼해요,편리해요,Y
BP_013,"관절엔 아나파랙틴 1개월 (천심련추출물, 비타민K, 비타민D,안드로그라폴라이드)",https://smartstore.naver.com/main/products/11382925158,2025-02-03,5,부모님 선물로 구매해본 관절엔 아나파랙틴 천심련추출물이 함유 되어 딱 칠순을 바라보는 어머니 무릎에 좋은거 같습니다!^^ 특히 리뉴얼 되어 또 구매 했네요!! 완전 강력 추천드립니다!^^,남성,아주 넉넉해요,꼼꼼해요,편리해요,Y
BP_013,"관절엔 아나파랙틴 1개월 (천심련추출물, 비타민K, 비타민D,안드로그라폴라이드)",https://smartstore.naver.com/main/products/11382925158,2025-02-02,5,천심련이 천연 진통제라고 하더라구요 제 통증도 말끔히 사라지면 좋겠어요 +1,,아주 넉넉해요,꼼꼼해요,편리해요,Y
BP_013,"관절엔 아나파랙틴 1개월 (천심련추출물, 비타민K, 비타민D,안드로그라폴라이드)",https://smartstore.naver.com/main/products/11382925158,2025-02-02,5,요즘 컨디션이 너무 별로라 사봤어요 효과가 있길 바랄께요,남성,아주 넉넉해요,꼼꼼해요,편리해요,Y
BP_013,"관절엔 아나파랙틴 1개월 (천심련추출물, 비타민K, 비타민D,안드로그라폴라이드)",https://smartstore.naver.com/main/products/11382925158,2025-02-01,3,염증에 좋다기에 구매했는데 효과가 있었으면 합니다,,아주 넉넉해요,적당해요,편리해요,Y
BP_013,"관절엔 아나파랙틴 1개월 (천심련추출물, 비타민K, 비타민D,안드로그라폴라이드)",https://smartstore.naver.com/main/products/11382925158,2025-02-01,5,"건강관심사 관절/뼈건강눈건강면역력
 효과가 좋다고 해서 믿고 사봤습니다. +1",여성,아주 넉넉해요,꼼꼼해요,편리해요,Y
BP_013,"관절엔 아나파랙틴 1개월 (천심련추출물, 비타민K, 비타민D,안드로그라폴라이드)",https://smartstore.naver.com/main/products/11382925158,2025-02-01,5,아빠가 다리가 아프다고 해서 샀어요 일단 산거 다 먹고 또 주문하고 리뷰할께요 +1,,아주 넉넉해요,꼼꼼해요,편리해요,Y
BP_013,"관절엔 아나파랙틴 1개월 (천심련추출물, 비타민K, 비타민D,안드로그라폴라이드)",https://smartstore.naver.com/main/products/11382925158,2025-02-01,5,"건강관심사 관절/뼈건강
 엄마 사줬는데 좋다고 합니다. +1",여성,아주 넉넉해요,꼼꼼해요,편리해요,Y
BP_013,"관절엔 아나파랙틴 1개월 (천심련추출물, 비타민K, 비타민D,안드로그라폴라이드)",https://smartstore.naver.com/main/products/11382925158,2025-02-01,5,"건강관심사 면역력피로회복여성건강
 잘 받았습니다 손가락 관절이 늘 말썽인데 좋아지면 좋겠습니다 +1",여성,아주 넉넉해요,꼼꼼해요,편리해요,Y
BP_013,"관절엔 아나파랙틴 1개월 (천심련추출물, 비타민K, 비타민D,안드로그라폴라이드)",https://smartstore.naver.com/main/products/11382925158,2025-01-31,5,기존 제품도 반년 넘게 먹고 있었어요 확실히 먹고 나서 전보다 무릎이 덜 아프고 전체적으로 움직임이 편해져서 믿고 계속 섭취합니다 +1,남성,아주 넉넉해요,꼼꼼해요,편리해요,Y
BP_013,"관절엔 아나파랙틴 1개월 (천심련추출물, 비타민K, 비타민D,안드로그라폴라이드)",https://smartstore.naver.com/main/products/11382925158,2025-01-31,5,"배송 잘 받았어요. 빨리 왔습니다. 
?
1",여성,아주 넉넉해요,꼼꼼해요,편리해요,Y
BP_013,"관절엔 아나파랙틴 1개월 (천심련추출물, 비타민K, 비타민D,안드로그라폴라이드)",https://smartstore.naver.com/main/products/11382925158,2025-01-31,5,홈쇼핑 보고 네이버에서 주문완료! +1,,아주 넉넉해요,꼼꼼해요,편리해요,Y
BP_013,"관절엔 아나파랙틴 1개월 (천심련추출물, 비타민K, 비타민D,안드로그라폴라이드)",https://smartstore.naver.com/main/products/11382925158,2025-01-29,5,tv에서 보고 궁금했던 천심련 이렇게 먹어봅니다,남성,아주 넉넉해요,꼼꼼해요,편리해요,Y
BP_013,"관절엔 아나파랙틴 1개월 (천심련추출물, 비타민K, 비타민D,안드로그라폴라이드)",https://smartstore.naver.com/main/products/11382925158,2025-01-28,5,우리 가족 영양제는 다 여기서 사요 유산균부터 시작해서 관절영양제랑 비타민까지 다 삽니다,,아주 넉넉해요,꼼꼼해요,편리해요,Y
BP_013,"관절엔 아나파랙틴 1개월 (천심련추출물, 비타민K, 비타민D,안드로그라폴라이드)",https://smartstore.naver.com/main/products/11382925158,2025-01-27,5,완전 빠른 배송! 바로 먹어봤는데 기분탓인지 몰라도 뭔가 좋습니다,여성,아주 넉넉해요,꼼꼼해요,편리해요,Y
BP_013,"관절엔 아나파랙틴 1개월 (천심련추출물, 비타민K, 비타민D,안드로그라폴라이드)",https://smartstore.naver.com/main/products/11382925158,2025-01-27,5,원래 콘드로이친 먹다가 홈쇼핑 보고 사봤어요 일단 혹시 몰라서 하나만 사봤는데 한달동안 먹고 만족스러우면 또 사봐야지요 +1,여성,아주 넉넉해요,꼼꼼해요,편리해요,Y
BP_013,"관절엔 아나파랙틴 1개월 (천심련추출물, 비타민K, 비타민D,안드로그라폴라이드)",https://smartstore.naver.com/main/products/11382925158,2025-01-27,5,파랙틴이 식약처에서 인정한거라고 하니 좋을거 같아요 잘 먹어볼께요,,아주 넉넉해요,꼼꼼해요,편리해요,Y
BP_013,"관절엔 아나파랙틴 1개월 (천심련추출물, 비타민K, 비타민D,안드로그라폴라이드)",https://smartstore.naver.com/main/products/11382925158,2025-01-27,5,알약 사이즈가 작아서 좋아요 너무 큰건 잘 못먹겠더라구요,여성,아주 넉넉해요,꼼꼼해요,편리해요,Y
BP_013,"관절엔 아나파랙틴 1개월 (천심련추출물, 비타민K, 비타민D,안드로그라폴라이드)",https://smartstore.naver.com/main/products/11382925158,2025-01-27,5,배송 아주 빠르게 왔습니다,여성,아주 넉넉해요,꼼꼼해요,편리해요,Y
BP_013,"관절엔 아나파랙틴 1개월 (천심련추출물, 비타민K, 비타민D,안드로그라폴라이드)",https://smartstore.naver.com/main/products/11382925158,2025-01-27,5,원래 먹던 사람이에요 리뉴얼 됐다길래 샀어요,,아주 넉넉해요,꼼꼼해요,편리해요,Y
BP_013,"관절엔 아나파랙틴 1개월 (천심련추출물, 비타민K, 비타민D,안드로그라폴라이드)",https://smartstore.naver.com/main/products/11382925158,2025-01-27,5,티비에서 천심련이 염증이 좋다고 하길래 주문하였어요 배송 빠르게 잘 왔어요,,아주 넉넉해요,꼼꼼해요,편리해요,Y
BP_013,"관절엔 아나파랙틴 1개월 (천심련추출물, 비타민K, 비타민D,안드로그라폴라이드)",https://smartstore.naver.com/main/products/11382925158,2025-01-26,5,"전보다 더 좋아진 느낌이네여..
항상 잘 먹고 있습니다..",,아주 넉넉해요,꼼꼼해요,편리해요,Y
BP_013,"관절엔 아나파랙틴 1개월 (천심련추출물, 비타민K, 비타민D,안드로그라폴라이드)",https://smartstore.naver.com/main/products/11382925158,2025-01-26,5,쓴맛도 없고 속쓰림도 없고 괜찮은것 같네요 +2,,아주 넉넉해요,꼼꼼해요,편리해요,Y
BP_013,"관절엔 아나파랙틴 1개월 (천심련추출물, 비타민K, 비타민D,안드로그라폴라이드)",https://smartstore.naver.com/main/products/11382925158,2025-01-26,5,비에날씬 진짜 오래 먹고 있음 이제 아나파랙틴도 함께 하겠음 +1,여성,아주 넉넉해요,꼼꼼해요,편리해요,Y
BP_013,"관절엔 아나파랙틴 1개월 (천심련추출물, 비타민K, 비타민D,안드로그라폴라이드)",https://smartstore.naver.com/main/products/11382925158,2025-01-26,5,늘 잘먹고 있습니다 뭔가 더 좋게 바뀐거 같아서 마음에 드네요,남성,아주 넉넉해요,꼼꼼해요,편리해요,Y
BP_013,"관절엔 아나파랙틴 1개월 (천심련추출물, 비타민K, 비타민D,안드로그라폴라이드)",https://smartstore.naver.com/main/products/11382925158,2025-01-26,5,지인이 이거 계속 먹고 있다고 하길래 저도 한번 사봤습니다,,아주 넉넉해요,꼼꼼해요,편리해요,Y
BP_013,"관절엔 아나파랙틴 1개월 (천심련추출물, 비타민K, 비타민D,안드로그라폴라이드)",https://smartstore.naver.com/main/products/11382925158,2025-01-25,5,"건강관심사 관절/뼈건강
 부모님이 천심련이 잘 맞는다고 해서 샀습니다. 잘 산거 같아요. +1",여성,아주 넉넉해요,꼼꼼해요,편리해요,Y
BP_013,"관절엔 아나파랙틴 1개월 (천심련추출물, 비타민K, 비타민D,안드로그라폴라이드)",https://smartstore.naver.com/main/products/11382925158,2025-01-25,5,비타민d랑 k가 뼈를 튼튼하게 해준다고 하니 우리 가족 다 같이 먹을예정,여성,아주 넉넉해요,꼼꼼해요,편리해요,Y
BP_013,"관절엔 아나파랙틴 1개월 (천심련추출물, 비타민K, 비타민D,안드로그라폴라이드)",https://smartstore.naver.com/main/products/11382925158,2025-01-25,5,무릎 통증이 심해지는거 같아서 한번 사봤음 성분은 좋은거 같고 통증 줄어들면 좋겠음,여성,아주 넉넉해요,꼼꼼해요,편리해요,Y
BP_013,"관절엔 아나파랙틴 1개월 (천심련추출물, 비타민K, 비타민D,안드로그라폴라이드)",https://smartstore.naver.com/main/products/11382925158,2025-01-25,5,콘드로이친 먹다가 별 도움이 안되는것 같아서 바꿔봤어요 천심련은 좋겠죠,,아주 넉넉해요,꼼꼼해요,편리해요,Y
BP_013,"관절엔 아나파랙틴 1개월 (천심련추출물, 비타민K, 비타민D,안드로그라폴라이드)",https://smartstore.naver.com/main/products/11382925158,2025-01-25,5,여기저기 아픈데가 많아져서 관리해야할것 같아서 구입함요 +1,,아주 넉넉해요,꼼꼼해요,편리해요,Y
BP_013,"관절엔 아나파랙틴 1개월 (천심련추출물, 비타민K, 비타민D,안드로그라폴라이드)",https://smartstore.naver.com/main/products/11382925158,2025-01-25,5,"식약처 인증 제품이라서 믿고 먹습니다 
?
1",남성,아주 넉넉해요,꼼꼼해요,편리해요,Y
BP_013,"관절엔 아나파랙틴 1개월 (천심련추출물, 비타민K, 비타민D,안드로그라폴라이드)",https://smartstore.naver.com/main/products/11382925158,2025-01-25,5,이제 관절영양제를 필수로 챙겨야하는 나이라 매일 먹을 예정이에요,,아주 넉넉해요,꼼꼼해요,편리해요,Y
BP_013,"관절엔 아나파랙틴 1개월 (천심련추출물, 비타민K, 비타민D,안드로그라폴라이드)",https://smartstore.naver.com/main/products/11382925158,2025-01-24,5,원래 먹던 사람인데 딱 타이밍 맞춰서 리뉴얼 됐길래 샀습니다 항상 좋아요,남성,아주 넉넉해요,꼼꼼해요,편리해요,Y
BP_013,"관절엔 아나파랙틴 1개월 (천심련추출물, 비타민K, 비타민D,안드로그라폴라이드)",https://smartstore.naver.com/main/products/11382925158,2025-01-24,5,공복에 먹어도 속이 쓰리거나 울렁거리지 않아 좋네요,,꽤 남았어요,적당해요,그냥그래요,Y
BP_013,"관절엔 아나파랙틴 1개월 (천심련추출물, 비타민K, 비타민D,안드로그라폴라이드)",https://smartstore.naver.com/main/products/11382925158,2025-01-24,5,관절엔 아나파랙틴 사면서 밤도 같이 샀어요 밤까지 바르면 효과 더 좋겠죠?,,아주 넉넉해요,꼼꼼해요,편리해요,Y
BP_013,"관절엔 아나파랙틴 1개월 (천심련추출물, 비타민K, 비타민D,안드로그라폴라이드)",https://smartstore.naver.com/main/products/11382925158,2025-01-24,5,"건강관심사 관절/뼈건강근육/체력면역력
 리뉴얼됐다고 하니까 더 좋은거겠죠?ㅎㅎ 먹고 좋으면 주변에 추천할께요 ㅎㅎ",여성,아주 넉넉해요,꼼꼼해요,편리해요,Y
BP_013,"관절엔 아나파랙틴 1개월 (천심련추출물, 비타민K, 비타민D,안드로그라폴라이드)",https://smartstore.naver.com/main/products/11382925158,2025-01-24,5,관절에 천심련이 좋다고 하더라구요 잘먹을게요,,아주 넉넉해요,꼼꼼해요,편리해요,Y
BP_013,"관절엔 아나파랙틴 1개월 (천심련추출물, 비타민K, 비타민D,안드로그라폴라이드)",https://smartstore.naver.com/main/products/11382925158,2025-01-24,5,주문하고 바로 다음날 도착했어요 감사합니다,남성,아주 넉넉해요,꼼꼼해요,편리해요,Y
BP_013,"관절엔 아나파랙틴 1개월 (천심련추출물, 비타민K, 비타민D,안드로그라폴라이드)",https://smartstore.naver.com/main/products/11382925158,2025-01-24,5,"건강관심사 관절/뼈건강면역력근육/체력
 성분이 좋은거 같아서 구입했는데 아직 한번밖에 안 먹어봐서 모르겠지만 매일 챙겨 먹어보겠습니다",남성,아주 넉넉해요,꼼꼼해요,편리해요,Y
BP_013,"관절엔 아나파랙틴 1개월 (천심련추출물, 비타민K, 비타민D,안드로그라폴라이드)",https://smartstore.naver.com/main/products/11382925158,2025-01-24,5,유산균먹고 바로 아나파랙틴도 먹고 요즘 영양제 잘 챙겨먹어요,여성,아주 넉넉해요,꼼꼼해요,편리해요,Y
BP_013,"관절엔 아나파랙틴 1개월 (천심련추출물, 비타민K, 비타민D,안드로그라폴라이드)",https://smartstore.naver.com/main/products/11382925158,2025-01-24,4,부원료에 좋은게 많이 들어있어서 더 마음에 들어요,,아주 넉넉해요,꼼꼼해요,편리해요,Y
BP_013,"관절엔 아나파랙틴 1개월 (천심련추출물, 비타민K, 비타민D,안드로그라폴라이드)",https://smartstore.naver.com/main/products/11382925158,2025-01-24,5,홈쇼핑 방송 보다가 놓쳤는데 찾아서 구매했어요,여성,아주 넉넉해요,꼼꼼해요,편리해요,Y
