﻿상품코드,상품명,URL,날짜,별점,리뷰텍스트,구매자 성별,유통기한,포장,편리,판매여부
BP_035,"에이스바이옴 멀티비타민 2box, 4개월분",https://smartstore.naver.com/main/products/10769635170,2025-08-04,5,"건강관심사 장건강
 재구매꾸준히 먹고 있습니다...",남성,아주 넉넉해요,꼼꼼해요,편리해요,Y
BP_035,"에이스바이옴 멀티비타민 2box, 4개월분",https://smartstore.naver.com/main/products/10769635170,2025-06-13,5,"건강관심사 장건강
 꾸준히 먹고 있습니다..",남성,아주 넉넉해요,꼼꼼해요,편리해요,Y
BP_035,"에이스바이옴 멀티비타민 2box, 4개월분",https://smartstore.naver.com/main/products/10769635170,2025-04-29,5,한달사용열심히 잘챙겨먹고 있습니다.,,아주 넉넉해요,꼼꼼해요,편리해요,Y
BP_035,"에이스바이옴 멀티비타민 2box, 4개월분",https://smartstore.naver.com/main/products/10769635170,2025-04-12,5,유산균이 맘에 들어서 비타민까지 구매해보았는데 만족합니다 ㅎㅎ,,아주 넉넉해요,꼼꼼해요,편리해요,Y
BP_035,"에이스바이옴 멀티비타민 2box, 4개월분",https://smartstore.naver.com/main/products/10769635170,2025-03-30,5,"재구매먹어보니 좋아서 아들도 먹으라고 권했어요~
우리가족 모두의 건강ㄹ 지켜주는 비타민입니다",여성,아주 넉넉해요,꼼꼼해요,편리해요,Y
BP_035,"에이스바이옴 멀티비타민 2box, 4개월분",https://smartstore.naver.com/main/products/10769635170,2025-03-30,5,배송도 빠르고 포장상태도 좋아요.,,아주 넉넉해요,꼼꼼해요,편리해요,Y
BP_035,"에이스바이옴 멀티비타민 2box, 4개월분",https://smartstore.naver.com/main/products/10769635170,2025-03-28,5,사이즈 좋아요.먹기편리,,아주 넉넉해요,꼼꼼해요,편리해요,Y
BP_035,"에이스바이옴 멀티비타민 2box, 4개월분",https://smartstore.naver.com/main/products/10769635170,2025-03-27,5,"빠르게 배송 잘받았습니다
유산균과 함께 구매했어요
꾸준히 먹어보겠습니다",,아주 넉넉해요,꼼꼼해요,편리해요,Y
BP_035,"에이스바이옴 멀티비타민 2box, 4개월분",https://smartstore.naver.com/main/products/10769635170,2025-03-15,5,각종 비타민을 한번에 섭취 할수있어서 구매했어요 유통기한도 길고 좋네요,,아주 넉넉해요,꼼꼼해요,편리해요,Y
BP_035,"에이스바이옴 멀티비타민 2box, 4개월분",https://smartstore.naver.com/main/products/10769635170,2025-03-08,5,마침 비티민c먹고 있던게 떨어져서 종합비타민 새로 알아보고 있었는데 라이브 방송 중 보고 구매하게 되었습니다. 표시된 함유랑 말고 원재료 좋은 걸 썻길 바라며 잘 먹어보고 한달 후기때 다시 남기도록 하겠습니다.,남성,꽤 남았어요,꼼꼼해요,편리해요,Y
BP_035,"에이스바이옴 멀티비타민 2box, 4개월분",https://smartstore.naver.com/main/products/10769635170,2025-03-08,5,멀티비타민은 하나씩,,꽤 남았어요,적당해요,그냥그래요,Y
BP_035,"에이스바이옴 멀티비타민 2box, 4개월분",https://smartstore.naver.com/main/products/10769635170,2025-03-07,5,챙기고 싶던 성분들이 다 들어있는 종합적인 종합비타민인데 가격도 저렴해서 믿고 구매했습니다.,,아주 넉넉해요,꼼꼼해요,편리해요,Y
BP_035,"에이스바이옴 멀티비타민 2box, 4개월분",https://smartstore.naver.com/main/products/10769635170,2025-02-04,5,저는 아이들 먹이려구 구매했어여..$아이들한테는 좀 커서 목넘김이 힘들지만 구매했으니 먹어보려구여,,아주 넉넉해요,꼼꼼해요,그냥그래요,Y
BP_035,"에이스바이옴 멀티비타민 2box, 4개월분",https://smartstore.naver.com/main/products/10769635170,2024-11-20,5,"저번에먹고 좋아가지고
다른상품먹다가 다시먹어보려고주문했어요",,아주 넉넉해요,꼼꼼해요,편리해요,Y
