﻿상품코드,상품명,URL,날짜,별점,리뷰텍스트,구매자 성별,유통기한,포장,편리,판매여부
BP_037,BNR17 다이어트 유산균 비에날씬 프로틴 6box (6박스X5팩),https://smartstore.naver.com/main/products/5947453811,2025-10-03,5,간편하고 먹을수 있어 좋고 맛도 좋아요,남성,아주 넉넉해요,꼼꼼해요,편리해요,Y
BP_037,BNR17 다이어트 유산균 비에날씬 프로틴 6box (6박스X5팩),https://smartstore.naver.com/main/products/5947453811,2025-09-28,5,남동생아..니꺼다.....,,꽤 남았어요,적당해요,편리해요,Y
BP_037,BNR17 다이어트 유산균 비에날씬 프로틴 6box (6박스X5팩),https://smartstore.naver.com/main/products/5947453811,2025-09-26,5,한달사용아침대용으로 잘 먹고 있습니다,,아주 넉넉해요,꼼꼼해요,편리해요,Y
BP_037,BNR17 다이어트 유산균 비에날씬 프로틴 6box (6박스X5팩),https://smartstore.naver.com/main/products/5947453811,2025-09-21,5,"매일 잘 먹고 있어요
화장실도 잘가고 단백질은 물론이고
건강유지에 도움이 많이됩니다",,꽤 남았어요,적당해요,편리해요,Y
BP_037,BNR17 다이어트 유산균 비에날씬 프로틴 6box (6박스X5팩),https://smartstore.naver.com/main/products/5947453811,2025-09-20,5,한달사용편리하게 먹을 수 있고 간편해서 좋았습니다,여성,꽤 남았어요,적당해요,편리해요,Y
BP_037,BNR17 다이어트 유산균 비에날씬 프로틴 6box (6박스X5팩),https://smartstore.naver.com/main/products/5947453811,2025-09-19,5,다이어트에 효과만점!! 추천,,꽤 남았어요,적당해요,그냥그래요,Y
BP_037,BNR17 다이어트 유산균 비에날씬 프로틴 6box (6박스X5팩),https://smartstore.naver.com/main/products/5947453811,2025-09-16,5,추천받아서 샀습니다 먹어봐야 알겠죠,남성,아주 넉넉해요,꼼꼼해요,편리해요,Y
BP_037,BNR17 다이어트 유산균 비에날씬 프로틴 6box (6박스X5팩),https://smartstore.naver.com/main/products/5947453811,2025-09-08,5,"건강관심사 면역력장건강
 이른시각에 배송빨리와서 잘먹었네요ㆍ다음에도 재구매할께요ㆍ",여성,아주 넉넉해요,꼼꼼해요,편리해요,Y
BP_037,BNR17 다이어트 유산균 비에날씬 프로틴 6box (6박스X5팩),https://smartstore.naver.com/main/products/5947453811,2025-09-06,5,재구매한달사용항상 잘 먹고 있습니다,,아주 넉넉해요,꼼꼼해요,편리해요,Y
BP_037,BNR17 다이어트 유산균 비에날씬 프로틴 6box (6박스X5팩),https://smartstore.naver.com/main/products/5947453811,2025-09-03,5,속이편하고 화장실이 규칙적으로 변했어요 단백질보충도 되고해서 운동후 먹고있습니다,여성,꽤 남았어요,적당해요,편리해요,Y
BP_037,BNR17 다이어트 유산균 비에날씬 프로틴 6box (6박스X5팩),https://smartstore.naver.com/main/products/5947453811,2025-08-27,4,"저는 우유랑같이 섞오마실수없는데
물이렁 먹어도 맛이없아 않더라구요
생각보다 먹을만했고 든든했어염",,아주 넉넉해요,꼼꼼해요,편리해요,Y
BP_037,BNR17 다이어트 유산균 비에날씬 프로틴 6box (6박스X5팩),https://smartstore.naver.com/main/products/5947453811,2025-08-25,5,"건강관심사 면역력장건강
 한달사용다이어트로 건강식으로 넘잘먹고있어요ㆍ",여성,아주 넉넉해요,꼼꼼해요,편리해요,Y
BP_037,BNR17 다이어트 유산균 비에날씬 프로틴 6box (6박스X5팩),https://smartstore.naver.com/main/products/5947453811,2025-08-21,5,먹기 너무 좋아서 저희 할머니가 좋아해요 든든하데요,,아주 넉넉해요,꼼꼼해요,편리해요,Y
BP_037,BNR17 다이어트 유산균 비에날씬 프로틴 6box (6박스X5팩),https://smartstore.naver.com/main/products/5947453811,2025-08-21,4,꾸준히 먹어보려고 많이 주문했어요,,꽤 남았어요,적당해요,편리해요,Y
BP_037,BNR17 다이어트 유산균 비에날씬 프로틴 6box (6박스X5팩),https://smartstore.naver.com/main/products/5947453811,2025-07-31,5,먹기도 편하고 휴대하기도 편해서 가지고 다니다가 언제 어디서나 먹을수 있어 좋습니다 그리고 먹으면 화장실도 편하게 갈 수 있어 정말 좋습니다,여성,아주 넉넉해요,꼼꼼해요,편리해요,Y
BP_037,BNR17 다이어트 유산균 비에날씬 프로틴 6box (6박스X5팩),https://smartstore.naver.com/main/products/5947453811,2025-07-30,5,재구매항상 구비해두고 먹고 있어요,,아주 넉넉해요,꼼꼼해요,편리해요,Y
BP_037,BNR17 다이어트 유산균 비에날씬 프로틴 6box (6박스X5팩),https://smartstore.naver.com/main/products/5947453811,2025-07-29,5,한달사용잘 먹고 있습니다 효과는 아직 모르겠네요,남성,아주 넉넉해요,꼼꼼해요,편리해요,Y
BP_037,BNR17 다이어트 유산균 비에날씬 프로틴 6box (6박스X5팩),https://smartstore.naver.com/main/products/5947453811,2025-07-26,4,"건강관심사 면역력장건강
 다이어트로 오랫만에 세일해서 구매했어요ㆍ이더운날 아이스박스로 보내준다 했는데요ㆍ 그냥 박스포장으로와서 유산균 걱정됩니다!",여성,아주 넉넉해요,적당해요,편리해요,Y
BP_037,BNR17 다이어트 유산균 비에날씬 프로틴 6box (6박스X5팩),https://smartstore.naver.com/main/products/5947453811,2025-06-30,5,"항상 배송도 빠르고, 잘 먹고있습니다",,아주 넉넉해요,꼼꼼해요,편리해요,Y
BP_037,BNR17 다이어트 유산균 비에날씬 프로틴 6box (6박스X5팩),https://smartstore.naver.com/main/products/5947453811,2025-06-28,5,한끼식사대용으로 너무 좋아요..다만 잘녹지 않아요..,여성,꽤 남았어요,꼼꼼해요,그냥그래요,Y
BP_037,BNR17 다이어트 유산균 비에날씬 프로틴 6box (6박스X5팩),https://smartstore.naver.com/main/products/5947453811,2025-06-26,5,빠른배송 감사합니다,남성,아주 넉넉해요,꼼꼼해요,편리해요,Y
BP_037,BNR17 다이어트 유산균 비에날씬 프로틴 6box (6박스X5팩),https://smartstore.naver.com/main/products/5947453811,2025-06-17,5,잘 받았습니다 잘 먹고 다이어트 할께요,,꽤 남았어요,적당해요,그냥그래요,Y
BP_037,BNR17 다이어트 유산균 비에날씬 프로틴 6box (6박스X5팩),https://smartstore.naver.com/main/products/5947453811,2025-05-22,5,한달사용다이어트로 저녁대용으로 먹고있은데 확실히 살이 빠지큰거같아서 두달째 먹고있어요~ 다른단백질보다 효과좋은거같아서 라방할때 저렴하 구매했어요~ 다먹고 또주문할게요~,여성,아주 넉넉해요,꼼꼼해요,편리해요,Y
BP_037,BNR17 다이어트 유산균 비에날씬 프로틴 6box (6박스X5팩),https://smartstore.naver.com/main/products/5947453811,2025-05-21,5,한달사용꼭 챙겨먹는데 좋아요~~,,아주 넉넉해요,꼼꼼해요,편리해요,Y
BP_037,BNR17 다이어트 유산균 비에날씬 프로틴 6box (6박스X5팩),https://smartstore.naver.com/main/products/5947453811,2025-05-18,5,한달사용좋아요좋아요좋아요~,,아주 넉넉해요,꼼꼼해요,편리해요,Y
BP_037,BNR17 다이어트 유산균 비에날씬 프로틴 6box (6박스X5팩),https://smartstore.naver.com/main/products/5947453811,2025-05-17,5,"유산균으로 구매를 하려다가 프로틴으로 구매를 했습니다. 중간중간에 간식을 먹어야 하는 타임이 있다보니 시간도 잘안맞고 하서 프로틴으로 구매하봅니다. 가지고 다니기에는 편할것같아요.
생수만 있으면 부어서 흔들어서 마시면 되니. 근데 잘안풀려요.
많이 흔들고 마신후에 생수 조금더 넣어서 다시한번 흔들어서 마셨습니다. 가격은 좀 만만치가 않네요.
한달분 구매를 했는데 꾸준히 먹어보려고 합니다. 더보기",여성,아주 넉넉해요,꼼꼼해요,편리해요,Y
BP_037,BNR17 다이어트 유산균 비에날씬 프로틴 6box (6박스X5팩),https://smartstore.naver.com/main/products/5947453811,2025-04-26,5,한달사용거구유으루틍 응 륭 랄,,꽤 남았어요,적당해요,그냥그래요,Y
BP_037,BNR17 다이어트 유산균 비에날씬 프로틴 6box (6박스X5팩),https://smartstore.naver.com/main/products/5947453811,2025-04-24,5,빠른배송에 착한가격입니다 기대가 되네요.,남성,아주 넉넉해요,꼼꼼해요,편리해요,Y
BP_037,BNR17 다이어트 유산균 비에날씬 프로틴 6box (6박스X5팩),https://smartstore.naver.com/main/products/5947453811,2025-04-19,5,엄마가 이거먹고 뱃살 빠지셨다고 선물해주셨어요 ㅎㅎ 마시면 포만감 있고 다음날 화장실 진짜 잘가요! 꾸준히 먹어보려구요 ㅎㅎ,,꽤 남았어요,적당해요,그냥그래요,Y
BP_037,BNR17 다이어트 유산균 비에날씬 프로틴 6box (6박스X5팩),https://smartstore.naver.com/main/products/5947453811,2025-04-17,5,배송빠르고 좋아요 ~~,,아주 넉넉해요,꼼꼼해요,편리해요,Y
BP_037,BNR17 다이어트 유산균 비에날씬 프로틴 6box (6박스X5팩),https://smartstore.naver.com/main/products/5947453811,2025-04-17,5,좋아요좋아요좋아요~,,아주 넉넉해요,꼼꼼해요,편리해요,Y
BP_037,BNR17 다이어트 유산균 비에날씬 프로틴 6box (6박스X5팩),https://smartstore.naver.com/main/products/5947453811,2025-04-16,4,"예전에 우연히 먹어보고 너무 단백질 쉐이크치고 너무 맛있어서 이번에 다이어트 겸 가격이 너무 사악하지만 질렀어요. 근데 주문하고 배송 받고보니 캡이 없는 건 용량도 똑같고 성분도 똑같은것 같은데 할인을 많이 해서 그런지 가격차이가 엄청 많이 나네요…. 제대로 보지 않고 구매한 제 잘못도 있지만 캡이 있고 없고 차이로 가격차이가 너무 심한것 같습니다… 
?
2",,꽤 남았어요,꼼꼼해요,편리해요,Y
BP_037,BNR17 다이어트 유산균 비에날씬 프로틴 6box (6박스X5팩),https://smartstore.naver.com/main/products/5947453811,2025-04-15,5,한달사용체중도 약간 줄일 수 있었고 조금은 더 튼튼해진 느낌입니다. 더 먹어보겠습니다.,,아주 넉넉해요,꼼꼼해요,편리해요,Y
BP_037,BNR17 다이어트 유산균 비에날씬 프로틴 6box (6박스X5팩),https://smartstore.naver.com/main/products/5947453811,2025-04-09,1,"구매자선택안함
 재구매비에날 프로틴 샀어요 퍽퍽해용",,임박상품이에요,별로예요,불편해요,Y
BP_037,BNR17 다이어트 유산균 비에날씬 프로틴 6box (6박스X5팩),https://smartstore.naver.com/main/products/5947453811,2025-04-01,5,한달사용여러가지 쉐이크 먹어봤지만 맛도좋고 개별 파우치라 두유섞어 가지고 다니기도 좋고 포만감도 제일 좋아요 1일 4회 쉐이크만 먹는 크렌즈도 어렵지않게 잘했습니다,,아주 넉넉해요,꼼꼼해요,편리해요,Y
BP_037,BNR17 다이어트 유산균 비에날씬 프로틴 6box (6박스X5팩),https://smartstore.naver.com/main/products/5947453811,2025-03-28,4,한달사용먹으면서 장은 편한 느낌입니다만 가루가 다 잘 풀리지는 않아서 먹는 방법을 다른 걸로 이어서 먹고 있어요.,,꽤 남았어요,적당해요,편리해요,Y
BP_037,BNR17 다이어트 유산균 비에날씬 프로틴 6box (6박스X5팩),https://smartstore.naver.com/main/products/5947453811,2025-03-19,5,"두번째 구입입니다.
스위치온 다이어트 중이라 쉐이크를 더 구입했어요.
다른 쉐이크들도 구입했는데...요샌 다들 맛이 진짜 좋더라고요~그런데 단백질량이며 영양성분이 비엔에프가 젤 좋은거 같아요. 전 물양도 듬뿍해서 마셔서 이거 하나 마심 진짜 몇시간 든든해서 너무 좋아요~꾸준히 함 마셔볼 예정입니다. 그런데 프로틴도 좀 특가 세일하고 함 안되나요? 가격이 너무 사악해요...",여성,아주 넉넉해요,꼼꼼해요,편리해요,Y
BP_037,BNR17 다이어트 유산균 비에날씬 프로틴 6box (6박스X5팩),https://smartstore.naver.com/main/products/5947453811,2025-03-07,5,단백질쉐이크 중에서 만족도가 제일 좋아요 맛도좋고 배도 불러요,,꽤 남았어요,꼼꼼해요,편리해요,Y
BP_037,BNR17 다이어트 유산균 비에날씬 프로틴 6box (6박스X5팩),https://smartstore.naver.com/main/products/5947453811,2025-02-28,5,포만감도 있고 효과 좋아요,,아주 넉넉해요,꼼꼼해요,편리해요,Y
BP_037,BNR17 다이어트 유산균 비에날씬 프로틴 6box (6박스X5팩),https://smartstore.naver.com/main/products/5947453811,2025-02-27,5,재구매효과가 있었으면 하는 마음으로 구매해봤어요,,아주 넉넉해요,꼼꼼해요,편리해요,Y
BP_037,BNR17 다이어트 유산균 비에날씬 프로틴 6box (6박스X5팩),https://smartstore.naver.com/main/products/5947453811,2025-02-14,5,"건강관심사 노화방지면역력
 한달사용제품 맍늑합니다. 배송도 꼼꼼하고 빨라요.",여성,아주 넉넉해요,꼼꼼해요,편리해요,Y
BP_037,BNR17 다이어트 유산균 비에날씬 프로틴 6box (6박스X5팩),https://smartstore.naver.com/main/products/5947453811,2025-02-01,5,한달사용건강을 생각해서 꾸준히 먹고 있어요,,아주 넉넉해요,꼼꼼해요,편리해요,Y
BP_037,BNR17 다이어트 유산균 비에날씬 프로틴 6box (6박스X5팩),https://smartstore.naver.com/main/products/5947453811,2025-01-19,4,"건강관심사 장건강
 한달사용효과는 딱히 모르겠지만 좋아질거라는 기대로 잘 먹고 있어요.",여성,꽤 남았어요,꼼꼼해요,편리해요,Y
BP_037,BNR17 다이어트 유산균 비에날씬 프로틴 6box (6박스X5팩),https://smartstore.naver.com/main/products/5947453811,2025-01-14,5,"제품, 배송 만족합니다. 제품, 배송 만족합니다.",,아주 넉넉해요,꼼꼼해요,편리해요,Y
BP_037,BNR17 다이어트 유산균 비에날씬 프로틴 6box (6박스X5팩),https://smartstore.naver.com/main/products/5947453811,2025-01-12,4,빠른 배송이고 맛도괜찮은데 물에 잘 녹아들지는 않아서 가루가 붙어서 남아있네요. 두어번 더 물 부었어요. 비싼데 원하는만큼 잘 먹을수가 없네요 +1,여성,꽤 남았어요,적당해요,그냥그래요,Y
BP_037,BNR17 다이어트 유산균 비에날씬 프로틴 6box (6박스X5팩),https://smartstore.naver.com/main/products/5947453811,2025-01-07,5,맛도 좋고 편하네요,,아주 넉넉해요,적당해요,편리해요,Y
BP_037,BNR17 다이어트 유산균 비에날씬 프로틴 6box (6박스X5팩),https://smartstore.naver.com/main/products/5947453811,2024-12-31,5,"다이어트 해보려고요
꾸준히 먹으면 효과 나오겠지요",,아주 넉넉해요,꼼꼼해요,편리해요,Y
BP_037,BNR17 다이어트 유산균 비에날씬 프로틴 6box (6박스X5팩),https://smartstore.naver.com/main/products/5947453811,2024-11-11,5,"속도 편하고, 좋아요",,아주 넉넉해요,꼼꼼해요,편리해요,Y
BP_037,BNR17 다이어트 유산균 비에날씬 프로틴 6box (6박스X5팩),https://smartstore.naver.com/main/products/5947453811,2024-11-09,4,재구매빠른 배송좋구요 적당한 가격 좋습니다,,꽤 남았어요,적당해요,편리해요,Y
BP_037,BNR17 다이어트 유산균 비에날씬 프로틴 6box (6박스X5팩),https://smartstore.naver.com/main/products/5947453811,2024-11-04,5,한달사용잘 먹고 있어요. 먹기 간편하고 운동 전후에 먹으니 좋아요.,여성,아주 넉넉해요,꼼꼼해요,편리해요,Y
BP_037,BNR17 다이어트 유산균 비에날씬 프로틴 6box (6박스X5팩),https://smartstore.naver.com/main/products/5947453811,2024-10-20,4,남편이 화장실가기힘들다해서 먹고있는데 먹고나서는 속도 편하고 화장실도 편하다해서 18박스째 먹고 있는중,,꽤 남았어요,꼼꼼해요,편리해요,Y
BP_037,BNR17 다이어트 유산균 비에날씬 프로틴 6box (6박스X5팩),https://smartstore.naver.com/main/products/5947453811,2024-10-19,5,한달사용만족합니다좋아요ㅎㅎ,남성,아주 넉넉해요,꼼꼼해요,편리해요,Y
BP_037,BNR17 다이어트 유산균 비에날씬 프로틴 6box (6박스X5팩),https://smartstore.naver.com/main/products/5947453811,2024-10-07,5,한달사용효과가 있는듯 좋아요,,아주 넉넉해요,꼼꼼해요,편리해요,Y
BP_037,BNR17 다이어트 유산균 비에날씬 프로틴 6box (6박스X5팩),https://smartstore.naver.com/main/products/5947453811,2024-10-01,5,배송 빠르고 포장도 꼼꼼하게 왔어요. 박스가 너무 커서 놀랐어요. 제품 휴대해서 다니기 편해요.,여성,아주 넉넉해요,꼼꼼해요,편리해요,Y
BP_037,BNR17 다이어트 유산균 비에날씬 프로틴 6box (6박스X5팩),https://smartstore.naver.com/main/products/5947453811,2024-09-30,5,빠른배송 먹기쉬움 가지고 다니기 편함..안 먹어서 효과는 다음에,여성,아주 넉넉해요,꼼꼼해요,편리해요,Y
BP_037,BNR17 다이어트 유산균 비에날씬 프로틴 6box (6박스X5팩),https://smartstore.naver.com/main/products/5947453811,2024-09-26,5,요제품만 먹어요 굿굿,,아주 넉넉해요,꼼꼼해요,편리해요,Y
BP_037,BNR17 다이어트 유산균 비에날씬 프로틴 6box (6박스X5팩),https://smartstore.naver.com/main/products/5947453811,2024-09-15,5,재구매항상 잘 먹고 있습니다,남성,아주 넉넉해요,꼼꼼해요,편리해요,Y
BP_037,BNR17 다이어트 유산균 비에날씬 프로틴 6box (6박스X5팩),https://smartstore.naver.com/main/products/5947453811,2024-08-30,5,"한달사용비에날17 프로틴 꾸준히 복용중입니다.
맛도좋고 몸에도 좋아요 😀",여성,아주 넉넉해요,꼼꼼해요,편리해요,Y
BP_037,BNR17 다이어트 유산균 비에날씬 프로틴 6box (6박스X5팩),https://smartstore.naver.com/main/products/5947453811,2024-08-29,5,만족합니다 완전최고,남성,아주 넉넉해요,꼼꼼해요,편리해요,Y
BP_037,BNR17 다이어트 유산균 비에날씬 프로틴 6box (6박스X5팩),https://smartstore.naver.com/main/products/5947453811,2024-08-03,5,배송도 빠르고 포장도 굳굳,남성,꽤 남았어요,적당해요,그냥그래요,Y
BP_037,BNR17 다이어트 유산균 비에날씬 프로틴 6box (6박스X5팩),https://smartstore.naver.com/main/products/5947453811,2024-07-27,5,"비에날17,프로틴,함께 복용중입니다.
아주 맛있어요.
계속 주문하러올께요~
건강하세요 ~~~",여성,아주 넉넉해요,꼼꼼해요,편리해요,Y
BP_037,BNR17 다이어트 유산균 비에날씬 프로틴 6box (6박스X5팩),https://smartstore.naver.com/main/products/5947453811,2024-07-11,5,은은한 아몬드향? 고소한 맛이라 거부감도 없고 무엇보다 팩에 물만 넣어 흔들어주기만 하면 되니 휴대도 편리해요~,,꽤 남았어요,적당해요,편리해요,Y
BP_037,BNR17 다이어트 유산균 비에날씬 프로틴 6box (6박스X5팩),https://smartstore.naver.com/main/products/5947453811,2024-06-17,5,한달사용기다리는중~뱃살 빠지는날,여성,아주 넉넉해요,꼼꼼해요,편리해요,Y
BP_037,BNR17 다이어트 유산균 비에날씬 프로틴 6box (6박스X5팩),https://smartstore.naver.com/main/products/5947453811,2024-04-30,5,"간편하게 먹을수있어좋아요~
배송도 빠르고 맛도 고소하니 좋으네요~",여성,꽤 남았어요,적당해요,편리해요,Y
BP_037,BNR17 다이어트 유산균 비에날씬 프로틴 6box (6박스X5팩),https://smartstore.naver.com/main/products/5947453811,2024-04-29,5,재구매식사대용으로 먹고있는데 먹기편하고 맛도 괜찮아요~,여성,아주 넉넉해요,꼼꼼해요,편리해요,Y
BP_037,BNR17 다이어트 유산균 비에날씬 프로틴 6box (6박스X5팩),https://smartstore.naver.com/main/products/5947453811,2024-03-31,5,"먹기 편하고 먹고 허기지지
않아요 우유 넣어 먹었는데 맛있습니다",,아주 넉넉해요,꼼꼼해요,편리해요,Y
BP_037,BNR17 다이어트 유산균 비에날씬 프로틴 6box (6박스X5팩),https://smartstore.naver.com/main/products/5947453811,2024-03-23,5,한달사용항상 믿고 먹는 제품이예요,남성,아주 넉넉해요,꼼꼼해요,편리해요,Y
BP_037,BNR17 다이어트 유산균 비에날씬 프로틴 6box (6박스X5팩),https://smartstore.naver.com/main/products/5947453811,2023-12-28,5,어제 저녁에 주문했는데 오늘오후에 도착했어요ㅋ 식사대용으로 먹는데 먹기편하고 맛도 괜찮아요~,여성,아주 넉넉해요,꼼꼼해요,편리해요,Y
BP_037,BNR17 다이어트 유산균 비에날씬 프로틴 6box (6박스X5팩),https://smartstore.naver.com/main/products/5947453811,2023-12-01,5,계속해서 잘 먹고 있습니다 .,,아주 넉넉해요,꼼꼼해요,편리해요,Y
BP_037,BNR17 다이어트 유산균 비에날씬 프로틴 6box (6박스X5팩),https://smartstore.naver.com/main/products/5947453811,2023-11-17,4,빠른 배송좋구요 적당한 가격 좋습니다,,꽤 남았어요,적당해요,편리해요,Y
BP_037,BNR17 다이어트 유산균 비에날씬 프로틴 6box (6박스X5팩),https://smartstore.naver.com/main/products/5947453811,2023-10-29,5,냉장보관 안해도 되는 유산균 겸 프로틴이라 구매했는데 맛도 있어서 잘 먹을거 같습니다~,,아주 넉넉해요,꼼꼼해요,편리해요,Y
BP_037,BNR17 다이어트 유산균 비에날씬 프로틴 6box (6박스X5팩),https://smartstore.naver.com/main/products/5947453811,2023-10-06,5,한달사용우선 포만감이 커서 배가 안고프니 좋네요 추천합니다.,,아주 넉넉해요,꼼꼼해요,편리해요,Y
BP_037,BNR17 다이어트 유산균 비에날씬 프로틴 6box (6박스X5팩),https://smartstore.naver.com/main/products/5947453811,2023-09-09,3,한달사용제품은 좋은것 같은데 가격이 너무 부담되어 재구입은 안하려근요~,,꽤 남았어요,적당해요,그냥그래요,Y
BP_037,BNR17 다이어트 유산균 비에날씬 프로틴 6box (6박스X5팩),https://smartstore.naver.com/main/products/5947453811,2023-07-25,5,일단 맛있고....포만감 좋습니다~^^,,꽤 남았어요,꼼꼼해요,편리해요,Y
BP_037,BNR17 다이어트 유산균 비에날씬 프로틴 6box (6박스X5팩),https://smartstore.naver.com/main/products/5947453811,2023-06-22,5,먹기편해요. 화장실도잘가요. 살도잘빠져요. 벌써. 일년째. 먹고있어요. 친구에게도. 추천했어요.,,아주 넉넉해요,꼼꼼해요,편리해요,Y
BP_037,BNR17 다이어트 유산균 비에날씬 프로틴 6box (6박스X5팩),https://smartstore.naver.com/main/products/5947453811,2023-06-21,5,한달사용아침식사대용으로 먹고 있습니다 속이 든든하고 편안합니다 먹기 편하고 보관도 옹이합니다,,아주 넉넉해요,꼼꼼해요,편리해요,Y
BP_037,BNR17 다이어트 유산균 비에날씬 프로틴 6box (6박스X5팩),https://smartstore.naver.com/main/products/5947453811,2023-05-25,4,"구매자선택안함
 열흘동안 먹었는데 아직 효과는 보지 못했지만, 체지방을 줄여준다고해서 꾸준히 먹어보려고요. 금액이 비싸서 조금 부담이 되긴합니다ㅠㅠ 
?
1",,꽤 남았어요,적당해요,편리해요,Y
BP_037,BNR17 다이어트 유산균 비에날씬 프로틴 6box (6박스X5팩),https://smartstore.naver.com/main/products/5947453811,2023-05-15,5,"배송이 빠르네요
가루로 된 제품이라 아이스박스에 포장배달 될거라고는 생각 못했어요
아이스박스에 얼음이랑 포장되어 배달되었네요",,아주 넉넉해요,꼼꼼해요,편리해요,Y
BP_037,BNR17 다이어트 유산균 비에날씬 프로틴 6box (6박스X5팩),https://smartstore.naver.com/main/products/5947453811,2023-04-25,5,"한달사용단백질 냄새안나고, 미숫가루 먹는것같어요",,아주 넉넉해요,꼼꼼해요,편리해요,Y
BP_037,BNR17 다이어트 유산균 비에날씬 프로틴 6box (6박스X5팩),https://smartstore.naver.com/main/products/5947453811,2023-02-26,3,"비에날씬 유산균다이어트 6박스복용후
남편과 함께 복용해온 지난 2주간 후기.
처음엔 가스가 엄청나오고 배변시 냄새가 풀처럼 독소나오며가벼운듯하네요ㅡ그후로6일차부터는 몽글몽글변비똥 나오네요..힘주는데 오래걸리고ㅠㅠ",,아주 넉넉해요,꼼꼼해요,편리해요,Y
BP_037,BNR17 다이어트 유산균 비에날씬 프로틴 6box (6박스X5팩),https://smartstore.naver.com/main/products/5947453811,2023-01-13,3,빠른배송에만족합니다,,꽤 남았어요,적당해요,그냥그래요,Y
BP_037,BNR17 다이어트 유산균 비에날씬 프로틴 6box (6박스X5팩),https://smartstore.naver.com/main/products/5947453811,2022-12-30,1,"한달사용가격은 5개에 5만원인데 그냥 미숫가루예요. 시장에서 사면 이 상품 1개 정도 용량에 500원도 안 하는데. 대표적인 돈 ㅈ..ㄹ 과대광고 거품 가격 상품이네요. ?
2",,임박상품이에요,별로예요,불편해요,Y
BP_037,BNR17 다이어트 유산균 비에날씬 프로틴 6box (6박스X5팩),https://smartstore.naver.com/main/products/5947453811,2022-12-22,5,처음 구입해 본거라 ...느꺼 보고 또 올릴께요~^^,,아주 넉넉해요,꼼꼼해요,편리해요,Y
BP_037,BNR17 다이어트 유산균 비에날씬 프로틴 6box (6박스X5팩),https://smartstore.naver.com/main/products/5947453811,2022-12-21,5,"유산균이 냉장보관인건 처음 알았네요!ㅎㅎ
다이어트중이라 단백질 보충도 같이 될까 싶어서 두가지 사봤습니다.
가격만큼 효과 봤으면 좋겠어요!!",,아주 넉넉해요,꼼꼼해요,편리해요,Y
BP_037,BNR17 다이어트 유산균 비에날씬 프로틴 6box (6박스X5팩),https://smartstore.naver.com/main/products/5947453811,2022-12-05,3,유산균타로먹지않아서좋음,,꽤 남았어요,별로예요,그냥그래요,Y
BP_037,BNR17 다이어트 유산균 비에날씬 프로틴 6box (6박스X5팩),https://smartstore.naver.com/main/products/5947453811,2022-11-14,3,"상품이 배송돼서 올 때 얼음두머니를 넣어주는데 물이 다 질질 새서 와서 상품들이 다 젖어서 왔었어요. 고객센터 여자분들은 정말 너무 불친절함을 넘어서 여자들 4가지 없음의 끝판왕들을 보여줍니다. ?
1",,임박상품이에요,별로예요,그냥그래요,Y
BP_037,BNR17 다이어트 유산균 비에날씬 프로틴 6box (6박스X5팩),https://smartstore.naver.com/main/products/5947453811,2022-11-13,5,어무니가 좋아하셔서 시켜드렸습니다 만족해요,,아주 넉넉해요,꼼꼼해요,편리해요,Y
BP_037,BNR17 다이어트 유산균 비에날씬 프로틴 6box (6박스X5팩),https://smartstore.naver.com/main/products/5947453811,2022-11-08,5,한달사용좋아요 ~~~~~~~~~~,,아주 넉넉해요,꼼꼼해요,편리해요,Y
BP_037,BNR17 다이어트 유산균 비에날씬 프로틴 6box (6박스X5팩),https://smartstore.naver.com/main/products/5947453811,2022-11-05,5,먹어본 사람들의 평이 너무 좋길래 사봤는데 완전 기대됩니다 잘 맞으면 좋겠어요~,,아주 넉넉해요,꼼꼼해요,편리해요,Y
BP_037,BNR17 다이어트 유산균 비에날씬 프로틴 6box (6박스X5팩),https://smartstore.naver.com/main/products/5947453811,2022-10-26,5,건강한 삶을 위해 찾는건강식품으로 최고죠~,,꽤 남았어요,꼼꼼해요,편리해요,Y
BP_037,BNR17 다이어트 유산균 비에날씬 프로틴 6box (6박스X5팩),https://smartstore.naver.com/main/products/5947453811,2022-10-24,5,엄청 맛있어요 !! 가격은 식사한끼 정도로 생각합니다 ㅎㅎ,,아주 넉넉해요,꼼꼼해요,편리해요,Y
BP_037,BNR17 다이어트 유산균 비에날씬 프로틴 6box (6박스X5팩),https://smartstore.naver.com/main/products/5947453811,2022-10-21,4,기대중입니다기대기대,,꽤 남았어요,적당해요,그냥그래요,Y
BP_037,BNR17 다이어트 유산균 비에날씬 프로틴 6box (6박스X5팩),https://smartstore.naver.com/main/products/5947453811,2022-10-19,5,"한달사용하루를 시작하는 나의 루틴이 되었어요
이젠 하루도 먹지 않으면 안될꺼 같아요ㅜㅜ
전 고기나 회를 먹으면 바로 화장실을 가야한답니다.식구들이 비싼걸 먹으면 뭐하나 바로 싸버리니
영양가 없다는 말을 자주 들었거든요
그런데 한달이 조금 지났을까 식구들이랑 초밥을 먹었어요
그런데 웬일로 화장실을 가지않지 뭐예요^^~~
너무 신기하고 좋아서 그날 과식했지 뭐예요.
ㅎㅎㅎ 꾸준히 먹을께요~~ 더보기",,아주 넉넉해요,꼼꼼해요,편리해요,Y
BP_037,BNR17 다이어트 유산균 비에날씬 프로틴 6box (6박스X5팩),https://smartstore.naver.com/main/products/5947453811,2022-10-11,5,"좋아요 ~~~~~~~~~~~~ ?
1",,아주 넉넉해요,꼼꼼해요,편리해요,Y
BP_037,BNR17 다이어트 유산균 비에날씬 프로틴 6box (6박스X5팩),https://smartstore.naver.com/main/products/5947453811,2022-10-01,4,"한달사용엄마가 화장실도 잘못가시고, 살도찌신다고해서 주문해드렸어요.
가격이 비싸긴하지만 꾸준히 섭취해서 효과가 있으면 좋겠어요.",,꽤 남았어요,적당해요,그냥그래요,Y
BP_037,BNR17 다이어트 유산균 비에날씬 프로틴 6box (6박스X5팩),https://smartstore.naver.com/main/products/5947453811,2022-09-28,5,한달사용저렴하게 구성하여드리도록 하겠습니다,,아주 넉넉해요,꼼꼼해요,편리해요,Y
BP_037,BNR17 다이어트 유산균 비에날씬 프로틴 6box (6박스X5팩),https://smartstore.naver.com/main/products/5947453811,2022-09-24,5,"비싸긴한데 저녁대신 먹기 편하고 포만감도 이게 좋네요
가격만 좀 다운되면 좋겠어요",,아주 넉넉해요,꼼꼼해요,편리해요,Y
BP_037,BNR17 다이어트 유산균 비에날씬 프로틴 6box (6박스X5팩),https://smartstore.naver.com/main/products/5947453811,2022-09-17,5,재구매배송 빠르고 제품은 만족이에요..,,아주 넉넉해요,꼼꼼해요,편리해요,Y
BP_037,BNR17 다이어트 유산균 비에날씬 프로틴 6box (6박스X5팩),https://smartstore.naver.com/main/products/5947453811,2022-09-14,5,"이렇게 맛나도 되는건가요?^^~
금액만 착하면 계속 먹고 싶네요^^~~♡♡",,아주 넉넉해요,꼼꼼해요,편리해요,Y
BP_037,BNR17 다이어트 유산균 비에날씬 프로틴 6box (6박스X5팩),https://smartstore.naver.com/main/products/5947453811,2022-09-13,5,"운동하고 저녁 대신 먹으려고 샀는데
우유랑 타먹으면 꼬숩고 맛나용",,아주 넉넉해요,꼼꼼해요,편리해요,Y
BP_037,BNR17 다이어트 유산균 비에날씬 프로틴 6box (6박스X5팩),https://smartstore.naver.com/main/products/5947453811,2022-09-12,5,고소하고 먹기 좋은 맛이에요.,,꽤 남았어요,적당해요,편리해요,Y
BP_037,BNR17 다이어트 유산균 비에날씬 프로틴 6box (6박스X5팩),https://smartstore.naver.com/main/products/5947453811,2022-09-09,5,"고객서비스에 만족입니다^^
배송이 그렇게 늦지도 않았는데 커피 쿠폰까지 주시고..ㅎㅎㅎ 제품은 물론 만족입니다~~~^^",,아주 넉넉해요,꼼꼼해요,편리해요,Y
BP_037,BNR17 다이어트 유산균 비에날씬 프로틴 6box (6박스X5팩),https://smartstore.naver.com/main/products/5947453811,2022-08-29,5,맛이 좋았어요~강추 합니다,,꽤 남았어요,적당해요,그냥그래요,Y
BP_037,BNR17 다이어트 유산균 비에날씬 프로틴 6box (6박스X5팩),https://smartstore.naver.com/main/products/5947453811,2022-08-23,5,"다이어트유산균으로 주문했어요
살이잘빠지길..ㅜㅜ",,꽤 남았어요,꼼꼼해요,편리해요,Y
BP_037,BNR17 다이어트 유산균 비에날씬 프로틴 6box (6박스X5팩),https://smartstore.naver.com/main/products/5947453811,2022-08-21,5,재구매한달사용추천합니다 ㅎㅎ 추천합니다 ㅎㅎ,,아주 넉넉해요,꼼꼼해요,편리해요,Y
BP_037,BNR17 다이어트 유산균 비에날씬 프로틴 6box (6박스X5팩),https://smartstore.naver.com/main/products/5947453811,2022-07-19,5,재구매추천합니다 ㅎㅎ 추천합니다 ㅎㅎ 마실만해요,,아주 넉넉해요,꼼꼼해요,편리해요,Y
BP_037,BNR17 다이어트 유산균 비에날씬 프로틴 6box (6박스X5팩),https://smartstore.naver.com/main/products/5947453811,2022-07-05,5,"한달사용먹기에 좋아요
고소하고",,아주 넉넉해요,꼼꼼해요,편리해요,Y
BP_037,BNR17 다이어트 유산균 비에날씬 프로틴 6box (6박스X5팩),https://smartstore.naver.com/main/products/5947453811,2022-06-03,5,먹기 괜찮아용 추천합니다 ㅎㅎ,,아주 넉넉해요,꼼꼼해요,편리해요,Y
BP_037,BNR17 다이어트 유산균 비에날씬 프로틴 6box (6박스X5팩),https://smartstore.naver.com/main/products/5947453811,2022-05-31,5,한달사용다른 거랑은 비교불가,,꽤 남았어요,꼼꼼해요,편리해요,Y
BP_037,BNR17 다이어트 유산균 비에날씬 프로틴 6box (6박스X5팩),https://smartstore.naver.com/main/products/5947453811,2022-05-09,5,한달사용포만감 좋고 먹기 편리하고 넘 좋아요,,아주 넉넉해요,꼼꼼해요,편리해요,Y
BP_037,BNR17 다이어트 유산균 비에날씬 프로틴 6box (6박스X5팩),https://smartstore.naver.com/main/products/5947453811,2022-05-03,5,"며칠 먹어보니 좋네요.
돈 주고 먹을 가치가 있는 듯 합니다
더 먹어보고 리뷰 추가로 남길게요!
짱짱",,꽤 남았어요,적당해요,편리해요,Y
BP_037,BNR17 다이어트 유산균 비에날씬 프로틴 6box (6박스X5팩),https://smartstore.naver.com/main/products/5947453811,2022-04-27,5,재구매늘 먹던거에요 아침대용으로 너무 좋아요,,아주 넉넉해요,꼼꼼해요,편리해요,Y
BP_037,BNR17 다이어트 유산균 비에날씬 프로틴 6box (6박스X5팩),https://smartstore.naver.com/main/products/5947453811,2022-04-26,5,도착하자마자 한개 순싹!,,아주 넉넉해요,꼼꼼해요,편리해요,Y
BP_037,BNR17 다이어트 유산균 비에날씬 프로틴 6box (6박스X5팩),https://smartstore.naver.com/main/products/5947453811,2022-04-19,5,한달사용너무 마음에 들어요! 추천합니다.,,아주 넉넉해요,꼼꼼해요,편리해요,Y
BP_037,BNR17 다이어트 유산균 비에날씬 프로틴 6box (6박스X5팩),https://smartstore.naver.com/main/products/5947453811,2022-03-30,5,한달사용한끼 식사대용으로 정말 좋아요,,꽤 남았어요,적당해요,편리해요,Y
BP_037,BNR17 다이어트 유산균 비에날씬 프로틴 6box (6박스X5팩),https://smartstore.naver.com/main/products/5947453811,2022-03-28,5,잘받앗어여 잘 먹을께요,,아주 넉넉해요,꼼꼼해요,편리해요,Y
BP_037,BNR17 다이어트 유산균 비에날씬 프로틴 6box (6박스X5팩),https://smartstore.naver.com/main/products/5947453811,2022-03-24,5,포만감도 좋고 간편해서 좋아요,,아주 넉넉해요,적당해요,편리해요,Y
BP_037,BNR17 다이어트 유산균 비에날씬 프로틴 6box (6박스X5팩),https://smartstore.naver.com/main/products/5947453811,2022-03-19,5,맛있고 효과과 좋습니다,,아주 넉넉해요,꼼꼼해요,편리해요,Y
BP_037,BNR17 다이어트 유산균 비에날씬 프로틴 6box (6박스X5팩),https://smartstore.naver.com/main/products/5947453811,2022-02-23,5,"한달사용생각보다 잘 안녹아요~ㅠ
비싸서 행사 아닐땐 사먹기 부담 ㅠ",,꽤 남았어요,적당해요,편리해요,Y
BP_037,BNR17 다이어트 유산균 비에날씬 프로틴 6box (6박스X5팩),https://smartstore.naver.com/main/products/5947453811,2022-02-15,5,재구매엄마가 다른 단백질은 못드시는데 이건 견과류 맛이라 괜찮다고 하셔서 시켜요~~,,아주 넉넉해요,꼼꼼해요,편리해요,Y
BP_037,BNR17 다이어트 유산균 비에날씬 프로틴 6box (6박스X5팩),https://smartstore.naver.com/main/products/5947453811,2022-02-15,5,엄마가 다른 단백질은 못드시는데 이건 견과류 맛이라 괜찮다고 하셔서 시켜요~~,,아주 넉넉해요,꼼꼼해요,편리해요,Y
BP_037,BNR17 다이어트 유산균 비에날씬 프로틴 6box (6박스X5팩),https://smartstore.naver.com/main/products/5947453811,2022-02-15,5,먹기 편하고 맛있어요,,아주 넉넉해요,꼼꼼해요,편리해요,Y
BP_037,BNR17 다이어트 유산균 비에날씬 프로틴 6box (6박스X5팩),https://smartstore.naver.com/main/products/5947453811,2022-01-18,5,먹기너무편해서좋습니다,,아주 넉넉해요,꼼꼼해요,편리해요,Y
BP_037,BNR17 다이어트 유산균 비에날씬 프로틴 6box (6박스X5팩),https://smartstore.naver.com/main/products/5947453811,2022-01-18,5,한달사용요즘운동하는데 먹기도편하고 맛도있어요,,꽤 남았어요,꼼꼼해요,편리해요,Y
BP_037,BNR17 다이어트 유산균 비에날씬 프로틴 6box (6박스X5팩),https://smartstore.naver.com/main/products/5947453811,2022-01-11,5,맘에들어요 많이파세요,,꽤 남았어요,적당해요,그냥그래요,Y
BP_037,BNR17 다이어트 유산균 비에날씬 프로틴 6box (6박스X5팩),https://smartstore.naver.com/main/products/5947453811,2022-01-09,4,고소한맛이 좋아요 근데 잘녹지않네요,,아주 넉넉해요,꼼꼼해요,편리해요,Y
BP_037,BNR17 다이어트 유산균 비에날씬 프로틴 6box (6박스X5팩),https://smartstore.naver.com/main/products/5947453811,2021-12-31,5,먹기도 편하고 맛있어요.ㅎㅎ,,꽤 남았어요,꼼꼼해요,편리해요,Y
BP_037,BNR17 다이어트 유산균 비에날씬 프로틴 6box (6박스X5팩),https://smartstore.naver.com/main/products/5947453811,2021-12-27,5,한달사용맛도 좋고 편리하고 좋아요!! 재구매각입니다~,,아주 넉넉해요,꼼꼼해요,편리해요,Y
BP_037,BNR17 다이어트 유산균 비에날씬 프로틴 6box (6박스X5팩),https://smartstore.naver.com/main/products/5947453811,2021-12-18,5,"좋다해서 검색중에 라방이 똭!!
물에 타먹었는데 맛나네요 꾸준히 먹고 효과보고싶네요 근데 물표시선까지 들어갔는지 확인이 애매하네요",,꽤 남았어요,적당해요,편리해요,Y
BP_037,BNR17 다이어트 유산균 비에날씬 프로틴 6box (6박스X5팩),https://smartstore.naver.com/main/products/5947453811,2021-12-11,3,"계속 재구매해서 라이트하게
저녁으로 먹고싶은데 가격이 좀 비싼편이라 부담스럽네요 ㅠㅠ
세트상품은 서비스도 있으면.. 바래봅니다!",,꽤 남았어요,적당해요,그냥그래요,Y
BP_037,BNR17 다이어트 유산균 비에날씬 프로틴 6box (6박스X5팩),https://smartstore.naver.com/main/products/5947453811,2021-12-07,5,가격이 비싸서 후덜덜하지만 효과는 좋음 할인 이벤트같은거 한번해주십시오..,,아주 넉넉해요,꼼꼼해요,편리해요,Y
BP_037,BNR17 다이어트 유산균 비에날씬 프로틴 6box (6박스X5팩),https://smartstore.naver.com/main/products/5947453811,2021-11-25,5,믿고 먹어요~~ 비싼 값을 하네요^^,,아주 넉넉해요,꼼꼼해요,편리해요,Y
BP_037,BNR17 다이어트 유산균 비에날씬 프로틴 6box (6박스X5팩),https://smartstore.naver.com/main/products/5947453811,2021-11-23,5,라이브때 할인받아 사서 잘 먹고 있습니다. 다이어트는 꾸준히 먹어봐야겠지만 일단 하나만 먹어도 배도 차고 맛도 좋아요. 화장실은 확실히 달라지네요 또 라이브 하면 좋겠어요,,아주 넉넉해요,꼼꼼해요,편리해요,Y
BP_037,BNR17 다이어트 유산균 비에날씬 프로틴 6box (6박스X5팩),https://smartstore.naver.com/main/products/5947453811,2021-11-15,5,"포만감이 확실하면서도 단백질도 챙기니 1석2조
거기에 화장실도 문제없이 가니 1석3조네요",,아주 넉넉해요,꼼꼼해요,편리해요,Y
BP_037,BNR17 다이어트 유산균 비에날씬 프로틴 6box (6박스X5팩),https://smartstore.naver.com/main/products/5947453811,2021-11-12,5,맛이너무좋네요 고소하고 많이파세요,,꽤 남았어요,꼼꼼해요,편리해요,Y
BP_037,BNR17 다이어트 유산균 비에날씬 프로틴 6box (6박스X5팩),https://smartstore.naver.com/main/products/5947453811,2021-11-11,5,"비에날유산균을 구입하면서, 사은품으로
받아서 요긴하게 잘 먹었습니다. 공복에 우유에 타서 마시니 포만감이 좋았고, 물에 타서 먹어도 견과류가 들어있어서 고소한 맛이 나는 것이, 프로틴 특유의 맛 때문에, 다른것은 먹고 싶지않았는데, 이 제품은 다시 생각나는 그런 맛이었어요
아쉬운것은 구매하려고 하니 가격이 많이
비싸서 망설이다가 6박스 짜리로 구매했어요
가격을 낮춰주셔서 많은 사람에게 도움이
되었으면 좋겠네요~^^",,아주 넉넉해요,꼼꼼해요,편리해요,Y
BP_037,BNR17 다이어트 유산균 비에날씬 프로틴 6box (6박스X5팩),https://smartstore.naver.com/main/products/5947453811,2021-11-04,5,일단 간편해요. 쉐이크 통에 넣지 않아도 되어서 간편해요. 물론 쉐이크 통에 넣은 것만큼은 잘 섞이진 않지만 간편해서 저는 파우치 그대로 흔들어 먹네요. 효과도 좋은 것 같아서 다음달에도 또 구매예정입니다.,,아주 넉넉해요,꼼꼼해요,편리해요,Y
BP_037,BNR17 다이어트 유산균 비에날씬 프로틴 6box (6박스X5팩),https://smartstore.naver.com/main/products/5947453811,2021-11-03,5,고소하니 맛있고 무엇보다 물 넣고 흔들어 먹기 좋아서 별도의 용기가 없어도 되는게 참 맘에 듭니다..,,아주 넉넉해요,꼼꼼해요,편리해요,Y
BP_037,BNR17 다이어트 유산균 비에날씬 프로틴 6box (6박스X5팩),https://smartstore.naver.com/main/products/5947453811,2021-11-01,5,"우선 휴대하기 편리하구요.
섭취하기도 편리합니다.
우유나 두유로 마시면 고소하고 맛있어요.
그러나 저는 물을 넣어 마십니다.
날씬 유산균~^^이 들어있다고하니 가격이 괜찮네요.
단백질 섭취 어렵지 않네요~^^
비타민D와 칼슘까지 고퀄리티네요.
잘 섭취하고 날씬해 볼게요. 더보기",,아주 넉넉해요,적당해요,편리해요,Y
BP_037,BNR17 다이어트 유산균 비에날씬 프로틴 6box (6박스X5팩),https://smartstore.naver.com/main/products/5947453811,2021-10-31,5,별도의 용기없이 물이나 우유를 부어 흔들어 바로 먹을 수 있어 편리합니다. 단백질로 체중관리하면서 유산균도 함께 섭취할 수 있어 좋네요.,,아주 넉넉해요,꼼꼼해요,편리해요,Y
BP_037,BNR17 다이어트 유산균 비에날씬 프로틴 6box (6박스X5팩),https://smartstore.naver.com/main/products/5947453811,2021-10-30,5,다이어트에 좋을것같아요~~^^,,아주 넉넉해요,꼼꼼해요,편리해요,Y
