﻿상품코드,상품명,URL,날짜,별점,리뷰텍스트,구매자 성별,유통기한,포장,편리,판매여부
BP_009,"[네쇼라 단독 상품] 아나파랙틴 밤 1+1 (바르는 천심련, 파랙틴)",https://smartstore.naver.com/main/products/10222975495,2025-09-28,5,피부자극아주 만족해요촉촉함촉촉해요발림성부드러워요 한달사용향이 다른것들에 비해 강하지 않아서 좋아요,,,,,Y
BP_009,"[네쇼라 단독 상품] 아나파랙틴 밤 1+1 (바르는 천심련, 파랙틴)",https://smartstore.naver.com/main/products/10222975495,2025-09-25,5,"피부타입건성주름홍조속건조
피부자극아주 만족해요촉촉함촉촉해요발림성부드러워요 한달사용처음에는 시원한 느낌있고 그다음에는 그냥 근육이 조금씩 유연해 지는것 같아요.
어깨에 자주 사용하고
손목에 저녁마다 잠들기전에 사용하면 아침에 뻐근함과 통증이 사라져 만족합니다.
향도 적당합니다.",,,,,Y
BP_009,"[네쇼라 단독 상품] 아나파랙틴 밤 1+1 (바르는 천심련, 파랙틴)",https://smartstore.naver.com/main/products/10222975495,2025-08-29,5,피부자극아주 만족해요촉촉함보통이에요발림성부드러워요 향이 강하지 않아서 좋아요,,,,,Y
BP_009,"[네쇼라 단독 상품] 아나파랙틴 밤 1+1 (바르는 천심련, 파랙틴)",https://smartstore.naver.com/main/products/10222975495,2025-06-10,5,피부자극아주 만족해요촉촉함촉촉해요발림성부드러워요 한달사용많이 걷거나 다리가 아플때 발라주거나 손가락마디가 통증있을때 바르면 싹 안아픈~~ 그런 요물템이네요^^,,,,,Y
BP_009,"[네쇼라 단독 상품] 아나파랙틴 밤 1+1 (바르는 천심련, 파랙틴)",https://smartstore.naver.com/main/products/10222975495,2025-05-07,5,피부자극아주 만족해요촉촉함촉촉해요발림성부드러워요 요즘 손가락 마디나 무릎이 쑤셔서 발라보려고 구매했습니다~ 아직은 잘 모르겠지만 꾸준히 발라보고 후기작성하러 오겠습니다~,,,,,Y
BP_009,"[네쇼라 단독 상품] 아나파랙틴 밤 1+1 (바르는 천심련, 파랙틴)",https://smartstore.naver.com/main/products/10222975495,2025-04-30,5,피부자극아주 만족해요촉촉함촉촉해요발림성부드러워요 한달사용이벤트로 사긴 했는데 아직 효과는 모르겠습니다.,,,,,Y
BP_009,"[네쇼라 단독 상품] 아나파랙틴 밤 1+1 (바르는 천심련, 파랙틴)",https://smartstore.naver.com/main/products/10222975495,2025-04-19,5,피부자극아주 만족해요촉촉함촉촉해요발림성부드러워요 손목과 손가락이 아파서 바르고 다녔는데 통증이 완화되는 느낌이여요^^ 꾸준히 사용해보려고합니다👍🏻,,,,,Y
BP_009,"[네쇼라 단독 상품] 아나파랙틴 밤 1+1 (바르는 천심련, 파랙틴)",https://smartstore.naver.com/main/products/10222975495,2025-03-27,5,피부자극잘 모르겠어요촉촉함보통이에요발림성보통이에요 할인해서 한번 사봤어요~,,,,,Y
BP_009,"[네쇼라 단독 상품] 아나파랙틴 밤 1+1 (바르는 천심련, 파랙틴)",https://smartstore.naver.com/main/products/10222975495,2025-01-23,5,"피부타입지성피지트러블여드름
피부자극아주 만족해요촉촉함촉촉해요발림성부드러워요 일반 파스의 트러블이 없어서 좋아요.",,,,,Y
BP_009,"[네쇼라 단독 상품] 아나파랙틴 밤 1+1 (바르는 천심련, 파랙틴)",https://smartstore.naver.com/main/products/10222975495,2024-12-22,5,피부자극아주 만족해요촉촉함촉촉해요발림성부드러워요 한달사용부드럽게 잘 발리는 듯 합니다.,,,,,Y
BP_009,"[네쇼라 단독 상품] 아나파랙틴 밤 1+1 (바르는 천심련, 파랙틴)",https://smartstore.naver.com/main/products/10222975495,2024-11-29,4,"피부자극조금 있었어요촉촉함보통이에요발림성보통이에요 한달사용파스처럼 엄청 효과적인건 모르겠는데 바르면 화하면서 고ㅑㄴ찮아 지는거 같긴해요
근대 바르고나면 너무 찐득거려서 불편함 ㅜ",,,,,Y
BP_009,"[네쇼라 단독 상품] 아나파랙틴 밤 1+1 (바르는 천심련, 파랙틴)",https://smartstore.naver.com/main/products/10222975495,2024-10-24,5,"피부자극아주 만족해요촉촉함촉촉해요발림성부드러워요 손목이 안즇아서 발라보려고 구매했어요
효과있으면 좋겠네요",,,,,Y
BP_009,"[네쇼라 단독 상품] 아나파랙틴 밤 1+1 (바르는 천심련, 파랙틴)",https://smartstore.naver.com/main/products/10222975495,2024-10-23,5,"피부타입건성미백주름
피부자극아주 만족해요촉촉함촉촉해요발림성부드러워요 한달사용피부 자극 별로 없어요
바르면 시원한 느낌
스틱크림이 슥슥 잘 발려요
발림성 굿
바른 느낌은
통증이 완화되는것 같아요 동영상컨텐츠",,,,,Y
BP_009,"[네쇼라 단독 상품] 아나파랙틴 밤 1+1 (바르는 천심련, 파랙틴)",https://smartstore.naver.com/main/products/10222975495,2024-10-12,5,"피부타입복합성잡티
피부자극잘 모르겠어요촉촉함촉촉해요발림성부드러워요 한달사용호기심으로 사봤는데 너무 좋네요",,,,,Y
BP_009,"[네쇼라 단독 상품] 아나파랙틴 밤 1+1 (바르는 천심련, 파랙틴)",https://smartstore.naver.com/main/products/10222975495,2024-09-29,2,"피부타입복합성주름모공탄력
피부자극아주 만족해요촉촉함보통이에요발림성부드러워요 한달사용별루예요.. 반품하고 싶네여",,,,,Y
BP_009,"[네쇼라 단독 상품] 아나파랙틴 밤 1+1 (바르는 천심련, 파랙틴)",https://smartstore.naver.com/main/products/10222975495,2024-09-26,4,"피부타입복합성주름잡티미백
피부자극아주 만족해요촉촉함촉촉해요발림성부드러워요 손목이 아파서 구입해봤어요!
효과 있었음 좋겠습니다!!",,,,,Y
BP_009,"[네쇼라 단독 상품] 아나파랙틴 밤 1+1 (바르는 천심련, 파랙틴)",https://smartstore.naver.com/main/products/10222975495,2024-09-10,5,"피부타입복합성잡티
피부자극아주 만족해요촉촉함촉촉해요발림성부드러워요 손목아파서 사봤는데 부드럽고 괜찮네요",,,,,Y
BP_009,"[네쇼라 단독 상품] 아나파랙틴 밤 1+1 (바르는 천심련, 파랙틴)",https://smartstore.naver.com/main/products/10222975495,2024-09-10,5,피부자극아주 만족해요촉촉함촉촉해요발림성부드러워요 한달사용스티커 붙여서 남편이랑 하나씩 잘 쓰고 있어요,,,,,Y
BP_009,"[네쇼라 단독 상품] 아나파랙틴 밤 1+1 (바르는 천심련, 파랙틴)",https://smartstore.naver.com/main/products/10222975495,2024-09-01,5,"피부타입건성미백주름
피부자극잘 모르겠어요촉촉함촉촉해요발림성부드러워요 다 써봐야 알듯해요
보기엔 딱풀처럼 생겼어요
써보고 한달후 후기 꼭 쓰겠습니다 동영상컨텐츠",,,,,Y
BP_009,"[네쇼라 단독 상품] 아나파랙틴 밤 1+1 (바르는 천심련, 파랙틴)",https://smartstore.naver.com/main/products/10222975495,2024-08-30,4,"피부타입복합성주름모공탄력
피부자극아주 만족해요촉촉함촉촉해요발림성부드러워요 효과가 없는거 같앗은데 어느새 아픈곳이 안아프네요.. 바를때 너무 물러서 덩어리채 발라지지만 더워서 그런거 같아 냉장고에 넣어놧어여.. 바른뒤 흡수전까지 좀 끈적? 거림이 잇지만 흡수되면 티 안나여 꾸준히 써볼께요 +2",,,,,Y
BP_009,"[네쇼라 단독 상품] 아나파랙틴 밤 1+1 (바르는 천심련, 파랙틴)",https://smartstore.naver.com/main/products/10222975495,2024-07-25,5,피부자극아주 만족해요촉촉함촉촉해요발림성부드러워요 좋은 가격으로 원하던 상품 구매해서 너무 좋아요~♡,,,,,Y
BP_009,"[네쇼라 단독 상품] 아나파랙틴 밤 1+1 (바르는 천심련, 파랙틴)",https://smartstore.naver.com/main/products/10222975495,2024-07-03,5,"피부타입복합성트러블민감성모공
피부자극아주 만족해요촉촉함보통이에요발림성부드러워요 배송빨라서 좋았어요 스틱형태라 바르기간편하고 붙이는파스에 알러지반응이있어 꺼려했는데 이건 그냥 스~~윽 바르는 스틱이라 맘에 들어요 발림성은 넘 좋아 빨리 없어지는 단점이 있어요 그래도 많이 끈적이지않아 좋아요 +1",,,,,Y
BP_009,"[네쇼라 단독 상품] 아나파랙틴 밤 1+1 (바르는 천심련, 파랙틴)",https://smartstore.naver.com/main/products/10222975495,2024-06-03,5,"피부타입건성속건조
피부자극아주 만족해요촉촉함촉촉해요발림성부드러워요 네쇼라할때 저렴하게 구매했어요
손목통증에 바를려구 관심있게 보고있었는데 평도 좋아서 사용해보고싶어 구매했어요",,,,,Y
