﻿상품코드,상품명,URL,날짜,별점,리뷰텍스트,구매자 성별,유통기한,포장,편리,판매여부
BP_011,"에이스바이옴 멀티비타민 3box, 6개월분",https://smartstore.naver.com/main/products/10769639189,2025-09-30,5,"건강관심사 수면건강피로회복여성건강
 한달사용피로회복에 좋아요^^운동하기 전 먹고 가면 덜 힘들어요.",여성,꽤 남았어요,적당해요,편리해요,Y
BP_011,"에이스바이옴 멀티비타민 3box, 6개월분",https://smartstore.naver.com/main/products/10769639189,2025-09-25,5,재구매한달사용효과도 좋고 매우 만족합니다.,남성,아주 넉넉해요,꼼꼼해요,편리해요,Y
BP_011,"에이스바이옴 멀티비타민 3box, 6개월분",https://smartstore.naver.com/main/products/10769639189,2025-09-21,4,먹기 편하고 좋아요.,,꽤 남았어요,적당해요,편리해요,Y
BP_011,"에이스바이옴 멀티비타민 3box, 6개월분",https://smartstore.naver.com/main/products/10769639189,2025-09-18,5,"건강관심사 장건강
 멀티 비타민은 처음 구입해서 복용하고 있는데 아직은 잘 모르겠고 꾸준히 6개월이상 먹어볼려구합니다",남성,아주 넉넉해요,꼼꼼해요,편리해요,Y
BP_011,"에이스바이옴 멀티비타민 3box, 6개월분",https://smartstore.naver.com/main/products/10769639189,2025-09-15,5,이벤트로 싸게 잘샀어요 ㅎㅎ,남성,아주 넉넉해요,꼼꼼해요,편리해요,Y
BP_011,"에이스바이옴 멀티비타민 3box, 6개월분",https://smartstore.naver.com/main/products/10769639189,2025-09-02,5,"건강관심사 근육/체력수면건강피로회복
 멀티비타민이라 매일 먹고 있습니다.",여성,아주 넉넉해요,꼼꼼해요,편리해요,Y
BP_011,"에이스바이옴 멀티비타민 3box, 6개월분",https://smartstore.naver.com/main/products/10769639189,2025-08-24,5,빠른 배송에 감사드리고 먹어보고 기대가 되네요,여성,꽤 남았어요,적당해요,그냥그래요,Y
BP_011,"에이스바이옴 멀티비타민 3box, 6개월분",https://smartstore.naver.com/main/products/10769639189,2025-08-23,5,잘받았습니다. 잘먹을께요,,아주 넉넉해요,꼼꼼해요,편리해요,Y
BP_011,"에이스바이옴 멀티비타민 3box, 6개월분",https://smartstore.naver.com/main/products/10769639189,2025-08-22,4,"유산균 사면서 가격 채우려고 같이 주문했습니다
비타민은 필요한거라서 주문했는데 효과 있었으면 좋겠네요",,꽤 남았어요,적당해요,그냥그래요,Y
BP_011,"에이스바이옴 멀티비타민 3box, 6개월분",https://smartstore.naver.com/main/products/10769639189,2025-08-19,5,"건강관심사 면역력장건강
 먹기편하고 사무실에두고 먹습니다
공복에 유산균먹고 출근길에 에트니케어
사무실서 오전에 멀티비타민까지^^",여성,아주 넉넉해요,꼼꼼해요,편리해요,Y
BP_011,"에이스바이옴 멀티비타민 3box, 6개월분",https://smartstore.naver.com/main/products/10769639189,2025-08-13,5,"넉넉한유통기한에 6개월치 비타민쟁겼네요
자주세일부탁드려여",여성,아주 넉넉해요,꼼꼼해요,편리해요,Y
BP_011,"에이스바이옴 멀티비타민 3box, 6개월분",https://smartstore.naver.com/main/products/10769639189,2025-08-11,5,항상 잘먹고있습니다. 좋은 상품입니다.,남성,아주 넉넉해요,꼼꼼해요,편리해요,Y
BP_011,"에이스바이옴 멀티비타민 3box, 6개월분",https://smartstore.naver.com/main/products/10769639189,2025-08-08,5,"건강관심사 관절/뼈건강근육/체력
 종합비타민 다 먹어가는중 라방보고 샀어요 가격좋아요",여성,아주 넉넉해요,꼼꼼해요,편리해요,Y
BP_011,"에이스바이옴 멀티비타민 3box, 6개월분",https://smartstore.naver.com/main/products/10769639189,2025-07-24,5,"재구매한달사용너무 좋습니다.
계속 먹을 겁니다.",남성,아주 넉넉해요,꼼꼼해요,편리해요,Y
BP_011,"에이스바이옴 멀티비타민 3box, 6개월분",https://smartstore.naver.com/main/products/10769639189,2025-07-24,5,"재구매너무 좋습니다.
계속 먹을 겁니다.",남성,아주 넉넉해요,꼼꼼해요,편리해요,Y
BP_011,"에이스바이옴 멀티비타민 3box, 6개월분",https://smartstore.naver.com/main/products/10769639189,2025-07-17,5,"제가 원하는대로 대부분의 성분이 몽땅 들어있어서 구매했어요. 건강을 유지할 수 있도록 도움받았으면 좋겠어요.
아쉬운건 캡슐이 조금 커요 ㅎ",,꽤 남았어요,적당해요,편리해요,Y
BP_011,"에이스바이옴 멀티비타민 3box, 6개월분",https://smartstore.naver.com/main/products/10769639189,2025-07-17,5,비엔날씬 구매하면서 라이브에 혹해서 구매했어요. 효과도 좋길요^^,여성,아주 넉넉해요,꼼꼼해요,편리해요,Y
BP_011,"에이스바이옴 멀티비타민 3box, 6개월분",https://smartstore.naver.com/main/products/10769639189,2025-07-12,5,"한달사용정말 좋아요~~
최고입니다",,아주 넉넉해요,꼼꼼해요,편리해요,Y
BP_011,"에이스바이옴 멀티비타민 3box, 6개월분",https://smartstore.naver.com/main/products/10769639189,2025-07-08,5,"건강관심사 간건강
 재구매좋아요~ 꾸준히 복용하고 있습니다",남성,아주 넉넉해요,꼼꼼해요,편리해요,Y
BP_011,"에이스바이옴 멀티비타민 3box, 6개월분",https://smartstore.naver.com/main/products/10769639189,2025-07-02,5,잘먹고있습니다. 유산균사면서 같이샀어요 좋아요,남성,아주 넉넉해요,꼼꼼해요,편리해요,Y
BP_011,"에이스바이옴 멀티비타민 3box, 6개월분",https://smartstore.naver.com/main/products/10769639189,2025-07-02,5,너무 잘 먹고 있어요!,,아주 넉넉해요,꼼꼼해요,편리해요,Y
BP_011,"에이스바이옴 멀티비타민 3box, 6개월분",https://smartstore.naver.com/main/products/10769639189,2025-06-28,5,"건강관심사 피로회복
 다이어트 시 부족하기 쉬운 영양소 미네랄 보충 위해서 구매 했어요~ 면역 다이어트 병행 입니다~",여성,아주 넉넉해요,꼼꼼해요,편리해요,Y
BP_011,"에이스바이옴 멀티비타민 3box, 6개월분",https://smartstore.naver.com/main/products/10769639189,2025-06-27,5,"포장이 각각 따로 잘왔고 배송도 매우 빠르네요
어제 저녁 라방 구매했는데 다음날 바로 오니 좋내요",,아주 넉넉해요,꼼꼼해요,편리해요,Y
BP_011,"에이스바이옴 멀티비타민 3box, 6개월분",https://smartstore.naver.com/main/products/10769639189,2025-06-27,4,유산균 구매하다가 가격이 너무 착해서 비타민도 함께 구매했어요~~,,아주 넉넉해요,꼼꼼해요,그냥그래요,Y
BP_011,"에이스바이옴 멀티비타민 3box, 6개월분",https://smartstore.naver.com/main/products/10769639189,2025-06-27,5,비타민 챙겨봅니다~ 잘 먹을께요!!,여성,아주 넉넉해요,꼼꼼해요,그냥그래요,Y
BP_011,"에이스바이옴 멀티비타민 3box, 6개월분",https://smartstore.naver.com/main/products/10769639189,2025-06-24,5,"종합비타민 ~
늘 잘먹고 있습니다
세일할때 항상 쟁겨놓는 영양제 입니다",,아주 넉넉해요,꼼꼼해요,편리해요,Y
BP_011,"에이스바이옴 멀티비타민 3box, 6개월분",https://smartstore.naver.com/main/products/10769639189,2025-06-16,5,"건강관심사 노화방지관절/뼈건강피로회복
 재구매라이브방송 통해 저렴하게 좋은상품 구매합니다",여성,아주 넉넉해요,꼼꼼해요,편리해요,Y
BP_011,"에이스바이옴 멀티비타민 3box, 6개월분",https://smartstore.naver.com/main/products/10769639189,2025-06-14,5,6개월분인데 저렴하네용,,아주 넉넉해요,꼼꼼해요,편리해요,Y
BP_011,"에이스바이옴 멀티비타민 3box, 6개월분",https://smartstore.naver.com/main/products/10769639189,2025-06-13,5,기대이상입니다 잘먹어볼게요,여성,아주 넉넉해요,꼼꼼해요,편리해요,Y
BP_011,"에이스바이옴 멀티비타민 3box, 6개월분",https://smartstore.naver.com/main/products/10769639189,2025-06-12,5,멀티 비타민 고민하다 주문했습니다.효과 기대해요!,,아주 넉넉해요,꼼꼼해요,편리해요,Y
BP_011,"에이스바이옴 멀티비타민 3box, 6개월분",https://smartstore.naver.com/main/products/10769639189,2025-06-12,5,"건강관심사 노화방지관절/뼈건강피로회복
 라이브방송 통해 구매했어요~ 비에날씬 꾸준히 먹는데 멀티비타민은 처음 구매해요~",여성,아주 넉넉해요,꼼꼼해요,편리해요,Y
BP_011,"에이스바이옴 멀티비타민 3box, 6개월분",https://smartstore.naver.com/main/products/10769639189,2025-06-05,5,포인트 선물 받을라고 같이 구매해봤어욮,,아주 넉넉해요,꼼꼼해요,편리해요,Y
BP_011,"에이스바이옴 멀티비타민 3box, 6개월분",https://smartstore.naver.com/main/products/10769639189,2025-05-31,5,"다이어트에는 멀티비타민은 필수!!
좋은 가격에 구매했어요 :)",여성,아주 넉넉해요,꼼꼼해요,편리해요,Y
BP_011,"에이스바이옴 멀티비타민 3box, 6개월분",https://smartstore.naver.com/main/products/10769639189,2025-05-30,5,"건강관심사 장건강
 마침 비타민제도 떨어지고 해서 구매합산도 마치고 1석2조로 좋은 가격에 구매했어요 오늘 처음 1알 먹어서 아직은 모르겠지만 에으비이옴 브랜드 믿고 효과 기대해봅니다^",여성,아주 넉넉해요,꼼꼼해요,편리해요,Y
BP_011,"에이스바이옴 멀티비타민 3box, 6개월분",https://smartstore.naver.com/main/products/10769639189,2025-05-24,5,효과도 좋고 배송도 빨라요,,아주 넉넉해요,꼼꼼해요,편리해요,Y
BP_011,"에이스바이옴 멀티비타민 3box, 6개월분",https://smartstore.naver.com/main/products/10769639189,2025-05-08,4,"건강관심사 노화방지면역력
 건강을 생각해 멀티비타민 영양제 꾸준히 먹고있는데 ~이번에 할인해서 더 구매했습니다 ~",여성,아주 넉넉해요,꼼꼼해요,편리해요,Y
BP_011,"에이스바이옴 멀티비타민 3box, 6개월분",https://smartstore.naver.com/main/products/10769639189,2025-05-07,4,배송도 빠르고 포장상태도 좋아요.,,꽤 남았어요,적당해요,그냥그래요,Y
BP_011,"에이스바이옴 멀티비타민 3box, 6개월분",https://smartstore.naver.com/main/products/10769639189,2025-05-06,5,"재구매늘 ㅇ석고 있지만 만족합니다.
계속 잘 먹겠습니다.",남성,아주 넉넉해요,꼼꼼해요,편리해요,Y
BP_011,"에이스바이옴 멀티비타민 3box, 6개월분",https://smartstore.naver.com/main/products/10769639189,2025-05-01,5,"비엔날퀸 사러왔다가
종합비타민도 구매합니다
저번 라이브 이벤때 받아서 먹어봤는데
괜찮은듯 합니당~",,아주 넉넉해요,꼼꼼해요,편리해요,Y
BP_011,"에이스바이옴 멀티비타민 3box, 6개월분",https://smartstore.naver.com/main/products/10769639189,2025-04-20,5,"정말 좋아요~~^^
최고에요",,임박상품이에요,적당해요,편리해요,Y
BP_011,"에이스바이옴 멀티비타민 3box, 6개월분",https://smartstore.naver.com/main/products/10769639189,2025-03-14,5,잘먹고 건강해지겟습니다,,꽤 남았어요,적당해요,그냥그래요,Y
BP_011,"에이스바이옴 멀티비타민 3box, 6개월분",https://smartstore.naver.com/main/products/10769639189,2025-03-07,5,꾸준히 복용하고 있습니다 좋아요,,아주 넉넉해요,꼼꼼해요,편리해요,Y
BP_011,"에이스바이옴 멀티비타민 3box, 6개월분",https://smartstore.naver.com/main/products/10769639189,2025-02-28,5,한 알로 간편하게 영양을 채워 좋습니다,,아주 넉넉해요,꼼꼼해요,편리해요,Y
BP_011,"에이스바이옴 멀티비타민 3box, 6개월분",https://smartstore.naver.com/main/products/10769639189,2025-02-26,5,배송 빠르고 좋네요.,,아주 넉넉해요,꼼꼼해요,편리해요,Y
BP_011,"에이스바이옴 멀티비타민 3box, 6개월분",https://smartstore.naver.com/main/products/10769639189,2025-02-14,5,면역기능 생각해서 구매했어요 먹기편리합니다,,아주 넉넉해요,꼼꼼해요,편리해요,Y
BP_011,"에이스바이옴 멀티비타민 3box, 6개월분",https://smartstore.naver.com/main/products/10769639189,2025-02-12,5,"건강관심사 면역력간건강피로회복
 한달사용열씨미 잘챙겨먹고 있습니당~",남성,아주 넉넉해요,꼼꼼해요,편리해요,Y
BP_011,"에이스바이옴 멀티비타민 3box, 6개월분",https://smartstore.naver.com/main/products/10769639189,2025-02-10,4,"건강관심사 면역력근육/체력간건강
 한달사용꾸준히 챙겨먹고 있어요 비타민과 미네랄 ᆢ우리에게 꼭 필요한영양소들이 듬뿍 ~~
잘 먹다보면 건강해질거라 믿어요~~
다 먹음 재구매할거예요ㆍ",여성,아주 넉넉해요,꼼꼼해요,편리해요,Y
BP_011,"에이스바이옴 멀티비타민 3box, 6개월분",https://smartstore.naver.com/main/products/10769639189,2025-02-09,5,한달사용복용하니 감기도 덜 걸리는거 같아서 아이들과 함께 먹고 있습니다. 기분 탓인지 면역력이 좋아진 것같은 느낌입니다.^^,,아주 넉넉해요,꼼꼼해요,편리해요,Y
BP_011,"에이스바이옴 멀티비타민 3box, 6개월분",https://smartstore.naver.com/main/products/10769639189,2025-02-08,5,재구매한달사용효과도 좋고 모든 면에서 매우 만족합니다.,남성,아주 넉넉해요,꼼꼼해요,편리해요,Y
BP_011,"에이스바이옴 멀티비타민 3box, 6개월분",https://smartstore.naver.com/main/products/10769639189,2025-01-20,5,한달사용종합비타민 처음 먹어봤는데 생각보다 알이 크지만 먹고나서 피곤함이 좀 덜한거같아요 꾸준히 복용하고있습니다,,아주 넉넉해요,꼼꼼해요,편리해요,Y
BP_011,"에이스바이옴 멀티비타민 3box, 6개월분",https://smartstore.naver.com/main/products/10769639189,2025-01-20,5,체력도 조아지고 아침에 일어나가 편하고 좋은것같아요,남성,아주 넉넉해요,꼼꼼해요,편리해요,Y
BP_011,"에이스바이옴 멀티비타민 3box, 6개월분",https://smartstore.naver.com/main/products/10769639189,2025-01-10,5,"건강관심사 면역력간건강피로회복
 배송도빠르고 비타민들어있는 통도 깔끔하니 좋네요. 잘먹겠습니돠 +2",남성,아주 넉넉해요,적당해요,그냥그래요,Y
BP_011,"에이스바이옴 멀티비타민 3box, 6개월분",https://smartstore.naver.com/main/products/10769639189,2025-01-09,5,"재구매효과 만족, 가격 만족~ 모든 게 만족스럽습니다.",남성,아주 넉넉해요,꼼꼼해요,편리해요,Y
BP_011,"에이스바이옴 멀티비타민 3box, 6개월분",https://smartstore.naver.com/main/products/10769639189,2025-01-08,5,비타민을 복용해서인지 가족들 모두 감기때문에 고생하는데 저만 괜찮네요^^ 꾸준히 복용하려고 합니다.,여성,아주 넉넉해요,꼼꼼해요,편리해요,Y
BP_011,"에이스바이옴 멀티비타민 3box, 6개월분",https://smartstore.naver.com/main/products/10769639189,2025-01-08,5,아직까진 괜찮은거 같아요,남성,꽤 남았어요,적당해요,그냥그래요,Y
BP_011,"에이스바이옴 멀티비타민 3box, 6개월분",https://smartstore.naver.com/main/products/10769639189,2025-01-08,5,"우리몸에 필요한 영양소가 다들어있네요
멀티비타민 먹고 건강해졌으면 좋겠어요",여성,아주 넉넉해요,꼼꼼해요,편리해요,Y
BP_011,"에이스바이옴 멀티비타민 3box, 6개월분",https://smartstore.naver.com/main/products/10769639189,2025-01-04,5,"한달사용효과도 좋고, 가격도 좋고, 모든 게 만족스럽습니다.",남성,아주 넉넉해요,꼼꼼해요,편리해요,Y
BP_011,"에이스바이옴 멀티비타민 3box, 6개월분",https://smartstore.naver.com/main/products/10769639189,2025-01-01,5,한달사용가성비 좋고 괜찮아요,여성,아주 넉넉해요,꼼꼼해요,편리해요,Y
BP_011,"에이스바이옴 멀티비타민 3box, 6개월분",https://smartstore.naver.com/main/products/10769639189,2024-12-27,5,한달사용복용 편리한 멀티비타민.,,아주 넉넉해요,꼼꼼해요,편리해요,Y
BP_011,"에이스바이옴 멀티비타민 3box, 6개월분",https://smartstore.naver.com/main/products/10769639189,2024-12-10,5,"구매자선택안함
 한달사용잘 먹고 있습니다~ 
?
1",,아주 넉넉해요,꼼꼼해요,편리해요,Y
BP_011,"에이스바이옴 멀티비타민 3box, 6개월분",https://smartstore.naver.com/main/products/10769639189,2024-12-09,5,한달사용행사해서 싸게 잘샀어요 ㅎㅎ,남성,아주 넉넉해요,꼼꼼해요,편리해요,Y
BP_011,"에이스바이옴 멀티비타민 3box, 6개월분",https://smartstore.naver.com/main/products/10769639189,2024-12-06,5,"너무 좋습니다.
만족합니다^^",남성,아주 넉넉해요,꼼꼼해요,편리해요,Y
BP_011,"에이스바이옴 멀티비타민 3box, 6개월분",https://smartstore.naver.com/main/products/10769639189,2024-12-04,5,생각했던거보다 알이 커서 놀랐어요 그래도 목넘김 나쁘지 않습니다~~^^,,아주 넉넉해요,꼼꼼해요,편리해요,Y
BP_011,"에이스바이옴 멀티비타민 3box, 6개월분",https://smartstore.naver.com/main/products/10769639189,2024-12-01,5,한달사용남편이랑 둘이 먹는데 건강해지는 느낌입니다ㅎ,여성,아주 넉넉해요,꼼꼼해요,편리해요,Y
BP_011,"에이스바이옴 멀티비타민 3box, 6개월분",https://smartstore.naver.com/main/products/10769639189,2024-11-29,5,"한달사용알약이 좀 커서 목넘김은 좀 그런데...
약효과는 짱입니다^^",여성,아주 넉넉해요,꼼꼼해요,그냥그래요,Y
BP_011,"에이스바이옴 멀티비타민 3box, 6개월분",https://smartstore.naver.com/main/products/10769639189,2024-11-29,5,한달사용맨날 기운없이 지내다가 비타민제먹고 기운이 뿜뿜 납니다^^,여성,아주 넉넉해요,꼼꼼해요,편리해요,Y
BP_011,"에이스바이옴 멀티비타민 3box, 6개월분",https://smartstore.naver.com/main/products/10769639189,2024-11-28,5,"한달사용비에날씬하고 같이 구매하게되었는데, 잘 복용하고 있습니다!",,아주 넉넉해요,꼼꼼해요,편리해요,Y
BP_011,"에이스바이옴 멀티비타민 3box, 6개월분",https://smartstore.naver.com/main/products/10769639189,2024-11-13,5,"구매자선택안함
 병 디자인이 깔끔한건 좋은데 복약방법이나 다른 유의사항 전부 상자에만 있어서 무심코 버렸다가 아직 안 뜯은 제품 찾아서 다시 확인했어요..",,아주 넉넉해요,꼼꼼해요,편리해요,Y
BP_011,"에이스바이옴 멀티비타민 3box, 6개월분",https://smartstore.naver.com/main/products/10769639189,2024-11-13,5,항상 같은 제품 오래 먹다가 새로 바꿔봤어요 그런데 겨울엔 냉장포장 안해도 될듯해요,,아주 넉넉해요,적당해요,편리해요,Y
BP_011,"에이스바이옴 멀티비타민 3box, 6개월분",https://smartstore.naver.com/main/products/10769639189,2024-11-10,5,유산균 사면서 같이 샀는데 열심히 먹고있습니다.,여성,아주 넉넉해요,꼼꼼해요,편리해요,Y
BP_011,"에이스바이옴 멀티비타민 3box, 6개월분",https://smartstore.naver.com/main/products/10769639189,2024-11-07,5,유산균하고 같이 구매 했는데 잘먹고 있어요,남성,아주 넉넉해요,꼼꼼해요,편리해요,Y
BP_011,"에이스바이옴 멀티비타민 3box, 6개월분",https://smartstore.naver.com/main/products/10769639189,2024-11-05,5,싸게 잘샀어요 ㅎㅎ,남성,아주 넉넉해요,꼼꼼해요,편리해요,Y
BP_011,"에이스바이옴 멀티비타민 3box, 6개월분",https://smartstore.naver.com/main/products/10769639189,2024-11-02,5,효과가 좋은거 같습니다.. 꾸준히 먹어야겠어요~,남성,아주 넉넉해요,꼼꼼해요,편리해요,Y
BP_011,"에이스바이옴 멀티비타민 3box, 6개월분",https://smartstore.naver.com/main/products/10769639189,2024-10-31,5,한달사용소변이 노란걸보면 확실히 비타민~!! 잘먹고있어요,,아주 넉넉해요,꼼꼼해요,편리해요,Y
BP_011,"에이스바이옴 멀티비타민 3box, 6개월분",https://smartstore.naver.com/main/products/10769639189,2024-10-29,5,"다른 제품들은 역한냄새나서 먹기 힘들었는데
부담도없고 냄새도 없어서 좋아요",,아주 넉넉해요,꼼꼼해요,편리해요,Y
BP_011,"에이스바이옴 멀티비타민 3box, 6개월분",https://smartstore.naver.com/main/products/10769639189,2024-10-28,5,"비에날씬 라이브에서 보니 비타민을 너무 착한 가격에 판매하셔서 얼른 주문했습니다.
비타민을 먹으면 좋다는 말을 많이 들었어서 구매 할 생각중에 잘 산 것 같습니다.
아이들 아빠랑 같이 먹고 있는데 다 먹고 나서도도 계속 구매해서 먹을 것 같습니다.",여성,아주 넉넉해요,꼼꼼해요,편리해요,Y
BP_011,"에이스바이옴 멀티비타민 3box, 6개월분",https://smartstore.naver.com/main/products/10769639189,2024-10-26,5,한달사용비에날씬 유산균 구매하면서 영양제도 같이구매했는데 먹기 괜찮더라구요 이벤트 당첨되서 1+1으로 구매했네요 꾸준히 먹고 재구매하러 올께요~,여성,아주 넉넉해요,꼼꼼해요,편리해요,Y
BP_011,"에이스바이옴 멀티비타민 3box, 6개월분",https://smartstore.naver.com/main/products/10769639189,2024-10-25,5,유산균 라방할때 금액채우기용으로 주문을 했지만 생각해보니 내몸에 꼭 필요했더라구요 다이어트할때 비타민 미네랄 충전이 정말 중요한데 마침 딱 비타민을 다 먹어서 타이밍좋게 비타민미네랄 충전할수있게 되었네요^^,여성,아주 넉넉해요,꼼꼼해요,편리해요,Y
BP_011,"에이스바이옴 멀티비타민 3box, 6개월분",https://smartstore.naver.com/main/products/10769639189,2024-10-24,5,"구매자선택안함
 신제품이고여러종류골고루있어서주문해봤어요발송엄청빨라요 감사합니다",,아주 넉넉해요,꼼꼼해요,편리해요,Y
BP_011,"에이스바이옴 멀티비타민 3box, 6개월분",https://smartstore.naver.com/main/products/10769639189,2024-10-01,5,배송 빠르고 방송보고 좋을거같아서 구매했어요,여성,꽤 남았어요,적당해요,그냥그래요,Y
BP_011,"에이스바이옴 멀티비타민 3box, 6개월분",https://smartstore.naver.com/main/products/10769639189,2024-09-27,5,선물로 주려고 구매했어요 먹어보진 못했지만 믿고 구매했어요,여성,아주 넉넉해요,꼼꼼해요,그냥그래요,Y
BP_011,"에이스바이옴 멀티비타민 3box, 6개월분",https://smartstore.naver.com/main/products/10769639189,2024-09-26,5,어제 라이브 방송으로 구매했어요 가족모두 먹을수 있다고 해서 아이들하고 함께 먹으려고 구매했어요~ 꾸준히 먹어보고 좋으면 재구매하러 올께요~ 저렴하게 잘샀어요^^ 빠른 배송도 감사해요~,여성,아주 넉넉해요,꼼꼼해요,편리해요,Y
BP_011,"에이스바이옴 멀티비타민 3box, 6개월분",https://smartstore.naver.com/main/products/10769639189,2024-09-26,5,"아이스박스에 꼼꼼하게 포장되어 왔고요, 마그네슘등 여러가지 미량원소도 포함되어 좋네요^^ 소비기한도 26년7월까지로 넉넉합니다.",,아주 넉넉해요,꼼꼼해요,편리해요,Y
BP_011,"에이스바이옴 멀티비타민 3box, 6개월분",https://smartstore.naver.com/main/products/10769639189,2024-09-26,4,"비타민은 따로 먹지 않고 있었는데
가격이 너무좋아서 사보게 됐어요!
다이어트할때 비타민 같이 섭취해주라고
들은거 같아요!",여성,아주 넉넉해요,꼼꼼해요,편리해요,Y
BP_011,"에이스바이옴 멀티비타민 3box, 6개월분",https://smartstore.naver.com/main/products/10769639189,2024-09-26,5,아직안먹어봤지만 한달먹어보고 다시후기남기려구요^^,,꽤 남았어요,적당해요,편리해요,Y
BP_011,"에이스바이옴 멀티비타민 3box, 6개월분",https://smartstore.naver.com/main/products/10769639189,2024-09-26,5,식약처 인증이라 좋아요,,아주 넉넉해요,꼼꼼해요,편리해요,Y
BP_011,"에이스바이옴 멀티비타민 3box, 6개월분",https://smartstore.naver.com/main/products/10769639189,2024-08-29,5,특히 비타민B군이 골고루 들어있네요. 효과는 꾸준히 먹어봐야겠죠?,여성,아주 넉넉해요,꼼꼼해요,편리해요,Y
