﻿상품코드,상품명,URL,날짜,별점,리뷰텍스트,구매자 성별,유통기한,포장,편리,판매여부
BP_040,[쇼핑라이브 전용 상품] BNR17 비에날퀸 갱년기유산균 회화열매 모유유래유산균 6개월+비에날씬 프로틴 14포+텀블러 증정,https://smartstore.naver.com/main/products/7289514335,2022-10-20,5,빠른배송 유통기간도 넉넉해요,,아주 넉넉해요,꼼꼼해요,편리해요,Y
BP_040,[쇼핑라이브 전용 상품] BNR17 비에날퀸 갱년기유산균 회화열매 모유유래유산균 6개월+비에날씬 프로틴 14포+텀블러 증정,https://smartstore.naver.com/main/products/7289514335,2022-10-18,5,"이번엔 퀸으로 재구매합니다.
건강을위해 꾸준히 챙겨먹고있어요.
몸이가벼워지는 느낌은 있어요. +1",,아주 넉넉해요,꼼꼼해요,편리해요,Y
