﻿상품코드,상품명,URL,날짜,별점,리뷰텍스트,구매자 성별,유통기한,포장,편리,판매여부
BP_024,BNR17 비에날씬플러스 다이어트유산균 모유유래 체지방감소 10포 10일분 분말,https://smartstore.naver.com/main/products/5025351460,2025-09-30,4,맛있네요 먹기가 편하고요,,아주 넉넉해요,꼼꼼해요,편리해요,Y
BP_024,BNR17 비에날씬플러스 다이어트유산균 모유유래 체지방감소 10포 10일분 분말,https://smartstore.naver.com/main/products/5025351460,2025-09-06,4,가격대도 비싼데 특별히 체감되는 건 없었고 딱히 배변활동에 도움을 주는 것 같지 않음,,꽤 남았어요,적당해요,편리해요,Y
BP_024,BNR17 비에날씬플러스 다이어트유산균 모유유래 체지방감소 10포 10일분 분말,https://smartstore.naver.com/main/products/5025351460,2025-08-21,5,"1.맛이 무난함.
2분말이라 먹기 편함.
3.향도 괜찮음.",,아주 넉넉해요,꼼꼼해요,편리해요,Y
BP_024,BNR17 비에날씬플러스 다이어트유산균 모유유래 체지방감소 10포 10일분 분말,https://smartstore.naver.com/main/products/5025351460,2025-08-09,5,"구매자선택안함건강관심사 면역력
 한달사용변비에는 좋으것 같네요",,아주 넉넉해요,꼼꼼해요,편리해요,Y
BP_024,BNR17 비에날씬플러스 다이어트유산균 모유유래 체지방감소 10포 10일분 분말,https://smartstore.naver.com/main/products/5025351460,2025-07-31,5,"스치로폼 박스에 꼼꼼히 포장되어있고
배송 완전 빠르네요~",,아주 넉넉해요,꼼꼼해요,편리해요,Y
BP_024,BNR17 비에날씬플러스 다이어트유산균 모유유래 체지방감소 10포 10일분 분말,https://smartstore.naver.com/main/products/5025351460,2025-07-30,5,워낙 장이 예민해서.. 이왕 유산균 먹는 거 비싸고 좋은 거 먹자 하고 먹습니다 다이어트는 잘 모르겠고 꾸준히 먹는데 좋아요 원래 알약으로 먹는데 이번에 가루도 사봤어요 가루도 먹기 좋네요,,아주 넉넉해요,꼼꼼해요,편리해요,Y
BP_024,BNR17 비에날씬플러스 다이어트유산균 모유유래 체지방감소 10포 10일분 분말,https://smartstore.naver.com/main/products/5025351460,2025-07-30,5,한달사용효과 좋아서 꾸준히 복용하고 있어요,,아주 넉넉해요,꼼꼼해요,편리해요,Y
BP_024,BNR17 비에날씬플러스 다이어트유산균 모유유래 체지방감소 10포 10일분 분말,https://smartstore.naver.com/main/products/5025351460,2025-07-20,4,"한달사용꾸준히 복용하니 장 건강에도움 되어요
다욧트는 ?그닥 좀더 먹으면 효과있겠죠?",,아주 넉넉해요,꼼꼼해요,편리해요,Y
BP_024,BNR17 비에날씬플러스 다이어트유산균 모유유래 체지방감소 10포 10일분 분말,https://smartstore.naver.com/main/products/5025351460,2025-07-15,4,"알약의 크기가 작아 섭취가 용이하고
다이어트와 장건강에 기대해봅니다",,아주 넉넉해요,꼼꼼해요,그냥그래요,Y
BP_024,BNR17 비에날씬플러스 다이어트유산균 모유유래 체지방감소 10포 10일분 분말,https://smartstore.naver.com/main/products/5025351460,2025-07-03,5,"구매자선택안함건강관심사 면역력
 이제품 다 먹고 또 주문 할게요
효과 100% 있어요
변비때문에 주문했는데. 첫날 먹고 나서 바로 화장실로 직행했습니다",,아주 넉넉해요,꼼꼼해요,편리해요,Y
BP_024,BNR17 비에날씬플러스 다이어트유산균 모유유래 체지방감소 10포 10일분 분말,https://smartstore.naver.com/main/products/5025351460,2025-07-01,4,"한달사용가격이 너무쎄요
홈쇼핑서 알약타입먹다가 가루타입은 잘안먹게되네요",,아주 넉넉해요,꼼꼼해요,그냥그래요,Y
BP_024,BNR17 비에날씬플러스 다이어트유산균 모유유래 체지방감소 10포 10일분 분말,https://smartstore.naver.com/main/products/5025351460,2025-06-16,4,"한달사용생각했던것보다 장활동이나
별다른 차이점을 모르겠네요ㅠ 
?
1",,꽤 남았어요,적당해요,그냥그래요,Y
BP_024,BNR17 비에날씬플러스 다이어트유산균 모유유래 체지방감소 10포 10일분 분말,https://smartstore.naver.com/main/products/5025351460,2025-06-05,3,가격이 상당하네요 10포인데 ...좋은지 모르겠어요,,아주 넉넉해요,꼼꼼해요,그냥그래요,Y
BP_024,BNR17 비에날씬플러스 다이어트유산균 모유유래 체지방감소 10포 10일분 분말,https://smartstore.naver.com/main/products/5025351460,2025-06-04,5,한달사용좋아요 ㅎㅎ 좋아요 ㅎㅎ 좋아요 ㅎㅎ 좋아요 ㅎㅎ 좋아요 ㅎㅎ,,꽤 남았어요,적당해요,그냥그래요,Y
BP_024,BNR17 비에날씬플러스 다이어트유산균 모유유래 체지방감소 10포 10일분 분말,https://smartstore.naver.com/main/products/5025351460,2025-06-04,5,한달사용잘 먹고 있어요 만족하며 먹고잇는데 너무 비싸용 ㅠㅠ,여성,꽤 남았어요,적당해요,그냥그래요,Y
BP_024,BNR17 비에날씬플러스 다이어트유산균 모유유래 체지방감소 10포 10일분 분말,https://smartstore.naver.com/main/products/5025351460,2025-06-04,5,"건강관심사 장건강노화방지면역력
 한달사용늘 복용하고 있어요. 체지방에 도움되어 앞으로도 계속 구매할 것 같아요",여성,아주 넉넉해요,꼼꼼해요,편리해요,Y
BP_024,BNR17 비에날씬플러스 다이어트유산균 모유유래 체지방감소 10포 10일분 분말,https://smartstore.naver.com/main/products/5025351460,2025-05-13,5,상품 잘 받았습니다 좋아요,,아주 넉넉해요,꼼꼼해요,편리해요,Y
BP_024,BNR17 비에날씬플러스 다이어트유산균 모유유래 체지방감소 10포 10일분 분말,https://smartstore.naver.com/main/products/5025351460,2025-05-13,5,체지방이 빠지는 효과를 누렸습니다. 다만 여행갈 때 휴대할 수 있으면 좋겠어요,,아주 넉넉해요,꼼꼼해요,편리해요,Y
BP_024,BNR17 비에날씬플러스 다이어트유산균 모유유래 체지방감소 10포 10일분 분말,https://smartstore.naver.com/main/products/5025351460,2025-05-10,5,"배송도 빠르고 변비와
체지방에 도움될거라 믿고
주문해서 먹어보려고요",,아주 넉넉해요,꼼꼼해요,편리해요,Y
BP_024,BNR17 비에날씬플러스 다이어트유산균 모유유래 체지방감소 10포 10일분 분말,https://smartstore.naver.com/main/products/5025351460,2025-05-03,5,"건강관심사 장건강
 한달사용효과좋아요^^ 재구매는 별로",여성,아주 넉넉해요,꼼꼼해요,편리해요,Y
BP_024,BNR17 비에날씬플러스 다이어트유산균 모유유래 체지방감소 10포 10일분 분말,https://smartstore.naver.com/main/products/5025351460,2025-04-29,5,"더브륵 하고 아랫배. 빵빵 했는데
소화잘되고. 더브륵하지않고
아주좋아요
살 빠지는거는 아직 모르지만
속은 아주 편안 합니다",,아주 넉넉해요,꼼꼼해요,편리해요,Y
BP_024,BNR17 비에날씬플러스 다이어트유산균 모유유래 체지방감소 10포 10일분 분말,https://smartstore.naver.com/main/products/5025351460,2025-04-28,5,한달사용너무 좋긴 한데..가격이 너무 쎄요..좀 아쉽네요.,,아주 넉넉해요,꼼꼼해요,편리해요,Y
BP_024,BNR17 비에날씬플러스 다이어트유산균 모유유래 체지방감소 10포 10일분 분말,https://smartstore.naver.com/main/products/5025351460,2025-04-28,4,좋아요 ㅎㅎ 좋아요 ㅎㅎ 좋아요 ㅎㅎ 좋아요 ㅎㅎ 좋아요 ㅎㅎ,,꽤 남았어요,적당해요,그냥그래요,Y
BP_024,BNR17 비에날씬플러스 다이어트유산균 모유유래 체지방감소 10포 10일분 분말,https://smartstore.naver.com/main/products/5025351460,2025-04-08,5,잘 받았고요 가격이 꽤 있는 편이에요 어떤지는 먹어보고 또 리뷰 남길게요,,아주 넉넉해요,꼼꼼해요,편리해요,Y
BP_024,BNR17 비에날씬플러스 다이어트유산균 모유유래 체지방감소 10포 10일분 분말,https://smartstore.naver.com/main/products/5025351460,2025-04-03,5,"건강관심사 장건강
 배변에 좋은것 같아요",여성,아주 넉넉해요,꼼꼼해요,편리해요,Y
BP_024,BNR17 비에날씬플러스 다이어트유산균 모유유래 체지방감소 10포 10일분 분말,https://smartstore.naver.com/main/products/5025351460,2025-03-28,5,한달사용또 주문해야하는데 비싸네요,,아주 넉넉해요,꼼꼼해요,편리해요,Y
BP_024,BNR17 비에날씬플러스 다이어트유산균 모유유래 체지방감소 10포 10일분 분말,https://smartstore.naver.com/main/products/5025351460,2025-03-28,5,약간 설사가 나는 이유는.... 괜찮겠죠?,,아주 넉넉해요,꼼꼼해요,편리해요,Y
BP_024,BNR17 비에날씬플러스 다이어트유산균 모유유래 체지방감소 10포 10일분 분말,https://smartstore.naver.com/main/products/5025351460,2025-03-25,5,한달사용먹기 편하고 좋아요,,아주 넉넉해요,꼼꼼해요,편리해요,Y
BP_024,BNR17 비에날씬플러스 다이어트유산균 모유유래 체지방감소 10포 10일분 분말,https://smartstore.naver.com/main/products/5025351460,2025-03-19,5,한달사용먹으면 화장실은 잘 가는데.. 배탈 느낌이라 상황봐서 먹어야 해요.,,꽤 남았어요,적당해요,그냥그래요,Y
BP_024,BNR17 비에날씬플러스 다이어트유산균 모유유래 체지방감소 10포 10일분 분말,https://smartstore.naver.com/main/products/5025351460,2025-03-18,3,한달사용솔직히 효과를 모르겠어 요,,꽤 남았어요,적당해요,그냥그래요,Y
BP_024,BNR17 비에날씬플러스 다이어트유산균 모유유래 체지방감소 10포 10일분 분말,https://smartstore.naver.com/main/products/5025351460,2025-03-12,4,한달사용꾸준히 먹고있는데 효과있으시다는거 같아요~,,꽤 남았어요,적당해요,편리해요,Y
BP_024,BNR17 비에날씬플러스 다이어트유산균 모유유래 체지방감소 10포 10일분 분말,https://smartstore.naver.com/main/products/5025351460,2025-03-12,5,한달사용상큼한 맛이라 잘 넘어갑니다,,아주 넉넉해요,꼼꼼해요,편리해요,Y
BP_024,BNR17 비에날씬플러스 다이어트유산균 모유유래 체지방감소 10포 10일분 분말,https://smartstore.naver.com/main/products/5025351460,2025-02-23,5,먹기 편하고 좋아요,,아주 넉넉해요,꼼꼼해요,편리해요,Y
BP_024,BNR17 비에날씬플러스 다이어트유산균 모유유래 체지방감소 10포 10일분 분말,https://smartstore.naver.com/main/products/5025351460,2025-02-21,5,좋습니다 알약으로 먹다가 가루로 먹는데 편하네요,,아주 넉넉해요,꼼꼼해요,편리해요,Y
BP_024,BNR17 비에날씬플러스 다이어트유산균 모유유래 체지방감소 10포 10일분 분말,https://smartstore.naver.com/main/products/5025351460,2025-02-21,5,청포도? 사과? 상큼해서 목넘김이 좋아요,,꽤 남았어요,적당해요,편리해요,Y
BP_024,BNR17 비에날씬플러스 다이어트유산균 모유유래 체지방감소 10포 10일분 분말,https://smartstore.naver.com/main/products/5025351460,2025-02-18,4,열흘 먼저 먹어보고 구매했어요,,꽤 남았어요,적당해요,편리해요,Y
BP_024,BNR17 비에날씬플러스 다이어트유산균 모유유래 체지방감소 10포 10일분 분말,https://smartstore.naver.com/main/products/5025351460,2025-02-16,5,배송이 빨라서 좋았어요.,,꽤 남았어요,적당해요,그냥그래요,Y
BP_024,BNR17 비에날씬플러스 다이어트유산균 모유유래 체지방감소 10포 10일분 분말,https://smartstore.naver.com/main/products/5025351460,2025-02-11,4,한달사용먹는 동안 트러블 없었고. 변은 잘 보았으나.. 감량 효과는 없었습니다,,꽤 남았어요,적당해요,그냥그래요,Y
BP_024,BNR17 비에날씬플러스 다이어트유산균 모유유래 체지방감소 10포 10일분 분말,https://smartstore.naver.com/main/products/5025351460,2025-02-08,5,한달사용배송빨라서좋았어요 굿,,아주 넉넉해요,꼼꼼해요,편리해요,Y
BP_024,BNR17 비에날씬플러스 다이어트유산균 모유유래 체지방감소 10포 10일분 분말,https://smartstore.naver.com/main/products/5025351460,2025-01-29,5,재구매한달사용맛있고 화장실도 잘가요 단점은 가격?,,꽤 남았어요,적당해요,편리해요,Y
BP_024,BNR17 비에날씬플러스 다이어트유산균 모유유래 체지방감소 10포 10일분 분말,https://smartstore.naver.com/main/products/5025351460,2025-01-29,5,"재구매한달사용화장실 못갈 때
마다 잘 시캬먹었어요",,아주 넉넉해요,적당해요,편리해요,Y
BP_024,BNR17 비에날씬플러스 다이어트유산균 모유유래 체지방감소 10포 10일분 분말,https://smartstore.naver.com/main/products/5025351460,2024-12-22,5,한달사용분말은 살짝 달콤한 맛이 있어서 잘 먹고 있습니다~,여성,꽤 남았어요,적당해요,그냥그래요,Y
BP_024,BNR17 비에날씬플러스 다이어트유산균 모유유래 체지방감소 10포 10일분 분말,https://smartstore.naver.com/main/products/5025351460,2024-12-20,4,재구매한달사용그동안은 캡슐안에 든 유산균이 흰색이었는데 이번 배송된건 안에 살짝 노랗게 알갱이들이 색이변한게 있는데 유산균이 상한건지 몬지 모르겠어요. 가격도 비싼데 검수좀 잘해주세요.,,꽤 남았어요,적당해요,편리해요,Y
BP_024,BNR17 비에날씬플러스 다이어트유산균 모유유래 체지방감소 10포 10일분 분말,https://smartstore.naver.com/main/products/5025351460,2024-12-10,5,한달사용또 이번에도 샀어요 아주 좋아요,남성,아주 넉넉해요,꼼꼼해요,편리해요,Y
BP_024,BNR17 비에날씬플러스 다이어트유산균 모유유래 체지방감소 10포 10일분 분말,https://smartstore.naver.com/main/products/5025351460,2024-12-09,5,한달사용화장실에서 10분정도 걸렸는데 복용하고 나서부터 5분만에 나올 수 있게됐어요,,꽤 남았어요,적당해요,편리해요,Y
BP_024,BNR17 비에날씬플러스 다이어트유산균 모유유래 체지방감소 10포 10일분 분말,https://smartstore.naver.com/main/products/5025351460,2024-11-11,5,재구매한달사용한달가까이먹고 있는데 더 꾸준히 먹어 뵈야 할것 같아요 ~~,여성,아주 넉넉해요,꼼꼼해요,편리해요,Y
BP_024,BNR17 비에날씬플러스 다이어트유산균 모유유래 체지방감소 10포 10일분 분말,https://smartstore.naver.com/main/products/5025351460,2024-10-31,5,한달사용건강위해서 구입했는데요 먹기에 편하고 넘좋아,,아주 넉넉해요,꼼꼼해요,편리해요,Y
BP_024,BNR17 비에날씬플러스 다이어트유산균 모유유래 체지방감소 10포 10일분 분말,https://smartstore.naver.com/main/products/5025351460,2024-10-13,5,맛있어요 다들 먹는 이유가 있네요,남성,아주 넉넉해요,꼼꼼해요,편리해요,Y
BP_024,BNR17 비에날씬플러스 다이어트유산균 모유유래 체지방감소 10포 10일분 분말,https://smartstore.naver.com/main/products/5025351460,2024-10-08,5,아이들이 잘 먹어요,,꽤 남았어요,적당해요,그냥그래요,Y
BP_024,BNR17 비에날씬플러스 다이어트유산균 모유유래 체지방감소 10포 10일분 분말,https://smartstore.naver.com/main/products/5025351460,2024-10-05,5,재구매한달사용얘만 먹으면 화장실 잘가요,,아주 넉넉해요,꼼꼼해요,편리해요,Y
BP_024,BNR17 비에날씬플러스 다이어트유산균 모유유래 체지방감소 10포 10일분 분말,https://smartstore.naver.com/main/products/5025351460,2024-10-02,5,분말보단 캡슐을 좋아하긴 하는데 효과 비교해보려고 구입했습니다. 비엔알은 다 좋을것 같긴하네요.,여성,꽤 남았어요,적당해요,그냥그래요,Y
BP_024,BNR17 비에날씬플러스 다이어트유산균 모유유래 체지방감소 10포 10일분 분말,https://smartstore.naver.com/main/products/5025351460,2024-10-02,5,재구매아침에 일어나서 정해놓은 시간에 10일 넘게 먹고 있네요 ~ 처음 며칠은 효과 없네 머야 했는데 한통 떨어 질때쯤 화장실 매일 가길래 엇 바로 한통 재구매 했는데 꾸준히 먹어 보려구요^^~~,,아주 넉넉해요,꼼꼼해요,편리해요,Y
BP_024,BNR17 비에날씬플러스 다이어트유산균 모유유래 체지방감소 10포 10일분 분말,https://smartstore.naver.com/main/products/5025351460,2024-09-30,5,현재 잘먹고있구요 먹기도 넘 편리하고 넘조아요,,아주 넉넉해요,꼼꼼해요,편리해요,Y
BP_024,BNR17 비에날씬플러스 다이어트유산균 모유유래 체지방감소 10포 10일분 분말,https://smartstore.naver.com/main/products/5025351460,2024-09-29,4,한달사용잘받았습니다 감사합니다,,꽤 남았어요,적당해요,그냥그래요,Y
BP_024,BNR17 비에날씬플러스 다이어트유산균 모유유래 체지방감소 10포 10일분 분말,https://smartstore.naver.com/main/products/5025351460,2024-09-23,5,"지금 3일째 먹고 있는데
아직 잘 모르겠어요 뭐든 꾸준히 먹어야 효과가 있으니 꾸준히 먹어 보려구요 ~",,아주 넉넉해요,꼼꼼해요,편리해요,Y
BP_024,BNR17 비에날씬플러스 다이어트유산균 모유유래 체지방감소 10포 10일분 분말,https://smartstore.naver.com/main/products/5025351460,2024-09-15,5,"한달사용엄마가 먹어보고싶다고 하셔서 주문했는데, 한달 먹어보고 효과가 좋다고 하셔서 또 주문했습니다!",,아주 넉넉해요,꼼꼼해요,편리해요,Y
BP_024,BNR17 비에날씬플러스 다이어트유산균 모유유래 체지방감소 10포 10일분 분말,https://smartstore.naver.com/main/products/5025351460,2024-09-11,5,재구매한달사용늘 먹던거에요 좋아용,,아주 넉넉해요,꼼꼼해요,편리해요,Y
BP_024,BNR17 비에날씬플러스 다이어트유산균 모유유래 체지방감소 10포 10일분 분말,https://smartstore.naver.com/main/products/5025351460,2024-09-02,5,한달사용좋은제품 판매해주셔서 감사합니다 잘 먹고 있습니다,남성,아주 넉넉해요,꼼꼼해요,편리해요,Y
BP_024,BNR17 비에날씬플러스 다이어트유산균 모유유래 체지방감소 10포 10일분 분말,https://smartstore.naver.com/main/products/5025351460,2024-08-24,3,잘받았습니다 감사합니다. 비싸요,,꽤 남았어요,적당해요,편리해요,Y
BP_024,BNR17 비에날씬플러스 다이어트유산균 모유유래 체지방감소 10포 10일분 분말,https://smartstore.naver.com/main/products/5025351460,2024-08-24,5,재구매늘 먹던거에용 좋아요!!,,아주 넉넉해요,꼼꼼해요,편리해요,Y
BP_024,BNR17 비에날씬플러스 다이어트유산균 모유유래 체지방감소 10포 10일분 분말,https://smartstore.naver.com/main/products/5025351460,2024-08-18,3,"재구매한달사용참 좋아요.. 먹고 안 먹고 차이가.. 다만 가격이 사악해서 괜히 김희선 님이 원망스러움 ㅎ
제 뱃살이 문제죠 뭐. 이러고 살면서 저렴한 유산균으로 갈아타야져",여성,아주 넉넉해요,꼼꼼해요,편리해요,Y
BP_024,BNR17 비에날씬플러스 다이어트유산균 모유유래 체지방감소 10포 10일분 분말,https://smartstore.naver.com/main/products/5025351460,2024-08-13,5,먹기편한데 알약이 나은지 스틱이 나은지 잘모르겠음,,꽤 남았어요,적당해요,편리해요,Y
BP_024,BNR17 비에날씬플러스 다이어트유산균 모유유래 체지방감소 10포 10일분 분말,https://smartstore.naver.com/main/products/5025351460,2024-08-13,5,"한달사용조금 달달하기도 해서 유산균 먹는데 무리가 전혀 없었고, 체지방감소가 되는지는 느끼지 못했습니다.",여성,아주 넉넉해요,꼼꼼해요,편리해요,Y
BP_024,BNR17 비에날씬플러스 다이어트유산균 모유유래 체지방감소 10포 10일분 분말,https://smartstore.naver.com/main/products/5025351460,2024-08-12,5,한달사용아주 맛이좋고 먹기편해요 ~,여성,아주 넉넉해요,꼼꼼해요,편리해요,Y
BP_024,BNR17 비에날씬플러스 다이어트유산균 모유유래 체지방감소 10포 10일분 분말,https://smartstore.naver.com/main/products/5025351460,2024-08-09,3,"재구매음 한달넘게 먹다가 별로 큰 효과는 없어서 중단했어여 ㅠㅠㅠ
아쉽습니다",,아주 넉넉해요,꼼꼼해요,그냥그래요,Y
BP_024,BNR17 비에날씬플러스 다이어트유산균 모유유래 체지방감소 10포 10일분 분말,https://smartstore.naver.com/main/products/5025351460,2024-08-06,1,"한달사용잘모르겠어요
다른제품보다요",,아주 넉넉해요,꼼꼼해요,편리해요,Y
BP_024,BNR17 비에날씬플러스 다이어트유산균 모유유래 체지방감소 10포 10일분 분말,https://smartstore.naver.com/main/products/5025351460,2024-07-30,5,재구매한달사용좋아요 좋아요오ㅇ오오,,아주 넉넉해요,꼼꼼해요,편리해요,Y
BP_024,BNR17 비에날씬플러스 다이어트유산균 모유유래 체지방감소 10포 10일분 분말,https://smartstore.naver.com/main/products/5025351460,2024-07-30,5,재구매한달사용좋아요 유산균중에서 최고인거같아요,,아주 넉넉해요,꼼꼼해요,편리해요,Y
BP_024,BNR17 비에날씬플러스 다이어트유산균 모유유래 체지방감소 10포 10일분 분말,https://smartstore.naver.com/main/products/5025351460,2024-07-29,5,재구매한달사용10통넘게 먹고있구요 화장실 잘가요 ㅠㅠ,,아주 넉넉해요,꼼꼼해요,편리해요,Y
BP_024,BNR17 비에날씬플러스 다이어트유산균 모유유래 체지방감소 10포 10일분 분말,https://smartstore.naver.com/main/products/5025351460,2024-07-28,5,맛보기로주문해봤습니다,,아주 넉넉해요,꼼꼼해요,편리해요,Y
BP_024,BNR17 비에날씬플러스 다이어트유산균 모유유래 체지방감소 10포 10일분 분말,https://smartstore.naver.com/main/products/5025351460,2024-07-23,1,"잘모르겠네요
다른건바로나타나는데",,꽤 남았어요,적당해요,편리해요,Y
BP_024,BNR17 비에날씬플러스 다이어트유산균 모유유래 체지방감소 10포 10일분 분말,https://smartstore.naver.com/main/products/5025351460,2024-07-22,5,잘 먹겠습니다~감사합니다,남성,아주 넉넉해요,꼼꼼해요,편리해요,Y
BP_024,BNR17 비에날씬플러스 다이어트유산균 모유유래 체지방감소 10포 10일분 분말,https://smartstore.naver.com/main/products/5025351460,2024-07-17,5,"한달사용아이스박스에 왔길래 냉장보관하고 먹었는데 가격대비 큰 효과는 잘 모르겠어요
그냥 일반 유산균 먹으려구용",여성,아주 넉넉해요,꼼꼼해요,편리해요,Y
BP_024,BNR17 비에날씬플러스 다이어트유산균 모유유래 체지방감소 10포 10일분 분말,https://smartstore.naver.com/main/products/5025351460,2024-07-16,5,한달사용여름이지만 냉장보관이지만 샀어요 화장실 넘 잘가서요..,,아주 넉넉해요,꼼꼼해요,편리해요,Y
BP_024,BNR17 비에날씬플러스 다이어트유산균 모유유래 체지방감소 10포 10일분 분말,https://smartstore.naver.com/main/products/5025351460,2024-07-11,5,재구매말해뭐해요 갓템 넘 데일리 유산균 ㅎ,,아주 넉넉해요,꼼꼼해요,편리해요,Y
BP_024,BNR17 비에날씬플러스 다이어트유산균 모유유래 체지방감소 10포 10일분 분말,https://smartstore.naver.com/main/products/5025351460,2024-07-11,5,재구매꽤 많이 시켜먹었어요! 여름에 냉장보관이라 여항갈때 들고가기는 좀 힘들지만..ㅎㅎ 넘 맛있고 ㅎ하장실 잘가서 좋아요 배송도 빠르구요!,,아주 넉넉해요,꼼꼼해요,편리해요,Y
BP_024,BNR17 비에날씬플러스 다이어트유산균 모유유래 체지방감소 10포 10일분 분말,https://smartstore.naver.com/main/products/5025351460,2024-07-09,5,재구매배변활동이좋아졌어요,여성,아주 넉넉해요,꼼꼼해요,편리해요,Y
BP_024,BNR17 비에날씬플러스 다이어트유산균 모유유래 체지방감소 10포 10일분 분말,https://smartstore.naver.com/main/products/5025351460,2024-07-09,5,한달사용넘좋은제품이니 추천해주고싶어요~몸이가벼워지는느낌입니다,여성,아주 넉넉해요,꼼꼼해요,편리해요,Y
BP_024,BNR17 비에날씬플러스 다이어트유산균 모유유래 체지방감소 10포 10일분 분말,https://smartstore.naver.com/main/products/5025351460,2024-07-05,5,비에날씬… 꼭 먹어보고 싶었는데… 다이어트 유산균~^^ 좋네요!!,여성,아주 넉넉해요,꼼꼼해요,편리해요,Y
BP_024,BNR17 비에날씬플러스 다이어트유산균 모유유래 체지방감소 10포 10일분 분말,https://smartstore.naver.com/main/products/5025351460,2024-07-02,4,"주변 추천받고삼
아짇 효과는 모르겠어요
이거 먹으면서 식이 하면
부스터 효과가 있으려낭",,꽤 남았어요,적당해요,편리해요,Y
BP_024,BNR17 비에날씬플러스 다이어트유산균 모유유래 체지방감소 10포 10일분 분말,https://smartstore.naver.com/main/products/5025351460,2024-07-02,5,"재구매효과는 잘모르겠고 20봉째 먹는중
좋다길래 먹고는 있는데...
좋은거겠죠?
맛은 있어요 가루로 먹으니 ㅋㅋ",,꽤 남았어요,적당해요,편리해요,Y
BP_024,BNR17 비에날씬플러스 다이어트유산균 모유유래 체지방감소 10포 10일분 분말,https://smartstore.naver.com/main/products/5025351460,2024-06-25,5,재구매이거 먹으면 화장실 잘가요! 돌고돌아ㅜ결국정착,,아주 넉넉해요,별로예요,그냥그래요,Y
BP_024,BNR17 비에날씬플러스 다이어트유산균 모유유래 체지방감소 10포 10일분 분말,https://smartstore.naver.com/main/products/5025351460,2024-06-20,5,진짜 화장시루잘가요..결국 돌아돌아 다시ㅜ이제품 ㅠ,,아주 넉넉해요,꼼꼼해요,편리해요,Y
BP_024,BNR17 비에날씬플러스 다이어트유산균 모유유래 체지방감소 10포 10일분 분말,https://smartstore.naver.com/main/products/5025351460,2024-06-19,3,특허원료 사용한 유산균이라는데 그냥 그래요,여성,아주 넉넉해요,꼼꼼해요,편리해요,Y
BP_024,BNR17 비에날씬플러스 다이어트유산균 모유유래 체지방감소 10포 10일분 분말,https://smartstore.naver.com/main/products/5025351460,2024-06-19,5,"한달사용작은거라 한달이 지났는데도 별위미가 없지만
그래도 삼한 운동하기전에 먹고 하면 괜찮을거예요",남성,꽤 남았어요,적당해요,그냥그래요,Y
BP_024,BNR17 비에날씬플러스 다이어트유산균 모유유래 체지방감소 10포 10일분 분말,https://smartstore.naver.com/main/products/5025351460,2024-06-17,5,한달사용여기서는 아이스박스에 배송해줘서 좋아요.,여성,아주 넉넉해요,꼼꼼해요,편리해요,Y
BP_024,BNR17 비에날씬플러스 다이어트유산균 모유유래 체지방감소 10포 10일분 분말,https://smartstore.naver.com/main/products/5025351460,2024-06-09,5,한달사용효과는 좋으나 가격이 사악,,꽤 남았어요,적당해요,그냥그래요,Y
BP_024,BNR17 비에날씬플러스 다이어트유산균 모유유래 체지방감소 10포 10일분 분말,https://smartstore.naver.com/main/products/5025351460,2024-06-04,5,재구매늘 먹는거에용 이거만한게없어요,,아주 넉넉해요,꼼꼼해요,편리해요,Y
BP_024,BNR17 비에날씬플러스 다이어트유산균 모유유래 체지방감소 10포 10일분 분말,https://smartstore.naver.com/main/products/5025351460,2024-06-03,5,사과맛이 나고 캡슐보다 전 더 효과있는것같아요,,아주 넉넉해요,꼼꼼해요,편리해요,Y
BP_024,BNR17 비에날씬플러스 다이어트유산균 모유유래 체지방감소 10포 10일분 분말,https://smartstore.naver.com/main/products/5025351460,2024-05-30,5,배송도 빠르고 포장도 잘 해서 왔어요,여성,아주 넉넉해요,꼼꼼해요,편리해요,Y
BP_024,BNR17 비에날씬플러스 다이어트유산균 모유유래 체지방감소 10포 10일분 분말,https://smartstore.naver.com/main/products/5025351460,2024-05-26,5,먹기좋아요 자주구매 합니다,여성,아주 넉넉해요,꼼꼼해요,편리해요,Y
BP_024,BNR17 비에날씬플러스 다이어트유산균 모유유래 체지방감소 10포 10일분 분말,https://smartstore.naver.com/main/products/5025351460,2024-05-26,4,한달사용물과 함께 먹이니 편안하고 좋았어요,,꽤 남았어요,적당해요,편리해요,Y
BP_024,BNR17 비에날씬플러스 다이어트유산균 모유유래 체지방감소 10포 10일분 분말,https://smartstore.naver.com/main/products/5025351460,2024-05-24,5,효과는 있는데 가격이 사악해요,,꽤 남았어요,적당해요,그냥그래요,Y
BP_024,BNR17 비에날씬플러스 다이어트유산균 모유유래 체지방감소 10포 10일분 분말,https://smartstore.naver.com/main/products/5025351460,2024-05-19,5,재구매늘 먹던거에요 유산균 중에 젤 잘맞아용,,아주 넉넉해요,꼼꼼해요,편리해요,Y
BP_024,BNR17 비에날씬플러스 다이어트유산균 모유유래 체지방감소 10포 10일분 분말,https://smartstore.naver.com/main/products/5025351460,2024-05-17,5,알약으로먹다가 요걸로구매해봣어요,여성,아주 넉넉해요,꼼꼼해요,편리해요,Y
BP_024,BNR17 비에날씬플러스 다이어트유산균 모유유래 체지방감소 10포 10일분 분말,https://smartstore.naver.com/main/products/5025351460,2024-05-14,4,"첫 구매하고 받고보니 빠른배송이라 놀라워서 만족합니다.
근데 알약형식이랑 차이점이 뭐길래 3개가 알약형식과 비슷한 가격대입니까? 작은 얼음수준의 크기가 3개 있습니다.
일단 함 먹어보겠습니다",남성,꽤 남았어요,적당해요,그냥그래요,Y
BP_024,BNR17 비에날씬플러스 다이어트유산균 모유유래 체지방감소 10포 10일분 분말,https://smartstore.naver.com/main/products/5025351460,2024-05-11,5,남편이 유산균들 맛없다고 잘안먹는데 이거는 맛있다고 너무좋아해서 자주주문합니다!!,여성,아주 넉넉해요,꼼꼼해요,편리해요,Y
BP_024,BNR17 비에날씬플러스 다이어트유산균 모유유래 체지방감소 10포 10일분 분말,https://smartstore.naver.com/main/products/5025351460,2024-05-07,5,먹기편리하고 다이어트에 도움된다고해서 구매했어요,,꽤 남았어요,꼼꼼해요,편리해요,Y
BP_024,BNR17 비에날씬플러스 다이어트유산균 모유유래 체지방감소 10포 10일분 분말,https://smartstore.naver.com/main/products/5025351460,2024-05-03,5,"포장할때 얼음팩이 녹으면어 박스를 상하게 했는데, 내용물은 이상 없네요.",여성,아주 넉넉해요,별로예요,편리해요,Y
BP_024,BNR17 비에날씬플러스 다이어트유산균 모유유래 체지방감소 10포 10일분 분말,https://smartstore.naver.com/main/products/5025351460,2024-04-30,5,재구매한달사용먹기도편하고 냄새도없고 알크기가 작아서 목넘김도 편하고좋네요,여성,아주 넉넉해요,꼼꼼해요,편리해요,Y
BP_024,BNR17 비에날씬플러스 다이어트유산균 모유유래 체지방감소 10포 10일분 분말,https://smartstore.naver.com/main/products/5025351460,2024-04-30,4,한달사용계속먹고있는데 좋아요,,꽤 남았어요,적당해요,편리해요,Y
BP_024,BNR17 비에날씬플러스 다이어트유산균 모유유래 체지방감소 10포 10일분 분말,https://smartstore.naver.com/main/products/5025351460,2024-04-27,4,먹고 안 먹고 차이가 나요. 가격이 사악해서 문제...,여성,아주 넉넉해요,꼼꼼해요,편리해요,Y
BP_024,BNR17 비에날씬플러스 다이어트유산균 모유유래 체지방감소 10포 10일분 분말,https://smartstore.naver.com/main/products/5025351460,2024-04-16,5,한달사용유산균 좋아용~~~,,아주 넉넉해요,꼼꼼해요,편리해요,Y
BP_024,BNR17 비에날씬플러스 다이어트유산균 모유유래 체지방감소 10포 10일분 분말,https://smartstore.naver.com/main/products/5025351460,2024-04-16,5,"재구매유산균은 이거만한게 없어용
다이어트 목적도 있지만 장이 편해요",,아주 넉넉해요,꼼꼼해요,편리해요,Y
BP_024,BNR17 비에날씬플러스 다이어트유산균 모유유래 체지방감소 10포 10일분 분말,https://smartstore.naver.com/main/products/5025351460,2024-03-25,5,"한달사용몇번먹어보니 효과가있는것같아요
대변횟수도 좋구요
먹기도편하고좋네요",여성,아주 넉넉해요,꼼꼼해요,편리해요,Y
BP_024,BNR17 비에날씬플러스 다이어트유산균 모유유래 체지방감소 10포 10일분 분말,https://smartstore.naver.com/main/products/5025351460,2024-03-15,5,재구매꾸준히 챙겨먹네요 효과를 보는것도같고,여성,아주 넉넉해요,꼼꼼해요,편리해요,Y
BP_024,BNR17 비에날씬플러스 다이어트유산균 모유유래 체지방감소 10포 10일분 분말,https://smartstore.naver.com/main/products/5025351460,2024-03-06,4,깔끔분말이 굵으면 삼키기에도 불편한데 자잘해서 깔끔한듯요,,꽤 남았어요,적당해요,그냥그래요,Y
BP_024,BNR17 비에날씬플러스 다이어트유산균 모유유래 체지방감소 10포 10일분 분말,https://smartstore.naver.com/main/products/5025351460,2024-03-04,3,"지난번 알약으로 먹고 이번엔 과립형인데 효과는 모르겠지만 가격이 성분에 비해 너무 비싸요
다른 유산균과 성분비교해도 이해 안가는 가격이긴해요 꾸준히 먹어야 효과가 있는거라면 가격조절이나 프로모션 간간히 진행해주셨으면 하는 읜견입니다",,꽤 남았어요,적당해요,그냥그래요,Y
BP_024,BNR17 비에날씬플러스 다이어트유산균 모유유래 체지방감소 10포 10일분 분말,https://smartstore.naver.com/main/products/5025351460,2024-03-02,5,재구매사용해보니 좋네요 감사합니다,여성,아주 넉넉해요,꼼꼼해요,편리해요,Y
BP_024,BNR17 비에날씬플러스 다이어트유산균 모유유래 체지방감소 10포 10일분 분말,https://smartstore.naver.com/main/products/5025351460,2024-02-24,5,재구매주기적으로먹고있아요 다이어트는 모르지만 몸이 가벼운 느낌은 들어오,,꽤 남았어요,적당해요,편리해요,Y
BP_024,BNR17 비에날씬플러스 다이어트유산균 모유유래 체지방감소 10포 10일분 분말,https://smartstore.naver.com/main/products/5025351460,2024-02-23,5,"먹기부담없어 좋아요
감사합니다",여성,아주 넉넉해요,꼼꼼해요,편리해요,Y
BP_024,BNR17 비에날씬플러스 다이어트유산균 모유유래 체지방감소 10포 10일분 분말,https://smartstore.naver.com/main/products/5025351460,2024-02-08,5,한달사용냉장보관해야해서 조금 불편하긴했지만 먹기 간편해서 좋았어요,여성,아주 넉넉해요,꼼꼼해요,편리해요,Y
BP_024,BNR17 비에날씬플러스 다이어트유산균 모유유래 체지방감소 10포 10일분 분말,https://smartstore.naver.com/main/products/5025351460,2024-01-27,5,배송 빠르고 먹기 편리해요 가루가 좋다고 해서 구매했어요,,아주 넉넉해요,꼼꼼해요,편리해요,Y
BP_024,BNR17 비에날씬플러스 다이어트유산균 모유유래 체지방감소 10포 10일분 분말,https://smartstore.naver.com/main/products/5025351460,2024-01-02,5,"너무 비싸요. 가격 다운이나 할인좀 해주시면 좋겠어요. 부모님이 생유산균으로 드시는데 출장갈일이 있어서 가루로 주문한건데. 비싸도 너무 비쌉니다. ?
4",,아주 넉넉해요,꼼꼼해요,편리해요,Y
BP_024,BNR17 비에날씬플러스 다이어트유산균 모유유래 체지방감소 10포 10일분 분말,https://smartstore.naver.com/main/products/5025351460,2023-12-27,5,장이 불편했는데 많이 좋아졌어요,,꽤 남았어요,꼼꼼해요,편리해요,Y
BP_024,BNR17 비에날씬플러스 다이어트유산균 모유유래 체지방감소 10포 10일분 분말,https://smartstore.naver.com/main/products/5025351460,2023-11-28,3,"효과는 잘 모르겠고, 양에 비해 너무 비싸요",,꽤 남았어요,적당해요,편리해요,Y
BP_024,BNR17 비에날씬플러스 다이어트유산균 모유유래 체지방감소 10포 10일분 분말,https://smartstore.naver.com/main/products/5025351460,2023-11-22,5,한달사용제품 좋아요 잘쓰고 있어요,,아주 넉넉해요,꼼꼼해요,편리해요,Y
BP_024,BNR17 비에날씬플러스 다이어트유산균 모유유래 체지방감소 10포 10일분 분말,https://smartstore.naver.com/main/products/5025351460,2023-11-20,5,잘받았습니다 감사합니다,여성,아주 넉넉해요,꼼꼼해요,편리해요,Y
BP_024,BNR17 비에날씬플러스 다이어트유산균 모유유래 체지방감소 10포 10일분 분말,https://smartstore.naver.com/main/products/5025351460,2023-11-16,5,한달사용가격이 저렴하진 않아서 부모님께 한번 드셔보시고 더 구매해 드리려고 샀는데 일단 좀 더 드셔보시고 싶으시다고 재구매해 드렸어요,,아주 넉넉해요,꼼꼼해요,편리해요,Y
BP_024,BNR17 비에날씬플러스 다이어트유산균 모유유래 체지방감소 10포 10일분 분말,https://smartstore.naver.com/main/products/5025351460,2023-11-15,5,"구매자선택안함
 한달사용먹은 사람이 좋다고 이야기 해줌",,아주 넉넉해요,꼼꼼해요,편리해요,Y
BP_024,BNR17 비에날씬플러스 다이어트유산균 모유유래 체지방감소 10포 10일분 분말,https://smartstore.naver.com/main/products/5025351460,2023-11-13,3,"가루라 실온에 두고 먹는건줄...
냉장 좀 불편해요",,꽤 남았어요,적당해요,그냥그래요,Y
BP_024,BNR17 비에날씬플러스 다이어트유산균 모유유래 체지방감소 10포 10일분 분말,https://smartstore.naver.com/main/products/5025351460,2023-10-24,5,먹어보고 살려고 구매했어요. 다음에는 알약으로 사야겠어요,,아주 넉넉해요,꼼꼼해요,그냥그래요,Y
BP_024,BNR17 비에날씬플러스 다이어트유산균 모유유래 체지방감소 10포 10일분 분말,https://smartstore.naver.com/main/products/5025351460,2023-10-21,5,제품 좋네요 잘쓰고 있어요,,아주 넉넉해요,꼼꼼해요,편리해요,Y
BP_024,BNR17 비에날씬플러스 다이어트유산균 모유유래 체지방감소 10포 10일분 분말,https://smartstore.naver.com/main/products/5025351460,2023-10-17,5,장건강과 다이어트에 좋다고 해서 구입했습니다~♡,여성,아주 넉넉해요,꼼꼼해요,편리해요,Y
BP_024,BNR17 비에날씬플러스 다이어트유산균 모유유래 체지방감소 10포 10일분 분말,https://smartstore.naver.com/main/products/5025351460,2023-10-16,5,한달사용너므너므너므너므조아요,남성,아주 넉넉해요,꼼꼼해요,편리해요,Y
BP_024,BNR17 비에날씬플러스 다이어트유산균 모유유래 체지방감소 10포 10일분 분말,https://smartstore.naver.com/main/products/5025351460,2023-10-06,5,한달사용완전재구매각이에요 아침에속도편하고 맛두있어요,여성,아주 넉넉해요,꼼꼼해요,편리해요,Y
BP_024,BNR17 비에날씬플러스 다이어트유산균 모유유래 체지방감소 10포 10일분 분말,https://smartstore.naver.com/main/products/5025351460,2023-10-05,5,"구매자선택안함
 잘먹고 있어요 고맙습니다",,아주 넉넉해요,꼼꼼해요,편리해요,Y
BP_024,BNR17 비에날씬플러스 다이어트유산균 모유유래 체지방감소 10포 10일분 분말,https://smartstore.naver.com/main/products/5025351460,2023-10-04,4,약 먹기 넘 힘든데... 하루 1알 이라서 편할것 같아요.,,아주 넉넉해요,꼼꼼해요,편리해요,Y
BP_024,BNR17 비에날씬플러스 다이어트유산균 모유유래 체지방감소 10포 10일분 분말,https://smartstore.naver.com/main/products/5025351460,2023-09-26,5,"한달사용다 먹어서 재구매 해야 할 듯 ! 꾸준히 먹어 보려고 합니다,",,아주 넉넉해요,꼼꼼해요,편리해요,Y
BP_024,BNR17 비에날씬플러스 다이어트유산균 모유유래 체지방감소 10포 10일분 분말,https://smartstore.naver.com/main/products/5025351460,2023-09-25,5,한달사용어머니께서 변비로 고생 중이셔서 구입해서 복용 중이신데 효과가 있다고 하시네요,,아주 넉넉해요,꼼꼼해요,편리해요,Y
BP_024,BNR17 비에날씬플러스 다이어트유산균 모유유래 체지방감소 10포 10일분 분말,https://smartstore.naver.com/main/products/5025351460,2023-09-09,5,너므너므너므너므좋ㅇㅏ요,남성,아주 넉넉해요,꼼꼼해요,편리해요,Y
BP_024,BNR17 비에날씬플러스 다이어트유산균 모유유래 체지방감소 10포 10일분 분말,https://smartstore.naver.com/main/products/5025351460,2023-09-07,5,엄청 꼼꼼하게 포장되어 도착~~,,아주 넉넉해요,꼼꼼해요,편리해요,Y
BP_024,BNR17 비에날씬플러스 다이어트유산균 모유유래 체지방감소 10포 10일분 분말,https://smartstore.naver.com/main/products/5025351460,2023-09-04,5,효과도꽤보고 좋아요 속도편하고 화장실도 꼬박가요 택배도 빨리받았네요 가격이조금 부담스럽지만 효과는 좋아요,여성,아주 넉넉해요,꼼꼼해요,편리해요,Y
BP_024,BNR17 비에날씬플러스 다이어트유산균 모유유래 체지방감소 10포 10일분 분말,https://smartstore.naver.com/main/products/5025351460,2023-08-26,5,"재구매합니다 요제품 찾기 힘든었는데 여기서 발견
저희고2아들 잘먹고있어요",,아주 넉넉해요,꼼꼼해요,편리해요,Y
BP_024,BNR17 비에날씬플러스 다이어트유산균 모유유래 체지방감소 10포 10일분 분말,https://smartstore.naver.com/main/products/5025351460,2023-08-25,5,속도 편하고 내장지방도 줄어드는거 같아요ㆍ계속 먹어보려고요~^^,,아주 넉넉해요,적당해요,편리해요,Y
BP_024,BNR17 비에날씬플러스 다이어트유산균 모유유래 체지방감소 10포 10일분 분말,https://smartstore.naver.com/main/products/5025351460,2023-08-24,5,배송 진짜.빠르고 다행히 얼음이 안 녹은 상태로 와서 좋았어여 먹 고 효과 좀 있길 기대해 봅니다,,아주 넉넉해요,꼼꼼해요,편리해요,Y
BP_024,BNR17 비에날씬플러스 다이어트유산균 모유유래 체지방감소 10포 10일분 분말,https://smartstore.naver.com/main/products/5025351460,2023-08-21,5,아직 먹는중이라 효과는 모르겠어요,여성,꽤 남았어요,꼼꼼해요,편리해요,Y
BP_024,BNR17 비에날씬플러스 다이어트유산균 모유유래 체지방감소 10포 10일분 분말,https://smartstore.naver.com/main/products/5025351460,2023-08-18,5,가격은 비싼데 한번 먹어보려구요,,아주 넉넉해요,꼼꼼해요,편리해요,Y
BP_024,BNR17 비에날씬플러스 다이어트유산균 모유유래 체지방감소 10포 10일분 분말,https://smartstore.naver.com/main/products/5025351460,2023-08-17,5,배송 빠르고 품질 만족해요,,아주 넉넉해요,꼼꼼해요,편리해요,Y
BP_024,BNR17 비에날씬플러스 다이어트유산균 모유유래 체지방감소 10포 10일분 분말,https://smartstore.naver.com/main/products/5025351460,2023-08-10,5,리뷰가 좋아서 믿고 먹어보려구요,여성,아주 넉넉해요,꼼꼼해요,편리해요,Y
BP_024,BNR17 비에날씬플러스 다이어트유산균 모유유래 체지방감소 10포 10일분 분말,https://smartstore.naver.com/main/products/5025351460,2023-07-16,4,"이거 가격이 너무 비싼더 같은데 몸 생각해서 그냥 먹었어요ㅋㅋ 좋아졌겠죠? 
?
1",,아주 넉넉해요,꼼꼼해요,편리해요,Y
BP_024,BNR17 비에날씬플러스 다이어트유산균 모유유래 체지방감소 10포 10일분 분말,https://smartstore.naver.com/main/products/5025351460,2023-07-12,5,한달사용먹기좋아요 ~화장실잘가요,여성,아주 넉넉해요,꼼꼼해요,편리해요,Y
BP_024,BNR17 비에날씬플러스 다이어트유산균 모유유래 체지방감소 10포 10일분 분말,https://smartstore.naver.com/main/products/5025351460,2023-07-10,5,한달사용괜찮습니다. 잘 먹었습니다.,,꽤 남았어요,적당해요,그냥그래요,Y
BP_024,BNR17 비에날씬플러스 다이어트유산균 모유유래 체지방감소 10포 10일분 분말,https://smartstore.naver.com/main/products/5025351460,2023-07-08,5,일주일 먹어보고 재구매 했어요,,아주 넉넉해요,꼼꼼해요,편리해요,Y
BP_024,BNR17 비에날씬플러스 다이어트유산균 모유유래 체지방감소 10포 10일분 분말,https://smartstore.naver.com/main/products/5025351460,2023-06-24,5,"2박스 엄마에게 사드렸습니다
20일치.. 대략 3주 잘 맞으시면 추가 주문 해보려구요
워낙 갱년기 + 변비로 인해 살이 불어나서 스트레스가 많으셨는데 효과가 있기를 바래봅니다 +1",여성,아주 넉넉해요,꼼꼼해요,편리해요,Y
BP_024,BNR17 비에날씬플러스 다이어트유산균 모유유래 체지방감소 10포 10일분 분말,https://smartstore.naver.com/main/products/5025351460,2023-06-20,5,"피부가 진짜좋아뎠어요.
근데 너무 비쌉나다ㅠㅠ 할인 이벤트좀 ㅠㅠ",,아주 넉넉해요,꼼꼼해요,편리해요,Y
BP_024,BNR17 비에날씬플러스 다이어트유산균 모유유래 체지방감소 10포 10일분 분말,https://smartstore.naver.com/main/products/5025351460,2023-06-20,5,너무좋아요효과있어요,여성,아주 넉넉해요,꼼꼼해요,편리해요,Y
BP_024,BNR17 비에날씬플러스 다이어트유산균 모유유래 체지방감소 10포 10일분 분말,https://smartstore.naver.com/main/products/5025351460,2023-06-19,4,어머니가 좋아하시네요,,꽤 남았어요,꼼꼼해요,편리해요,Y
BP_024,BNR17 비에날씬플러스 다이어트유산균 모유유래 체지방감소 10포 10일분 분말,https://smartstore.naver.com/main/products/5025351460,2023-06-12,5,어머님 드릴려고샀어요 배송빨라요,,아주 넉넉해요,꼼꼼해요,편리해요,Y
BP_024,BNR17 비에날씬플러스 다이어트유산균 모유유래 체지방감소 10포 10일분 분말,https://smartstore.naver.com/main/products/5025351460,2023-06-09,5,유산균 필요해서 구매했습니다.,,꽤 남았어요,적당해요,그냥그래요,Y
BP_024,BNR17 비에날씬플러스 다이어트유산균 모유유래 체지방감소 10포 10일분 분말,https://smartstore.naver.com/main/products/5025351460,2023-06-04,5,한달사용잘먹고있어요 좋아요,,꽤 남았어요,적당해요,그냥그래요,Y
BP_024,BNR17 비에날씬플러스 다이어트유산균 모유유래 체지방감소 10포 10일분 분말,https://smartstore.naver.com/main/products/5025351460,2023-05-23,5,"배송이 밤에주문햇는데 다음날오네요 완전굿
일단 열흘치만 주문햇는데 괜찮으면 더 주문하려구요",,아주 넉넉해요,꼼꼼해요,편리해요,Y
BP_024,BNR17 비에날씬플러스 다이어트유산균 모유유래 체지방감소 10포 10일분 분말,https://smartstore.naver.com/main/products/5025351460,2023-04-18,5,빠른배송이예요잘먹어볼께요,,꽤 남았어요,적당해요,그냥그래요,Y
BP_024,BNR17 비에날씬플러스 다이어트유산균 모유유래 체지방감소 10포 10일분 분말,https://smartstore.naver.com/main/products/5025351460,2023-02-13,4,"배송이 엄청 빠르고
물건도 깔끔하게 잘 왔습니다
먹어보고 또 주문하겠습니다",,아주 넉넉해요,꼼꼼해요,편리해요,Y
BP_024,BNR17 비에날씬플러스 다이어트유산균 모유유래 체지방감소 10포 10일분 분말,https://smartstore.naver.com/main/products/5025351460,2023-02-08,5,맛도 괜찮고 깔끔하게 왔어요,,아주 넉넉해요,꼼꼼해요,편리해요,Y
BP_024,BNR17 비에날씬플러스 다이어트유산균 모유유래 체지방감소 10포 10일분 분말,https://smartstore.naver.com/main/products/5025351460,2023-01-24,5,여행에 가져가려구 구매했어요.캡슐보다 보관이 편리할 듯 해서요,,아주 넉넉해요,꼼꼼해요,편리해요,Y
BP_024,BNR17 비에날씬플러스 다이어트유산균 모유유래 체지방감소 10포 10일분 분말,https://smartstore.naver.com/main/products/5025351460,2023-01-04,5,너무좋아요~~~~~~~~,,꽤 남았어요,적당해요,그냥그래요,Y
BP_024,BNR17 비에날씬플러스 다이어트유산균 모유유래 체지방감소 10포 10일분 분말,https://smartstore.naver.com/main/products/5025351460,2022-12-08,5,한달사용좋아요 저렴하게 잘 구매했어요,,꽤 남았어요,꼼꼼해요,편리해요,Y
BP_024,BNR17 비에날씬플러스 다이어트유산균 모유유래 체지방감소 10포 10일분 분말,https://smartstore.naver.com/main/products/5025351460,2022-12-08,5,10포라 또 사야할거같아요,,아주 넉넉해요,꼼꼼해요,편리해요,Y
BP_024,BNR17 비에날씬플러스 다이어트유산균 모유유래 체지방감소 10포 10일분 분말,https://smartstore.naver.com/main/products/5025351460,2022-11-24,5,한달사용스틱이라 휴대하기 좋네요,,아주 넉넉해요,꼼꼼해요,편리해요,Y
BP_024,BNR17 비에날씬플러스 다이어트유산균 모유유래 체지방감소 10포 10일분 분말,https://smartstore.naver.com/main/products/5025351460,2022-11-16,5,사과맛으로 먹기편했어요,,꽤 남았어요,적당해요,편리해요,Y
BP_024,BNR17 비에날씬플러스 다이어트유산균 모유유래 체지방감소 10포 10일분 분말,https://smartstore.naver.com/main/products/5025351460,2022-11-10,5,사과맛나고 간편해서 좋았습니다,,꽤 남았어요,적당해요,편리해요,Y
BP_024,BNR17 비에날씬플러스 다이어트유산균 모유유래 체지방감소 10포 10일분 분말,https://smartstore.naver.com/main/products/5025351460,2022-11-08,5,꼼꼼하게 잘 포장되서 받았어요 사과맛이 나는 제품이에요,,꽤 남았어요,적당해요,편리해요,Y
BP_024,BNR17 비에날씬플러스 다이어트유산균 모유유래 체지방감소 10포 10일분 분말,https://smartstore.naver.com/main/products/5025351460,2022-10-23,5,먹기 편리합니다 배송 엄청 빨라요,,아주 넉넉해요,꼼꼼해요,편리해요,Y
BP_024,BNR17 비에날씬플러스 다이어트유산균 모유유래 체지방감소 10포 10일분 분말,https://smartstore.naver.com/main/products/5025351460,2022-10-20,5,하나 구매했는데 포장도 꼼꼼 잘먹을게요,,아주 넉넉해요,꼼꼼해요,편리해요,Y
BP_024,BNR17 비에날씬플러스 다이어트유산균 모유유래 체지방감소 10포 10일분 분말,https://smartstore.naver.com/main/products/5025351460,2022-10-19,1,"라방체험딜로 두가지구매했는데 한가지는결제완료일때 취소했어요 먹는약이있어서 가치복용이힘들거같아서 그전제품은상품준비중으로 취소를못했어요 근데 취소한제품이오배송이왔어요 이미취소되서 환불처리가된제품이배송와서 연락드리니..오배송은 실수가아니랩니다..ㅋ시스템에반영되는 시간차로 실수가아니라고.ㅋㄱ저상태로배송왔구요. ㅋ 회수처리하시기로 했어요 ㅎㅎ 먹는식품이고 비싼브랜드인데 회수..음~~~회수잘해가셔서 꼭폐기부탁드립니다 ~!! 
?
2",,꽤 남았어요,별로예요,불편해요,Y
BP_024,BNR17 비에날씬플러스 다이어트유산균 모유유래 체지방감소 10포 10일분 분말,https://smartstore.naver.com/main/products/5025351460,2022-10-18,5,"라이브 방송 이벤트로 다양한 제품 경험해서 좋네요
먹고보고 잘맞는거로 재구매하러 올게요",,아주 넉넉해요,꼼꼼해요,편리해요,Y
BP_024,BNR17 비에날씬플러스 다이어트유산균 모유유래 체지방감소 10포 10일분 분말,https://smartstore.naver.com/main/products/5025351460,2022-10-18,5,새콤달콤 사과맛이 납니다 맛있고편합니다 알약보다 넘기기 편하긴하네요,,아주 넉넉해요,꼼꼼해요,편리해요,Y
BP_024,BNR17 비에날씬플러스 다이어트유산균 모유유래 체지방감소 10포 10일분 분말,https://smartstore.naver.com/main/products/5025351460,2022-10-18,5,"포장도 꼼꼼하게 빠른배송으로 도착해서 놀랐네요 우선 체험해보고 잘 맞는것 같으면 온가족이 바꾸려고 합니다^^ 부디 잘맞길 효과가 좋길 바래봅니다^^
우선 빠르고 안전한 배송 감사합니다 ^^",,아주 넉넉해요,꼼꼼해요,편리해요,Y
BP_024,BNR17 비에날씬플러스 다이어트유산균 모유유래 체지방감소 10포 10일분 분말,https://smartstore.naver.com/main/products/5025351460,2022-08-28,5,배송이 생각보다 빨리왔어요!포장도 꼼꼼하고 좋아요,,아주 넉넉해요,꼼꼼해요,편리해요,Y
BP_024,BNR17 비에날씬플러스 다이어트유산균 모유유래 체지방감소 10포 10일분 분말,https://smartstore.naver.com/main/products/5025351460,2022-08-28,5,한달사용저렴하게 잘 샀어요,,아주 넉넉해요,꼼꼼해요,편리해요,Y
BP_024,BNR17 비에날씬플러스 다이어트유산균 모유유래 체지방감소 10포 10일분 분말,https://smartstore.naver.com/main/products/5025351460,2022-08-19,5,"배송 아주 꼼꼼하게 잘 도착했습니다~
특가로 가루형태 사보았는데 상큼한 사과 맛 나서 맛있게 먹을 수 있겠어요~~
다만 가루가 너무 고우니 너무 탈탈 털어 드시지 마세용😂",,아주 넉넉해요,꼼꼼해요,편리해요,Y
BP_024,BNR17 비에날씬플러스 다이어트유산균 모유유래 체지방감소 10포 10일분 분말,https://smartstore.naver.com/main/products/5025351460,2022-08-17,5,"한달사용상큼하고 사과맛인듯 하면서 달달해요~
입이 텁텁하지도 않고, 깔끔합니다.
라이브 혜택 너무 좋아요!",,아주 넉넉해요,꼼꼼해요,편리해요,Y
BP_024,BNR17 비에날씬플러스 다이어트유산균 모유유래 체지방감소 10포 10일분 분말,https://smartstore.naver.com/main/products/5025351460,2022-08-16,5,한달사용잘 먹고있어요...,,꽤 남았어요,적당해요,편리해요,Y
BP_024,BNR17 비에날씬플러스 다이어트유산균 모유유래 체지방감소 10포 10일분 분말,https://smartstore.naver.com/main/products/5025351460,2022-08-08,5,"한달사용달라진 점은 변비때문에 힘들었던 화장실에 매일은 아니더라도 편하게 가고 있어요.
다른 유산균먹을때는 힘들었는데 그 점 하나만 봐도 계속 구매하려고 합니다.",,아주 넉넉해요,꼼꼼해요,편리해요,Y
BP_024,BNR17 비에날씬플러스 다이어트유산균 모유유래 체지방감소 10포 10일분 분말,https://smartstore.naver.com/main/products/5025351460,2022-07-10,5,"라방에서 타임딜로만 구매할 수 있어서 너무 아쉬웠어요ㅠㅠ 정말 작은 알약 아니고서야 캡슐이든 알약이든 먹기 힘들어하는 사람 입장에선 10개뿐이지만 타임딜 성공해서 구매했습다! 역시 먹기 편한건 말할것도 없고 청포도맛도 은은하게 나서 넘 좋아요.
다음 라방에서는 꼭 플러스도 넣어주세요! 
?
1",,아주 넉넉해요,꼼꼼해요,편리해요,Y
BP_024,BNR17 비에날씬플러스 다이어트유산균 모유유래 체지방감소 10포 10일분 분말,https://smartstore.naver.com/main/products/5025351460,2022-07-10,5,꾸준히 먹어보려구요~,,꽤 남았어요,적당해요,편리해요,Y
BP_024,BNR17 비에날씬플러스 다이어트유산균 모유유래 체지방감소 10포 10일분 분말,https://smartstore.naver.com/main/products/5025351460,2022-07-07,5,엄마가 드시고싶어 하셔서 주문했는데 효과 있었으면 좋겠어요.,,아주 넉넉해요,꼼꼼해요,편리해요,Y
BP_024,BNR17 비에날씬플러스 다이어트유산균 모유유래 체지방감소 10포 10일분 분말,https://smartstore.naver.com/main/products/5025351460,2022-07-07,5,타임딜 이벤트로 반값에 사서 잘먹고있습니다 ㅎㅎ,,아주 넉넉해요,꼼꼼해요,편리해요,Y
BP_024,BNR17 비에날씬플러스 다이어트유산균 모유유래 체지방감소 10포 10일분 분말,https://smartstore.naver.com/main/products/5025351460,2022-07-06,5,라이브로 득템했어요~~ 플러스만 6개월째 먹고있는데 라이브에 플러스도 넣어 방송해주세요~~~~~,,꽤 남았어요,꼼꼼해요,편리해요,Y
BP_024,BNR17 비에날씬플러스 다이어트유산균 모유유래 체지방감소 10포 10일분 분말,https://smartstore.naver.com/main/products/5025351460,2022-06-25,4,한달사용먹기 편해요. 효과 있어요,,꽤 남았어요,적당해요,그냥그래요,Y
BP_024,BNR17 비에날씬플러스 다이어트유산균 모유유래 체지방감소 10포 10일분 분말,https://smartstore.naver.com/main/products/5025351460,2022-06-20,5,한달사용재구매했는데 효과는 좋아요^^,,꽤 남았어요,적당해요,편리해요,Y
BP_024,BNR17 비에날씬플러스 다이어트유산균 모유유래 체지방감소 10포 10일분 분말,https://smartstore.naver.com/main/products/5025351460,2022-06-01,5,"라방에서 저렴한 가격에 득템햇어요
꾸준히 먹고있는데 살을 빼고있는데 도움이 되고있는것같아요 ^^",,아주 넉넉해요,꼼꼼해요,편리해요,Y
BP_024,BNR17 비에날씬플러스 다이어트유산균 모유유래 체지방감소 10포 10일분 분말,https://smartstore.naver.com/main/products/5025351460,2022-05-20,5,씬을 먹고있어서 아직 복용은 안했지만 효과는 같다고 하니 기대하고 있어요~^^,,아주 넉넉해요,꼼꼼해요,편리해요,Y
BP_024,BNR17 비에날씬플러스 다이어트유산균 모유유래 체지방감소 10포 10일분 분말,https://smartstore.naver.com/main/products/5025351460,2022-05-19,5,좋아요^^ 이런거 자주 해주세요,,꽤 남았어요,꼼꼼해요,편리해요,Y
BP_024,BNR17 비에날씬플러스 다이어트유산균 모유유래 체지방감소 10포 10일분 분말,https://smartstore.naver.com/main/products/5025351460,2022-05-18,5,재구매잘받았어요!!! 감사합니다!,,아주 넉넉해요,꼼꼼해요,편리해요,Y
BP_024,BNR17 비에날씬플러스 다이어트유산균 모유유래 체지방감소 10포 10일분 분말,https://smartstore.naver.com/main/products/5025351460,2022-05-11,5,다이어트는 직빵입니다..,,아주 넉넉해요,꼼꼼해요,편리해요,Y
BP_024,BNR17 비에날씬플러스 다이어트유산균 모유유래 체지방감소 10포 10일분 분말,https://smartstore.naver.com/main/products/5025351460,2022-04-20,5,포장이 깔끕하게 오고 배송도 괜찮았어요 먹어보고 좋으면 또 구매할게요~,,아주 넉넉해요,꼼꼼해요,편리해요,Y
BP_024,BNR17 비에날씬플러스 다이어트유산균 모유유래 체지방감소 10포 10일분 분말,https://smartstore.naver.com/main/products/5025351460,2022-03-27,4,뱨송빠르고좋아요!n,,꽤 남았어요,적당해요,편리해요,Y
BP_024,BNR17 비에날씬플러스 다이어트유산균 모유유래 체지방감소 10포 10일분 분말,https://smartstore.naver.com/main/products/5025351460,2021-10-01,4,한달사용소화잘되고 좋은데 한번만 먹을게요,,꽤 남았어요,적당해요,그냥그래요,Y
BP_024,BNR17 비에날씬플러스 다이어트유산균 모유유래 체지방감소 10포 10일분 분말,https://smartstore.naver.com/main/products/5025351460,2021-09-09,4,"한달사용다이어트는 여자들의 숙명인데
좋은거같아요",,아주 넉넉해요,적당해요,편리해요,Y
BP_024,BNR17 비에날씬플러스 다이어트유산균 모유유래 체지방감소 10포 10일분 분말,https://smartstore.naver.com/main/products/5025351460,2021-09-08,5,만족하고 잘 먹고있어요,,꽤 남았어요,적당해요,그냥그래요,Y
BP_024,BNR17 비에날씬플러스 다이어트유산균 모유유래 체지방감소 10포 10일분 분말,https://smartstore.naver.com/main/products/5025351460,2021-08-22,4,잘 받았어요. 아직 먹기 전이라.. 효과 있으면 좋겠네요.ㅎ,,꽤 남았어요,꼼꼼해요,편리해요,Y
BP_024,BNR17 비에날씬플러스 다이어트유산균 모유유래 체지방감소 10포 10일분 분말,https://smartstore.naver.com/main/products/5025351460,2021-08-16,5,한달사용비싸지만 살빠지는 느낌입니다.,,아주 넉넉해요,꼼꼼해요,편리해요,Y
BP_024,BNR17 비에날씬플러스 다이어트유산균 모유유래 체지방감소 10포 10일분 분말,https://smartstore.naver.com/main/products/5025351460,2021-08-11,5,재구매괜찬은거같아요 여러번주문,,아주 넉넉해요,꼼꼼해요,편리해요,Y
BP_024,BNR17 비에날씬플러스 다이어트유산균 모유유래 체지방감소 10포 10일분 분말,https://smartstore.naver.com/main/products/5025351460,2021-07-09,5,꾸준히 먹어보겠습니다,,아주 넉넉해요,꼼꼼해요,편리해요,Y
BP_024,BNR17 비에날씬플러스 다이어트유산균 모유유래 체지방감소 10포 10일분 분말,https://smartstore.naver.com/main/products/5025351460,2021-07-08,5,꾸준하게 먹어보려구요,,아주 넉넉해요,꼼꼼해요,편리해요,Y
BP_024,BNR17 비에날씬플러스 다이어트유산균 모유유래 체지방감소 10포 10일분 분말,https://smartstore.naver.com/main/products/5025351460,2021-07-03,5,믿고 사봅니다!~~,,아주 넉넉해요,꼼꼼해요,편리해요,Y
BP_024,BNR17 비에날씬플러스 다이어트유산균 모유유래 체지방감소 10포 10일분 분말,https://smartstore.naver.com/main/products/5025351460,2021-06-14,5,먹어보고 좋으면 재구매항께요~,,꽤 남았어요,적당해요,그냥그래요,Y
BP_024,BNR17 비에날씬플러스 다이어트유산균 모유유래 체지방감소 10포 10일분 분말,https://smartstore.naver.com/main/products/5025351460,2021-06-03,5,아주아주 만족스럽습니다,,아주 넉넉해요,꼼꼼해요,편리해요,Y
BP_024,BNR17 비에날씬플러스 다이어트유산균 모유유래 체지방감소 10포 10일분 분말,https://smartstore.naver.com/main/products/5025351460,2021-05-27,5,한달사용너무좋아요 맛도괜찮구요,,아주 넉넉해요,꼼꼼해요,편리해요,Y
BP_024,BNR17 비에날씬플러스 다이어트유산균 모유유래 체지방감소 10포 10일분 분말,https://smartstore.naver.com/main/products/5025351460,2021-05-24,5,건강하게 잘 먹겠습니다.,,아주 넉넉해요,꼼꼼해요,편리해요,Y
BP_024,BNR17 비에날씬플러스 다이어트유산균 모유유래 체지방감소 10포 10일분 분말,https://smartstore.naver.com/main/products/5025351460,2021-04-13,4,한달사용전 그냥 그랬지만 다음에 생각나면 재구매할게요,,꽤 남았어요,적당해요,그냥그래요,Y
BP_024,BNR17 비에날씬플러스 다이어트유산균 모유유래 체지방감소 10포 10일분 분말,https://smartstore.naver.com/main/products/5025351460,2021-02-19,5,맛있네요진짜~~~제발효과잇길,,꽤 남았어요,꼼꼼해요,편리해요,Y
BP_024,BNR17 비에날씬플러스 다이어트유산균 모유유래 체지방감소 10포 10일분 분말,https://smartstore.naver.com/main/products/5025351460,2021-02-19,5,아직 먹지는 않았지만 기대해봅니다,,아주 넉넉해요,꼼꼼해요,편리해요,Y
BP_024,BNR17 비에날씬플러스 다이어트유산균 모유유래 체지방감소 10포 10일분 분말,https://smartstore.naver.com/main/products/5025351460,2021-02-18,5,재구매공복에 먹기에도 부담감이 없고 장이편해요,,아주 넉넉해요,꼼꼼해요,편리해요,Y
BP_024,BNR17 비에날씬플러스 다이어트유산균 모유유래 체지방감소 10포 10일분 분말,https://smartstore.naver.com/main/products/5025351460,2021-02-08,5,맛도좋고 화장실 가는게 편해졋어요,,아주 넉넉해요,꼼꼼해요,편리해요,Y
BP_024,BNR17 비에날씬플러스 다이어트유산균 모유유래 체지방감소 10포 10일분 분말,https://smartstore.naver.com/main/products/5025351460,2021-01-20,3,섭취전이라 죄송합니다,,꽤 남았어요,적당해요,그냥그래요,Y
BP_024,BNR17 비에날씬플러스 다이어트유산균 모유유래 체지방감소 10포 10일분 분말,https://smartstore.naver.com/main/products/5025351460,2021-01-09,4,한달사용높은 가격 빼고 좋아요,,아주 넉넉해요,꼼꼼해요,편리해요,Y
BP_024,BNR17 비에날씬플러스 다이어트유산균 모유유래 체지방감소 10포 10일분 분말,https://smartstore.naver.com/main/products/5025351460,2021-01-07,5,재구매맘에들어요 비싸서 그렇지 많이사서 쌓아놓고싶어요 ㅎ,,꽤 남았어요,꼼꼼해요,편리해요,Y
BP_024,BNR17 비에날씬플러스 다이어트유산균 모유유래 체지방감소 10포 10일분 분말,https://smartstore.naver.com/main/products/5025351460,2021-01-05,5,한달사용좋아요좋아요좋아요ㅎ,,꽤 남았어요,적당해요,그냥그래요,Y
BP_024,BNR17 비에날씬플러스 다이어트유산균 모유유래 체지방감소 10포 10일분 분말,https://smartstore.naver.com/main/products/5025351460,2020-12-10,4,청포도 향이 강해요,,꽤 남았어요,꼼꼼해요,편리해요,Y
BP_024,BNR17 비에날씬플러스 다이어트유산균 모유유래 체지방감소 10포 10일분 분말,https://smartstore.naver.com/main/products/5025351460,2020-11-24,4,변비효과는좋은것같은데 다른것 잘모르겠어요,,아주 넉넉해요,꼼꼼해요,편리해요,Y
BP_024,BNR17 비에날씬플러스 다이어트유산균 모유유래 체지방감소 10포 10일분 분말,https://smartstore.naver.com/main/products/5025351460,2020-11-20,5,화장실에가니 피부가 맑아지내요,,꽤 남았어요,꼼꼼해요,편리해요,Y
BP_024,BNR17 비에날씬플러스 다이어트유산균 모유유래 체지방감소 10포 10일분 분말,https://smartstore.naver.com/main/products/5025351460,2020-11-18,5,먹을만합니다. 약간 달아요,,꽤 남았어요,꼼꼼해요,편리해요,Y
BP_024,BNR17 비에날씬플러스 다이어트유산균 모유유래 체지방감소 10포 10일분 분말,https://smartstore.naver.com/main/products/5025351460,2020-11-09,4,맛은좋으나 아직효과는ᆢ좀더 먹어볼게요,,꽤 남았어요,적당해요,편리해요,Y
BP_024,BNR17 비에날씬플러스 다이어트유산균 모유유래 체지방감소 10포 10일분 분말,https://smartstore.naver.com/main/products/5025351460,2020-11-02,5,"아직 먹어보지는 못했지만.. 기대가 되네요 ?
1",,아주 넉넉해요,꼼꼼해요,편리해요,Y
BP_024,BNR17 비에날씬플러스 다이어트유산균 모유유래 체지방감소 10포 10일분 분말,https://smartstore.naver.com/main/products/5025351460,2020-11-01,5,제품배송다만족합니다,,아주 넉넉해요,꼼꼼해요,편리해요,Y
BP_024,BNR17 비에날씬플러스 다이어트유산균 모유유래 체지방감소 10포 10일분 분말,https://smartstore.naver.com/main/products/5025351460,2020-10-31,5,"한달사용먹어보니 ㅎㅛ과는있어요
조금비싸는제요",,아주 넉넉해요,꼼꼼해요,편리해요,Y
BP_024,BNR17 비에날씬플러스 다이어트유산균 모유유래 체지방감소 10포 10일분 분말,https://smartstore.naver.com/main/products/5025351460,2020-10-27,5,빠른배송에 감사합니다. 처음주문이라서 잘모르겠지만 주변에 효과있어서 주문했습니다. 열심히 운동하고 꾸준히 먹어야겠어요.,,아주 넉넉해요,꼼꼼해요,편리해요,Y
BP_024,BNR17 비에날씬플러스 다이어트유산균 모유유래 체지방감소 10포 10일분 분말,https://smartstore.naver.com/main/products/5025351460,2020-10-27,5,아주아주 만족합니당 배송도 빠르고 좋습니당,,아주 넉넉해요,적당해요,편리해요,Y
BP_024,BNR17 비에날씬플러스 다이어트유산균 모유유래 체지방감소 10포 10일분 분말,https://smartstore.naver.com/main/products/5025351460,2020-10-25,4,한달사용먹기도편하고 맛도 좋아요,,꽤 남았어요,적당해요,편리해요,Y
BP_024,BNR17 비에날씬플러스 다이어트유산균 모유유래 체지방감소 10포 10일분 분말,https://smartstore.naver.com/main/products/5025351460,2020-10-25,3,한달사용비싼거만 뺴면 괜찮은데 드럽게 비싸쥬,,아주 넉넉해요,적당해요,편리해요,Y
BP_024,BNR17 비에날씬플러스 다이어트유산균 모유유래 체지방감소 10포 10일분 분말,https://smartstore.naver.com/main/products/5025351460,2020-10-23,5,맛이 거부감없이 먹을수 있는맛이예오ㅡ,,아주 넉넉해요,꼼꼼해요,편리해요,Y
BP_024,BNR17 비에날씬플러스 다이어트유산균 모유유래 체지방감소 10포 10일분 분말,https://smartstore.naver.com/main/products/5025351460,2020-10-23,5,너무너무 잘먹고있어요 ~~,,꽤 남았어요,꼼꼼해요,편리해요,Y
BP_024,BNR17 비에날씬플러스 다이어트유산균 모유유래 체지방감소 10포 10일분 분말,https://smartstore.naver.com/main/products/5025351460,2020-10-14,5,빠른배송.꼼꼼한 포장 맘에 들어요,,아주 넉넉해요,꼼꼼해요,편리해요,Y
BP_024,BNR17 비에날씬플러스 다이어트유산균 모유유래 체지방감소 10포 10일분 분말,https://smartstore.naver.com/main/products/5025351460,2020-10-14,4,한달사용속이 편해지는것같은데 더 먹어봐야죠,,아주 넉넉해요,적당해요,그냥그래요,Y
BP_024,BNR17 비에날씬플러스 다이어트유산균 모유유래 체지방감소 10포 10일분 분말,https://smartstore.naver.com/main/products/5025351460,2020-10-08,5,맛도좋고 다른유산균보다 더 빨리 신호가오는듯해요 재구매할꺼예요^^,,아주 넉넉해요,꼼꼼해요,편리해요,Y
BP_024,BNR17 비에날씬플러스 다이어트유산균 모유유래 체지방감소 10포 10일분 분말,https://smartstore.naver.com/main/products/5025351460,2020-10-03,5,한달사용일주일 분이라 큰 변화는 모르겠어요,,아주 넉넉해요,적당해요,편리해요,Y
BP_024,BNR17 비에날씬플러스 다이어트유산균 모유유래 체지방감소 10포 10일분 분말,https://smartstore.naver.com/main/products/5025351460,2020-09-28,5,"BEST일단
맛이좋아먹기가편했고
속이편하고.좋아요",,아주 넉넉해요,꼼꼼해요,편리해요,Y
BP_024,BNR17 비에날씬플러스 다이어트유산균 모유유래 체지방감소 10포 10일분 분말,https://smartstore.naver.com/main/products/5025351460,2020-09-25,3,한달사용식이조절과 운동을 병행해야 합니다,,아주 넉넉해요,적당해요,편리해요,Y
BP_024,BNR17 비에날씬플러스 다이어트유산균 모유유래 체지방감소 10포 10일분 분말,https://smartstore.naver.com/main/products/5025351460,2020-09-23,3,처음 먹고 딱 7시간 정도후 엄청나게 배아프고 화장실 가는데 적응중인가 싶기도 하고 그래요.,,꽤 남았어요,꼼꼼해요,편리해요,Y
BP_024,BNR17 비에날씬플러스 다이어트유산균 모유유래 체지방감소 10포 10일분 분말,https://smartstore.naver.com/main/products/5025351460,2020-09-17,4,알약으로 먹다가 가격이 부담되어서 가루로 먹어보려고요,,꽤 남았어요,꼼꼼해요,그냥그래요,Y
BP_024,BNR17 비에날씬플러스 다이어트유산균 모유유래 체지방감소 10포 10일분 분말,https://smartstore.naver.com/main/products/5025351460,2020-09-14,3,"한달사용한달분도 안되는데 가격이 비싸서 별을뺏어요 효과는 다른유산균과 비슷해요 ?
1",,아주 넉넉해요,꼼꼼해요,편리해요,Y
BP_024,BNR17 비에날씬플러스 다이어트유산균 모유유래 체지방감소 10포 10일분 분말,https://smartstore.naver.com/main/products/5025351460,2020-09-13,5,좋아용유산듀으가아아어아테,,아주 넉넉해요,꼼꼼해요,편리해요,Y
BP_024,BNR17 비에날씬플러스 다이어트유산균 모유유래 체지방감소 10포 10일분 분말,https://smartstore.naver.com/main/products/5025351460,2020-09-08,5,기존에 먹던 유산균 보다 식욕이 덜 한것 같아요!!!~~,,아주 넉넉해요,꼼꼼해요,편리해요,Y
BP_024,BNR17 비에날씬플러스 다이어트유산균 모유유래 체지방감소 10포 10일분 분말,https://smartstore.naver.com/main/products/5025351460,2020-08-29,5,"기대되는 제품이라
설레네요",,아주 넉넉해요,꼼꼼해요,편리해요,Y
BP_024,BNR17 비에날씬플러스 다이어트유산균 모유유래 체지방감소 10포 10일분 분말,https://smartstore.naver.com/main/products/5025351460,2020-08-28,3,"맛도 사과맛이라 먹기좋아요 효과 좋으믄
다시 구매 할께요",,꽤 남았어요,적당해요,그냥그래요,Y
BP_024,BNR17 비에날씬플러스 다이어트유산균 모유유래 체지방감소 10포 10일분 분말,https://smartstore.naver.com/main/products/5025351460,2020-08-28,3,빠른 배송과 먹기 쉬웠어요.,,아주 넉넉해요,적당해요,그냥그래요,Y
BP_024,BNR17 비에날씬플러스 다이어트유산균 모유유래 체지방감소 10포 10일분 분말,https://smartstore.naver.com/main/products/5025351460,2020-08-27,5,엄마가 잘 드시네요,,아주 넉넉해요,꼼꼼해요,편리해요,Y
BP_024,BNR17 비에날씬플러스 다이어트유산균 모유유래 체지방감소 10포 10일분 분말,https://smartstore.naver.com/main/products/5025351460,2020-08-26,4,먹기편하고 대체적으로 좋아요,,아주 넉넉해요,꼼꼼해요,편리해요,Y
BP_024,BNR17 비에날씬플러스 다이어트유산균 모유유래 체지방감소 10포 10일분 분말,https://smartstore.naver.com/main/products/5025351460,2020-08-21,3,"10포 인줄 알았으면
비에날프로로 구매할껄 ㅜㅜ ...",,꽤 남았어요,꼼꼼해요,편리해요,Y
BP_024,BNR17 비에날씬플러스 다이어트유산균 모유유래 체지방감소 10포 10일분 분말,https://smartstore.naver.com/main/products/5025351460,2020-08-20,4,생각보다 가격에 양이 적네요. 괜찮을꺼라 믿어요~,,꽤 남았어요,적당해요,편리해요,Y
BP_024,BNR17 비에날씬플러스 다이어트유산균 모유유래 체지방감소 10포 10일분 분말,https://smartstore.naver.com/main/products/5025351460,2020-08-20,5,연휴때문에 배송이느렸지만 문자도 주시고 꼼꼼한 포장도 맘에들었습니다~효과있기를 바라며!,,꽤 남았어요,꼼꼼해요,편리해요,Y
BP_024,BNR17 비에날씬플러스 다이어트유산균 모유유래 체지방감소 10포 10일분 분말,https://smartstore.naver.com/main/products/5025351460,2020-08-17,4,"제품은 좋으나 한달분이 안됩니다
가성비가 많이 떨어집니다.",,아주 넉넉해요,꼼꼼해요,편리해요,Y
BP_024,BNR17 비에날씬플러스 다이어트유산균 모유유래 체지방감소 10포 10일분 분말,https://smartstore.naver.com/main/products/5025351460,2020-08-16,3,평이 좋아서 구매했는데 이제 두번먹어봐서 아직 호과는 모르겠지만 꾸준히 먹어보겠습니당,,아주 넉넉해요,적당해요,편리해요,Y
BP_024,BNR17 비에날씬플러스 다이어트유산균 모유유래 체지방감소 10포 10일분 분말,https://smartstore.naver.com/main/products/5025351460,2020-08-16,5,아침마다 쾌변ㅇ요~ 살빠지는 간 아직 머르겟구여,,아주 넉넉해요,꼼꼼해요,그냥그래요,Y
BP_024,BNR17 비에날씬플러스 다이어트유산균 모유유래 체지방감소 10포 10일분 분말,https://smartstore.naver.com/main/products/5025351460,2020-08-15,3,이번에야 말로 성공하겠습니다,,꽤 남았어요,적당해요,편리해요,Y
BP_024,BNR17 비에날씬플러스 다이어트유산균 모유유래 체지방감소 10포 10일분 분말,https://smartstore.naver.com/main/products/5025351460,2020-08-14,5,일찍 배달되고 좋은데좀 비싼듯,,꽤 남았어요,꼼꼼해요,편리해요,Y
BP_024,BNR17 비에날씬플러스 다이어트유산균 모유유래 체지방감소 10포 10일분 분말,https://smartstore.naver.com/main/products/5025351460,2020-08-12,5,재구매만족합니다 수고하세요,,아주 넉넉해요,꼼꼼해요,편리해요,Y
BP_024,BNR17 비에날씬플러스 다이어트유산균 모유유래 체지방감소 10포 10일분 분말,https://smartstore.naver.com/main/products/5025351460,2020-08-11,3,생각보다양이적네요잘먹어볼게요,,꽤 남았어요,적당해요,그냥그래요,Y
BP_024,BNR17 비에날씬플러스 다이어트유산균 모유유래 체지방감소 10포 10일분 분말,https://smartstore.naver.com/main/products/5025351460,2020-08-09,5,좋다고해서 우선 열흘먹어보고 재구매 여부 결정할예장입니다,,아주 넉넉해요,꼼꼼해요,편리해요,Y
BP_024,BNR17 비에날씬플러스 다이어트유산균 모유유래 체지방감소 10포 10일분 분말,https://smartstore.naver.com/main/products/5025351460,2020-08-07,5,여름이라서 큰아이스팩3개넣어서 보냈네요 잘받았습니다,,아주 넉넉해요,꼼꼼해요,편리해요,Y
BP_024,BNR17 비에날씬플러스 다이어트유산균 모유유래 체지방감소 10포 10일분 분말,https://smartstore.naver.com/main/products/5025351460,2020-08-07,5,먹기도 편하고 맛있어여,,아주 넉넉해요,꼼꼼해요,편리해요,Y
BP_024,BNR17 비에날씬플러스 다이어트유산균 모유유래 체지방감소 10포 10일분 분말,https://smartstore.naver.com/main/products/5025351460,2020-08-07,5,BEST기능성 유산균 치곤 우유같은 맛이 아닌 새콤달콤한 맛 때문에 물이랑 먹기 좋았습니다. 포장도 정말 세심하게 신경써주셨구요!!,,아주 넉넉해요,꼼꼼해요,편리해요,Y
BP_024,BNR17 비에날씬플러스 다이어트유산균 모유유래 체지방감소 10포 10일분 분말,https://smartstore.naver.com/main/products/5025351460,2020-08-06,3,10일 먹어서 잘 모르겠지만 3개월용으로 재구매합니다. 좋은 유산균먹는다 생각하고...,,아주 넉넉해요,꼼꼼해요,편리해요,Y
BP_024,BNR17 비에날씬플러스 다이어트유산균 모유유래 체지방감소 10포 10일분 분말,https://smartstore.naver.com/main/products/5025351460,2020-07-31,5,아침에 한포씩 먹었는데 효과 있어요,,꽤 남았어요,꼼꼼해요,편리해요,Y
BP_024,BNR17 비에날씬플러스 다이어트유산균 모유유래 체지방감소 10포 10일분 분말,https://smartstore.naver.com/main/products/5025351460,2020-07-31,5,포장이 아주 꼼꼼하게 와서 놀랬어요,,꽤 남았어요,꼼꼼해요,편리해요,Y
BP_024,BNR17 비에날씬플러스 다이어트유산균 모유유래 체지방감소 10포 10일분 분말,https://smartstore.naver.com/main/products/5025351460,2020-07-30,4,맛도좋고 목넘김이 좋아요.,,꽤 남았어요,적당해요,편리해요,Y
BP_024,BNR17 비에날씬플러스 다이어트유산균 모유유래 체지방감소 10포 10일분 분말,https://smartstore.naver.com/main/products/5025351460,2020-07-30,5,배송이빨라요! ㅎㅎ,,꽤 남았어요,꼼꼼해요,편리해요,Y
BP_024,BNR17 비에날씬플러스 다이어트유산균 모유유래 체지방감소 10포 10일분 분말,https://smartstore.naver.com/main/products/5025351460,2020-07-28,3,요즘 유산균 섭취후에 배변 배출이 좋아야 독소배출에 좋다는것을 ㅋㅋ김희선 유산균은 다이어트에도 좋다고하니까,,꽤 남았어요,적당해요,편리해요,Y
BP_024,BNR17 비에날씬플러스 다이어트유산균 모유유래 체지방감소 10포 10일분 분말,https://smartstore.naver.com/main/products/5025351460,2020-07-28,4,효과가 있으면 좋겠습니다,,아주 넉넉해요,꼼꼼해요,편리해요,Y
