﻿상품코드,상품명,URL,날짜,별점,리뷰텍스트,구매자 성별,유통기한,포장,편리,판매여부
BP_043,[네이버 쇼핑라이브 타임딜 상품] BNR17 다이어트 유산균 비에날씬 프로틴 14포+텀블러 증정,https://smartstore.naver.com/main/products/7290019411,2022-11-24,5,한달사용화장실도 잘가고 좋은거 같아요,,아주 넉넉해요,꼼꼼해요,편리해요,Y
BP_043,[네이버 쇼핑라이브 타임딜 상품] BNR17 다이어트 유산균 비에날씬 프로틴 14포+텀블러 증정,https://smartstore.naver.com/main/products/7290019411,2022-11-22,5,한달사용신제품 라이브시 구매해서 먹었는데 좋은거 같아요,,아주 넉넉해요,꼼꼼해요,편리해요,Y
BP_043,[네이버 쇼핑라이브 타임딜 상품] BNR17 다이어트 유산균 비에날씬 프로틴 14포+텀블러 증정,https://smartstore.naver.com/main/products/7290019411,2022-10-22,5,너무 좋은 상품 기대이상입니다 열심히 먹고 건강해져볼께요,,아주 넉넉해요,꼼꼼해요,편리해요,Y
BP_043,[네이버 쇼핑라이브 타임딜 상품] BNR17 다이어트 유산균 비에날씬 프로틴 14포+텀블러 증정,https://smartstore.naver.com/main/products/7290019411,2022-10-20,5,"평소에 사고 싶었는데 너무 만족스런 구매를 했습니다.
캡슐은 조만간 나중에 먹기로 하고 프로틴을 먼저 먹는 중인데요.
맛도 좋고 포만감도 있고 장이 너무 편해서
14일분 먹고 재구매할것같아요.
효과봤으면 좋겠구요.
방송 또 했으면 좋겠네요.",,아주 넉넉해요,꼼꼼해요,편리해요,Y
BP_043,[네이버 쇼핑라이브 타임딜 상품] BNR17 다이어트 유산균 비에날씬 프로틴 14포+텀블러 증정,https://smartstore.naver.com/main/products/7290019411,2022-10-20,5,한번 먹어보고 싶었는데 라이브때 저렴하게 구매했네요~^^,,꽤 남았어요,꼼꼼해요,편리해요,Y
BP_043,[네이버 쇼핑라이브 타임딜 상품] BNR17 다이어트 유산균 비에날씬 프로틴 14포+텀블러 증정,https://smartstore.naver.com/main/products/7290019411,2022-10-18,5,"좋은제품 고민만하다가 라이브 방송에서 저렴하게 잘산거같아요
재구매하러 또올게요",,아주 넉넉해요,꼼꼼해요,편리해요,Y
