﻿상품코드,상품명,URL,날짜,별점,리뷰텍스트,구매자 성별,유통기한,포장,편리,판매여부
BP_039,[쇼핑라이브 전용 상품] BNR17 비에날씬 다이어트 유산균 모유유래 체지방감소 6개월+비에날씬 프로틴 14포+텀블러 증정,https://smartstore.naver.com/main/products/7289394383,2023-01-15,5,한달사용라방때 구매해서 사은품으로 받은 프로틴이에요- 우유에 타먹으면 되직해져서 한끼 식사로 충분합니다-,,아주 넉넉해요,꼼꼼해요,편리해요,Y
BP_039,[쇼핑라이브 전용 상품] BNR17 비에날씬 다이어트 유산균 모유유래 체지방감소 6개월+비에날씬 프로틴 14포+텀블러 증정,https://smartstore.naver.com/main/products/7289394383,2023-01-11,5,한달사용네번 째 구매입니다 속편하고 쾌변햐ㅐ요 방귀냄새도 많이 개선 되었구요,,아주 넉넉해요,적당해요,편리해요,Y
BP_039,[쇼핑라이브 전용 상품] BNR17 비에날씬 다이어트 유산균 모유유래 체지방감소 6개월+비에날씬 프로틴 14포+텀블러 증정,https://smartstore.naver.com/main/products/7289394383,2023-01-07,5,한달사용엄마가 주기적으로 드세요! 다음에도 또 이용하겠습니다.,,아주 넉넉해요,꼼꼼해요,편리해요,Y
BP_039,[쇼핑라이브 전용 상품] BNR17 비에날씬 다이어트 유산균 모유유래 체지방감소 6개월+비에날씬 프로틴 14포+텀블러 증정,https://smartstore.naver.com/main/products/7289394383,2023-01-04,5,한달사용체지방이 줄어들기를 기대하며 ^^,,아주 넉넉해요,적당해요,편리해요,Y
BP_039,[쇼핑라이브 전용 상품] BNR17 비에날씬 다이어트 유산균 모유유래 체지방감소 6개월+비에날씬 프로틴 14포+텀블러 증정,https://smartstore.naver.com/main/products/7289394383,2022-12-28,5,한달사용몸이가벼워지는거같아항상 잘 챙겨먹습니다 ^^,,아주 넉넉해요,꼼꼼해요,편리해요,Y
BP_039,[쇼핑라이브 전용 상품] BNR17 비에날씬 다이어트 유산균 모유유래 체지방감소 6개월+비에날씬 프로틴 14포+텀블러 증정,https://smartstore.naver.com/main/products/7289394383,2022-12-23,5,한달사용화장실 가기 편하고 좋아요!,,아주 넉넉해요,꼼꼼해요,편리해요,Y
BP_039,[쇼핑라이브 전용 상품] BNR17 비에날씬 다이어트 유산균 모유유래 체지방감소 6개월+비에날씬 프로틴 14포+텀블러 증정,https://smartstore.naver.com/main/products/7289394383,2022-12-18,5,한달사용저희엄마와 저는 확실히 효과가 있어서 두번째 구매인데 여전희 저희는 좋네요ㅎㅎㅎ앞으로 당분간은 쭉 구매해서 먹을 예정입니다^^,,아주 넉넉해요,꼼꼼해요,편리해요,Y
BP_039,[쇼핑라이브 전용 상품] BNR17 비에날씬 다이어트 유산균 모유유래 체지방감소 6개월+비에날씬 프로틴 14포+텀블러 증정,https://smartstore.naver.com/main/products/7289394383,2022-12-13,5,한달사용매번 구매하고 있어용ㅎㅎ 다이어트 보조제 겸 유산균 겸 일석이조 ㅎ,,아주 넉넉해요,적당해요,편리해요,Y
BP_039,[쇼핑라이브 전용 상품] BNR17 비에날씬 다이어트 유산균 모유유래 체지방감소 6개월+비에날씬 프로틴 14포+텀블러 증정,https://smartstore.naver.com/main/products/7289394383,2022-12-10,4,한달사용효과 기대하고 열심히 먹어요,,꽤 남았어요,꼼꼼해요,편리해요,Y
BP_039,[쇼핑라이브 전용 상품] BNR17 비에날씬 다이어트 유산균 모유유래 체지방감소 6개월+비에날씬 프로틴 14포+텀블러 증정,https://smartstore.naver.com/main/products/7289394383,2022-12-06,5,한달사용꾸준히 잘 먹고있어요 크키가 크다고 느껴지고 한번이 두알씩 먹다보니 처음엔 싫었는데 지금은 뭐 걍 잘 먹습니다 ㅋㅋ,,아주 넉넉해요,꼼꼼해요,편리해요,Y
BP_039,[쇼핑라이브 전용 상품] BNR17 비에날씬 다이어트 유산균 모유유래 체지방감소 6개월+비에날씬 프로틴 14포+텀블러 증정,https://smartstore.naver.com/main/products/7289394383,2022-12-01,5,한달사용장건강이 좋아졌어요 앞으로도 열심히 챙겨 먹어야겠어요,,아주 넉넉해요,꼼꼼해요,편리해요,Y
BP_039,[쇼핑라이브 전용 상품] BNR17 비에날씬 다이어트 유산균 모유유래 체지방감소 6개월+비에날씬 프로틴 14포+텀블러 증정,https://smartstore.naver.com/main/products/7289394383,2022-11-29,5,한달사용다리가 얇아진거 같아요!! 역시 좋은유산균은 뭐가 달라도 다르네요!,,아주 넉넉해요,꼼꼼해요,편리해요,Y
BP_039,[쇼핑라이브 전용 상품] BNR17 비에날씬 다이어트 유산균 모유유래 체지방감소 6개월+비에날씬 프로틴 14포+텀블러 증정,https://smartstore.naver.com/main/products/7289394383,2022-11-29,5,"한달사용먹기 편하고 효과가 있어요
아침에 공복에 먹으면 화장실도 잘가요
재구매입니다",,아주 넉넉해요,꼼꼼해요,편리해요,Y
BP_039,[쇼핑라이브 전용 상품] BNR17 비에날씬 다이어트 유산균 모유유래 체지방감소 6개월+비에날씬 프로틴 14포+텀블러 증정,https://smartstore.naver.com/main/products/7289394383,2022-11-25,5,한달사용총알배송과 꼼꼼하게 포장되서 좋아요,,아주 넉넉해요,꼼꼼해요,편리해요,Y
BP_039,[쇼핑라이브 전용 상품] BNR17 비에날씬 다이어트 유산균 모유유래 체지방감소 6개월+비에날씬 프로틴 14포+텀블러 증정,https://smartstore.naver.com/main/products/7289394383,2022-11-24,4,한달사용한통을 비워가는데 뱃살 빠진건 모르겠고 화장실은 잘가는거같아요 꾸준히 먹고 뱃살도 날씬해지길 바래보네요,,아주 넉넉해요,꼼꼼해요,편리해요,Y
BP_039,[쇼핑라이브 전용 상품] BNR17 비에날씬 다이어트 유산균 모유유래 체지방감소 6개월+비에날씬 프로틴 14포+텀블러 증정,https://smartstore.naver.com/main/products/7289394383,2022-11-24,5,한달사용열심히 먹는 중입니다~,,꽤 남았어요,꼼꼼해요,편리해요,Y
BP_039,[쇼핑라이브 전용 상품] BNR17 비에날씬 다이어트 유산균 모유유래 체지방감소 6개월+비에날씬 프로틴 14포+텀블러 증정,https://smartstore.naver.com/main/products/7289394383,2022-11-22,5,한달사용항상먹고있는제품 라이브시 또 구매했네요,,아주 넉넉해요,꼼꼼해요,편리해요,Y
BP_039,[쇼핑라이브 전용 상품] BNR17 비에날씬 다이어트 유산균 모유유래 체지방감소 6개월+비에날씬 프로틴 14포+텀블러 증정,https://smartstore.naver.com/main/products/7289394383,2022-11-22,5,한달사용잘 먹고 있어요 좋아요,,아주 넉넉해요,꼼꼼해요,편리해요,Y
BP_039,[쇼핑라이브 전용 상품] BNR17 비에날씬 다이어트 유산균 모유유래 체지방감소 6개월+비에날씬 프로틴 14포+텀블러 증정,https://smartstore.naver.com/main/products/7289394383,2022-11-21,5,한달사용하루에 두알씩 꾸준히 먹고 있어요 아직까지는 잘 모르겠는데 그래도 재구매해서 계속 먹어보려고 합니다,,아주 넉넉해요,적당해요,편리해요,Y
BP_039,[쇼핑라이브 전용 상품] BNR17 비에날씬 다이어트 유산균 모유유래 체지방감소 6개월+비에날씬 프로틴 14포+텀블러 증정,https://smartstore.naver.com/main/products/7289394383,2022-11-21,5,한달사용잘먹고 잘싸고 있습니다~~~!!,,아주 넉넉해요,꼼꼼해요,편리해요,Y
BP_039,[쇼핑라이브 전용 상품] BNR17 비에날씬 다이어트 유산균 모유유래 체지방감소 6개월+비에날씬 프로틴 14포+텀블러 증정,https://smartstore.naver.com/main/products/7289394383,2022-11-21,5,"한달사용아침마다 딸아이랑 잊지않고 꼭 챙겨먹네요~
비싸지만 효과가 있어 다른 유산균을 못먹겠어요^^
다음 라이브 방송도 놓치지않고 꼭 챙겨봐야겠어요~",,아주 넉넉해요,꼼꼼해요,편리해요,Y
BP_039,[쇼핑라이브 전용 상품] BNR17 비에날씬 다이어트 유산균 모유유래 체지방감소 6개월+비에날씬 프로틴 14포+텀블러 증정,https://smartstore.naver.com/main/products/7289394383,2022-11-20,5,"한달사용괜찮은거 같아요..
변도 잘나오고 살이빠지는건 모르겠지만 그걸오만족하며 먹고있어요",,꽤 남았어요,적당해요,그냥그래요,Y
BP_039,[쇼핑라이브 전용 상품] BNR17 비에날씬 다이어트 유산균 모유유래 체지방감소 6개월+비에날씬 프로틴 14포+텀블러 증정,https://smartstore.naver.com/main/products/7289394383,2022-11-20,5,한달사용좋아요 꾸준히 먹고 있습니다😋😋,,아주 넉넉해요,꼼꼼해요,편리해요,Y
BP_039,[쇼핑라이브 전용 상품] BNR17 비에날씬 다이어트 유산균 모유유래 체지방감소 6개월+비에날씬 프로틴 14포+텀블러 증정,https://smartstore.naver.com/main/products/7289394383,2022-11-19,5,한달사용엄마가 두번째 드시는건데 유산균이 너무 잘맞는다고 하시네요,,아주 넉넉해요,꼼꼼해요,편리해요,Y
BP_039,[쇼핑라이브 전용 상품] BNR17 비에날씬 다이어트 유산균 모유유래 체지방감소 6개월+비에날씬 프로틴 14포+텀블러 증정,https://smartstore.naver.com/main/products/7289394383,2022-11-18,5,한달사용잘먹고 있습니다 감사합니다^^,,아주 넉넉해요,꼼꼼해요,편리해요,Y
BP_039,[쇼핑라이브 전용 상품] BNR17 비에날씬 다이어트 유산균 모유유래 체지방감소 6개월+비에날씬 프로틴 14포+텀블러 증정,https://smartstore.naver.com/main/products/7289394383,2022-11-17,5,"한달사용엄마가 엄청 열심히 잘드시고 계세요
배도 살짝 들어가신거 같아요~",,아주 넉넉해요,꼼꼼해요,편리해요,Y
BP_039,[쇼핑라이브 전용 상품] BNR17 비에날씬 다이어트 유산균 모유유래 체지방감소 6개월+비에날씬 프로틴 14포+텀블러 증정,https://smartstore.naver.com/main/products/7289394383,2022-11-08,5,"엄마가 드셔보시고 추천해주셔서 주문해보았어요
배송이 젖어서 왔다는 리뷰가 많아 걱정했는데 지퍼백에 깔끔하게 포장되어 도착했고 배송도 다음 날 바로 도착했습니다 냉장고에 두고 매일 아침 챙겨먹고 있는데 화장실 다녀오면 시원한 느낌은 드네요 ㅎㅎ 꾸준히 먹어보겠습니다.",,아주 넉넉해요,꼼꼼해요,편리해요,Y
BP_039,[쇼핑라이브 전용 상품] BNR17 비에날씬 다이어트 유산균 모유유래 체지방감소 6개월+비에날씬 프로틴 14포+텀블러 증정,https://smartstore.naver.com/main/products/7289394383,2022-11-07,5,"넘 좋아요.
늘 먹고있는제품입니다",,아주 넉넉해요,꼼꼼해요,편리해요,Y
BP_039,[쇼핑라이브 전용 상품] BNR17 비에날씬 다이어트 유산균 모유유래 체지방감소 6개월+비에날씬 프로틴 14포+텀블러 증정,https://smartstore.naver.com/main/products/7289394383,2022-11-05,5,여동생이 먹고 있어 저도 먹으려고 주문 했어요,,아주 넉넉해요,꼼꼼해요,편리해요,Y
BP_039,[쇼핑라이브 전용 상품] BNR17 비에날씬 다이어트 유산균 모유유래 체지방감소 6개월+비에날씬 프로틴 14포+텀블러 증정,https://smartstore.naver.com/main/products/7289394383,2022-10-31,5,평소에 잘 드시던거라 주문했습니다!,,아주 넉넉해요,꼼꼼해요,편리해요,Y
BP_039,[쇼핑라이브 전용 상품] BNR17 비에날씬 다이어트 유산균 모유유래 체지방감소 6개월+비에날씬 프로틴 14포+텀블러 증정,https://smartstore.naver.com/main/products/7289394383,2022-10-27,3,"다이어트에 도움이 되는 유산균이라기에 반신반의하는 맘으로 구매했어요, 기존에도 유산균은 꾸준히 먹고있었고 다이어트 어쩌구저쩌구 이런것도 먹어봤는데 다이어트에 도움되는지도 모르겠고, 오히려 장 건강에도 도움이 안되서 유산균을 바꾸려고 하던중에 라방 끝나기 3분전에 봐서 부랴부랴 주문했어요 ㅎㅎ
캡슐형이랑 분말형이랑 무슨 차이가 있는지도 모르고 막 주문했는데, 받고 보니 캡슐형은 냉장보관해야되서 왠지 분말형은 상온보관이 가능한 제품일것 같더라구요....제 생각이 맞으면 효과가 좋아서 재구매할 경우 분말형으로 구매하려구요!
유산균은 내년 12월까지 프로틴은 내년 9월까지라 기간은 넉넉하더라구요, 식단조절&운동 병행하면서 다이어트 시작할건데 유산균이 시너지 효과를 줘서 지방만 쏙쏙 빠지면 좋겠네요! 먹어보고 한달 후에 후기 남길게요!! +1",,아주 넉넉해요,적당해요,그냥그래요,Y
BP_039,[쇼핑라이브 전용 상품] BNR17 비에날씬 다이어트 유산균 모유유래 체지방감소 6개월+비에날씬 프로틴 14포+텀블러 증정,https://smartstore.naver.com/main/products/7289394383,2022-10-26,5,다이어트 안해본것없이 해봤습니다 쪘다 빠졌다 반복 비앤날씬 먹은후로 한결 가벼워진 느낌입니다 건강하게 유지하면서 체중조절하는게 좋은거같아요,,꽤 남았어요,꼼꼼해요,편리해요,Y
BP_039,[쇼핑라이브 전용 상품] BNR17 비에날씬 다이어트 유산균 모유유래 체지방감소 6개월+비에날씬 프로틴 14포+텀블러 증정,https://smartstore.naver.com/main/products/7289394383,2022-10-25,5,사악한 가격이지만 사은품도 받을 수 있어서 구매했습니다-,,아주 넉넉해요,꼼꼼해요,편리해요,Y
BP_039,[쇼핑라이브 전용 상품] BNR17 비에날씬 다이어트 유산균 모유유래 체지방감소 6개월+비에날씬 프로틴 14포+텀블러 증정,https://smartstore.naver.com/main/products/7289394383,2022-10-24,5,이거먹고 조금씩 효과보는중 신랑하고 같이 먹네요,,아주 넉넉해요,꼼꼼해요,편리해요,Y
BP_039,[쇼핑라이브 전용 상품] BNR17 비에날씬 다이어트 유산균 모유유래 체지방감소 6개월+비에날씬 프로틴 14포+텀블러 증정,https://smartstore.naver.com/main/products/7289394383,2022-10-24,5,꾸준히 먹고 있어요 좋습니다 장운동에 효과 최곱니다!!,,아주 넉넉해요,꼼꼼해요,편리해요,Y
BP_039,[쇼핑라이브 전용 상품] BNR17 비에날씬 다이어트 유산균 모유유래 체지방감소 6개월+비에날씬 프로틴 14포+텀블러 증정,https://smartstore.naver.com/main/products/7289394383,2022-10-24,5,가족이 다같이 먹고 있어요 유산균 마리수가 많아서 변이 잘 나와요 3개월 치 시켰다가 다 먹어서 6개월치 주문하였습니다 잘 먹을께요,,아주 넉넉해요,꼼꼼해요,편리해요,Y
BP_039,[쇼핑라이브 전용 상품] BNR17 비에날씬 다이어트 유산균 모유유래 체지방감소 6개월+비에날씬 프로틴 14포+텀블러 증정,https://smartstore.naver.com/main/products/7289394383,2022-10-23,5,"배송빠르고 좋아요 아직많이먹지는않아서
꾸준히 먹어보고 또 후기 남기겠습니다 번창하셔요
ㅎㅎ",,아주 넉넉해요,꼼꼼해요,편리해요,Y
BP_039,[쇼핑라이브 전용 상품] BNR17 비에날씬 다이어트 유산균 모유유래 체지방감소 6개월+비에날씬 프로틴 14포+텀블러 증정,https://smartstore.naver.com/main/products/7289394383,2022-10-23,5,아버지가 3개월 드시고 또 필요하대서 주문해드렸어요^^,,아주 넉넉해요,꼼꼼해요,편리해요,Y
BP_039,[쇼핑라이브 전용 상품] BNR17 비에날씬 다이어트 유산균 모유유래 체지방감소 6개월+비에날씬 프로틴 14포+텀블러 증정,https://smartstore.naver.com/main/products/7289394383,2022-10-22,5,라이브상품으로 주문했는데 너무 좋은 가격에 좋은 상품 120%만족합니다 먹은지 며칠 되지않아 효능을 기대하긴 어렵지만 앞으로도 계속 라이브했음 좋겠어요,,아주 넉넉해요,꼼꼼해요,편리해요,Y
BP_039,[쇼핑라이브 전용 상품] BNR17 비에날씬 다이어트 유산균 모유유래 체지방감소 6개월+비에날씬 프로틴 14포+텀블러 증정,https://smartstore.naver.com/main/products/7289394383,2022-10-21,5,전에 좋다고해서 먹어보다가 화장실을 잘 가게 되는 것 같아 추가로 6개월 더 시켰네요~~ 살은 운동과 식단조절 병행해야 빠지는듯,,아주 넉넉해요,꼼꼼해요,편리해요,Y
BP_039,[쇼핑라이브 전용 상품] BNR17 비에날씬 다이어트 유산균 모유유래 체지방감소 6개월+비에날씬 프로틴 14포+텀블러 증정,https://smartstore.naver.com/main/products/7289394383,2022-10-21,5,배송도 빠르고 포장도 꼼꼼해요! 항상 먹던 제품 저렴하게 구매합니다! 냉장고에 쟁여뒀어요!,,아주 넉넉해요,꼼꼼해요,편리해요,Y
BP_039,[쇼핑라이브 전용 상품] BNR17 비에날씬 다이어트 유산균 모유유래 체지방감소 6개월+비에날씬 프로틴 14포+텀블러 증정,https://smartstore.naver.com/main/products/7289394383,2022-10-21,5,몇년째 먹는 거라서....,,아주 넉넉해요,꼼꼼해요,편리해요,Y
BP_039,[쇼핑라이브 전용 상품] BNR17 비에날씬 다이어트 유산균 모유유래 체지방감소 6개월+비에날씬 프로틴 14포+텀블러 증정,https://smartstore.naver.com/main/products/7289394383,2022-10-21,5,배송도 빠르고 며칠안먹었는데 효과가 있는거 같아요,,아주 넉넉해요,꼼꼼해요,편리해요,Y
BP_039,[쇼핑라이브 전용 상품] BNR17 비에날씬 다이어트 유산균 모유유래 체지방감소 6개월+비에날씬 프로틴 14포+텀블러 증정,https://smartstore.naver.com/main/products/7289394383,2022-10-21,4,매번 먹던거라 아주 든든하네요,,아주 넉넉해요,꼼꼼해요,편리해요,Y
BP_039,[쇼핑라이브 전용 상품] BNR17 비에날씬 다이어트 유산균 모유유래 체지방감소 6개월+비에날씬 프로틴 14포+텀블러 증정,https://smartstore.naver.com/main/products/7289394383,2022-10-21,5,엄마가 추천해줘서 먹고있어요 음.. 이제 두달치꺼 먹기 시작했는데 그래도 1-2일 한번씩 화장실 가는거같아요 원래는 3-4일에 한번 갈까말까였거든요.. 다이어트 효과가있는지는 아직 잘 모르겠지만 6개월치도 구매했으니 꾸준히 먹어보려구요,,아주 넉넉해요,꼼꼼해요,편리해요,Y
BP_039,[쇼핑라이브 전용 상품] BNR17 비에날씬 다이어트 유산균 모유유래 체지방감소 6개월+비에날씬 프로틴 14포+텀블러 증정,https://smartstore.naver.com/main/products/7289394383,2022-10-20,5,배송은 바로 다음날왔고 효과 좋아서 꾸준하게 먹고 있어요~,,꽤 남았어요,꼼꼼해요,편리해요,Y
BP_039,[쇼핑라이브 전용 상품] BNR17 비에날씬 다이어트 유산균 모유유래 체지방감소 6개월+비에날씬 프로틴 14포+텀블러 증정,https://smartstore.naver.com/main/products/7289394383,2022-10-20,5,"비에날씬 먹고나면 속도편하고 살이빠지는건 모르겠지만 유지되는느낌은 확실히 나는가같아요~^^
엄마랑 같이 먹고있는데 제일맘에드는유산균!!
이번 프로틴도 먹어봤는데 곡물맛나고 괜찮네요~!!",,아주 넉넉해요,꼼꼼해요,편리해요,Y
BP_039,[쇼핑라이브 전용 상품] BNR17 비에날씬 다이어트 유산균 모유유래 체지방감소 6개월+비에날씬 프로틴 14포+텀블러 증정,https://smartstore.naver.com/main/products/7289394383,2022-10-20,5,효과있길 기대하며 냉장보관했어요. 장운동이 활발해진다는 느낌은 확실히 있어요~한달 후기 남길게요.,,아주 넉넉해요,꼼꼼해요,편리해요,Y
BP_039,[쇼핑라이브 전용 상품] BNR17 비에날씬 다이어트 유산균 모유유래 체지방감소 6개월+비에날씬 프로틴 14포+텀블러 증정,https://smartstore.naver.com/main/products/7289394383,2022-10-20,5,"보냉 포장 꼼꼼히 왔고 엄마가 항상 이거 드세요 제일 잘 맞는다고 하시네요 ㅋㅋㅋ
라이브 방송으로 할인받고 구매해서 더 좋고 몇달 뒤에 구매하러 다시 오겠습니다 ㅋㅋㅋ",,아주 넉넉해요,꼼꼼해요,편리해요,Y
BP_039,[쇼핑라이브 전용 상품] BNR17 비에날씬 다이어트 유산균 모유유래 체지방감소 6개월+비에날씬 프로틴 14포+텀블러 증정,https://smartstore.naver.com/main/products/7289394383,2022-10-19,5,"배송도 빠르고 효과도 괜찮아서
꾸준히 먹고 있어요~",,아주 넉넉해요,꼼꼼해요,편리해요,Y
BP_039,[쇼핑라이브 전용 상품] BNR17 비에날씬 다이어트 유산균 모유유래 체지방감소 6개월+비에날씬 프로틴 14포+텀블러 증정,https://smartstore.naver.com/main/products/7289394383,2022-10-19,5,항상 먹던 거라 싸게 믿고 샀어요,,아주 넉넉해요,꼼꼼해요,편리해요,Y
BP_039,[쇼핑라이브 전용 상품] BNR17 비에날씬 다이어트 유산균 모유유래 체지방감소 6개월+비에날씬 프로틴 14포+텀블러 증정,https://smartstore.naver.com/main/products/7289394383,2022-10-19,5,빠른 배송으로 꼼꼼하게 포장되서 왔어요 열심히 먹고 한달후기 남길게요,,아주 넉넉해요,꼼꼼해요,편리해요,Y
BP_039,[쇼핑라이브 전용 상품] BNR17 비에날씬 다이어트 유산균 모유유래 체지방감소 6개월+비에날씬 프로틴 14포+텀블러 증정,https://smartstore.naver.com/main/products/7289394383,2022-10-19,5,"편리하네요 일부러 가루형태말고 알약형태로 샀어요~
그리고 식약처인증에 체지방감소까지!!
체지방 감소되는 제품은 많지만 판매하면서 대놓고(?) 말하는 곳은 많지않죠
확실히 인증을 받은 곳이니 믿고 먹습니다
남편과 저의 나잇살 좀... 아니 많이 없애주길~!!
우리 함께 먹고 체지방도 줄이고 장건강은 챙겨봅시다!
꾸준히 먹고 한달 후기 올리겠습니다^^ +2",,아주 넉넉해요,꼼꼼해요,편리해요,Y
BP_039,[쇼핑라이브 전용 상품] BNR17 비에날씬 다이어트 유산균 모유유래 체지방감소 6개월+비에날씬 프로틴 14포+텀블러 증정,https://smartstore.naver.com/main/products/7289394383,2022-10-19,5,"지난번 라이브방송때 구매후 매일아침 꾸준히 먹은결과
다른건 모르겠만 변비약을 달고 살았던 내가 1일1끙을하게됨 4통째부터😆 못잃어 ....😁",,아주 넉넉해요,꼼꼼해요,편리해요,Y
BP_039,[쇼핑라이브 전용 상품] BNR17 비에날씬 다이어트 유산균 모유유래 체지방감소 6개월+비에날씬 프로틴 14포+텀블러 증정,https://smartstore.naver.com/main/products/7289394383,2022-10-19,5,아이스팩에 잘 포장돼서 왔어요 장건강 챙기면서 날씬해지고파요 열심 먹어볼께요,,꽤 남았어요,꼼꼼해요,편리해요,Y
BP_039,[쇼핑라이브 전용 상품] BNR17 비에날씬 다이어트 유산균 모유유래 체지방감소 6개월+비에날씬 프로틴 14포+텀블러 증정,https://smartstore.naver.com/main/products/7289394383,2022-10-19,5,엄마 선물로 사드렸는데 전부터 드시던거라 너무 좋아하시네요,,아주 넉넉해요,꼼꼼해요,편리해요,Y
BP_039,[쇼핑라이브 전용 상품] BNR17 비에날씬 다이어트 유산균 모유유래 체지방감소 6개월+비에날씬 프로틴 14포+텀블러 증정,https://smartstore.naver.com/main/products/7289394383,2022-10-19,5,"라이브하는 시간 기다렸다가 샀어요!
어머니가 bnr17 유산균을 사달라고 부탁하셔서 저도 알게된 제품인데 덕분에 좋은 유산균 먹기 시작했어요!!!",,아주 넉넉해요,꼼꼼해요,편리해요,Y
BP_039,[쇼핑라이브 전용 상품] BNR17 비에날씬 다이어트 유산균 모유유래 체지방감소 6개월+비에날씬 프로틴 14포+텀블러 증정,https://smartstore.naver.com/main/products/7289394383,2022-10-19,5,감사합니다 잘받았습니다^^,,아주 넉넉해요,꼼꼼해요,편리해요,Y
BP_039,[쇼핑라이브 전용 상품] BNR17 비에날씬 다이어트 유산균 모유유래 체지방감소 6개월+비에날씬 프로틴 14포+텀블러 증정,https://smartstore.naver.com/main/products/7289394383,2022-10-18,5,"싸게 잘 구입했습니다
열심히 먹어보려구요~",,꽤 남았어요,꼼꼼해요,편리해요,Y
BP_039,[쇼핑라이브 전용 상품] BNR17 비에날씬 다이어트 유산균 모유유래 체지방감소 6개월+비에날씬 프로틴 14포+텀블러 증정,https://smartstore.naver.com/main/products/7289394383,2022-10-18,5,"저희 어머님... 2년째 꾸준히. .
좋으시니 한달분 남겨두시고
주문 부탁 하십니다.
좋아하시니 ... 좋아요...
라이브 구매는 처음이고...
어머님.. 뭐가 하나 더 왔다고 좋아하십니다.
ㅎㅎㅎ
감사합니다. ^^ 더보기",,아주 넉넉해요,꼼꼼해요,편리해요,Y
BP_039,[쇼핑라이브 전용 상품] BNR17 비에날씬 다이어트 유산균 모유유래 체지방감소 6개월+비에날씬 프로틴 14포+텀블러 증정,https://smartstore.naver.com/main/products/7289394383,2022-10-18,5,1차 구매후 재구매했어요~두 딸들과 함께 열심히 먹고 있습니다~,,아주 넉넉해요,꼼꼼해요,편리해요,Y
BP_039,[쇼핑라이브 전용 상품] BNR17 비에날씬 다이어트 유산균 모유유래 체지방감소 6개월+비에날씬 프로틴 14포+텀블러 증정,https://smartstore.naver.com/main/products/7289394383,2022-10-18,5,빠른배송 감사합니다,,아주 넉넉해요,꼼꼼해요,편리해요,Y
BP_039,[쇼핑라이브 전용 상품] BNR17 비에날씬 다이어트 유산균 모유유래 체지방감소 6개월+비에날씬 프로틴 14포+텀블러 증정,https://smartstore.naver.com/main/products/7289394383,2022-10-18,5,먹고있던게 다 떨어져가서 냉장고에 6개월분 쟁였습니다!!,,아주 넉넉해요,꼼꼼해요,편리해요,Y
BP_039,[쇼핑라이브 전용 상품] BNR17 비에날씬 다이어트 유산균 모유유래 체지방감소 6개월+비에날씬 프로틴 14포+텀블러 증정,https://smartstore.naver.com/main/products/7289394383,2022-10-18,5,"어제 밤에 라이브보면서 주문했는데
24시간도 지나지않았는데
집앞에 똬악!
지난번구매때도 빠른배송! 하면 놀랐지만 이번에도
빠른배송과 알찬구성 너무 좋아요
자주이벤트가있음
좋겠어요
엄마랑 같이 먹고있는데
미리미리 할인할때 주문했어요 더보기",,아주 넉넉해요,꼼꼼해요,편리해요,Y
BP_039,[쇼핑라이브 전용 상품] BNR17 비에날씬 다이어트 유산균 모유유래 체지방감소 6개월+비에날씬 프로틴 14포+텀블러 증정,https://smartstore.naver.com/main/products/7289394383,2022-10-18,5,포장 깔끔하고 저렴한 가격 알찬구성 좋아요!,,아주 넉넉해요,꼼꼼해요,편리해요,Y
BP_039,[쇼핑라이브 전용 상품] BNR17 비에날씬 다이어트 유산균 모유유래 체지방감소 6개월+비에날씬 프로틴 14포+텀블러 증정,https://smartstore.naver.com/main/products/7289394383,2022-10-18,5,지난번에 다먹고 또 주문해요~몸이좀 가벼워지는 느낌이에요,,아주 넉넉해요,꼼꼼해요,편리해요,Y
BP_039,[쇼핑라이브 전용 상품] BNR17 비에날씬 다이어트 유산균 모유유래 체지방감소 6개월+비에날씬 프로틴 14포+텀블러 증정,https://smartstore.naver.com/main/products/7289394383,2022-10-18,5,"만족하면서 재구매하고 먹고 있지만 살이 빠진다던가 뭐 그런건 모르겠고 변은 잘봐서 계속먹어요
방송에서처럼 드라마틱하게 빠지려면 운동 식이요법해야겠지요~",,아주 넉넉해요,꼼꼼해요,편리해요,Y
BP_039,[쇼핑라이브 전용 상품] BNR17 비에날씬 다이어트 유산균 모유유래 체지방감소 6개월+비에날씬 프로틴 14포+텀블러 증정,https://smartstore.naver.com/main/products/7289394383,2022-10-18,5,"배송 엄청 빠르고 포장도 깔끔하게 잘되어있어요!
먹던거 다 먹어가서 시킬때 됐었는데 때마침 행사해서 잘 구매했습니다~~",,아주 넉넉해요,꼼꼼해요,편리해요,Y
BP_039,[쇼핑라이브 전용 상품] BNR17 비에날씬 다이어트 유산균 모유유래 체지방감소 6개월+비에날씬 프로틴 14포+텀블러 증정,https://smartstore.naver.com/main/products/7289394383,2022-10-18,5,어제 구매해서 오늘도착했습니다 바로 뜯어서 먹어봤구요 맛있네요 잘먹겠습니다,,아주 넉넉해요,꼼꼼해요,편리해요,Y
BP_039,[쇼핑라이브 전용 상품] BNR17 비에날씬 다이어트 유산균 모유유래 체지방감소 6개월+비에날씬 프로틴 14포+텀블러 증정,https://smartstore.naver.com/main/products/7289394383,2022-10-18,5,"몇년째 먹는거라 비싼데 계속 주문하네요,
라이브방송때 구매해서 상품권도 당첨되고 대박이예요, 단백질까지 덤으로^^ 잘 먹을께요~
딸아이랑 같이 복용하니 빨리없어져요
가격이 빨리 착해지면 좋겠어요^^",,꽤 남았어요,꼼꼼해요,편리해요,Y
BP_039,[쇼핑라이브 전용 상품] BNR17 비에날씬 다이어트 유산균 모유유래 체지방감소 6개월+비에날씬 프로틴 14포+텀블러 증정,https://smartstore.naver.com/main/products/7289394383,2022-10-18,5,1년 넘게 복용중입니다. 다이어트 보조제 겸 유산균 도 챙기면서 잘 먹구있슴니당,,아주 넉넉해요,적당해요,편리해요,Y
BP_039,[쇼핑라이브 전용 상품] BNR17 비에날씬 다이어트 유산균 모유유래 체지방감소 6개월+비에날씬 프로틴 14포+텀블러 증정,https://smartstore.naver.com/main/products/7289394383,2022-10-18,5,"리뷰도 필요없음...
2년째 어머님 드시고.. 전...때때로..
요번부터 저도 같이 좋아요.... 매일매일 잘... ^^",,아주 넉넉해요,꼼꼼해요,편리해요,Y
BP_039,[쇼핑라이브 전용 상품] BNR17 비에날씬 다이어트 유산균 모유유래 체지방감소 6개월+비에날씬 프로틴 14포+텀블러 증정,https://smartstore.naver.com/main/products/7289394383,2022-10-18,5,"매번 엄마와 함께 구매해서 먹고 있습니다. 이번에 프로틴 함께 주신다하여 기대가 되었는데, 빠른 배송 덕분에 바로 맛 볼 수 있어 좋네요~ 먹기 편리하고 맛도 좋아 다음에도 같은 구성이 있다면 재구매하고 싶은 맘이네요. 엄마도 늘 비엔날씬 유산균만 고집하셔서...곧 또 구매하겠습니다. 많이 파세요.",,아주 넉넉해요,꼼꼼해요,편리해요,Y
BP_039,[쇼핑라이브 전용 상품] BNR17 비에날씬 다이어트 유산균 모유유래 체지방감소 6개월+비에날씬 프로틴 14포+텀블러 증정,https://smartstore.naver.com/main/products/7289394383,2022-10-18,5,"포장도 꼼꼼하고 냉장도 아주 잘 되서 왔어요!
유통기한도 넉넉하고 프로틴 병도 너무이뻐요~♡",,아주 넉넉해요,꼼꼼해요,편리해요,Y
BP_039,[쇼핑라이브 전용 상품] BNR17 비에날씬 다이어트 유산균 모유유래 체지방감소 6개월+비에날씬 프로틴 14포+텀블러 증정,https://smartstore.naver.com/main/products/7289394383,2022-10-18,5,라이브방송때 구매해서 프로틴도 먹어볼수있게됐어요! 굳굳 주변지인이 살 5키로빠졌다고 추천해서 먹어보려고 구매했어요! 효과기대됩니다~~~,,꽤 남았어요,적당해요,편리해요,Y
BP_039,[쇼핑라이브 전용 상품] BNR17 비에날씬 다이어트 유산균 모유유래 체지방감소 6개월+비에날씬 프로틴 14포+텀블러 증정,https://smartstore.naver.com/main/products/7289394383,2022-10-18,5,먹던 상품입니다 어머니랑 같이 먹고있어요 단백질은 3박스째 유산균은 네번째 구매인데 유산균 중 제일 좋은 것 같습니당,,아주 넉넉해요,꼼꼼해요,편리해요,Y
BP_039,[쇼핑라이브 전용 상품] BNR17 비에날씬 다이어트 유산균 모유유래 체지방감소 6개월+비에날씬 프로틴 14포+텀블러 증정,https://smartstore.naver.com/main/products/7289394383,2022-10-18,5,"기대만땅입니다.
포장도 꼼꼼하구요
비싼만큼 기대가 큽니다.
과민성대장 효과기대해봐요ㅋ
온 가족 스타트",,아주 넉넉해요,꼼꼼해요,편리해요,Y
