﻿상품코드,상품명,URL,날짜,별점,리뷰텍스트,구매자 성별,유통기한,포장,편리,판매여부
BP_041,[쇼핑라이브 전용 상품] BNR17 비에날씬플러스 다이어트유산균 체지방감소 6개월+비에날씬 프로틴 14포+텀블러 증정,https://smartstore.naver.com/main/products/7289830032,2022-12-08,5,한달사용잘 먹고 있습니다 우선 화장실도 잘가고 살은 곧 빠질꺼라 믿습니다~~ ㅋㅋㅋ,,아주 넉넉해요,꼼꼼해요,편리해요,Y
BP_041,[쇼핑라이브 전용 상품] BNR17 비에날씬플러스 다이어트유산균 체지방감소 6개월+비에날씬 프로틴 14포+텀블러 증정,https://smartstore.naver.com/main/products/7289830032,2022-11-24,5,한달사용남편이매일매일잘챙겨먹네요 항상구매하는제품입니다,,아주 넉넉해요,꼼꼼해요,편리해요,Y
BP_041,[쇼핑라이브 전용 상품] BNR17 비에날씬플러스 다이어트유산균 체지방감소 6개월+비에날씬 프로틴 14포+텀블러 증정,https://smartstore.naver.com/main/products/7289830032,2022-11-22,5,"한달사용두번째 구매였는데 4개월 정도 운동도 하면서 섭취했고 체지방만 쏙 빠졌습니다!
가격적인 측면에서 부담이 없지 않은 만큼 할인 많이 해주셨음 좋겠어요ㅠ",,아주 넉넉해요,꼼꼼해요,편리해요,Y
BP_041,[쇼핑라이브 전용 상품] BNR17 비에날씬플러스 다이어트유산균 체지방감소 6개월+비에날씬 프로틴 14포+텀블러 증정,https://smartstore.naver.com/main/products/7289830032,2022-11-17,5,한달사용살 빠지는거야 식이와 운동이 필요하고 이건 장속에 비만유전자를 막고 좋은 환경을 만들겠거니 하고 먹고 있습니다 화장실은 시원하게 잘 다녀올수 있고 알약이 좀 커서 먹을때 힘들면 가루유산균으로 먹으면 좋겠네요 1년은 꾸준히 먹어볼 생각 입니다,,아주 넉넉해요,꼼꼼해요,편리해요,Y
BP_041,[쇼핑라이브 전용 상품] BNR17 비에날씬플러스 다이어트유산균 체지방감소 6개월+비에날씬 프로틴 14포+텀블러 증정,https://smartstore.naver.com/main/products/7289830032,2022-11-07,5,비에날씬 벌써 몇번째 꾸준히 시켜 먹는데 매번 먹을때마다 효과가 좋아서 꾸준히 먹게되네요 이제는 제 생활에 없어서는 안될 동반자가 되었네요 항상 감사합니다^~^,,아주 넉넉해요,꼼꼼해요,편리해요,Y
BP_041,[쇼핑라이브 전용 상품] BNR17 비에날씬플러스 다이어트유산균 체지방감소 6개월+비에날씬 프로틴 14포+텀블러 증정,https://smartstore.naver.com/main/products/7289830032,2022-10-30,5,꾸준히 먹고있는거라 고민없이 주문했습니다~,,아주 넉넉해요,꼼꼼해요,편리해요,Y
BP_041,[쇼핑라이브 전용 상품] BNR17 비에날씬플러스 다이어트유산균 체지방감소 6개월+비에날씬 프로틴 14포+텀블러 증정,https://smartstore.naver.com/main/products/7289830032,2022-10-26,5,"포장도 너무 잘되있고
먹기도 너무 좋아요~~",,아주 넉넉해요,꼼꼼해요,편리해요,Y
BP_041,[쇼핑라이브 전용 상품] BNR17 비에날씬플러스 다이어트유산균 체지방감소 6개월+비에날씬 프로틴 14포+텀블러 증정,https://smartstore.naver.com/main/products/7289830032,2022-10-26,5,"배송 진짜 빠르네요~~~
냉장이라 걱정 많이 했는데 역시..
추석전에 주신 사은품이랑 구성이 패키지가 바뀌었네요",,아주 넉넉해요,꼼꼼해요,편리해요,Y
BP_041,[쇼핑라이브 전용 상품] BNR17 비에날씬플러스 다이어트유산균 체지방감소 6개월+비에날씬 프로틴 14포+텀블러 증정,https://smartstore.naver.com/main/products/7289830032,2022-10-26,5,"두번째 주문입니다.
엄마가 너무 만족해서 다시 주문했어요",,아주 넉넉해요,꼼꼼해요,편리해요,Y
BP_041,[쇼핑라이브 전용 상품] BNR17 비에날씬플러스 다이어트유산균 체지방감소 6개월+비에날씬 프로틴 14포+텀블러 증정,https://smartstore.naver.com/main/products/7289830032,2022-10-24,5,원래 알약으로 섭취하고 있었다가 올리브영에서 구매한 가루 제품을 섭취해봤는데 너무 편하고 맛도 있어서 이번에는 가루 제품으로 구매해봤어요~!,,아주 넉넉해요,꼼꼼해요,편리해요,Y
BP_041,[쇼핑라이브 전용 상품] BNR17 비에날씬플러스 다이어트유산균 체지방감소 6개월+비에날씬 프로틴 14포+텀블러 증정,https://smartstore.naver.com/main/products/7289830032,2022-10-21,4,다음날바로도착했습니다 포장도꼼꼼했어요 먹고있던제품이라잘먹겠습니다!! 그런데네이버리뷰도빨리써야적립이더되나요?!,,꽤 남았어요,꼼꼼해요,편리해요,Y
BP_041,[쇼핑라이브 전용 상품] BNR17 비에날씬플러스 다이어트유산균 체지방감소 6개월+비에날씬 프로틴 14포+텀블러 증정,https://smartstore.naver.com/main/products/7289830032,2022-10-20,5,아무리 알약이 먹기 부담스런 크기가 아니라 해도 그래도 분말에 비하면 저는 알약 두알은 힘드네요... 한알씩 먹다간 물 배만 차고 그래서 분말로 선택했습니다.!,,아주 넉넉해요,꼼꼼해요,편리해요,Y
BP_041,[쇼핑라이브 전용 상품] BNR17 비에날씬플러스 다이어트유산균 체지방감소 6개월+비에날씬 프로틴 14포+텀블러 증정,https://smartstore.naver.com/main/products/7289830032,2022-10-20,5,꼼꼼한 포장이 좋았습니다 :),,아주 넉넉해요,꼼꼼해요,편리해요,Y
BP_041,[쇼핑라이브 전용 상품] BNR17 비에날씬플러스 다이어트유산균 체지방감소 6개월+비에날씬 프로틴 14포+텀블러 증정,https://smartstore.naver.com/main/products/7289830032,2022-10-18,5,비에날 씬과 비에날 플러스 둘다 구매 했어요~씬은 먹고 있던거라 구매했고 플러스는 딸램 먹으라고 주문했네요~ 플러스 사과맛 나는게 맛나 더라구요~^^,,아주 넉넉해요,꼼꼼해요,편리해요,Y
BP_041,[쇼핑라이브 전용 상품] BNR17 비에날씬플러스 다이어트유산균 체지방감소 6개월+비에날씬 프로틴 14포+텀블러 증정,https://smartstore.naver.com/main/products/7289830032,2022-10-18,5,"온가족 같이 먹으려니 비용이 좀 쎗지만
기대만땅입니다.
꾸준히 먹어보겠습니다.
포장 꼼꼼히 안전하게 잘 왔어요
좋은가격에 득템 +1",,아주 넉넉해요,꼼꼼해요,편리해요,Y
BP_041,[쇼핑라이브 전용 상품] BNR17 비에날씬플러스 다이어트유산균 체지방감소 6개월+비에날씬 프로틴 14포+텀블러 증정,https://smartstore.naver.com/main/products/7289830032,2022-10-18,5,떨어지면 불안한 유산균~~ 선물로 단백질까지~ 먹고 건강해질게요^^,,아주 넉넉해요,꼼꼼해요,편리해요,Y
BP_041,[쇼핑라이브 전용 상품] BNR17 비에날씬플러스 다이어트유산균 체지방감소 6개월+비에날씬 프로틴 14포+텀블러 증정,https://smartstore.naver.com/main/products/7289830032,2022-10-18,5,알약은 먹어 봤어서 플러스 시켜봤어요. 알약보다 먹기 편해요. 행사할 때 사서 단백질 받았는데 맛있어요. 플러스도 청포도 맛이 나는데 제 입맛엔 좀 달았어요. 그리고 유산균맛과 살짝 안어울리는 듯도 해요^^;;취향 차이니까욤뭐. 암튼 알약보단 먹기 편한게 장점입니다. +1,,아주 넉넉해요,꼼꼼해요,편리해요,Y
BP_041,[쇼핑라이브 전용 상품] BNR17 비에날씬플러스 다이어트유산균 체지방감소 6개월+비에날씬 프로틴 14포+텀블러 증정,https://smartstore.naver.com/main/products/7289830032,2022-10-18,5,아이스박스에 배송이 안전하게 오고 상품도 마음에 듭니다.,,아주 넉넉해요,꼼꼼해요,편리해요,Y
