﻿상품코드,상품명,URL,날짜,별점,리뷰텍스트,구매자 성별,유통기한,포장,편리,판매여부
BP_042,[네이버 쇼핑라이브 타임딜 상품] BNR17 비에날씬 다이어트유산균 모유유래 체지방감소 3개월+비에날씬 프로틴 14포+텀블러 증정,https://smartstore.naver.com/main/products/7289930511,2023-01-01,5,한달사용좋습니다좋습니다좋습니다,,아주 넉넉해요,꼼꼼해요,편리해요,Y
BP_042,[네이버 쇼핑라이브 타임딜 상품] BNR17 비에날씬 다이어트유산균 모유유래 체지방감소 3개월+비에날씬 프로틴 14포+텀블러 증정,https://smartstore.naver.com/main/products/7289930511,2022-12-23,5,한달사용와이프가 먹는데 확실히 이거먹고는 장이 편하다고하네요..다먹으면 재구매해야겠어요..,,아주 넉넉해요,꼼꼼해요,편리해요,Y
BP_042,[네이버 쇼핑라이브 타임딜 상품] BNR17 비에날씬 다이어트유산균 모유유래 체지방감소 3개월+비에날씬 프로틴 14포+텀블러 증정,https://smartstore.naver.com/main/products/7289930511,2022-12-13,5,한달사용편리해요. 물먹듯이 그냥..,,아주 넉넉해요,꼼꼼해요,편리해요,Y
BP_042,[네이버 쇼핑라이브 타임딜 상품] BNR17 비에날씬 다이어트유산균 모유유래 체지방감소 3개월+비에날씬 프로틴 14포+텀블러 증정,https://smartstore.naver.com/main/products/7289930511,2022-12-08,5,한달사용잘먹고 있습니다~ 딸램이도 먹이고 저도 먹고 요즘 화장실을 아주 잘 가네요~^^,,아주 넉넉해요,꼼꼼해요,편리해요,Y
BP_042,[네이버 쇼핑라이브 타임딜 상품] BNR17 비에날씬 다이어트유산균 모유유래 체지방감소 3개월+비에날씬 프로틴 14포+텀블러 증정,https://smartstore.naver.com/main/products/7289930511,2022-12-04,5,"한달사용캡슐형태로 먹기 편하고 다이어트 보조로 저한테 맞는 제품이라 꾸준히 먹으려고 해요.
잘먹고 있어요.",,아주 넉넉해요,꼼꼼해요,편리해요,Y
BP_042,[네이버 쇼핑라이브 타임딜 상품] BNR17 비에날씬 다이어트유산균 모유유래 체지방감소 3개월+비에날씬 프로틴 14포+텀블러 증정,https://smartstore.naver.com/main/products/7289930511,2022-11-24,5,한달사용속이 편안합니다 굿굿,,아주 넉넉해요,꼼꼼해요,편리해요,Y
BP_042,[네이버 쇼핑라이브 타임딜 상품] BNR17 비에날씬 다이어트유산균 모유유래 체지방감소 3개월+비에날씬 프로틴 14포+텀블러 증정,https://smartstore.naver.com/main/products/7289930511,2022-11-23,4,한달사용좋아요~~~~~~~,,아주 넉넉해요,꼼꼼해요,편리해요,Y
BP_042,[네이버 쇼핑라이브 타임딜 상품] BNR17 비에날씬 다이어트유산균 모유유래 체지방감소 3개월+비에날씬 프로틴 14포+텀블러 증정,https://smartstore.naver.com/main/products/7289930511,2022-11-12,5,좋습니다 좋습니다 좋습니다,,아주 넉넉해요,꼼꼼해요,편리해요,Y
BP_042,[네이버 쇼핑라이브 타임딜 상품] BNR17 비에날씬 다이어트유산균 모유유래 체지방감소 3개월+비에날씬 프로틴 14포+텀블러 증정,https://smartstore.naver.com/main/products/7289930511,2022-11-10,5,라방으로 처음 구매해서 먹는데 화장실 너무잘가요,,아주 넉넉해요,꼼꼼해요,편리해요,Y
BP_042,[네이버 쇼핑라이브 타임딜 상품] BNR17 비에날씬 다이어트유산균 모유유래 체지방감소 3개월+비에날씬 프로틴 14포+텀블러 증정,https://smartstore.naver.com/main/products/7289930511,2022-10-25,5,어머니 사드렸는데 좋아하시네요 다음에 또 구매할께요 어머니는 효과가 괜찮다고 하네요,,꽤 남았어요,적당해요,편리해요,Y
BP_042,[네이버 쇼핑라이브 타임딜 상품] BNR17 비에날씬 다이어트유산균 모유유래 체지방감소 3개월+비에날씬 프로틴 14포+텀블러 증정,https://smartstore.naver.com/main/products/7289930511,2022-10-23,5,배송 엄청 빨랐습니다,,아주 넉넉해요,꼼꼼해요,편리해요,Y
BP_042,[네이버 쇼핑라이브 타임딜 상품] BNR17 비에날씬 다이어트유산균 모유유래 체지방감소 3개월+비에날씬 프로틴 14포+텀블러 증정,https://smartstore.naver.com/main/products/7289930511,2022-10-22,5,"매일 몸무게를 재고 있는데 체중감소되는 것이 눈에 보이네요.
식단 조절만 하고 있는데 가끔 맛있는 음식 먹어도 유지되는 것이 느껴져요.
다이어트 효과 처음으로 인정하는 제품이고 제 몸에도 잘 맞아서 꾸준히 먹을 것 같아요. +1",,아주 넉넉해요,꼼꼼해요,편리해요,Y
BP_042,[네이버 쇼핑라이브 타임딜 상품] BNR17 비에날씬 다이어트유산균 모유유래 체지방감소 3개월+비에날씬 프로틴 14포+텀블러 증정,https://smartstore.naver.com/main/products/7289930511,2022-10-21,5,후기가 좋아서 구매했어요. 라이브로 저렴하게 구매했습니다. 효과도 좋길 기대할게요!,,아주 넉넉해요,꼼꼼해요,편리해요,Y
BP_042,[네이버 쇼핑라이브 타임딜 상품] BNR17 비에날씬 다이어트유산균 모유유래 체지방감소 3개월+비에날씬 프로틴 14포+텀블러 증정,https://smartstore.naver.com/main/products/7289930511,2022-10-21,5,아는 의사쌤한테 추천받아서 구입해봣어요. 기대되요.,,아주 넉넉해요,꼼꼼해요,편리해요,Y
BP_042,[네이버 쇼핑라이브 타임딜 상품] BNR17 비에날씬 다이어트유산균 모유유래 체지방감소 3개월+비에날씬 프로틴 14포+텀블러 증정,https://smartstore.naver.com/main/products/7289930511,2022-10-20,5,"먹고볼까? 생각하던중 우연하게 라방있는걸 알게되어 저렴한 가격에 구매라게되어 좋네요^^ 요거먹고 장도 건강해지고 복부지방도 감소되면 좋겠네요.
특별 사은품도 감사하고요 지방감소 근력업 장튼튼 생각만으로도 건강해진거 같네요 3개월후 제 모습이 궁금해지네요~^^",,아주 넉넉해요,꼼꼼해요,편리해요,Y
BP_042,[네이버 쇼핑라이브 타임딜 상품] BNR17 비에날씬 다이어트유산균 모유유래 체지방감소 3개월+비에날씬 프로틴 14포+텀블러 증정,https://smartstore.naver.com/main/products/7289930511,2022-10-20,5,"타임딜로 저렴하게 샀습니다~
여름부터 먹고 있는데 나름 좋은 효과를 보고 있어서 만족합니다!",,아주 넉넉해요,꼼꼼해요,편리해요,Y
BP_042,[네이버 쇼핑라이브 타임딜 상품] BNR17 비에날씬 다이어트유산균 모유유래 체지방감소 3개월+비에날씬 프로틴 14포+텀블러 증정,https://smartstore.naver.com/main/products/7289930511,2022-10-19,5,"여러분들이 추천해주셔서
어머님 사드렸습니다.
어머님떼서 꾸준히 드시고 체중이 감량되시면 다시 후기 남길게요!",,아주 넉넉해요,꼼꼼해요,편리해요,Y
BP_042,[네이버 쇼핑라이브 타임딜 상품] BNR17 비에날씬 다이어트유산균 모유유래 체지방감소 3개월+비에날씬 프로틴 14포+텀블러 증정,https://smartstore.naver.com/main/products/7289930511,2022-10-18,5,"빠른배송~~꼼꼼포장~
넉넉한 유통기한~
꾸준히 먹어보겠습니다.
감사합니다",,아주 넉넉해요,꼼꼼해요,편리해요,Y
BP_042,[네이버 쇼핑라이브 타임딜 상품] BNR17 비에날씬 다이어트유산균 모유유래 체지방감소 3개월+비에날씬 프로틴 14포+텀블러 증정,https://smartstore.naver.com/main/products/7289930511,2022-10-18,5,"기대됩니다.
모두 건강하세요..",,꽤 남았어요,꼼꼼해요,편리해요,Y
BP_042,[네이버 쇼핑라이브 타임딜 상품] BNR17 비에날씬 다이어트유산균 모유유래 체지방감소 3개월+비에날씬 프로틴 14포+텀블러 증정,https://smartstore.naver.com/main/products/7289930511,2022-10-18,5,"맛있어요. 스티로폼포장만 잘되면 좋을듯 해요, 테이프가 너무 잘뜯긴달까^^;",,아주 넉넉해요,꼼꼼해요,편리해요,Y
BP_042,[네이버 쇼핑라이브 타임딜 상품] BNR17 비에날씬 다이어트유산균 모유유래 체지방감소 3개월+비에날씬 프로틴 14포+텀블러 증정,https://smartstore.naver.com/main/products/7289930511,2022-10-18,5,"도착하자마자 얼른 우리집 냉장고 제일 윗칸에~~
신랑퇴근하면 같이한번 먹어봐야겠어요~~^^",,아주 넉넉해요,꼼꼼해요,편리해요,Y
BP_042,[네이버 쇼핑라이브 타임딜 상품] BNR17 비에날씬 다이어트유산균 모유유래 체지방감소 3개월+비에날씬 프로틴 14포+텀블러 증정,https://smartstore.naver.com/main/products/7289930511,2022-10-18,5,먹던거라 라방할때 할인 더 받아서 주문했습니다~ 빠져라 빠져~~~~~,,아주 넉넉해요,꼼꼼해요,편리해요,Y
BP_042,[네이버 쇼핑라이브 타임딜 상품] BNR17 비에날씬 다이어트유산균 모유유래 체지방감소 3개월+비에날씬 프로틴 14포+텀블러 증정,https://smartstore.naver.com/main/products/7289930511,2022-10-18,5,"다이어트효과 기대합니다.
라이브로 저렴하게 구매합니다.
감사합니다^^",,아주 넉넉해요,꼼꼼해요,편리해요,Y
BP_042,[네이버 쇼핑라이브 타임딜 상품] BNR17 비에날씬 다이어트유산균 모유유래 체지방감소 3개월+비에날씬 프로틴 14포+텀블러 증정,https://smartstore.naver.com/main/products/7289930511,2022-10-18,5,"꾸준히 먹고있는데, 체중감소는 모르겠지만 똥은 아주 잘나와요~ 라이브행사로 구매할수있어 좋네요",,아주 넉넉해요,꼼꼼해요,편리해요,Y
BP_042,[네이버 쇼핑라이브 타임딜 상품] BNR17 비에날씬 다이어트유산균 모유유래 체지방감소 3개월+비에날씬 프로틴 14포+텀블러 증정,https://smartstore.naver.com/main/products/7289930511,2022-10-18,4,좋아요~~~~~~~,,아주 넉넉해요,꼼꼼해요,편리해요,Y
