﻿상품코드,상품명,URL,날짜,별점,리뷰텍스트,구매자 성별,유통기한,포장,편리,판매여부
BP_014,에트나케어 ROCH 피부건강 당귤농축분말 레드오렌지추출물 헤스페리딘 3개월,https://smartstore.naver.com/main/products/10927212363,2025-09-12,5,피부에 좋다는데 안먹을 수 없겠죠,,아주 넉넉해요,꼼꼼해요,편리해요,Y
BP_014,에트나케어 ROCH 피부건강 당귤농축분말 레드오렌지추출물 헤스페리딘 3개월,https://smartstore.naver.com/main/products/10927212363,2025-09-03,5,"건강관심사 여성건강
 3개월 먹고 재구매했어요 3개월 먹었는데 건조에 도움이 되는지는 여름이어서 모르겠어요 그냥 도움이 된다고 하니 꾸준히 먹어보려구요 환절기 되면 좀 다름이 느껴지려나.. 미리 먹어두는거죵^^ 목넘김이 편해서 먹기는 편해요 동영상컨텐츠
+1",여성,아주 넉넉해요,꼼꼼해요,편리해요,Y
BP_014,에트나케어 ROCH 피부건강 당귤농축분말 레드오렌지추출물 헤스페리딘 3개월,https://smartstore.naver.com/main/products/10927212363,2025-08-27,5,"건강관심사 노화방지눈건강여성건강
 피부에 좋다고 구매했어요. 괜찮은것 같아요",여성,아주 넉넉해요,꼼꼼해요,편리해요,Y
BP_014,에트나케어 ROCH 피부건강 당귤농축분말 레드오렌지추출물 헤스페리딘 3개월,https://smartstore.naver.com/main/products/10927212363,2025-08-20,5,"건강관심사 노화방지피로회복
 잘모르겠음. 먹어봐야 알거같아요",여성,아주 넉넉해요,꼼꼼해요,편리해요,Y
BP_014,에트나케어 ROCH 피부건강 당귤농축분말 레드오렌지추출물 헤스페리딘 3개월,https://smartstore.naver.com/main/products/10927212363,2025-08-19,5,"건강관심사 면역력장건강
 아직 기미는 보이지 않으나 끈적이는걸 좋아하지않아 썬크림을 덧바르지않는 습관때문에 시작해봅니다~~^^",여성,꽤 남았어요,꼼꼼해요,편리해요,Y
BP_014,에트나케어 ROCH 피부건강 당귤농축분말 레드오렌지추출물 헤스페리딘 3개월,https://smartstore.naver.com/main/products/10927212363,2025-08-14,5,재구매벌써 4번이나 구매했어묘 꾸준히 먹으니 피부관리에 도움되는것 걑네요,,아주 넉넉해요,꼼꼼해요,편리해요,Y
BP_014,에트나케어 ROCH 피부건강 당귤농축분말 레드오렌지추출물 헤스페리딘 3개월,https://smartstore.naver.com/main/products/10927212363,2025-08-13,4,아직 몇번안먹어서 효과는모르겠지만 피부노화방지를 위해 피부에 3달치 양보해볼려고요 좋아져랏,여성,아주 넉넉해요,꼼꼼해요,편리해요,Y
BP_014,에트나케어 ROCH 피부건강 당귤농축분말 레드오렌지추출물 헤스페리딘 3개월,https://smartstore.naver.com/main/products/10927212363,2025-08-10,5,효과가 있었음 하는 기대로 구매 해 봅니다^^,,꽤 남았어요,적당해요,그냥그래요,Y
BP_014,에트나케어 ROCH 피부건강 당귤농축분말 레드오렌지추출물 헤스페리딘 3개월,https://smartstore.naver.com/main/products/10927212363,2025-08-09,5,와이프 먹이려고 샀어요ㅎㅎ,여성,아주 넉넉해요,꼼꼼해요,편리해요,Y
BP_014,에트나케어 ROCH 피부건강 당귤농축분말 레드오렌지추출물 헤스페리딘 3개월,https://smartstore.naver.com/main/products/10927212363,2025-08-08,5,재구매라방보고 퀸하고 같이 먹으면좋다고해서 엄마 드시라고 같이 구입했어요!!,,아주 넉넉해요,꼼꼼해요,편리해요,Y
BP_014,에트나케어 ROCH 피부건강 당귤농축분말 레드오렌지추출물 헤스페리딘 3개월,https://smartstore.naver.com/main/products/10927212363,2025-08-08,5,꾸준히먹고있는데~넘좋아용~떨어지면안되서항상쟁겨나용~,,아주 넉넉해요,꼼꼼해요,편리해요,Y
BP_014,에트나케어 ROCH 피부건강 당귤농축분말 레드오렌지추출물 헤스페리딘 3개월,https://smartstore.naver.com/main/products/10927212363,2025-08-08,5,라방보고 퀸하고 엄마 같이 드시라고 구입했어요!! 효과가있었으면좋겠어요!!,,아주 넉넉해요,꼼꼼해요,편리해요,Y
BP_014,에트나케어 ROCH 피부건강 당귤농축분말 레드오렌지추출물 헤스페리딘 3개월,https://smartstore.naver.com/main/products/10927212363,2025-08-08,5,"건강관심사 관절/뼈건강근육/체력
 속건조 심한 딸이랑 먹고 있어요 저는 잘챙기는데 딸은 자꾸 빼먹네요 라방보고 또 샀어요",여성,아주 넉넉해요,꼼꼼해요,편리해요,Y
BP_014,에트나케어 ROCH 피부건강 당귤농축분말 레드오렌지추출물 헤스페리딘 3개월,https://smartstore.naver.com/main/products/10927212363,2025-08-06,5,"건강관심사 노화방지
 한달사용조아요 굿 굿...",남성,아주 넉넉해요,적당해요,그냥그래요,Y
BP_014,에트나케어 ROCH 피부건강 당귤농축분말 레드오렌지추출물 헤스페리딘 3개월,https://smartstore.naver.com/main/products/10927212363,2025-07-25,5,재구매좋아요 잘챙겨먹어요,남성,아주 넉넉해요,꼼꼼해요,편리해요,Y
BP_014,에트나케어 ROCH 피부건강 당귤농축분말 레드오렌지추출물 헤스페리딘 3개월,https://smartstore.naver.com/main/products/10927212363,2025-07-22,5,"남편주려고 샀어요 빠른배송감사합니다
한달먹어보고 또올릴께요",,꽤 남았어요,적당해요,그냥그래요,Y
BP_014,에트나케어 ROCH 피부건강 당귤농축분말 레드오렌지추출물 헤스페리딘 3개월,https://smartstore.naver.com/main/products/10927212363,2025-07-17,5,처음 구매해보는데 잘 먹어볼께요~,,아주 넉넉해요,적당해요,편리해요,Y
BP_014,에트나케어 ROCH 피부건강 당귤농축분말 레드오렌지추출물 헤스페리딘 3개월,https://smartstore.naver.com/main/products/10927212363,2025-07-16,5,"건강관심사 수면건강
 얼굴이 건조한데 계속 먹다보니 많이 좋아지는것 같아 계속 먹고있습니다",여성,아주 넉넉해요,꼼꼼해요,편리해요,Y
BP_014,에트나케어 ROCH 피부건강 당귤농축분말 레드오렌지추출물 헤스페리딘 3개월,https://smartstore.naver.com/main/products/10927212363,2025-07-01,5,처음 3개월정도 복용했을때 피부톤도 좀 밝아지고 얼굴에 트러블도 줄어들고 했었는데...끊고 나니 다시 생기도 없어지고 뾰루지도 계속 생기고 트러블에 자꾸 안좋아져서 다시 주문했어요. 확실히 복용하니 피부도 빨리 회복되는게 느껴지네요.하루중 언제 복용하는게 제일 좋은지 몰라서 저는 자기전에 꼭 챙겨먹고 있는데... 아침시간에 복용해야 더 좋을까요???궁금하네요....,여성,아주 넉넉해요,꼼꼼해요,편리해요,Y
BP_014,에트나케어 ROCH 피부건강 당귤농축분말 레드오렌지추출물 헤스페리딘 3개월,https://smartstore.naver.com/main/products/10927212363,2025-06-27,5,"건강관심사 노화방지면역력장건강
 빠른배송에 감사드립니다",여성,아주 넉넉해요,적당해요,편리해요,Y
BP_014,에트나케어 ROCH 피부건강 당귤농축분말 레드오렌지추출물 헤스페리딘 3개월,https://smartstore.naver.com/main/products/10927212363,2025-06-10,5,재구매3번짼가...? 재구매,,아주 넉넉해요,꼼꼼해요,편리해요,Y
BP_014,에트나케어 ROCH 피부건강 당귤농축분말 레드오렌지추출물 헤스페리딘 3개월,https://smartstore.naver.com/main/products/10927212363,2025-06-08,5,"건강관심사 노화방지면역력피로회복
 한달사용일단 부지런히 챙겨먹어요",여성,꽤 남았어요,꼼꼼해요,편리해요,Y
BP_014,에트나케어 ROCH 피부건강 당귤농축분말 레드오렌지추출물 헤스페리딘 3개월,https://smartstore.naver.com/main/products/10927212363,2025-06-07,5,어머님이 드셔보시곤 좋아하시네요!,,아주 넉넉해요,꼼꼼해요,편리해요,Y
BP_014,에트나케어 ROCH 피부건강 당귤농축분말 레드오렌지추출물 헤스페리딘 3개월,https://smartstore.naver.com/main/products/10927212363,2025-05-30,5,재구매한달사용잘먹었고 또 구매해야해요~,,아주 넉넉해요,꼼꼼해요,편리해요,Y
BP_014,에트나케어 ROCH 피부건강 당귤농축분말 레드오렌지추출물 헤스페리딘 3개월,https://smartstore.naver.com/main/products/10927212363,2025-05-27,5,재구매한달사용만족스럽네요 꾸준히 먹을려구요,,아주 넉넉해요,꼼꼼해요,편리해요,Y
BP_014,에트나케어 ROCH 피부건강 당귤농축분말 레드오렌지추출물 헤스페리딘 3개월,https://smartstore.naver.com/main/products/10927212363,2025-05-24,5,쿠폰으로 저렴하게 구매했어요,남성,아주 넉넉해요,꼼꼼해요,편리해요,Y
BP_014,에트나케어 ROCH 피부건강 당귤농축분말 레드오렌지추출물 헤스페리딘 3개월,https://smartstore.naver.com/main/products/10927212363,2025-05-23,5,재구매작아서 목넘김이 쉽고 하루 한번복용이라 편하다,,임박상품이에요,꼼꼼해요,편리해요,Y
BP_014,에트나케어 ROCH 피부건강 당귤농축분말 레드오렌지추출물 헤스페리딘 3개월,https://smartstore.naver.com/main/products/10927212363,2025-05-23,5,재구매피부색이 좋아지는듯 합니다. 세번째 구매하고 있어요,,아주 넉넉해요,꼼꼼해요,편리해요,Y
BP_014,에트나케어 ROCH 피부건강 당귤농축분말 레드오렌지추출물 헤스페리딘 3개월,https://smartstore.naver.com/main/products/10927212363,2025-05-22,5,재구매먹어 보니 피부가 좋아 저서 또 주문해서 먹고 있습니다.,,아주 넉넉해요,꼼꼼해요,편리해요,Y
BP_014,에트나케어 ROCH 피부건강 당귤농축분말 레드오렌지추출물 헤스페리딘 3개월,https://smartstore.naver.com/main/products/10927212363,2025-05-03,5,"건강관심사 여성건강
 항상 먹는거에요. 피부에 좋다고해서 챙겨 먹고 있어요. 속당김이 심하고 넘 건조해서 먹는데 하도 이것저것 먹는게 많아서 효과가 좋은지 어쩐지 잘 모르겠지만 안먹으면 안될거같아서...",여성,아주 넉넉해요,꼼꼼해요,편리해요,Y
BP_014,에트나케어 ROCH 피부건강 당귤농축분말 레드오렌지추출물 헤스페리딘 3개월,https://smartstore.naver.com/main/products/10927212363,2025-04-15,5,"건강관심사 면역력노화방지피로회복
 효과있는거 같아 꾸준히 먹고 있어요",여성,아주 넉넉해요,꼼꼼해요,편리해요,Y
BP_014,에트나케어 ROCH 피부건강 당귤농축분말 레드오렌지추출물 헤스페리딘 3개월,https://smartstore.naver.com/main/products/10927212363,2025-04-14,5,꾸준히 먹어봐야 알것같아요~~,,아주 넉넉해요,꼼꼼해요,편리해요,Y
BP_014,에트나케어 ROCH 피부건강 당귤농축분말 레드오렌지추출물 헤스페리딘 3개월,https://smartstore.naver.com/main/products/10927212363,2025-04-08,5,재구매우리 부부의 건강을 위해 구매했어요~,,아주 넉넉해요,꼼꼼해요,편리해요,Y
BP_014,에트나케어 ROCH 피부건강 당귤농축분말 레드오렌지추출물 헤스페리딘 3개월,https://smartstore.naver.com/main/products/10927212363,2025-03-27,5,"건강관심사 면역력노화방지피로회복
 열심히먹어볼께요 피부에좋다니",여성,아주 넉넉해요,꼼꼼해요,편리해요,Y
BP_014,에트나케어 ROCH 피부건강 당귤농축분말 레드오렌지추출물 헤스페리딘 3개월,https://smartstore.naver.com/main/products/10927212363,2025-03-21,5,조어뇨 감사핮니다!!,,꽤 남았어요,적당해요,그냥그래요,Y
BP_014,에트나케어 ROCH 피부건강 당귤농축분말 레드오렌지추출물 헤스페리딘 3개월,https://smartstore.naver.com/main/products/10927212363,2025-03-16,5,한달사용간편하게 먹으면서 피부관리가되니 넘넘좋아요~~^^,,아주 넉넉해요,꼼꼼해요,편리해요,Y
BP_014,에트나케어 ROCH 피부건강 당귤농축분말 레드오렌지추출물 헤스페리딘 3개월,https://smartstore.naver.com/main/products/10927212363,2025-03-06,5,"건강관심사 여성건강
 2통째먹고 있어요. 피부도 좋아지고 맑아졌어요.",여성,아주 넉넉해요,꼼꼼해요,편리해요,Y
BP_014,에트나케어 ROCH 피부건강 당귤농축분말 레드오렌지추출물 헤스페리딘 3개월,https://smartstore.naver.com/main/products/10927212363,2025-03-05,5,재구매넘나 먹기편해서 조아여~~~감사합니다요 ~,,아주 넉넉해요,꼼꼼해요,편리해요,Y
BP_014,에트나케어 ROCH 피부건강 당귤농축분말 레드오렌지추출물 헤스페리딘 3개월,https://smartstore.naver.com/main/products/10927212363,2025-02-25,5,배송이 빠르고 꾸준히 먹기좋아요,,아주 넉넉해요,꼼꼼해요,편리해요,Y
BP_014,에트나케어 ROCH 피부건강 당귤농축분말 레드오렌지추출물 헤스페리딘 3개월,https://smartstore.naver.com/main/products/10927212363,2025-02-24,5,"재구매제품이. 좋아서 계속 먹고 있습니다.
좋은 제품 감사합니다.",,아주 넉넉해요,꼼꼼해요,편리해요,Y
BP_014,에트나케어 ROCH 피부건강 당귤농축분말 레드오렌지추출물 헤스페리딘 3개월,https://smartstore.naver.com/main/products/10927212363,2025-02-23,5,한달사용선물받은 부모님 만족하시어 재구매 갑니다,,아주 넉넉해요,꼼꼼해요,편리해요,Y
BP_014,에트나케어 ROCH 피부건강 당귤농축분말 레드오렌지추출물 헤스페리딘 3개월,https://smartstore.naver.com/main/products/10927212363,2025-02-16,5,"건강관심사 노화방지눈건강피로회복
 열심히복용해볼께요 추천받아구매 건조한피부어ㆍ도움이된다하여 구매",여성,아주 넉넉해요,꼼꼼해요,편리해요,Y
BP_014,에트나케어 ROCH 피부건강 당귤농축분말 레드오렌지추출물 헤스페리딘 3개월,https://smartstore.naver.com/main/products/10927212363,2025-02-13,5,캡슐이라 먹기 좋아요 꾸준히 먹는 제품입니다,여성,아주 넉넉해요,꼼꼼해요,편리해요,Y
BP_014,에트나케어 ROCH 피부건강 당귤농축분말 레드오렌지추출물 헤스페리딘 3개월,https://smartstore.naver.com/main/products/10927212363,2025-02-04,4,주변친구들이 먹으며ㆍ피부가 좋아진다고해서 시켰어요~~아직은잘모르겠지만 먹다보면효과가있겠죠~~먹기편해서좋구여~가성비좋게 잘구매해서 좋아여,,꽤 남았어요,꼼꼼해요,편리해요,Y
BP_014,에트나케어 ROCH 피부건강 당귤농축분말 레드오렌지추출물 헤스페리딘 3개월,https://smartstore.naver.com/main/products/10927212363,2025-02-01,5,먹기 편하고 배송도 빨라요,,아주 넉넉해요,적당해요,편리해요,Y
BP_014,에트나케어 ROCH 피부건강 당귤농축분말 레드오렌지추출물 헤스페리딘 3개월,https://smartstore.naver.com/main/products/10927212363,2025-01-23,3,"도대체 이거 뚜껑 여는 방법이 뭔가요.. ?
아시는분 돌려도 헛돌고
그림처럼 엄지손가락으로 열라다 손톱 나가는줄… +2",여성,꽤 남았어요,별로예요,불편해요,Y
BP_014,에트나케어 ROCH 피부건강 당귤농축분말 레드오렌지추출물 헤스페리딘 3개월,https://smartstore.naver.com/main/products/10927212363,2025-01-20,5,한달사용방송에서 처음듣고 주문 해서 계속 먹고 있는 좋아지는것같아서 제 주문 할러구요^^,,아주 넉넉해요,꼼꼼해요,편리해요,Y
BP_014,에트나케어 ROCH 피부건강 당귤농축분말 레드오렌지추출물 헤스페리딘 3개월,https://smartstore.naver.com/main/products/10927212363,2025-01-09,5,"피부를위해주문해봤습니다^^
효과를볼수있게꾸준히
먹어보도록하겠습니다~~
다른제품은가루로된거먹었는데
이건알약이라쉽게먹을수있을것같아요
가루는단맛이났는데알약이더좋은거같네요^^",,아주 넉넉해요,꼼꼼해요,편리해요,Y
BP_014,에트나케어 ROCH 피부건강 당귤농축분말 레드오렌지추출물 헤스페리딘 3개월,https://smartstore.naver.com/main/products/10927212363,2025-01-01,5,한달사용자외선으로부터 나늘 지키는기분~잘 먹고 있습니다~,,아주 넉넉해요,꼼꼼해요,편리해요,Y
BP_014,에트나케어 ROCH 피부건강 당귤농축분말 레드오렌지추출물 헤스페리딘 3개월,https://smartstore.naver.com/main/products/10927212363,2024-12-22,4,"지금두통째 먹늣데
효과는 어쩐지모르겠는데
좋아저면좋겠어요",여성,꽤 남았어요,적당해요,편리해요,Y
BP_014,에트나케어 ROCH 피부건강 당귤농축분말 레드오렌지추출물 헤스페리딘 3개월,https://smartstore.naver.com/main/products/10927212363,2024-12-15,5,재구매입니다. 배송이 무척 빨랐어요,,아주 넉넉해요,꼼꼼해요,편리해요,Y
BP_014,에트나케어 ROCH 피부건강 당귤농축분말 레드오렌지추출물 헤스페리딘 3개월,https://smartstore.naver.com/main/products/10927212363,2024-12-13,4,먹고있는데 아직은 잘 모르겠네요,,꽤 남았어요,적당해요,편리해요,Y
BP_014,에트나케어 ROCH 피부건강 당귤농축분말 레드오렌지추출물 헤스페리딘 3개월,https://smartstore.naver.com/main/products/10927212363,2024-12-03,3,좋다고 해서 열심히 먹고 있어용 한달 안되어 아직 효능은 모르겠어용 꾸준히 먹다 보면 좋겠죠?,여성,아주 넉넉해요,꼼꼼해요,편리해요,Y
BP_014,에트나케어 ROCH 피부건강 당귤농축분말 레드오렌지추출물 헤스페리딘 3개월,https://smartstore.naver.com/main/products/10927212363,2024-12-01,5,꾸준히 먹어보려고 합니다 ~~,,아주 넉넉해요,꼼꼼해요,편리해요,Y
BP_014,에트나케어 ROCH 피부건강 당귤농축분말 레드오렌지추출물 헤스페리딘 3개월,https://smartstore.naver.com/main/products/10927212363,2024-11-26,5,배송도 빠름 / 좋습니다,,꽤 남았어요,적당해요,그냥그래요,Y
BP_014,에트나케어 ROCH 피부건강 당귤농축분말 레드오렌지추출물 헤스페리딘 3개월,https://smartstore.naver.com/main/products/10927212363,2024-11-25,4,배송이 빨라서 좋고요 아직 먹어보진않았는데 기대됩니다,,꽤 남았어요,적당해요,그냥그래요,Y
BP_014,에트나케어 ROCH 피부건강 당귤농축분말 레드오렌지추출물 헤스페리딘 3개월,https://smartstore.naver.com/main/products/10927212363,2024-11-22,5,먹어본 지 일주일이 지났습니다 좋은 피부를 기대하며 잘 챙겨먹게 습니다. 신규 퇴직하면.,,아주 넉넉해요,꼼꼼해요,편리해요,Y
BP_014,에트나케어 ROCH 피부건강 당귤농축분말 레드오렌지추출물 헤스페리딘 3개월,https://smartstore.naver.com/main/products/10927212363,2024-11-20,5,한달사용아직은 모르겠어요 ~~~,여성,꽤 남았어요,적당해요,편리해요,Y
BP_014,에트나케어 ROCH 피부건강 당귤농축분말 레드오렌지추출물 헤스페리딘 3개월,https://smartstore.naver.com/main/products/10927212363,2024-11-18,5,친구가 요즘에 피부도 영양제 먹는다고해서 따라서 샀어요 매일 챙겨먹을라구요,,아주 넉넉해요,꼼꼼해요,편리해요,Y
BP_014,에트나케어 ROCH 피부건강 당귤농축분말 레드오렌지추출물 헤스페리딘 3개월,https://smartstore.naver.com/main/products/10927212363,2024-11-14,4,"하루 한알씩 남편과 먹고있습니다 효과가 있을려면
꾸준히 먹어야 겠지요",남성,아주 넉넉해요,꼼꼼해요,편리해요,Y
BP_014,에트나케어 ROCH 피부건강 당귤농축분말 레드오렌지추출물 헤스페리딘 3개월,https://smartstore.naver.com/main/products/10927212363,2024-11-13,5,"겨울로 넘어가다보니 피부가 푸석해지는것같아가지고 바르는것도 신경쓰지만 먹는것도 신경써야할거같아서 구매했습니다 !!
올 겨울은 푸석푸석한 피부가 아니기를 기대해봅니다 성분 좋아보여요 !!",남성,아주 넉넉해요,꼼꼼해요,편리해요,Y
BP_014,에트나케어 ROCH 피부건강 당귤농축분말 레드오렌지추출물 헤스페리딘 3개월,https://smartstore.naver.com/main/products/10927212363,2024-11-13,5,제품 좋은거 같은데 할인 한번 크게 하면 더 많이 쟁여두고 싶네요 캡슐이 크지 않아서 먹기에도 편해요!! 재구매 각!!👍👍,,아주 넉넉해요,꼼꼼해요,편리해요,Y
BP_014,에트나케어 ROCH 피부건강 당귤농축분말 레드오렌지추출물 헤스페리딘 3개월,https://smartstore.naver.com/main/products/10927212363,2024-11-13,5,비에날씬 사려고 보다가 피부 영양제도 있길래 같이 사봤습니다. 유산균만큼 좋으면 좋겠습니다.,여성,아주 넉넉해요,꼼꼼해요,편리해요,Y
BP_014,에트나케어 ROCH 피부건강 당귤농축분말 레드오렌지추출물 헤스페리딘 3개월,https://smartstore.naver.com/main/products/10927212363,2024-11-12,5,오자마자 한알 먹고 나옴. 요즘 피부 관리에 신경 많이 쓰고 있어서 효과 있으면 좋겠음!,,아주 넉넉해요,꼼꼼해요,편리해요,Y
BP_014,에트나케어 ROCH 피부건강 당귤농축분말 레드오렌지추출물 헤스페리딘 3개월,https://smartstore.naver.com/main/products/10927212363,2024-11-12,5,엄마랑 같이 먹으려고 3개짜리로 샀어요 감사합니다,여성,아주 넉넉해요,꼼꼼해요,편리해요,Y
BP_014,에트나케어 ROCH 피부건강 당귤농축분말 레드오렌지추출물 헤스페리딘 3개월,https://smartstore.naver.com/main/products/10927212363,2024-11-12,5,뭐라도 먹으면 안먹는거보다는 효과가 있겠지 싶어요^^ 이너뷰티 제품 많이 챙겨 먹고 있는데 이건 완전 건강기능식품이라 더 좋을것 같아요,,아주 넉넉해요,꼼꼼해요,편리해요,Y
BP_014,에트나케어 ROCH 피부건강 당귤농축분말 레드오렌지추출물 헤스페리딘 3개월,https://smartstore.naver.com/main/products/10927212363,2024-11-12,5,홈쇼핑에서 보고 살까 고민했었는데 네이버페이 쓰려고 여기서 샀어요 좋았으면 좋겠습니다!,,아주 넉넉해요,꼼꼼해요,편리해요,Y
BP_014,에트나케어 ROCH 피부건강 당귤농축분말 레드오렌지추출물 헤스페리딘 3개월,https://smartstore.naver.com/main/products/10927212363,2024-11-12,5,벌써 몇일 안먹었는데 효과가 느껴지는거 같아요 ^^ 계속 꾸준히 먹어볼 예정이에요 좋으면 정착할래요^^,여성,아주 넉넉해요,꼼꼼해요,편리해요,Y
BP_014,에트나케어 ROCH 피부건강 당귤농축분말 레드오렌지추출물 헤스페리딘 3개월,https://smartstore.naver.com/main/products/10927212363,2024-11-11,5,좋아요! 가격도 크게 부담없고 꾸준히 먹을 생각으로 샀는데 꾸준히 먹다보면 당연히 효과 있을거라 생각해요,,아주 넉넉해요,꼼꼼해요,편리해요,Y
BP_014,에트나케어 ROCH 피부건강 당귤농축분말 레드오렌지추출물 헤스페리딘 3개월,https://smartstore.naver.com/main/products/10927212363,2024-11-11,5,배송이진짜빨리와서놀랐어요! 거의 쿠팡급 로켓배송ㅎㅎ 가을 자외선 특히 조심해야한다길래 신경쓰여서 적당한 거 없을까 하던와중에 발견했어요 ㅎㅎ 캡슐 하나로 수분이랑 각종 비타민까지 같이 보충할 수 있어서 좋을 거 같아요. 믿어보겠습니다 ~ 피부에 촉촉함이 살아나기를ㅎㅎ 희망을 가져보아요^^,여성,아주 넉넉해요,꼼꼼해요,편리해요,Y
BP_014,에트나케어 ROCH 피부건강 당귤농축분말 레드오렌지추출물 헤스페리딘 3개월,https://smartstore.naver.com/main/products/10927212363,2024-11-11,5,겨울되면 피부가 너무 퍼석거려서 보습이 필요했는데 기대됩니다 저한테 딱일거 같아서 샀어요~~,,아주 넉넉해요,꼼꼼해요,편리해요,Y
BP_014,에트나케어 ROCH 피부건강 당귤농축분말 레드오렌지추출물 헤스페리딘 3개월,https://smartstore.naver.com/main/products/10927212363,2024-11-11,5,나이들면 피부가 상하는건 어쩔 수 없긴 하지만 조금이라도 늦어지면 좋겠어서 에트나케어도 사봤어요 3받스나 산 만큼 좋기를 바랍니다,,아주 넉넉해요,꼼꼼해요,편리해요,Y
BP_014,에트나케어 ROCH 피부건강 당귤농축분말 레드오렌지추출물 헤스페리딘 3개월,https://smartstore.naver.com/main/products/10927212363,2024-11-11,5,"친구가 이런 피부 영양제를 먹고 피부가 좋아졌다고 해서 저도 찾아보고 구매했습니다
캡슐 하나 먹고 피부에 효과가 있을 수 있다는게 신기해요 좋은 세상이네요",여성,아주 넉넉해요,꼼꼼해요,편리해요,Y
BP_014,에트나케어 ROCH 피부건강 당귤농축분말 레드오렌지추출물 헤스페리딘 3개월,https://smartstore.naver.com/main/products/10927212363,2024-11-11,5,40중반이라 슬슬 다가오는 갱년기에 대한 두려움으로 구입해 보았습니다. 먹기좋은 생각보다 작은 사이즈의 알약이네요 잘 먹어 보겠습니다.,,꽤 남았어요,적당해요,편리해요,Y
BP_014,에트나케어 ROCH 피부건강 당귤농축분말 레드오렌지추출물 헤스페리딘 3개월,https://smartstore.naver.com/main/products/10927212363,2024-11-11,5,"배송 빠르게 와서 바로 먹어봫는데요
캡슐 크기 작아서 좋네요
피부 관리해야해서 믿고 먹어보렵니다",여성,아주 넉넉해요,꼼꼼해요,편리해요,Y
BP_014,에트나케어 ROCH 피부건강 당귤농축분말 레드오렌지추출물 헤스페리딘 3개월,https://smartstore.naver.com/main/products/10927212363,2024-11-11,5,레드오렌지추출물에 대해서 티비에서 보다가 사봤습니다. 큰맘 먹고 산만큼 효과가 좋기를 바랍니다.,여성,아주 넉넉해요,꼼꼼해요,편리해요,Y
BP_014,에트나케어 ROCH 피부건강 당귤농축분말 레드오렌지추출물 헤스페리딘 3개월,https://smartstore.naver.com/main/products/10927212363,2024-11-09,5,"자외선이 진짜 피부에 안좋잖아요
근데 자외선으로부터 피부를 보호해 준다는 말에 바로 샀어요.
제 피부를 보호해주세요~~ +2",여성,아주 넉넉해요,꼼꼼해요,편리해요,Y
BP_014,에트나케어 ROCH 피부건강 당귤농축분말 레드오렌지추출물 헤스페리딘 3개월,https://smartstore.naver.com/main/products/10927212363,2024-11-07,5,레드오렌지 뿐만 아니라 비타민이랑 미네랄 그리고 다른 성분들도 다 좋은거 같아요!!! 꾸준히 먹어보려구욧 ㅎㅎ,여성,아주 넉넉해요,꼼꼼해요,편리해요,Y
BP_014,에트나케어 ROCH 피부건강 당귤농축분말 레드오렌지추출물 헤스페리딘 3개월,https://smartstore.naver.com/main/products/10927212363,2024-11-06,5,아직 먹은지 얼마 되지는 않았지만.. 언제쯤 효과가 나타날까요.. 궁금하네요..,여성,아주 넉넉해요,꼼꼼해요,편리해요,Y
BP_014,에트나케어 ROCH 피부건강 당귤농축분말 레드오렌지추출물 헤스페리딘 3개월,https://smartstore.naver.com/main/products/10927212363,2024-11-06,5,좋을거라고 기대가 큽니다 효과가 빠르게 나타나면 좋겠습니다,여성,아주 넉넉해요,꼼꼼해요,편리해요,Y
BP_014,에트나케어 ROCH 피부건강 당귤농축분말 레드오렌지추출물 헤스페리딘 3개월,https://smartstore.naver.com/main/products/10927212363,2024-11-06,5,비에날씬 검색하다가 비에날씬이랑 같이 샀어요 유산균이랑 같이 잘 먹을게요 ㅋㅋ 유산균이 저랑 진짜 잘맞았어서 기대됩니다.,여성,아주 넉넉해요,꼼꼼해요,편리해요,Y
BP_014,에트나케어 ROCH 피부건강 당귤농축분말 레드오렌지추출물 헤스페리딘 3개월,https://smartstore.naver.com/main/products/10927212363,2024-11-06,5,홈쇼핑에서 보고 살까 고민하다가 말았는데 결국 여기서 샀네요,,아주 넉넉해요,꼼꼼해요,편리해요,Y
BP_014,에트나케어 ROCH 피부건강 당귤농축분말 레드오렌지추출물 헤스페리딘 3개월,https://smartstore.naver.com/main/products/10927212363,2024-11-06,5,원래 안그랬는데 요즘 피부가 예민해진거 같아서 걱정되는 마음에 사봤어요 레드오렌지가 제 얼굴의 예민함을 줄여주면 좋겠네요~~~!,,아주 넉넉해요,꼼꼼해요,편리해요,Y
BP_014,에트나케어 ROCH 피부건강 당귤농축분말 레드오렌지추출물 헤스페리딘 3개월,https://smartstore.naver.com/main/products/10927212363,2024-11-06,5,아직은 잘 모르겠지만 좋은거 같아요 한달 뒤에 다시 후기 남길께요 +1,여성,아주 넉넉해요,꼼꼼해요,편리해요,Y
BP_014,에트나케어 ROCH 피부건강 당귤농축분말 레드오렌지추출물 헤스페리딘 3개월,https://smartstore.naver.com/main/products/10927212363,2024-11-05,5,1개 살까 3개 살까 하다가 맘 먹은김에 3개 사자 한건데 잘한거 같아요,여성,아주 넉넉해요,꼼꼼해요,편리해요,Y
BP_014,에트나케어 ROCH 피부건강 당귤농축분말 레드오렌지추출물 헤스페리딘 3개월,https://smartstore.naver.com/main/products/10927212363,2024-11-05,5,배송 빨리 와서 놀랐어요~ 첫 인상은 캡슐이 크지 않아 먹기 편하네요 혹시 오렌지 맛이 나려나했는데 그건 아니였고요ㅎㅎ 피부 영양제가 꽤나 효과있다 들어서 꾸준히 먹어볼 생각입니다!,여성,아주 넉넉해요,꼼꼼해요,편리해요,Y
BP_014,에트나케어 ROCH 피부건강 당귤농축분말 레드오렌지추출물 헤스페리딘 3개월,https://smartstore.naver.com/main/products/10927212363,2024-11-04,5,저랑 엄마랑 같이 먹으려고 3개 샀어요 ㅋㅋ 엄마는 벌써 좋은거 같다네요 ㅋㅋ,,아주 넉넉해요,꼼꼼해요,편리해요,Y
BP_014,에트나케어 ROCH 피부건강 당귤농축분말 레드오렌지추출물 헤스페리딘 3개월,https://smartstore.naver.com/main/products/10927212363,2024-11-04,5,원래 피부가 진짜 건조한사람이라서 가을 겨울 되면 진짜 최악되거든요 그래서 이미 대비하려고 에트나케어 사봤어요 올 겨울은 피부 푸석해지는거 없이 잘 버틸 수 있을거라 믿어요,,아주 넉넉해요,꼼꼼해요,편리해요,Y
BP_014,에트나케어 ROCH 피부건강 당귤농축분말 레드오렌지추출물 헤스페리딘 3개월,https://smartstore.naver.com/main/products/10927212363,2024-11-04,5,먹는데 불편한건 없네요 통이 작고 가벼워서 가방에 넣고 들고다니기에도 좋아요 집에서 먹으면 하도 까먹어서 그냥 가방에 넣어서 챙겨먹고 있어요,,아주 넉넉해요,꼼꼼해요,편리해요,Y
BP_014,에트나케어 ROCH 피부건강 당귤농축분말 레드오렌지추출물 헤스페리딘 3개월,https://smartstore.naver.com/main/products/10927212363,2024-11-04,5,"꾸준히 먹어볼게여,,, 이런건 진짜 오래 먹어야 하는거 같다는.. 그래서 3개 삼..",남성,아주 넉넉해요,꼼꼼해요,편리해요,Y
BP_014,에트나케어 ROCH 피부건강 당귤농축분말 레드오렌지추출물 헤스페리딘 3개월,https://smartstore.naver.com/main/products/10927212363,2024-11-04,5,피부 관리를 위해서 이 정도 투자는 기본!!,여성,아주 넉넉해요,꼼꼼해요,편리해요,Y
BP_014,에트나케어 ROCH 피부건강 당귤농축분말 레드오렌지추출물 헤스페리딘 3개월,https://smartstore.naver.com/main/products/10927212363,2024-11-04,5,아이 낳고 육아하면서 피부 관리에 소홀했더니 정말 엉망이 되어버렸어요.. 그래서 이거라도 먹자 하고 산건데 저를 위한 투자를 많이 해야겠다는 생각이 들어요..,여성,아주 넉넉해요,꼼꼼해요,편리해요,Y
BP_014,에트나케어 ROCH 피부건강 당귤농축분말 레드오렌지추출물 헤스페리딘 3개월,https://smartstore.naver.com/main/products/10927212363,2024-11-04,5,피부에 좋다고 해서 ㅎㅎ 피부 좋아지겠죠? ㅎㅎ,여성,아주 넉넉해요,꼼꼼해요,편리해요,Y
BP_014,에트나케어 ROCH 피부건강 당귤농축분말 레드오렌지추출물 헤스페리딘 3개월,https://smartstore.naver.com/main/products/10927212363,2024-11-04,5,레드오렌지가 피부 건강에 좋다고 티비에서 봤거든요 검색해보고 구매했는데 비에날씬 유산균 회사더라구요 ㅎㅎ 유산균도 잘 먹고 있어요 에트나케어도 잘 먹어볼게요,,아주 넉넉해요,꼼꼼해요,편리해요,Y
BP_014,에트나케어 ROCH 피부건강 당귤농축분말 레드오렌지추출물 헤스페리딘 3개월,https://smartstore.naver.com/main/products/10927212363,2024-11-03,5,ROCH라는 성분에 대해서 얼마전에 알게 되었는데 바로 보이길래 사봤어요 신기해요 ㅋㅋ,남성,아주 넉넉해요,꼼꼼해요,편리해요,Y
BP_014,에트나케어 ROCH 피부건강 당귤농축분말 레드오렌지추출물 헤스페리딘 3개월,https://smartstore.naver.com/main/products/10927212363,2024-11-03,5,꾸준히 먹어야지요~ 빠른 배송 감사합니다!!,여성,아주 넉넉해요,꼼꼼해요,편리해요,Y
BP_014,에트나케어 ROCH 피부건강 당귤농축분말 레드오렌지추출물 헤스페리딘 3개월,https://smartstore.naver.com/main/products/10927212363,2024-11-02,5,건강기능식품으로 나온거라서더 기대가 되요 피부영양제는 처음이거든요,남성,아주 넉넉해요,꼼꼼해요,편리해요,Y
BP_014,에트나케어 ROCH 피부건강 당귤농축분말 레드오렌지추출물 헤스페리딘 3개월,https://smartstore.naver.com/main/products/10927212363,2024-11-02,5,"언젠가부터 탄력이 사라진 피부를 보며 슬퍼했는데 늦었을수도 있지만 이렇게라도 관리를 해보려구요, 특히 여름에 피부가 많이 타서 더 건조해진 느낌인데, 에트나케어가 제 피부에 도움이 되어주면 좋겠어요",남성,아주 넉넉해요,꼼꼼해요,편리해요,Y
BP_014,에트나케어 ROCH 피부건강 당귤농축분말 레드오렌지추출물 헤스페리딘 3개월,https://smartstore.naver.com/main/products/10927212363,2024-11-02,5,가격이 쪼~끔 비싼거 같은데 할인 조금만 더 많이 되면 좋겠어요 전 좋은거 같아서 계속 먹고 싶거든요!!! 배송도 엄청 빠르고 좋아요:),여성,아주 넉넉해요,꼼꼼해요,편리해요,Y
BP_014,에트나케어 ROCH 피부건강 당귤농축분말 레드오렌지추출물 헤스페리딘 3개월,https://smartstore.naver.com/main/products/10927212363,2024-11-02,5,비에날씬 유산균 꾸준히 먹고 효과 보고 있는 사람이라서 에트나케어도 꾸준히 먹고 효과 볼 예정입니다,남성,아주 넉넉해요,꼼꼼해요,편리해요,Y
BP_014,에트나케어 ROCH 피부건강 당귤농축분말 레드오렌지추출물 헤스페리딘 3개월,https://smartstore.naver.com/main/products/10927212363,2024-11-02,5,피부는 고민만 하다보면 그냥 늙어버리는거 같아요 뭐라도 이렇게 관리해야해요!,여성,아주 넉넉해요,꼼꼼해요,편리해요,Y
BP_014,에트나케어 ROCH 피부건강 당귤농축분말 레드오렌지추출물 헤스페리딘 3개월,https://smartstore.naver.com/main/products/10927212363,2024-11-02,5,오히려 가을 자외선이 여름보다 더 독하다는 말에 야외활동이 많은 사람인 저인지라 샀어요 매일 잘 먹고 있으니 어느정도 효과가 보장되길요,여성,아주 넉넉해요,꼼꼼해요,편리해요,Y
BP_014,에트나케어 ROCH 피부건강 당귤농축분말 레드오렌지추출물 헤스페리딘 3개월,https://smartstore.naver.com/main/products/10927212363,2024-11-02,5,먹기도 편하구요 배송도 빠르구요 효과도 느껴지는것 같네요,여성,아주 넉넉해요,꼼꼼해요,편리해요,Y
BP_014,에트나케어 ROCH 피부건강 당귤농축분말 레드오렌지추출물 헤스페리딘 3개월,https://smartstore.naver.com/main/products/10927212363,2024-11-02,5,요즘 피부가 너무 건조해서 보습에 도움이 된다는 말에 사봤습니다 계속 먹어보고 한달 후기도 남겨보겠습니다,여성,아주 넉넉해요,꼼꼼해요,편리해요,Y
BP_014,에트나케어 ROCH 피부건강 당귤농축분말 레드오렌지추출물 헤스페리딘 3개월,https://smartstore.naver.com/main/products/10927212363,2024-11-02,5,요즘 골프치러 다니면서 피부가 많이 상했는데 요거라도 먹어보려구요 2박스는 같이 란딩 가는 친구들한테도 선물할거에요!!!,,아주 넉넉해요,꼼꼼해요,편리해요,Y
BP_014,에트나케어 ROCH 피부건강 당귤농축분말 레드오렌지추출물 헤스페리딘 3개월,https://smartstore.naver.com/main/products/10927212363,2024-11-02,5,캡슐 크기가 작아서 먹기가 진짜 편하네요 보라색 캡슐이 인상적이에요 ㅎㅎ,여성,아주 넉넉해요,꼼꼼해요,편리해요,Y
BP_014,에트나케어 ROCH 피부건강 당귤농축분말 레드오렌지추출물 헤스페리딘 3개월,https://smartstore.naver.com/main/products/10927212363,2024-11-02,5,피부과도 자주 다니는데 이런거 챙겨먹으면 좋을거라는 글 보고 구매완료! 피부미인으로 거듭나기 위한 과정~!!,여성,아주 넉넉해요,꼼꼼해요,편리해요,Y
BP_014,에트나케어 ROCH 피부건강 당귤농축분말 레드오렌지추출물 헤스페리딘 3개월,https://smartstore.naver.com/main/products/10927212363,2024-11-01,5,레드오렌지랑 블러드오렌지가 다른건줄 알았는데 같은거라는걸 이번에 알았어요 ㅋㅋ 블러드오렌지는 여기저기 다 좋은거 같아요 제 피부에도 좋겠죠?ㅋㅋ,여성,아주 넉넉해요,꼼꼼해요,편리해요,Y
BP_014,에트나케어 ROCH 피부건강 당귤농축분말 레드오렌지추출물 헤스페리딘 3개월,https://smartstore.naver.com/main/products/10927212363,2024-11-01,5,피부에 좋은 성분들이 많이 들어있는거 같아서 계속 먹으면 피부 좋아질거 같아요,,아주 넉넉해요,꼼꼼해요,편리해요,Y
BP_014,에트나케어 ROCH 피부건강 당귤농축분말 레드오렌지추출물 헤스페리딘 3개월,https://smartstore.naver.com/main/products/10927212363,2024-11-01,5,열심히 먹고 있는 중! 예뻐지면 좋겠습니다!,,아주 넉넉해요,꼼꼼해요,편리해요,Y
BP_014,에트나케어 ROCH 피부건강 당귤농축분말 레드오렌지추출물 헤스페리딘 3개월,https://smartstore.naver.com/main/products/10927212363,2024-11-01,5,어머니가 마음에 들어하세요 계속 사드려야겠어요!! +1,여성,아주 넉넉해요,꼼꼼해요,편리해요,Y
BP_014,에트나케어 ROCH 피부건강 당귤농축분말 레드오렌지추출물 헤스페리딘 3개월,https://smartstore.naver.com/main/products/10927212363,2024-11-01,5,선크림 잘 안바르고 살았더니 피부 완전 조졌는데 ㅠㅠ 지금이라도 이런거 먹으면서 관리해야지 안되겠어요.. 하.. 나의 지난 날들이.. 후회 됩니다..,,아주 넉넉해요,꼼꼼해요,편리해요,Y
BP_014,에트나케어 ROCH 피부건강 당귤농축분말 레드오렌지추출물 헤스페리딘 3개월,https://smartstore.naver.com/main/products/10927212363,2024-10-31,5,"일단 배송 정말 빠르고 정확하네요!
알약이 목 넘길때 걸리지 않는 딱 좋은 사이즈에 용기도 그랩감 좋고 가벼워서 들고다니며 섭취 할 수 있을꺼 같아요~ 요즘 환절기라 건조하고 푸석한데 매일 챙겨 먹어봐야겠어요! 아직은 효과를 바로 알 수는 없지만 계속 먹으면 좋을꺼라고 믿어요^^ +2",여성,아주 넉넉해요,꼼꼼해요,편리해요,Y
BP_014,에트나케어 ROCH 피부건강 당귤농축분말 레드오렌지추출물 헤스페리딘 3개월,https://smartstore.naver.com/main/products/10927212363,2024-10-31,5,배송 진짜 빠르네요 3개월치 샀어요! 피부에 좋다고 해서 잘 챙겨먹어봅니다😋,여성,아주 넉넉해요,꼼꼼해요,편리해요,Y
BP_014,에트나케어 ROCH 피부건강 당귤농축분말 레드오렌지추출물 헤스페리딘 3개월,https://smartstore.naver.com/main/products/10927212363,2024-10-31,5,등산을 많이 가서 그런지 피부가 많이 탄것도 탄건데 푸석해진게 느껴져요 자외선차단제 열심히 바르고 있기는 한데 이 제품이 제 현재 상황에 딱 맞는것 같아서 사봤어요. 같이 등산 다니는 지인들한테도 추천해줬습니다.,여성,아주 넉넉해요,꼼꼼해요,편리해요,Y
BP_014,에트나케어 ROCH 피부건강 당귤농축분말 레드오렌지추출물 헤스페리딘 3개월,https://smartstore.naver.com/main/products/10927212363,2024-10-30,5,섭취하는데 불편함 없어요 속이 부대끼는것도 없구요 얼굴 안색이 좀 환해진거 같은건 기분탓이겠죠?ㅎㅎ,여성,아주 넉넉해요,꼼꼼해요,편리해요,Y
BP_014,에트나케어 ROCH 피부건강 당귤농축분말 레드오렌지추출물 헤스페리딘 3개월,https://smartstore.naver.com/main/products/10927212363,2024-10-25,5,"어머니 선물이였습니다
어머니가 엄청 좋아하십니다 ㅎㅎ",여성,아주 넉넉해요,꼼꼼해요,편리해요,Y
BP_014,에트나케어 ROCH 피부건강 당귤농축분말 레드오렌지추출물 헤스페리딘 3개월,https://smartstore.naver.com/main/products/10927212363,2024-10-24,5,건강 생각해서 구매했어요. 좋아요,,아주 넉넉해요,꼼꼼해요,편리해요,Y
