﻿상품코드,상품명,URL,날짜,별점,리뷰텍스트,구매자 성별,유통기한,포장,편리,판매여부
BP_031,[네쇼라 전용 상품] BNR17 비에날퀸 갱년기유산균 회화열매 모유유래유산균 3개월 캡슐,https://smartstore.naver.com/main/products/11519575484,2025-09-27,5,냉장포장도 완벽하고 빠른 배송에 감사드려요,,아주 넉넉해요,꼼꼼해요,편리해요,Y
BP_031,[네쇼라 전용 상품] BNR17 비에날퀸 갱년기유산균 회화열매 모유유래유산균 3개월 캡슐,https://smartstore.naver.com/main/products/11519575484,2025-09-18,3,"건강관심사 여성건강
 기사님 문밖에 박스 던지는 소리 들려서 바로 가져왔는데, 얼음팩이 완젼이 정수 물처럼 미지근하게 배송받았어요 여기선 이제 안시키려고요 ㅠㅠㅠ",여성,꽤 남았어요,별로예요,편리해요,Y
BP_031,[네쇼라 전용 상품] BNR17 비에날퀸 갱년기유산균 회화열매 모유유래유산균 3개월 캡슐,https://smartstore.naver.com/main/products/11519575484,2025-09-14,5,"건강관심사 장건강여성건강
 네이버알림으로 바로 구입했어요..늘 먹고있던제품이라
기다리고있다 재주문했구요~~
오늘배송시에 아이스팩이 다녹은게 좀 그렇긴했지만 빠르게 받아서 아주흡족합니다~~비싼금액이라도 추천추천입니다",여성,아주 넉넉해요,적당해요,편리해요,Y
BP_031,[네쇼라 전용 상품] BNR17 비에날퀸 갱년기유산균 회화열매 모유유래유산균 3개월 캡슐,https://smartstore.naver.com/main/products/11519575484,2025-08-29,5,"건강관심사 면역력장건강관절/뼈건강
 한달사용살도 빠지고 갱년기효과도 좋고요
여기저기 쓰시던 몸둥이도 괜찮아지고 있답니다 ㅎㅎ 정말 좋아요
다먹어갈때 주문해야겠어요",여성,아주 넉넉해요,꼼꼼해요,편리해요,Y
BP_031,[네쇼라 전용 상품] BNR17 비에날퀸 갱년기유산균 회화열매 모유유래유산균 3개월 캡슐,https://smartstore.naver.com/main/products/11519575484,2025-08-12,5,한달사용매번 먹는거라서 세일할때 미리 주문했어요~효과는 좋은것 같아요~식후 먹으면 배가 가벼운듯 하다니까요.기분이좋아요~다먹고 또들를게요 수고하세요^^,여성,아주 넉넉해요,꼼꼼해요,편리해요,Y
BP_031,[네쇼라 전용 상품] BNR17 비에날퀸 갱년기유산균 회화열매 모유유래유산균 3개월 캡슐,https://smartstore.naver.com/main/products/11519575484,2025-08-05,5,한달사용꾸준히 먹으니 좋아요,여성,아주 넉넉해요,꼼꼼해요,편리해요,Y
BP_031,[네쇼라 전용 상품] BNR17 비에날퀸 갱년기유산균 회화열매 모유유래유산균 3개월 캡슐,https://smartstore.naver.com/main/products/11519575484,2025-07-26,5,한달사용항상 먹는 제품입니다 엄마가 등록해달라고 해서 구매해드려요. 이번에 또 다 드셨다고해서 구매할 예정입니다,여성,아주 넉넉해요,꼼꼼해요,편리해요,Y
BP_031,[네쇼라 전용 상품] BNR17 비에날퀸 갱년기유산균 회화열매 모유유래유산균 3개월 캡슐,https://smartstore.naver.com/main/products/11519575484,2025-07-20,5,"건강관심사 면역력장건강관절/뼈건강
 아프지 않았던 허리통증 다리통증 심해져서 여러병원다니다가 우연히 알게되어 비에날 최고입니다 통증 사라지고 있답니다
다 먹고 계속해서 주문하려구요
감사합니다",여성,아주 넉넉해요,꼼꼼해요,편리해요,Y
BP_031,[네쇼라 전용 상품] BNR17 비에날퀸 갱년기유산균 회화열매 모유유래유산균 3개월 캡슐,https://smartstore.naver.com/main/products/11519575484,2025-07-16,5,한달사용갱년기가 다가오는 나에게 딱 필요한 제품인듯요,여성,아주 넉넉해요,꼼꼼해요,편리해요,Y
BP_031,[네쇼라 전용 상품] BNR17 비에날퀸 갱년기유산균 회화열매 모유유래유산균 3개월 캡슐,https://smartstore.naver.com/main/products/11519575484,2025-07-13,5,"한달사용라방때 구입하니까 할인에 적립까지 너어무 좋아요.
한번 구매후 매번 재구매중입니다.",,아주 넉넉해요,꼼꼼해요,편리해요,Y
BP_031,[네쇼라 전용 상품] BNR17 비에날퀸 갱년기유산균 회화열매 모유유래유산균 3개월 캡슐,https://smartstore.naver.com/main/products/11519575484,2025-07-10,5,"한달사용다른 유산균이랑 확실히 달라요 장이 편해지는 느낌
화장실도 편하게~~~",,아주 넉넉해요,꼼꼼해요,편리해요,Y
BP_031,[네쇼라 전용 상품] BNR17 비에날퀸 갱년기유산균 회화열매 모유유래유산균 3개월 캡슐,https://smartstore.naver.com/main/products/11519575484,2025-07-08,5,한달사용꾸준히 먹어보려구요. .,,아주 넉넉해요,꼼꼼해요,편리해요,Y
BP_031,[네쇼라 전용 상품] BNR17 비에날퀸 갱년기유산균 회화열매 모유유래유산균 3개월 캡슐,https://smartstore.naver.com/main/products/11519575484,2025-06-30,5,엄마를 위해 주문했어요,여성,아주 넉넉해요,꼼꼼해요,편리해요,Y
BP_031,[네쇼라 전용 상품] BNR17 비에날퀸 갱년기유산균 회화열매 모유유래유산균 3개월 캡슐,https://smartstore.naver.com/main/products/11519575484,2025-06-14,5,비에날퀸과 비에날씬으로 우리가족 장건강과 다이어트~~,여성,아주 넉넉해요,꼼꼼해요,편리해요,Y
BP_031,[네쇼라 전용 상품] BNR17 비에날퀸 갱년기유산균 회화열매 모유유래유산균 3개월 캡슐,https://smartstore.naver.com/main/products/11519575484,2025-06-13,4,"한달사용갱년기에 살좀빼려고 사봤는데 아직 모르겠어요 ?
1",여성,아주 넉넉해요,꼼꼼해요,편리해요,Y
BP_031,[네쇼라 전용 상품] BNR17 비에날퀸 갱년기유산균 회화열매 모유유래유산균 3개월 캡슐,https://smartstore.naver.com/main/products/11519575484,2025-06-13,5,제 것 챙기다가 엄마 것도 챙겨봤어요. 정 형태여서 드시기 편할 것 같더라구요. 한 알 드셔보고는 괜찮다고 하셨는데 ㅎㅎ 끝까지 드시고 좋은 효과 느끼실 수 있었으면 좋겠어요! 우리 엄마 화이팅 ㅎㅎ,여성,아주 넉넉해요,꼼꼼해요,편리해요,Y
BP_031,[네쇼라 전용 상품] BNR17 비에날퀸 갱년기유산균 회화열매 모유유래유산균 3개월 캡슐,https://smartstore.naver.com/main/products/11519575484,2025-06-12,5,"라방때 구매해서 적립금까지 푸짐하게 받았네요,
매번 3통씩 구매하는데 효과를 톡톡히 봐서 앞으로도 꾸준히 구매할 예정입니다.",,아주 넉넉해요,꼼꼼해요,편리해요,Y
BP_031,[네쇼라 전용 상품] BNR17 비에날퀸 갱년기유산균 회화열매 모유유래유산균 3개월 캡슐,https://smartstore.naver.com/main/products/11519575484,2025-06-04,5,"건강관심사 면역력
 한달사용너무 좋아요 항상 잘 먹고 잇습니다 좋아요",여성,아주 넉넉해요,꼼꼼해요,편리해요,Y
BP_031,[네쇼라 전용 상품] BNR17 비에날퀸 갱년기유산균 회화열매 모유유래유산균 3개월 캡슐,https://smartstore.naver.com/main/products/11519575484,2025-05-08,5,"건강관심사 노화방지눈건강여성건강
 친정엄마가 드시고 싶다고 해서 구매했어요.
효과가 좋았으면 합니다",여성,아주 넉넉해요,꼼꼼해요,편리해요,Y
BP_031,[네쇼라 전용 상품] BNR17 비에날퀸 갱년기유산균 회화열매 모유유래유산균 3개월 캡슐,https://smartstore.naver.com/main/products/11519575484,2025-05-04,4,갱년기때문에 비엔날에서 이걸루 바꿨어요,여성,아주 넉넉해요,꼼꼼해요,편리해요,Y
BP_031,[네쇼라 전용 상품] BNR17 비에날퀸 갱년기유산균 회화열매 모유유래유산균 3개월 캡슐,https://smartstore.naver.com/main/products/11519575484,2025-05-02,5,엄마 드리려고 구매했어요,,아주 넉넉해요,꼼꼼해요,편리해요,Y
BP_031,[네쇼라 전용 상품] BNR17 비에날퀸 갱년기유산균 회화열매 모유유래유산균 3개월 캡슐,https://smartstore.naver.com/main/products/11519575484,2025-05-01,5,"프로먹다가 퀸으로 바꿨어요
갱년기 준비할 나이라서^^
라방때 샀구요 배송빨라서좋아요~",,아주 넉넉해요,꼼꼼해요,편리해요,Y
BP_031,[네쇼라 전용 상품] BNR17 비에날퀸 갱년기유산균 회화열매 모유유래유산균 3개월 캡슐,https://smartstore.naver.com/main/products/11519575484,2025-05-01,5,"건강관심사 면역력
 아내 선물로 구매 햇고 너무 만족합니다",여성,아주 넉넉해요,꼼꼼해요,편리해요,Y
BP_031,[네쇼라 전용 상품] BNR17 비에날퀸 갱년기유산균 회화열매 모유유래유산균 3개월 캡슐,https://smartstore.naver.com/main/products/11519575484,2025-05-01,5,꾸준히 먹고잇는제품이에요~,,아주 넉넉해요,꼼꼼해요,편리해요,Y
BP_031,[네쇼라 전용 상품] BNR17 비에날퀸 갱년기유산균 회화열매 모유유래유산균 3개월 캡슐,https://smartstore.naver.com/main/products/11519575484,2025-04-25,5,비에날씬프로만 먹다가 처음으로 주문해봤습니다 ~ 먹고 효과있었으면 좋겠어요,,꽤 남았어요,적당해요,편리해요,Y
BP_031,[네쇼라 전용 상품] BNR17 비에날퀸 갱년기유산균 회화열매 모유유래유산균 3개월 캡슐,https://smartstore.naver.com/main/products/11519575484,2025-04-21,5,한달사용가격도 빠르고 배송도 저렴했어요😍😍 다음에 또 많이파세요 구매할게요 🔥🔥🔥,,아주 넉넉해요,꼼꼼해요,편리해요,Y
BP_031,[네쇼라 전용 상품] BNR17 비에날퀸 갱년기유산균 회화열매 모유유래유산균 3개월 캡슐,https://smartstore.naver.com/main/products/11519575484,2025-04-19,5,한달사용꾸준히 먹고 있는데 예전에 비해 장이 건강해진듯해요 다 먹으면 재구매 예정입니다,,아주 넉넉해요,꼼꼼해요,편리해요,Y
BP_031,[네쇼라 전용 상품] BNR17 비에날퀸 갱년기유산균 회화열매 모유유래유산균 3개월 캡슐,https://smartstore.naver.com/main/products/11519575484,2025-04-19,5,한달사용먹구있는데 꼭 효과 있길요,,꽤 남았어요,적당해요,그냥그래요,Y
BP_031,[네쇼라 전용 상품] BNR17 비에날퀸 갱년기유산균 회화열매 모유유래유산균 3개월 캡슐,https://smartstore.naver.com/main/products/11519575484,2025-04-08,4,한달사용검색끝에 큰맘먹고 샀는데 큰변화는 모르겠어요. 이제먹은지 한달됬는데 3달꾸준히먹어볼께요.,,꽤 남았어요,적당해요,편리해요,Y
BP_031,[네쇼라 전용 상품] BNR17 비에날퀸 갱년기유산균 회화열매 모유유래유산균 3개월 캡슐,https://smartstore.naver.com/main/products/11519575484,2025-03-27,5,"건강관심사 면역력장건강여성건강
 꾸준이 챙겨 먹는 유산균 입니다.
화장실 가기가 이제 두렵지 않아요 ^^",여성,아주 넉넉해요,꼼꼼해요,편리해요,Y
BP_031,[네쇼라 전용 상품] BNR17 비에날퀸 갱년기유산균 회화열매 모유유래유산균 3개월 캡슐,https://smartstore.naver.com/main/products/11519575484,2025-03-14,5,네쇼라 너무 좋아요. 좋은 가격에 재구매했어요^^,여성,아주 넉넉해요,꼼꼼해요,편리해요,Y
BP_031,[네쇼라 전용 상품] BNR17 비에날퀸 갱년기유산균 회화열매 모유유래유산균 3개월 캡슐,https://smartstore.naver.com/main/products/11519575484,2025-03-10,5,엄마가 떨어지면 불안하시대요~~~ 많이 많이 할인해주세영,,아주 넉넉해요,꼼꼼해요,편리해요,Y
BP_031,[네쇼라 전용 상품] BNR17 비에날퀸 갱년기유산균 회화열매 모유유래유산균 3개월 캡슐,https://smartstore.naver.com/main/products/11519575484,2025-03-10,5,엄마께서 만족하시며 재구매를 요청하시네요. 다른 유산균과 확연히 다르다고 하시네요.,,아주 넉넉해요,꼼꼼해요,편리해요,Y
BP_031,[네쇼라 전용 상품] BNR17 비에날퀸 갱년기유산균 회화열매 모유유래유산균 3개월 캡슐,https://smartstore.naver.com/main/products/11519575484,2025-03-08,5,"라이브 방송때 타임딜 선착순 성공했어요 .
엄마만 드시던 제품인데 온가족이 먹으려구요.
포장도 꼼꼼하고 좋네요.",,꽤 남았어요,꼼꼼해요,편리해요,Y
BP_031,[네쇼라 전용 상품] BNR17 비에날퀸 갱년기유산균 회화열매 모유유래유산균 3개월 캡슐,https://smartstore.naver.com/main/products/11519575484,2025-03-06,5,"건강관심사 노화방지눈건강장건강
 나이가 있어서 퀸으로 주문했어요.
꾸준히 먹어볼께요
기대되네요",여성,꽤 남았어요,적당해요,그냥그래요,Y
