﻿상품코드,상품명,URL,날짜,별점,리뷰텍스트,구매자 성별,유통기한,포장,편리,판매여부
BP_044,BNR17 다이어트 유산균 비에날씬 프로틴 14포,https://smartstore.naver.com/main/products/6995397269,2025-09-29,5,"60대 엄마가 아침대용으로 드신다고 주문요청하셔서 대신 주문햇습니다.
이거 먹고나면 화장실가는게 편하시데요 ㅋㅋ",,꽤 남았어요,적당해요,편리해요,Y
BP_044,BNR17 다이어트 유산균 비에날씬 프로틴 14포,https://smartstore.naver.com/main/products/6995397269,2025-09-01,4,올해들어 살이 많이쪄서 최근에 저녁대용으로 먹고있는데 몸도 가볍고 너무 좋아요,,꽤 남았어요,꼼꼼해요,편리해요,Y
BP_044,BNR17 다이어트 유산균 비에날씬 프로틴 14포,https://smartstore.naver.com/main/products/6995397269,2025-08-12,5,한달사용포장도 꼼꼼하게 되어있고 배송도 빠르게 도착했습니다 디자인도 깔끔하고 품질도 좋아요 다른곳보다 저렴하게 구입했는데 잘 사용하겠습니다 필요시에 재구매 하겠습니다 번창하세요^^ 더보기,,아주 넉넉해요,꼼꼼해요,편리해요,Y
BP_044,BNR17 다이어트 유산균 비에날씬 프로틴 14포,https://smartstore.naver.com/main/products/6995397269,2025-07-09,5,포장도 꼼꼼하게 되어있고 배송도 빠르게 도착했습니다 디자인도 깔끔하고 품질도 좋아요 다른곳보다 저렴하게 구입했는데 잘 사용하겠습니다 필요시에 재구매 하겠습니다 번창하세요^^ 더보기,,아주 넉넉해요,꼼꼼해요,편리해요,Y
BP_044,BNR17 다이어트 유산균 비에날씬 프로틴 14포,https://smartstore.naver.com/main/products/6995397269,2025-06-23,5,"건강관심사 면역력관절/뼈건강근육/체력
 👍👍👍👍👍👍👍👍👍👍👍👍👍👍👍👍👍👍",여성,아주 넉넉해요,꼼꼼해요,편리해요,Y
BP_044,BNR17 다이어트 유산균 비에날씬 프로틴 14포,https://smartstore.naver.com/main/products/6995397269,2025-03-16,5,"건강관심사 면역력장건강
 한달사용뱃살이 빠지지않고 먹는걸 조절 못했는데 BNR17을 먹고 배변활동이 좋아져서 뱃살이 좀 빠지고 아직까지는 음식을 조절하고 있습니다.",여성,아주 넉넉해요,꼼꼼해요,편리해요,Y
BP_044,BNR17 다이어트 유산균 비에날씬 프로틴 14포,https://smartstore.naver.com/main/products/6995397269,2025-02-19,5,한달사용저녁에 먹고 자면 좋아요,,아주 넉넉해요,꼼꼼해요,편리해요,Y
BP_044,BNR17 다이어트 유산균 비에날씬 프로틴 14포,https://smartstore.naver.com/main/products/6995397269,2025-01-24,5,유산균을 먹어서 건강해졌습니다.,,아주 넉넉해요,꼼꼼해요,편리해요,Y
BP_044,BNR17 다이어트 유산균 비에날씬 프로틴 14포,https://smartstore.naver.com/main/products/6995397269,2025-01-21,5,"건강관심사 장건강
 지난번에 먹다 가격이 비싸 안먹고 갈아탓더니 생각 나더라구요 다시 먹어볼게요",여성,아주 넉넉해요,꼼꼼해요,편리해요,Y
BP_044,BNR17 다이어트 유산균 비에날씬 프로틴 14포,https://smartstore.naver.com/main/products/6995397269,2025-01-20,5,상품을 꼼꼼하게 잘 포장해서 왔습니다.,여성,아주 넉넉해요,꼼꼼해요,편리해요,Y
BP_044,BNR17 다이어트 유산균 비에날씬 프로틴 14포,https://smartstore.naver.com/main/products/6995397269,2025-01-20,5,한달사용가루가 고와서 잘 섞어서 마셔야 해요. 다이어트 하면서 구입했습니다.,,꽤 남았어요,꼼꼼해요,그냥그래요,Y
BP_044,BNR17 다이어트 유산균 비에날씬 프로틴 14포,https://smartstore.naver.com/main/products/6995397269,2025-01-18,5,간편하고 맛나서 좋아요,,아주 넉넉해요,적당해요,편리해요,Y
BP_044,BNR17 다이어트 유산균 비에날씬 프로틴 14포,https://smartstore.naver.com/main/products/6995397269,2024-12-27,5,"단백질쉐이크로 다이어트 하려는데 변비가 걱정되서 구입했습니다.
가루가 고와서 잘 섞입니다. 맛은 무난한 곡물 느낌. 유산균맛도 살짝 나는 것 같고 좋아요.
아직까지 빠진 살은 없지만 잘 될 것 같은 기분입니다.
네쇼라한번 더 해주세요.",여성,꽤 남았어요,꼼꼼해요,편리해요,Y
BP_044,BNR17 다이어트 유산균 비에날씬 프로틴 14포,https://smartstore.naver.com/main/products/6995397269,2024-11-28,5,재구매다먹고 또 사먹울게요.,,아주 넉넉해요,꼼꼼해요,편리해요,Y
BP_044,BNR17 다이어트 유산균 비에날씬 프로틴 14포,https://smartstore.naver.com/main/products/6995397269,2024-08-06,5,한달사용맛있고 포만감도 있어요,남성,꽤 남았어요,꼼꼼해요,편리해요,Y
BP_044,BNR17 다이어트 유산균 비에날씬 프로틴 14포,https://smartstore.naver.com/main/products/6995397269,2024-07-10,5,한달사용좋아요~~~~~^^,,아주 넉넉해요,꼼꼼해요,편리해요,Y
BP_044,BNR17 다이어트 유산균 비에날씬 프로틴 14포,https://smartstore.naver.com/main/products/6995397269,2024-06-14,5,지인한테 몇개 받아 먹어보고 괜찮아서 사려고보니 넘 비싸서 망설이다 행사하길래 얼른샀어요~~저녁에 먹으면 허기안느껴지고 좋아요,여성,아주 넉넉해요,꼼꼼해요,편리해요,Y
BP_044,BNR17 다이어트 유산균 비에날씬 프로틴 14포,https://smartstore.naver.com/main/products/6995397269,2024-06-10,5,"어머님이 몇 포 줘서 맛있어서 직접 구매했어요!
원래 냉장보관인가요? 아이스박스에 배송와서
그냥 궁금하네요!",여성,임박상품이에요,꼼꼼해요,편리해요,Y
BP_044,BNR17 다이어트 유산균 비에날씬 프로틴 14포,https://smartstore.naver.com/main/products/6995397269,2024-06-07,3,저녁식사대용으로 꾸준히 먹고 있어요 다만 날짜임박 상품을 보내서 기분이 안좋네요,여성,꽤 남았어요,적당해요,그냥그래요,Y
BP_044,BNR17 다이어트 유산균 비에날씬 프로틴 14포,https://smartstore.naver.com/main/products/6995397269,2024-06-04,5,맛있고 편리해요~~,,아주 넉넉해요,꼼꼼해요,편리해요,Y
BP_044,BNR17 다이어트 유산균 비에날씬 프로틴 14포,https://smartstore.naver.com/main/products/6995397269,2024-06-04,1,아무리 50프로 쿠폰을 썼다해도 타 사이트 최저가 보다 비싸게 주고 산거에요. 쿠폰에 유통기한 임박 상품이라고 써놓던가.. 8월9일까지인걸 보내나요 유산균을. 유통기한 2달 남은걸 미리 알려주셨어야 하는거 아닌가요.,,임박상품이에요,별로예요,그냥그래요,Y
BP_044,BNR17 다이어트 유산균 비에날씬 프로틴 14포,https://smartstore.naver.com/main/products/6995397269,2024-06-02,5,재구매가성비좋아요~~~~~,,꽤 남았어요,꼼꼼해요,편리해요,Y
BP_044,BNR17 다이어트 유산균 비에날씬 프로틴 14포,https://smartstore.naver.com/main/products/6995397269,2024-05-02,5,"왠만한 유산균 다 먹어봤는데, 진짜 이게 효과가 제일인것같아요. 저는 두유랑 먹는데 진짜 맛있어요 ㅎㅎ 그리고 포만감이 좋아서 배가 잘 안고프네요 ㅎ 추천",,아주 넉넉해요,꼼꼼해요,편리해요,Y
BP_044,BNR17 다이어트 유산균 비에날씬 프로틴 14포,https://smartstore.naver.com/main/products/6995397269,2023-05-23,5,"한달사용출산 후, 살이 빠지지 않아 고생했는데 배변습관 및 식욕조절 등으로 살이 많이 빠졌습니다.",여성,꽤 남았어요,꼼꼼해요,편리해요,Y
BP_044,BNR17 다이어트 유산균 비에날씬 프로틴 14포,https://smartstore.naver.com/main/products/6995397269,2023-04-28,5,한달사용찬물에도 잘 녹고 고소한맛이라서 먹기도 편하고 맛있어요,여성,꽤 남았어요,꼼꼼해요,편리해요,Y
BP_044,BNR17 다이어트 유산균 비에날씬 프로틴 14포,https://smartstore.naver.com/main/products/6995397269,2023-04-14,5,"배송빠르고, 포장 꼼꼼하게 해주셔서 놀랐어요..ㅎㅎ 신선식품이니 빨리 찾으라는 문자까지 넣어주시고.. 무엇보다 찬물에도 잘 녹고 먹을 때도 맛과 질감이 모두 괜찮아요!! 효과 기대하며 열심히 먹어보겠습니당. 좋은 서비스 감사합니다!",여성,꽤 남았어요,꼼꼼해요,편리해요,Y
BP_044,BNR17 다이어트 유산균 비에날씬 프로틴 14포,https://smartstore.naver.com/main/products/6995397269,2023-03-23,5,고소한맛이라 먹기도 불편함 없이 맛있게 먹을수 있고요 특히 달지도 않아서 너무 좋아요 통에 넣고 몇번 흔들어 주면 잘 섞이고 풀어져서 간편해요~ 좀 아쉬운점이 있다면 구매량이 많을 경우에는 혜택이 더 있었으면 하는 바램이예요~^^ +1,여성,아주 넉넉해요,꼼꼼해요,편리해요,Y
BP_044,BNR17 다이어트 유산균 비에날씬 프로틴 14포,https://smartstore.naver.com/main/products/6995397269,2023-01-07,4,"먹기 편리하고 소화흡수가좋아요 ?
1",,아주 넉넉해요,꼼꼼해요,편리해요,Y
BP_044,BNR17 다이어트 유산균 비에날씬 프로틴 14포,https://smartstore.naver.com/main/products/6995397269,2023-01-05,4,재구매빠른배송 감사합니다,,꽤 남았어요,적당해요,그냥그래요,Y
BP_044,BNR17 다이어트 유산균 비에날씬 프로틴 14포,https://smartstore.naver.com/main/products/6995397269,2022-11-18,5,빠른배송 감사합니다,,꽤 남았어요,적당해요,편리해요,Y
BP_044,BNR17 다이어트 유산균 비에날씬 프로틴 14포,https://smartstore.naver.com/main/products/6995397269,2022-09-29,5,고소하고 맛있어요 하루한끼 식사 대용으로 딱입니다,,아주 넉넉해요,꼼꼼해요,편리해요,Y
BP_044,BNR17 다이어트 유산균 비에날씬 프로틴 14포,https://smartstore.naver.com/main/products/6995397269,2022-09-02,5,"맛있고 포만감있어요~ ?
1",,아주 넉넉해요,꼼꼼해요,편리해요,Y
