﻿상품코드,상품명,URL,날짜,별점,리뷰텍스트,구매자 성별,유통기한,포장,편리,판매여부
BP_023,BNR17 다이어트 유산균 비에날씬 프로틴 3box (3박스X5팩),https://smartstore.naver.com/main/products/6655606560,2025-09-30,5,"건강관심사 면역력
 한달사용대박나세요
좋아요
감사합니다",남성,아주 넉넉해요,꼼꼼해요,편리해요,Y
BP_023,BNR17 다이어트 유산균 비에날씬 프로틴 3box (3박스X5팩),https://smartstore.naver.com/main/products/6655606560,2025-09-27,5,재구매맛있게 잘 먹고 있습니다.,여성,아주 넉넉해요,꼼꼼해요,편리해요,Y
BP_023,BNR17 다이어트 유산균 비에날씬 프로틴 3box (3박스X5팩),https://smartstore.naver.com/main/products/6655606560,2025-09-26,5,한달사용빠른배송 틈실한포장 재품 잘~받았 습니다~~^^,남성,아주 넉넉해요,꼼꼼해요,편리해요,Y
BP_023,BNR17 다이어트 유산균 비에날씬 프로틴 3box (3박스X5팩),https://smartstore.naver.com/main/products/6655606560,2025-09-25,5,배송도 빠르고 먹기도 편해서 계속 구매해서 먹고 있어요.,,아주 넉넉해요,꼼꼼해요,편리해요,Y
BP_023,BNR17 다이어트 유산균 비에날씬 프로틴 3box (3박스X5팩),https://smartstore.naver.com/main/products/6655606560,2025-09-16,5,재구매제품이 좋와서 3번째 재구매 하였습니다~~^^,남성,아주 넉넉해요,꼼꼼해요,편리해요,Y
BP_023,BNR17 다이어트 유산균 비에날씬 프로틴 3box (3박스X5팩),https://smartstore.naver.com/main/products/6655606560,2025-09-13,5,"건강관심사 여성건강
 좋아요 효과 기대할께요 먹기는좋아요",여성,꽤 남았어요,적당해요,그냥그래요,Y
BP_023,BNR17 다이어트 유산균 비에날씬 프로틴 3box (3박스X5팩),https://smartstore.naver.com/main/products/6655606560,2025-09-11,5,어머니께서 꾸준히 드시고 더 건강해지셨으면 하는 바래봅니다.,여성,꽤 남았어요,적당해요,편리해요,Y
BP_023,BNR17 다이어트 유산균 비에날씬 프로틴 3box (3박스X5팩),https://smartstore.naver.com/main/products/6655606560,2025-09-08,5,막둥이 공주님 건강하게 다욧 하라고 구입했습니다 좋은 효과 기대 합니다,여성,아주 넉넉해요,꼼꼼해요,편리해요,Y
BP_023,BNR17 다이어트 유산균 비에날씬 프로틴 3box (3박스X5팩),https://smartstore.naver.com/main/products/6655606560,2025-09-04,5,한달사용유산균 좋아요~~ㅋㅋㅋ,,아주 넉넉해요,꼼꼼해요,편리해요,Y
BP_023,BNR17 다이어트 유산균 비에날씬 프로틴 3box (3박스X5팩),https://smartstore.naver.com/main/products/6655606560,2025-08-26,5,빠른배송 틈실한포장 재품 잘~받았 습니다~~^^,남성,아주 넉넉해요,꼼꼼해요,편리해요,Y
BP_023,BNR17 다이어트 유산균 비에날씬 프로틴 3box (3박스X5팩),https://smartstore.naver.com/main/products/6655606560,2025-08-25,3,"건강관심사 면역력
 먹고 리뷰 올릴께요
기대가 큼니다
대박나세요",남성,꽤 남았어요,적당해요,편리해요,Y
BP_023,BNR17 다이어트 유산균 비에날씬 프로틴 3box (3박스X5팩),https://smartstore.naver.com/main/products/6655606560,2025-08-20,3,한달사용먹고는 있는데 효과가 있는지는 모르겠어요,,꽤 남았어요,적당해요,그냥그래요,Y
BP_023,BNR17 다이어트 유산균 비에날씬 프로틴 3box (3박스X5팩),https://smartstore.naver.com/main/products/6655606560,2025-08-17,5,"이거 먹으면 속이 편해요.
비싼만큼 효과도 좋습니다~강추해요",,꽤 남았어요,적당해요,편리해요,Y
BP_023,BNR17 다이어트 유산균 비에날씬 프로틴 3box (3박스X5팩),https://smartstore.naver.com/main/products/6655606560,2025-08-06,5,재구매한달사용잘먹고 효과를 보고있습니다,,아주 넉넉해요,꼼꼼해요,편리해요,Y
BP_023,BNR17 다이어트 유산균 비에날씬 프로틴 3box (3박스X5팩),https://smartstore.naver.com/main/products/6655606560,2025-07-30,5,"건강관심사 피로회복근육/체력
 단백질이 필요해서
구매했어요
맛은 좋아요",여성,아주 넉넉해요,꼼꼼해요,편리해요,Y
BP_023,BNR17 다이어트 유산균 비에날씬 프로틴 3box (3박스X5팩),https://smartstore.naver.com/main/products/6655606560,2025-07-29,5,다이어트관련해서구매를했어요,,꽤 남았어요,적당해요,그냥그래요,Y
BP_023,BNR17 다이어트 유산균 비에날씬 프로틴 3box (3박스X5팩),https://smartstore.naver.com/main/products/6655606560,2025-07-10,3,"건강관심사 근육/체력
 프로틴을 주문했는데 간케어 유산균이 왔어요 유산균도 주문 할 때가 되서서 그냥 먹고 있는데 유산균은 아침 공복에 먹고 나면 배변활은 잘 되고 있어 꾸준히 섭취하고 있어요",여성,아주 넉넉해요,꼼꼼해요,그냥그래요,Y
BP_023,BNR17 다이어트 유산균 비에날씬 프로틴 3box (3박스X5팩),https://smartstore.naver.com/main/products/6655606560,2025-06-25,1,"당 표기가 되어있지 않아 고객센터에 전화했더니 영양성분 몇%인지 알려줄수 없다며 . 당 표기가 의무사항이 아니라며 기분나쁘 약올리는 톤으로 똑같은말만 반복하는 ... 다이어트 제품으로 판매하면서 당% 분의하는데 참 기분 별로였습니다 ?
10",,아주 넉넉해요,적당해요,그냥그래요,Y
BP_023,BNR17 다이어트 유산균 비에날씬 프로틴 3box (3박스X5팩),https://smartstore.naver.com/main/products/6655606560,2025-06-18,5,"재구매한달사용어머님이 다이어트에 효과를 많이 보시고 계십니다
만족합니다",,아주 넉넉해요,꼼꼼해요,편리해요,Y
BP_023,BNR17 다이어트 유산균 비에날씬 프로틴 3box (3박스X5팩),https://smartstore.naver.com/main/products/6655606560,2025-06-07,5,재구매늘 잘먹고 있습니다,,아주 넉넉해요,꼼꼼해요,편리해요,Y
BP_023,BNR17 다이어트 유산균 비에날씬 프로틴 3box (3박스X5팩),https://smartstore.naver.com/main/products/6655606560,2025-05-28,5,"양도 많고, 맛있네요.
잘 섞이진 않는데, 그냥 씹어먹으면 되니깐요ㅋㅋ
비싼값을 했으면 좋겠어요^^ 
?
1",여성,아주 넉넉해요,꼼꼼해요,편리해요,Y
BP_023,BNR17 다이어트 유산균 비에날씬 프로틴 3box (3박스X5팩),https://smartstore.naver.com/main/products/6655606560,2025-05-25,5,건강을 위해서 구매해 했어요,,아주 넉넉해요,꼼꼼해요,편리해요,Y
BP_023,BNR17 다이어트 유산균 비에날씬 프로틴 3box (3박스X5팩),https://smartstore.naver.com/main/products/6655606560,2025-05-23,5,한달사용운동과 겸해서 해야되겟네요,,꽤 남았어요,적당해요,그냥그래요,Y
BP_023,BNR17 다이어트 유산균 비에날씬 프로틴 3box (3박스X5팩),https://smartstore.naver.com/main/products/6655606560,2025-05-22,5,한달사용든든하고 맛도 좋습니다. 재구매합니다,,아주 넉넉해요,꼼꼼해요,편리해요,Y
BP_023,BNR17 다이어트 유산균 비에날씬 프로틴 3box (3박스X5팩),https://smartstore.naver.com/main/products/6655606560,2025-05-19,5,한달사용효과가 좋아서 늘 먹고 있다고 하네요,,아주 넉넉해요,꼼꼼해요,편리해요,Y
BP_023,BNR17 다이어트 유산균 비에날씬 프로틴 3box (3박스X5팩),https://smartstore.naver.com/main/products/6655606560,2025-05-12,5,한달사용제가 정말정말정말정말정말정말 좋아하는 유산균입니다.. 알약으로도 잘먹구… 어디 여행가게되서 냉장보관 못할따는 꼭 파우더 형태 소지해서 먹어요!!! 여행가서 환경이 낯설아서 화장실 잘못갈땨 이거먹으면 직빵입니댜 !,여성,아주 넉넉해요,꼼꼼해요,편리해요,Y
BP_023,BNR17 다이어트 유산균 비에날씬 프로틴 3box (3박스X5팩),https://smartstore.naver.com/main/products/6655606560,2025-04-28,5,재구매2번째 구매인데 마족하고 있습니다.,,아주 넉넉해요,꼼꼼해요,편리해요,Y
BP_023,BNR17 다이어트 유산균 비에날씬 프로틴 3box (3박스X5팩),https://smartstore.naver.com/main/products/6655606560,2025-04-27,5,"건강관심사 장건강근육/체력
 재구매재구매해서 먹습니다 아침식사 대용입니다",여성,아주 넉넉해요,꼼꼼해요,편리해요,Y
BP_023,BNR17 다이어트 유산균 비에날씬 프로틴 3box (3박스X5팩),https://smartstore.naver.com/main/products/6655606560,2025-04-23,5,평이 좋아서 구매합니다. 효과가 좋았으면 좋겠네요.,남성,꽤 남았어요,적당해요,그냥그래요,Y
BP_023,BNR17 다이어트 유산균 비에날씬 프로틴 3box (3박스X5팩),https://smartstore.naver.com/main/products/6655606560,2025-04-23,5,"건강관심사 장건강근육/체력
 한달사용장운동 원활 단백질 보충 허리가 아파 단백잔이 필요한데 1석3조 효과가 있어 다 먹고 다시 주문합니다",여성,아주 넉넉해요,꼼꼼해요,편리해요,Y
BP_023,BNR17 다이어트 유산균 비에날씬 프로틴 3box (3박스X5팩),https://smartstore.naver.com/main/products/6655606560,2025-03-31,5,"빠른배송과 포장이 잘되어있네요 
?
1",,아주 넉넉해요,꼼꼼해요,편리해요,Y
BP_023,BNR17 다이어트 유산균 비에날씬 프로틴 3box (3박스X5팩),https://smartstore.naver.com/main/products/6655606560,2025-03-28,5,한달사용배송빠르고 저렴해요,,아주 넉넉해요,꼼꼼해요,편리해요,Y
BP_023,BNR17 다이어트 유산균 비에날씬 프로틴 3box (3박스X5팩),https://smartstore.naver.com/main/products/6655606560,2025-03-16,5,"여행갈때는 꼭 사가지고 가는 유산균이에요..
냉장용 아닌 유산균찾다가 발견햤는데
맛있고(?) 부피는 잇지먼 들고다니기에는 편리헌 유산균입니다.",여성,꽤 남았어요,꼼꼼해요,편리해요,Y
BP_023,BNR17 다이어트 유산균 비에날씬 프로틴 3box (3박스X5팩),https://smartstore.naver.com/main/products/6655606560,2025-03-09,4,"건강관심사 장건강근육/체력
 장을 위해 유산균 복용 하고 있는데 설사가 덜함 개월수가 적어 추가 먹어보야될 것 같아서 추가로 쿠팡 이용함",여성,아주 넉넉해요,꼼꼼해요,편리해요,Y
BP_023,BNR17 다이어트 유산균 비에날씬 프로틴 3box (3박스X5팩),https://smartstore.naver.com/main/products/6655606560,2025-03-06,5,한달사용잘 먹고 있어요 3가우러 이상 꾸준히 먹어야지 살이 빠집니다. 이 부분 잘 체크 하셔서 드셔요! 아침에 일어나서 먹으면 효과가 커요 이건 제 개인적인 경험담이요,,아주 넉넉해요,꼼꼼해요,편리해요,Y
BP_023,BNR17 다이어트 유산균 비에날씬 프로틴 3box (3박스X5팩),https://smartstore.naver.com/main/products/6655606560,2025-02-25,3,한달사용엄마가 필요하다고 하셔서 주문했어요~~ 비싸서 부담되는데 가끔 사달라고 하시는데...확 효과는 모르겠는데 의지가 되시나봐요... 할인좀 많이 되었으면 좋겠어요..,여성,꽤 남았어요,적당해요,편리해요,Y
BP_023,BNR17 다이어트 유산균 비에날씬 프로틴 3box (3박스X5팩),https://smartstore.naver.com/main/products/6655606560,2025-02-18,5,한달사용참 꼬소하게 맛있는 단백질 잘 먹고 있아요,,아주 넉넉해요,꼼꼼해요,편리해요,Y
BP_023,BNR17 다이어트 유산균 비에날씬 프로틴 3box (3박스X5팩),https://smartstore.naver.com/main/products/6655606560,2025-02-11,5,"한달사용맛있습니다
포만감 들고 든든합니다 
?
1",,꽤 남았어요,적당해요,그냥그래요,Y
BP_023,BNR17 다이어트 유산균 비에날씬 프로틴 3box (3박스X5팩),https://smartstore.naver.com/main/products/6655606560,2025-02-10,5,한달사용배송 빠르고 제품도 좋아요,,아주 넉넉해요,꼼꼼해요,편리해요,Y
BP_023,BNR17 다이어트 유산균 비에날씬 프로틴 3box (3박스X5팩),https://smartstore.naver.com/main/products/6655606560,2025-02-08,5,믿고 먹어보는 중 입니다,,아주 넉넉해요,꼼꼼해요,편리해요,Y
BP_023,BNR17 다이어트 유산균 비에날씬 프로틴 3box (3박스X5팩),https://smartstore.naver.com/main/products/6655606560,2025-02-02,5,좋아요! 맛있어요 잘 먹고 있습니다 !,,아주 넉넉해요,꼼꼼해요,편리해요,Y
BP_023,BNR17 다이어트 유산균 비에날씬 프로틴 3box (3박스X5팩),https://smartstore.naver.com/main/products/6655606560,2025-01-29,5,"건강관심사 여성건강
 먹으면 든든한데 잘 섞이지않고 덩어리가 조금씩 생기네요",여성,꽤 남았어요,적당해요,그냥그래요,Y
BP_023,BNR17 다이어트 유산균 비에날씬 프로틴 3box (3박스X5팩),https://smartstore.naver.com/main/products/6655606560,2025-01-23,5,배송 빠르고 제품도 좋아요,여성,아주 넉넉해요,꼼꼼해요,편리해요,Y
BP_023,BNR17 다이어트 유산균 비에날씬 프로틴 3box (3박스X5팩),https://smartstore.naver.com/main/products/6655606560,2025-01-06,3,아직 먹어보진 않았지만 너무 기대됩니다.,,꽤 남았어요,적당해요,그냥그래요,Y
BP_023,BNR17 다이어트 유산균 비에날씬 프로틴 3box (3박스X5팩),https://smartstore.naver.com/main/products/6655606560,2024-12-26,5,"먹기가 편리하며 맛도 거부감 없이 잘
넘어가요",,아주 넉넉해요,꼼꼼해요,편리해요,Y
BP_023,BNR17 다이어트 유산균 비에날씬 프로틴 3box (3박스X5팩),https://smartstore.naver.com/main/products/6655606560,2024-10-15,5,한달사용해외 사시는분이 해외 갈때마다 사들고오라고 하는 필수품이에요. 다이어트에 정말 도움된다고 끊지 못하고 챙겨드시고 계세요.,,아주 넉넉해요,꼼꼼해요,편리해요,Y
BP_023,BNR17 다이어트 유산균 비에날씬 프로틴 3box (3박스X5팩),https://smartstore.naver.com/main/products/6655606560,2024-03-21,4,남편이랑 같이 먹으려고 샀는데 너무 비싸서 일단 급한 남편 먼저 먹으라고 했어요~ 운동과 식단을 병행하지 않아서 그런지 효과는 잘 모르겠네요,남성,꽤 남았어요,적당해요,그냥그래요,Y
BP_023,BNR17 다이어트 유산균 비에날씬 프로틴 3box (3박스X5팩),https://smartstore.naver.com/main/products/6655606560,2024-03-02,5,물넣는 구멍이 작아서 조심스럽지만 맛이랑 만족해요 유산균도 먹고잇는제품이라 굿굿,여성,꽤 남았어요,적당해요,그냥그래요,Y
BP_023,BNR17 다이어트 유산균 비에날씬 프로틴 3box (3박스X5팩),https://smartstore.naver.com/main/products/6655606560,2023-12-18,5,오후 늦게 주문했는대도 다음날 받았어요!! 감사합니다,,아주 넉넉해요,꼼꼼해요,편리해요,Y
BP_023,BNR17 다이어트 유산균 비에날씬 프로틴 3box (3박스X5팩),https://smartstore.naver.com/main/products/6655606560,2023-11-15,5,한달사용비엔알 단백질 먹다가 시켜봤는데 맛잇네요,,아주 넉넉해요,꼼꼼해요,편리해요,Y
BP_023,BNR17 다이어트 유산균 비에날씬 프로틴 3box (3박스X5팩),https://smartstore.naver.com/main/products/6655606560,2023-08-16,3,"한달사용과립형 정제 인줄 알고 주문했는데 우유나 물등으로 타먹는거 였고 비좁은 입구에 음료를 넣어 흔들어먹기에는 너무 부풀어서 먹기가 불편해서. 반품도 못 하고 냉동실에 박혀있어 볼때마다 짜증나네요 ?
3",여성,꽤 남았어요,적당해요,불편해요,Y
BP_023,BNR17 다이어트 유산균 비에날씬 프로틴 3box (3박스X5팩),https://smartstore.naver.com/main/products/6655606560,2023-07-16,5,"한달사용매일 물에 타서 마시고있어요
포만감 생겨서 좋네요",남성,아주 넉넉해요,꼼꼼해요,편리해요,Y
BP_023,BNR17 다이어트 유산균 비에날씬 프로틴 3box (3박스X5팩),https://smartstore.naver.com/main/products/6655606560,2023-07-07,5,한달사용친구가 결혼 앞두고 생일선물로 해달래서 사줫습니다. 살 빼는데 도움을 많이 받고 있다는 연락이 왔네요. 기쁩니다 ^^,여성,아주 넉넉해요,적당해요,편리해요,Y
BP_023,BNR17 다이어트 유산균 비에날씬 프로틴 3box (3박스X5팩),https://smartstore.naver.com/main/products/6655606560,2023-07-03,5,한달사용아침 식사 대용으로 잘먹고 있어요 든든해요,,아주 넉넉해요,꼼꼼해요,편리해요,Y
BP_023,BNR17 다이어트 유산균 비에날씬 프로틴 3box (3박스X5팩),https://smartstore.naver.com/main/products/6655606560,2023-06-23,5,한달사용여전히 다이어트중입니다. 재구매예정,여성,아주 넉넉해요,꼼꼼해요,편리해요,Y
BP_023,BNR17 다이어트 유산균 비에날씬 프로틴 3box (3박스X5팩),https://smartstore.naver.com/main/products/6655606560,2023-06-19,5,한달사용맛있게 잘먹고있습니다,남성,꽤 남았어요,적당해요,편리해요,Y
BP_023,BNR17 다이어트 유산균 비에날씬 프로틴 3box (3박스X5팩),https://smartstore.naver.com/main/products/6655606560,2023-06-11,3,소아가 잘되네요. 소이편해져요,,꽤 남았어요,적당해요,그냥그래요,Y
BP_023,BNR17 다이어트 유산균 비에날씬 프로틴 3box (3박스X5팩),https://smartstore.naver.com/main/products/6655606560,2023-05-30,5,배송이 빠르고 그랬어요,,꽤 남았어요,적당해요,그냥그래요,Y
BP_023,BNR17 다이어트 유산균 비에날씬 프로틴 3box (3박스X5팩),https://smartstore.naver.com/main/products/6655606560,2023-05-30,5,아침출근전 식사 대용으로 좋아요,여성,아주 넉넉해요,꼼꼼해요,편리해요,Y
BP_023,BNR17 다이어트 유산균 비에날씬 프로틴 3box (3박스X5팩),https://smartstore.naver.com/main/products/6655606560,2023-05-22,5,스티로폼에 냉온 유지해서 배송되어 믿고먹을수있어요^^,,꽤 남았어요,꼼꼼해요,그냥그래요,Y
BP_023,BNR17 다이어트 유산균 비에날씬 프로틴 3box (3박스X5팩),https://smartstore.naver.com/main/products/6655606560,2023-05-20,5,"맛 괜찮아요 포만감도 있고
다이어트에 도움이 됐으면 좋겠어요~~ 
?
1",,아주 넉넉해요,꼼꼼해요,편리해요,Y
BP_023,BNR17 다이어트 유산균 비에날씬 프로틴 3box (3박스X5팩),https://smartstore.naver.com/main/products/6655606560,2023-05-17,5,너무 맛있어요. 비싸서 많이 못사고있어요. 재구매의향 아주 강추강추입니다,여성,아주 넉넉해요,꼼꼼해요,편리해요,Y
BP_023,BNR17 다이어트 유산균 비에날씬 프로틴 3box (3박스X5팩),https://smartstore.naver.com/main/products/6655606560,2023-05-17,5,아이스팩으로 포장이 잘 되어서 왔습니다. 빠른 배송 감사합니다,여성,아주 넉넉해요,꼼꼼해요,편리해요,Y
BP_023,BNR17 다이어트 유산균 비에날씬 프로틴 3box (3박스X5팩),https://smartstore.naver.com/main/products/6655606560,2023-05-16,3,제품이 얼마나 인기가 있는지 모르지만 구매 후 취소가 불가능하니 신중하게 결정해서 구매하시기 바랍니다.,,꽤 남았어요,적당해요,그냥그래요,Y
BP_023,BNR17 다이어트 유산균 비에날씬 프로틴 3box (3박스X5팩),https://smartstore.naver.com/main/products/6655606560,2023-05-16,3,"제품을 잘못 구매해서 바로 취소 신청했는데 구매품이 다음날 배송도착 ㅎㅎ 구매 사이트 확인해보니 일방적인 취소거절. 환불도 담당자 확인 후 취소 2일차에 해준다는 문구로 기재되어 있네요. 구매하시는님들 구매하면 취소가 불가능한 것으로 판단되니 제품 구매하실 때 확인잘 하시고 구매하시기 바랍니다. ?
2",,꽤 남았어요,적당해요,그냥그래요,Y
BP_023,BNR17 다이어트 유산균 비에날씬 프로틴 3box (3박스X5팩),https://smartstore.naver.com/main/products/6655606560,2023-05-15,3,포장은 잘되어 왔습니다.,남성,꽤 남았어요,적당해요,그냥그래요,Y
BP_023,BNR17 다이어트 유산균 비에날씬 프로틴 3box (3박스X5팩),https://smartstore.naver.com/main/products/6655606560,2023-05-15,5,맛도 괜찮고 먹고나 포만감이 있어 좋아요. 저녁때 먹으니 포만감때문에 따로 밥을 안먹도 괜찮더라구요.,,아주 넉넉해요,꼼꼼해요,편리해요,Y
BP_023,BNR17 다이어트 유산균 비에날씬 프로틴 3box (3박스X5팩),https://smartstore.naver.com/main/products/6655606560,2023-04-19,5,"다이어트 식단중이라 구매했어요~~먹기 쉽고 휴대하기도 좋네영 살 빠졌으면 좋겠어여.. 
?
1",,꽤 남았어요,적당해요,편리해요,Y
BP_023,BNR17 다이어트 유산균 비에날씬 프로틴 3box (3박스X5팩),https://smartstore.naver.com/main/products/6655606560,2023-04-15,2,"캡슐로 된걸 시켯어야하는데 잘못주문해서 불편하긴 하지만 한번먹어보려고요 
?
1",,꽤 남았어요,적당해요,불편해요,Y
BP_023,BNR17 다이어트 유산균 비에날씬 프로틴 3box (3박스X5팩),https://smartstore.naver.com/main/products/6655606560,2023-04-05,5,"배송 빠르네요.감사히 잘 받았습니다. ?
1",여성,꽤 남았어요,꼼꼼해요,그냥그래요,Y
BP_023,BNR17 다이어트 유산균 비에날씬 프로틴 3box (3박스X5팩),https://smartstore.naver.com/main/products/6655606560,2023-03-22,5,간단하게 먹을수 있어 좋아요,,아주 넉넉해요,꼼꼼해요,편리해요,Y
BP_023,BNR17 다이어트 유산균 비에날씬 프로틴 3box (3박스X5팩),https://smartstore.naver.com/main/products/6655606560,2023-02-27,5,"아니…잘못주문해서 새로 주문하고 이건 취소요청햇는데 이미 그것도 배송출발이라는거에요 대체 배송이 얼마나 빨리빨리 이뤄지는거에요?ㅋㅋㅋ포장 진짜 꼼꼼하게 잘 왔고요 .. 어차피 밥대신 하루 한개 먹을거라 반품안하고 다 품고가기루햇슴다 ㅋㅋㅋ 포만감있고 좋아요 
?
1",여성,아주 넉넉해요,꼼꼼해요,편리해요,Y
BP_023,BNR17 다이어트 유산균 비에날씬 프로틴 3box (3박스X5팩),https://smartstore.naver.com/main/products/6655606560,2023-02-27,5,"제 입에 엄청 맛있구요 먹고나면 배부르고 좋아요 근데 이게 입구에다가 아몬드브리즈 부어서 섞으면 입구앞에서 다 뭉치더라구요 근데 그것도 나름 맛잇음 설거지귀찮아서 컵이나 보틀에 따로담아서 섞긴싫어서요 ㅋㅋㅋ 귀찮.. 
?
1",여성,아주 넉넉해요,꼼꼼해요,편리해요,Y
BP_023,BNR17 다이어트 유산균 비에날씬 프로틴 3box (3박스X5팩),https://smartstore.naver.com/main/products/6655606560,2023-02-22,5,너무너무 마음에들어요,,아주 넉넉해요,꼼꼼해요,편리해요,Y
BP_023,BNR17 다이어트 유산균 비에날씬 프로틴 3box (3박스X5팩),https://smartstore.naver.com/main/products/6655606560,2022-10-16,1,"한달사용먹으면방구냄새지독
다시는안먹음 ?
2",,꽤 남았어요,별로예요,불편해요,Y
BP_023,BNR17 다이어트 유산균 비에날씬 프로틴 3box (3박스X5팩),https://smartstore.naver.com/main/products/6655606560,2022-10-06,5,한달사용비에날씬 제품이라서 구매했어요! 꾸준히 먹으니까 좋네요~~~~,,꽤 남았어요,적당해요,편리해요,Y
BP_023,BNR17 다이어트 유산균 비에날씬 프로틴 3box (3박스X5팩),https://smartstore.naver.com/main/products/6655606560,2022-10-01,4,"한달사용엄마가 화장실도 잘못가시고, 살도찌신다고해서 주문해드렸어요.
가격이 비싸긴하지만 꾸준히 섭취해서 효과가 있으면 좋겠어요.",,꽤 남았어요,적당해요,그냥그래요,Y
BP_023,BNR17 다이어트 유산균 비에날씬 프로틴 3box (3박스X5팩),https://smartstore.naver.com/main/products/6655606560,2022-09-28,5,한달사용저렴하게 잘 구입했습니다,,아주 넉넉해요,꼼꼼해요,편리해요,Y
BP_023,BNR17 다이어트 유산균 비에날씬 프로틴 3box (3박스X5팩),https://smartstore.naver.com/main/products/6655606560,2022-09-03,5,빠른배송감사합니다. 맛도좋고 먹기간편하네요 다이어트 꼭 성공할께요,,아주 넉넉해요,꼼꼼해요,편리해요,Y
BP_023,BNR17 다이어트 유산균 비에날씬 프로틴 3box (3박스X5팩),https://smartstore.naver.com/main/products/6655606560,2022-08-31,5,맛이 좋네요 ㅎㅎ 파우치 형태도 좋아요~,,꽤 남았어요,적당해요,편리해요,Y
BP_023,BNR17 다이어트 유산균 비에날씬 프로틴 3box (3박스X5팩),https://smartstore.naver.com/main/products/6655606560,2022-07-09,5,배송도빠르고 믿고 사는 제품이니 좋습니다,,아주 넉넉해요,꼼꼼해요,편리해요,Y
BP_023,BNR17 다이어트 유산균 비에날씬 프로틴 3box (3박스X5팩),https://smartstore.naver.com/main/products/6655606560,2022-07-08,4,아직 먹딘 않았지만 효과 있기를..,,아주 넉넉해요,꼼꼼해요,편리해요,Y
BP_023,BNR17 다이어트 유산균 비에날씬 프로틴 3box (3박스X5팩),https://smartstore.naver.com/main/products/6655606560,2022-07-07,5,"너무 좋아요 진짜,,❤️❤️",,아주 넉넉해요,꼼꼼해요,편리해요,Y
BP_023,BNR17 다이어트 유산균 비에날씬 프로틴 3box (3박스X5팩),https://smartstore.naver.com/main/products/6655606560,2022-07-06,5,맛있어요 먹으니까배가든든ㅋ,,꽤 남았어요,꼼꼼해요,편리해요,Y
BP_023,BNR17 다이어트 유산균 비에날씬 프로틴 3box (3박스X5팩),https://smartstore.naver.com/main/products/6655606560,2022-06-26,5,"유산균 사려다가 함께 샀어요. ?
1",,아주 넉넉해요,꼼꼼해요,편리해요,Y
BP_023,BNR17 다이어트 유산균 비에날씬 프로틴 3box (3박스X5팩),https://smartstore.naver.com/main/products/6655606560,2022-06-23,5,한달사용급하게 밥 먹어야할때나 아침 또는 출출할때 먹습니다! 솔직히 학생으로써 너무 비싸지만 가격값해서 쟁여둡니다 !! 할인 좀 자주 해주시고 계속 팔아주세요! 확실히 물이랑 타먹으면 포만감은 없고요 근데 너무 좋아요 상품이,,아주 넉넉해요,꼼꼼해요,편리해요,Y
BP_023,BNR17 다이어트 유산균 비에날씬 프로틴 3box (3박스X5팩),https://smartstore.naver.com/main/products/6655606560,2022-05-22,5,"올리브영에서 사은품으로 받은거 먹어보고 너무 괜찮아서 라이브때 저렴히 구매했어요!
근데 저녁에 미리 섞어놓고 다음날 먹으니까 살짝 시큼?하드라구요ㅠㅠㅠ 바로 먹어야하나봐요 
?
1",,꽤 남았어요,꼼꼼해요,편리해요,Y
BP_023,BNR17 다이어트 유산균 비에날씬 프로틴 3box (3박스X5팩),https://smartstore.naver.com/main/products/6655606560,2022-05-22,5,간편히 먹기좋고 맛도 좋아요,,꽤 남았어요,적당해요,편리해요,Y
